57071
618495195 87197
426168420 106404
459410508 8916
544534646 196754
544400273 140512
868457353 31185
757195558 60585
581932880 178973
785904413 56634
134276697 65947
129991800 18141
41882642 161979
792162491 165650
5854414 136725
454692586 103552
809582017 4898
982459848 126919
215002773 883
991443201 129052
782310963 91868
134210833 82952
851076959 109802
534213039 110951
505607310 186243
904096826 53486
167252590 188340
535083510 14493
302473777 197537
734363856 183121
220453158 23190
341922825 47900
691244483 184552
238343983 4193
288608757 134295
167389483 31024
852336436 8267
133458716 66549
679900957 71879
857764555 155667
421458458 70728
119733178 42895
599526025 52856
736317890 115032
575327887 112284
847964220 175063
690589695 128084
903233332 161387
450129147 199098
875659320 98507
475993228 126484
864089488 168875
485598749 138534
342732784 18845
153661170 166906
443844616 58272
63183249 187746
814186049 34407
825776407 148699
692593576 48214
200222195 192556
259050556 43326
742715958 179124
39528836 121684
426494008 59504
58962116 132328
613541836 6792
766614645 14870
494166735 132787
873954875 127459
380015150 127065
712204770 138426
699200132 74103
103728598 120288
179825798 45373
86629203 50070
910976566 107096
997655025 115416
996260241 10122
526314708 189528
882407439 138654
504527009 123386
701973617 155133
4838144 43366
20953834 163807
423175578 195717
801332540 84589
778966652 175144
696663420 146074
604884973 59931
83663756 152578
369016937 2516
389688426 157622
308423142 164680
539106609 164480
379931510 76249
321298888 24534
177006128 60793
941201445 77103
688244024 134052
58364397 193617
760147609 188506
952521701 44068
148686812 85862
258875764 144914
100285681 107197
371934060 167436
312305916 94871
876620094 198336
168605335 98878
667240890 70719
38230314 116246
48936814 105480
617777972 173188
91037722 6154
982595501 79256
72070098 116846
864394922 67946
264493675 108388
50620379 31396
971450216 185801
47251232 30158
793919872 82706
233868769 60430
18860485 168343
365478038 152792
22872596 173699
816706100 93062
226058019 48808
344587948 93128
941786382 32053
409033552 26002
996722598 194501
183131269 191383
613335257 195071
673104336 44946
696672084 32884
257572227 66436
210515329 10385
93048891 128718
736285621 81607
831894401 18616
290286306 70641
922592524 198468
855361325 95775
317675971 41769
345836240 99629
658519476 94492
70410332 139583
120367543 35452
783967471 75404
512750270 184941
943025134 158673
673709142 123248
572039759 32824
682256115 107542
673750737 18148
238898004 147330
504032519 28837
262874424 119391
831512437 89539
231535356 98191
412020433 67026
972804388 16432
271740425 46615
502437133 117943
740092889 96735
672317729 70069
964860584 145866
411718191 154075
337919266 186706
925370710 167484
429372899 77678
2415673 136826
753329125 43215
792194999 42491
246824249 23330
847591625 165402
401623334 197933
885884266 152105
716043662 7408
667035719 63585
110018413 120241
852492216 167084
860110426 83712
217451360 46541
744796475 153102
542112536 18327
909268847 139943
41691473 41185
870249114 17184
41529716 141061
65995118 77432
865188440 195270
36680335 120795
15334037 46985
147523822 150765
706721086 140088
911996991 172622
580329077 153736
37432732 1366
563657946 63595
750871312 89051
842896318 106706
384435969 194162
678912255 159477
955181083 176647
305074903 34995
522400714 34152
717689265 181788
273700693 144185
663431050 65559
813160746 63616
231297129 127759
137045449 162896
6655682 7142
112592259 117430
185528259 92902
328422543 184732
105907474 178252
240035044 143618
974004916 130373
589430659 185064
330794239 105335
919521777 40942
287615897 32817
212370627 96517
40417213 195471
809736835 36898
572881814 172407
958890887 7499
985918929 35846
936719861 183270
87812589 52199
811215617 104450
930526095 167747
25702638 10401
866231528 168150
576429040 6217
540580631 10894
811607954 166582
581944431 163609
166029280 36749
660520414 19550
926818972 59387
788742729 197594
894160494 72167
543008408 25304
341865332 28626
285446704 69744
332904898 148054
625686789 80816
318109225 52957
461669393 75979
885548240 140820
791929926 32424
238668706 145454
47495335 63577
393757431 132307
266891088 2879
787983484 176196
587239735 80824
190898046 95873
859757684 42427
120780989 130750
473851825 16227
170569935 33555
403206318 62235
838202504 192404
908767832 160016
154933704 150066
749468942 72186
232761161 195776
488439408 143470
688556543 45059
380628567 199337
180163015 25888
825981703 15857
880835044 148956
692358450 132755
651741217 48502
30961591 92445
368572558 37032
615900958 110995
315118833 104385
386268638 27152
415401567 91737
163153622 59368
168708261 111472
729530185 87297
693897931 38885
586542022 170922
416261748 70241
539670887 148009
332221110 96878
997326914 112009
595535986 43288
538620983 13658
777014352 189707
690072833 124742
976045365 88799
837094066 173632
564126982 95832
377395734 144538
602469863 54567
657520974 20845
464573394 173855
325976365 83531
818316081 181306
246696580 189079
227478443 151355
632581691 176605
991451830 86167
936559954 1982
162873733 145755
38419790 6225
366062157 156875
11180070 192143
493547779 132748
854782913 166445
745753084 140553
757088813 67524
237475212 37397
629799209 77395
643076400 147828
640375854 37034
728656591 22328
455091708 116163
705941327 121767
471268098 18286
136445649 24612
132326506 7870
170170529 135580
974645719 71647
176641224 190017
595737869 3606
465072808 23979
641195183 69415
933236153 51095
777035648 111523
299435560 47018
750685147 86929
777114812 169972
177694249 192837
882741202 138353
162869250 152478
575067238 101744
99398401 112960
796879161 21685
826104804 109823
905460736 16636
611733190 168564
373974955 187309
811137899 147670
425656203 137702
132050359 122510
832641150 98010
826189492 37553
914904963 82226
69250679 189562
291998797 115204
781972335 52371
705616426 17049
503761956 73083
337855423 179030
584233955 236
220987835 92962
135800669 34053
423552584 151530
739401297 152045
720448460 118087
305008064 57934
224318886 121158
412670169 109868
45898750 159441
580890091 89859
965334040 100071
816136473 95628
668811071 93540
792840939 45711
517899641 107321
167115128 177133
414384898 16384
339375089 69482
560016934 193332
815046490 159880
798892253 102039
426045917 175225
544942002 86232
450643604 172595
568655011 125049
659167122 178010
470737137 104049
380760117 58385
240972690 190608
274670835 92353
774302500 152456
584205900 101348
527168960 98204
278402733 124807
751030596 172303
750075056 39144
319104827 117913
69215008 109683
171259892 95707
512766160 112496
35136192 100829
720827417 87900
143981937 21026
701057949 149414
532145297 133790
84803531 40565
72040663 52107
934110408 91800
993912839 36714
530781143 75947
977003123 173860
520135037 176403
376959416 39099
837266624 46371
33661486 108325
997745785 17347
517435366 153218
770154149 197933
345524529 114734
500555976 23131
764202256 4441
132128609 25691
444659730 34677
675358520 94527
905289439 24251
40409537 34308
532465468 94193
117914107 106583
713211616 21484
808959338 24805
922450193 15255
550138328 55736
927560509 70757
451311840 164086
595128544 84781
121609765 192430
914292416 187169
50285237 192009
153274918 103294
906265182 119183
794931279 60582
701116249 126900
651808622 172313
686445285 163668
605389287 23507
668643228 56511
706496965 84263
726106899 82170
928551700 155925
296682643 132104
593434480 136943
643748715 138966
191876331 55168
193741415 183892
852118687 142302
68668404 164224
380802420 174144
796365550 133680
880635551 100776
558790368 71282
709805140 64613
665497622 142922
466489761 155804
802558374 93899
239476997 32497
633448006 165941
751350698 41357
819961699 74161
437986697 170744
498479286 195889
647655243 116362
856081796 46212
235715159 152890
326828104 48867
292099592 56580
41777210 189431
984471055 170899
461232178 43894
659895387 183077
295889735 143715
144944713 96143
96594109 98442
321816282 110683
214459215 159979
235972954 170819
449969866 195695
614793633 124314
495129740 159224
655622172 41550
535569307 148041
296227972 64400
327546694 125089
147379689 132634
754026801 69449
265556078 97987
438263830 96597
958628041 94906
449591683 61819
498344639 55699
328747339 182226
952929817 64631
749203813 159536
234003936 115891
847760663 77898
235135225 49481
739184212 9658
478100519 59602
532394613 190664
220557228 34520
904629096 178963
146550835 167487
21594820 131123
801319860 13397
534105185 111163
484715973 162272
380744828 54102
233823577 84143
659160865 38185
173847329 36167
385369143 32269
575850782 153007
923138384 190702
974414419 139558
991379313 52233
935442657 108662
509160203 141252
330769863 113023
970916683 104248
202004279 194558
500871722 39646
527936043 13873
41673858 59881
152341045 6213
543069131 91405
527720426 190873
449626427 32392
776326054 99150
817940357 83482
394345746 179967
57231020 13909
336988056 52732
264864549 106223
577570191 187958
802124589 57926
428702822 178697
247153830 106353
395911651 177963
341542922 10015
370491520 163525
303307002 113952
270784450 175019
70633084 19211
68131225 155559
830375002 45721
732136063 121734
436686124 114154
467834887 55667
654316830 17822
202709056 39089
424576377 112004
922096515 185614
383723345 11094
957963436 57054
50326054 25001
607501964 46516
289683852 86039
662948044 157266
274074857 171216
163530631 51194
210783732 174036
324138575 94706
704503602 84516
810189640 179972
328184549 104028
989127487 119184
659576010 105162
253741374 125479
420780399 25498
194872037 60033
97242467 54064
362707840 39040
100611257 148244
305573470 82262
302844280 65819
963639486 2242
560947783 105094
614898207 109628
166764561 13803
318170725 189815
940770063 163540
342468271 25004
488685283 130663
352387496 108854
81531372 183210
622643601 27818
598208688 107648
407182719 158457
108918382 134
46131876 6550
343134831 42035
410428049 197475
82702805 109360
615052851 193079
722320513 67396
242235267 88382
487327868 65958
908675026 11434
719111557 29857
563336401 191236
384078051 86130
306858630 60356
253367876 68644
985408461 130748
785224083 11755
91139090 32397
130893117 60571
387028832 143332
303392126 23337
67579021 50636
57598596 114450
884290842 148758
124668631 89960
342218777 62282
803814319 26077
291551685 140908
310867054 126156
390656863 82790
114390476 148156
10653904 151278
309918255 32329
363048658 140682
225381760 27065
15299976 153334
928240691 18807
685940577 76653
587629802 160477
367326344 42632
88717542 154820
802043577 194382
665412064 119419
838551047 157325
858458930 191095
103462274 65606
977878429 150592
80433187 167119
807552463 26172
429637960 187470
49597162 95893
195174222 137510
833655597 1382
605501444 173341
679202346 1019
190646586 91860
463511844 36406
530926697 33998
108220456 98801
184330594 52519
277075483 28035
928531263 88967
241969237 69946
403576767 83410
951809654 124843
462121096 50619
397920205 102665
71578121 43541
775376621 26058
439161909 149275
999484242 89454
923449073 87798
71731434 87659
915885928 86272
759923349 183149
350296061 19896
457597176 103336
562029396 126351
960280584 85882
780475048 37814
535315845 163437
526393391 198665
769805072 36822
728062868 185014
911995257 175980
556739711 142674
811680371 27756
931530658 33843
17756869 53650
910538577 72757
496947839 56299
509809158 40118
904547855 67936
372534367 57813
433432052 164770
483020502 88193
112664596 54481
62404635 60319
686004899 44670
550542775 189234
165102335 43133
360416025 86555
951477936 89255
837452201 80931
238151230 191807
5415278 8399
237452879 95366
533695148 107184
979744127 141971
890548021 104198
736450828 139894
630924228 123731
542606537 60286
337508546 86512
24260658 178024
787179278 42804
463707153 156953
600029833 146241
733742639 30057
395572259 152131
225279809 170582
530820192 150891
996315398 12653
352565085 90657
874442640 131578
271791005 187772
412368559 121251
762956686 107953
494460335 42132
638470599 70668
698610144 148486
543880003 135470
288460200 192636
451793267 169858
196597658 114549
926857310 7598
142275393 131405
700696470 167400
759293343 186462
119528925 64022
715030129 25192
742535813 5493
83775982 198728
77742921 81235
707728933 13902
639497411 92093
512566246 32698
577716967 6165
840046393 124486
303807427 143281
360013969 180104
806213035 145677
47484597 39166
888422323 189909
495563347 109054
467168139 30625
470380681 188291
965815004 34449
726839699 156730
473201191 39970
155098548 37542
333810540 107911
463687931 54335
67072008 169996
312916134 120614
133187264 82418
223132147 195046
454502092 87147
878196436 127953
660100588 67174
268728069 124751
129424325 97610
668768607 174029
601630236 46131
281135215 114980
457139702 11146
823368155 187701
228959224 53663
488104476 25005
602746798 186867
10463854 99159
768931634 137118
738310859 128159
636113769 157423
183908617 142589
630545182 57711
823540079 173285
624688183 88548
40614383 103176
948033749 158735
900128885 41300
472556979 112673
186848739 171725
286404378 196558
405962293 164267
785273358 192384
486500285 121105
102052678 139980
119504614 109200
100415819 60012
418424600 107455
797434251 35812
456026656 94306
102958264 176840
399181945 9107
202664492 137705
319289101 161039
574560798 193594
235824440 18094
501221748 2600
853022790 123673
451165759 72138
184095333 168347
393849682 171481
201760373 161150
90709503 171624
681604693 76597
765296977 83496
651672859 187516
933670858 53653
592233079 113536
307721648 5640
526511451 113860
377555413 168450
905788609 184594
923269615 148145
320867869 89888
4859027 32650
485966195 60333
606725646 162924
721779177 5747
27617262 151151
304540980 106478
28047938 39850
96374288 43864
239324803 4973
55256308 122430
758688973 85231
37647111 104128
190486008 11648
681772555 30748
298661222 86797
708615294 20582
471093446 30385
223961682 144143
508975161 74709
61967495 174082
304513062 91890
706760121 179197
206031002 132330
805310282 62451
837071457 141186
642393606 68069
200162390 48418
786698387 149757
21452716 33665
699629462 177723
483166745 112040
660177537 36330
821095002 105982
172763550 76118
363634319 88023
935265846 33181
155476786 98852
706319962 95208
563361047 184585
844815780 156404
728212916 125833
514761995 7078
91830607 58792
717072290 119958
713521389 171223
231803064 181439
92784276 180161
957956160 150250
114896659 164030
547939931 90446
367841686 139978
880586823 153087
198045600 38139
388837911 61126
367857926 122702
83715888 89333
416825096 150568
368968510 122478
305680731 154500
442637752 83897
312833782 197183
618760304 19664
460948845 159198
388530830 170143
222022673 198238
165148911 138417
102467770 179336
718620880 141683
344969377 134150
560385411 38113
265346796 78382
34741086 57916
901090509 52576
406370194 76095
505005454 122342
135304571 82313
254554099 139636
81885148 120603
285866138 154002
727598181 158335
309014443 131895
160959997 77531
118711353 60419
93789138 47398
297956768 196344
880547692 69
305479330 28687
815699472 132505
210275177 32064
695698714 56372
943654515 163229
426431632 109120
241747442 190921
751809860 92957
622511348 97370
168022952 76212
407730325 44166
16215208 124035
354863220 190705
91770738 195964
676745277 88814
3902575 123186
640712413 78092
65756448 170792
873216433 54109
177283158 102732
88718530 166043
172447188 116130
845019455 72979
955487850 78325
496254642 91950
802636184 92844
642829144 191520
421742629 133366
301452916 149530
839527906 181133
21764541 124580
20077722 85626
514040999 98546
283504962 138128
883410355 36301
154030632 7691
584647098 179237
152852953 120916
68659585 19100
831517520 122235
530416840 129284
100350043 100435
731453409 78632
131733620 147566
711390218 89175
835455675 133878
984826333 149559
43967220 161804
400451444 154500
679282354 142082
428535149 112048
396949228 56376
161869618 71699
631123635 179204
843410917 60907
816018183 2828
432248847 42434
983067217 59731
530312562 17706
150803577 67003
103685891 67431
544656716 149461
199222942 193316
310746894 39678
415017660 184242
498197282 93515
876012520 62350
2095562 125587
981676638 85818
391654655 102328
75366592 138781
595323405 64405
484830411 45655
928916735 5341
695138480 191741
645834575 137156
226642971 62304
347483076 187357
464951004 118075
145876229 36616
14699523 74478
828392122 73579
475880764 14890
598293074 38864
946631335 167543
689973490 88838
60879979 42448
109093864 162485
904604124 180651
833919888 1167
692055706 144588
540605093 56933
791543338 9320
330213418 53890
723785470 143340
768483688 64161
629551720 30311
181922907 31159
912167659 295
902379019 58725
52319500 50898
980351693 108394
437216304 114544
20537761 185285
636382124 188118
195562390 29860
380854343 122324
190900118 197558
24009914 159928
685706366 79632
711781609 138753
927680884 136966
492458919 115625
449893495 179461
14978118 94375
716171729 141275
912793550 86393
870793783 194683
592397005 20567
415719785 96741
611502359 55261
714754397 192054
125153681 145746
233583839 108121
855252566 72970
221128173 151936
940488731 77696
700937120 143182
766458825 82308
166254418 82252
978432326 6329
218125316 13407
667282962 32153
162748747 183475
21697262 55093
450137485 13439
492860735 3059
464138346 79498
4512201 79664
306397392 8025
121228958 178768
581250139 17816
367857021 112752
659641881 189304
767487359 185938
195031246 140687
137905580 92028
711005040 23600
285235424 10199
482993601 131694
248289762 131140
815466331 193866
620784219 157257
447212261 28091
910414986 89742
429978941 192189
621335041 103445
874967736 45010
502673944 115347
100611025 172382
863704999 154737
554269256 193376
560535884 29823
378148869 471
462892018 93773
985010701 184812
828127847 74550
648126095 159463
968447118 181803
220630059 67743
174045982 67968
992841882 188253
934355244 44077
518773133 156824
103011457 116813
940465050 120712
303233822 30956
475831156 158723
924761744 44625
542703526 150316
160212195 179418
342879876 9201
957002190 68489
27456773 83632
275919568 49249
408052474 108833
920166822 171808
677186317 99395
794674044 114552
759836777 139220
651008328 43748
148039081 96029
482811497 174936
982773205 165072
870069049 163336
792019447 194805
714501259 172483
720618838 91504
276568557 159993
514205728 192223
540094503 85369
264627074 158361
293961128 161135
565360183 45833
301174085 43495
984799253 84975
6242488 19720
675965792 30720
487100213 91071
498647206 21122
929129474 179888
323471722 121696
970864569 18254
401080398 121067
841531538 166423
534763138 82752
309618405 136
30684769 188615
601579420 88213
322778086 9935
946847732 165498
716376901 106228
36672167 171104
346590245 78852
98374974 171767
612856495 71386
146680430 176789
100018051 55914
319907989 49755
392084823 169264
268233137 148960
274444053 150512
854987555 142140
781040248 27132
29363019 185708
75288221 80983
169393663 129683
268559728 4666
465873854 48829
304480586 177726
501610907 90841
861523926 74417
957305511 59009
811726257 50654
663886857 84886
833910727 59593
442512900 146967
510787216 32543
680017686 67644
952702567 58509
231572608 63396
600894320 10844
574930389 87710
330471314 33145
77790104 179580
44566393 130562
455432847 85603
963984575 10231
756783428 132104
971991962 57168
173446295 45723
864482734 142812
208464712 182487
113744735 37177
162876102 136960
508987999 55460
886050663 150999
766436824 14729
553507237 180830
223725611 135481
857180854 90382
699520960 129205
969784042 152589
996265312 115321
46067407 169366
921290833 22298
4103845 150525
444725199 48728
729842811 55480
566770947 94054
885965669 110062
798827082 26046
200972031 144231
458694481 119769
748851228 169071
367277290 114459
888653333 151837
923575969 54797
267252761 18738
523590765 92241
604772622 145857
122148911 147662
235907339 14987
24704695 165273
685646884 29781
389870169 2262
729771294 91331
902507014 108838
555658260 155591
570287493 154320
114953412 23462
860269643 11590
597336758 134724
15435016 161990
584186790 142434
639075553 180260
356743334 195484
45400296 31293
931722040 102317
847255278 129269
568629155 177296
172833514 114541
647006808 7444
338003701 157443
955825730 21259
508155700 44161
369359267 100174
757638231 15954
675711006 15621
314882481 158083
971238244 30812
750802065 362
62990834 122686
346917115 75831
311633170 189780
558223993 38746
77255794 3932
647763597 26015
985719170 46073
528511087 40146
143090610 35767
410883465 107585
784700319 95069
111989614 148692
374902102 173577
961538845 190731
472699007 43117
677168667 139341
906053741 38193
916150478 176483
410090245 111255
629242195 159429
617999615 150990
351927495 179252
143568674 134279
73518028 77962
631965034 35260
891231520 83088
107219667 123703
144502458 53074
775039875 135915
70803138 153702
84523826 19640
479027211 66907
254722712 50682
259083436 20526
298170398 29055
874945022 61501
106960504 80304
157584202 58134
200132570 39216
719637940 106237
111798401 64763
487217930 97533
908366175 119778
211866771 103503
949192859 736
419797112 24946
683820139 53464
746029371 183457
74459223 145251
595327615 111831
352045127 12154
310100112 41226
175444660 76145
882454416 193042
415059870 75347
961901659 26153
774171461 179245
645239272 70331
561608919 196382
677764718 126359
387698302 77108
861760252 185290
826623816 168452
165251864 181252
962421580 83739
621887583 184474
461386788 39967
533288936 118495
107170124 137151
543722345 1332
57583652 34676
99058164 158359
69588572 77137
433619471 38157
393256068 87205
792594037 48377
631028682 4552
18597935 68186
926231757 145452
161421047 169996
377265767 115216
582140328 12974
987999695 79207
974149401 169496
359643965 10780
54611614 113621
591437555 183613
388945804 30761
549189523 13471
310836504 23585
288662741 137659
60657523 95467
448758790 197680
354524110 181154
132761551 180209
231855477 28835
749550927 17617
513864464 30644
152593761 85440
227715087 133693
504931017 198858
151840220 198869
737830353 107934
287957042 193851
389787077 69873
385313763 159688
123513586 113795
850168581 93785
697653675 189444
681922114 85120
674197217 115050
910709041 101771
752166919 160811
384433883 44176
219453142 30679
590427805 151790
825184926 66618
268618784 146835
801369098 178521
254177108 25012
474303081 106466
754496467 129740
833667910 30131
514449583 144781
225443843 77894
763276328 10975
570255887 197944
893522891 93304
332201449 98503
351403206 18869
947563033 82586
639606126 183503
874763943 100544
786313109 18383
32901896 22190
119818157 44236
688525288 66938
924494816 199031
641197520 31683
428842298 134326
264940778 84765
479406969 77903
17112656 148167
494281352 23249
634998339 163924
221684070 127144
747342699 92949
605355133 34012
212452636 162250
80794337 157437
324083062 3950
169954804 48856
630786351 117522
914859459 196447
533376329 129421
512628670 182334
731817556 23915
128050129 20686
826342241 44967
977484174 186455
549985660 171639
610096968 138457
527238485 173362
268084871 139748
607497995 189393
422459333 139825
430817491 37340
61182494 107597
252105405 99757
97670754 124056
758457457 63409
519919803 103365
949017066 137456
229860848 5530
349977560 119348
100852789 1097
921275298 154875
182964152 189331
813829430 66355
164506302 120043
84847118 125330
782707709 118548
684091757 93967
530989231 8556
717473236 154334
125393033 193649
230014759 92330
400913141 1108
81939895 86632
651574563 149530
432420540 64985
221207401 58850
552008398 59456
45015599 106010
584435409 85598
481576013 84890
291594130 70860
961816376 47920
313630139 71359
448731226 22274
84921241 141181
929264856 163337
863856081 176327
366173574 180198
14730298 112098
553274514 159176
971966226 63335
588432153 140198
736391631 14010
509551535 18128
369681288 87571
285304560 27065
158968985 17716
253589577 26244
922216904 96959
53745508 159693
257153169 157780
298327193 31871
413503070 12427
680484370 37018
728701285 187421
563056983 98466
445086053 29541
402057231 41227
114609999 128047
731556620 152395
850754672 29488
946990177 125729
913882967 96533
391270065 36611
647340517 8882
259073921 73889
754121355 168848
11241317 18492
585304598 78047
842757416 193117
91941850 174897
820649844 42925
796628329 34178
735082930 76692
175228896 47150
535353891 96363
900426066 115667
916869201 89529
143646090 112736
357353297 142071
514225972 17694
742968929 175076
435830076 145040
421842810 95528
131521972 2666
101574005 3375
911526032 82987
678501672 70728
258285404 178338
287378951 174878
775504514 188116
733011399 136392
361922416 180842
522832010 168503
193828344 25296
980748504 613
274807024 62800
635897802 149240
482465921 2261
207699044 188713
62006773 176488
235155878 29809
821920988 177535
459812951 198222
701275285 126140
233195782 139760
560798798 102711
423824160 140136
475702238 95761
736989126 131956
762248902 153347
915040452 138208
352595959 9720
114070829 63915
965796567 6031
67015261 78571
643812853 143208
894488227 38047
769721952 133468
399617610 78605
762871619 58277
984546951 183279
234450981 67480
934335192 115599
159939758 160804
661161824 173170
991675575 173724
131188668 47528
439790448 166078
378246946 17967
606680399 85387
454834388 50852
154611625 151957
717659713 42711
604614556 49352
550236594 82115
576216859 103248
173125408 34037
230188234 9784
101707179 100418
205493068 130337
748086153 163164
803120306 68716
130621223 184492
908712340 63048
631966383 192119
167912928 68557
953322727 8111
57312592 34817
441254570 88928
432293326 166139
493337219 27618
876028961 159526
913569332 171650
736721211 103317
292672564 189444
944583213 101619
621187895 29371
757066381 43279
839212395 118531
200541459 36425
15435454 4168
93808965 186751
226026614 12807
424300121 196451
600842266 24611
191866414 44995
561826721 164165
31138390 66771
401814312 171733
209762115 75646
645300777 103912
532001329 30226
201512319 108377
733596152 62998
944909186 4910
127656658 126068
658052435 116934
158329676 1589
648883666 177855
656036542 140811
103847563 189072
977555995 115702
284622534 119924
248492588 3325
76584259 12955
215753936 120096
675696031 2754
410287543 42912
357283071 80936
527251515 79824
415495582 169446
652472991 64252
716377455 138077
350251477 94471
552004076 43577
483614428 9474
304415860 5206
639962995 34707
116313826 179465
653163539 59165
540025236 26563
409248189 125519
950166645 124146
153935 147319
181415577 71573
993990988 20071
696480303 168807
37229928 167207
566718191 25312
918126650 183664
876651486 55927
469741016 153295
400119111 105805
327099725 38834
832918163 35377
848400867 102722
528940644 197318
338641964 48438
524167087 185438
545047333 74500
297092145 192810
323099318 84206
108435655 66509
511939724 142514
577695255 96771
933516559 166979
387774804 70583
294811440 47679
183930555 116064
864703035 163623
502591727 108227
337017118 108593
799833450 160310
131365934 52006
658091702 104784
97845896 186176
826453744 190832
317327694 183313
596985592 167658
797685075 194435
518966086 163335
559262557 127523
723786063 123375
621064225 106257
294545972 72523
399763626 181206
274283961 38542
193879004 20936
743513142 68188
853111519 173156
782355051 112964
119856584 180358
300036441 192454
435264446 110982
740294164 180563
215276713 112552
372077629 170158
723060179 75226
190295111 114213
161506361 147508
644248075 4450
930361200 153082
948790064 2384
468567909 3314
864040263 56952
722734315 61429
718370923 63282
840791696 8956
721865392 110648
234662126 60093
446172317 58708
461679067 116142
986334141 108915
436763693 85042
870688196 66554
762918562 119978
12037390 182037
516092816 277
275095723 70605
149087618 16130
81111519 58733
233255959 28281
478850639 81633
554478732 91904
709817631 178193
441790928 81525
344619544 94993
324764146 197561
51602436 153158
248856348 16543
914518034 71104
366390432 175627
106719031 77369
972998246 90201
977281680 170894
474930393 162478
664347368 50963
465573332 1523
111880165 173883
135764201 41651
216723677 175482
962042660 33275
741014024 171606
487810781 118326
304511346 136944
718666039 77267
79060585 95204
551724476 91757
777155746 179524
754830185 41181
785376554 103527
514371940 143389
740099011 195930
299885169 163105
440518394 124653
477039014 195806
869014381 194883
671385125 79495
438521031 141129
551024200 47219
876772909 198292
880928576 138008
805664707 159530
670247640 47278
215287531 66501
825479769 187925
567205722 155892
73826404 23146
374890687 111959
528496151 99997
300644640 128
197679358 103382
400617794 57302
153524402 66846
954942183 146698
813422865 175843
14592750 135318
7722131 77099
769062162 57425
98780554 15168
415239418 23630
400593770 42322
307365973 176820
131934333 35696
385171789 15824
625682234 25143
597047624 185785
751834804 101664
318990629 49383
843219732 63506
550655371 189440
107120671 129097
733201530 179679
132964812 70534
873083498 78719
951174085 197585
792195577 69639
556726127 98449
500432378 185764
41174909 178635
492832118 195012
870006959 44810
272271236 3639
250210764 106462
331599597 189434
867951441 97923
39640746 68502
794290226 142706
592351603 66827
842049861 142323
407777709 199783
569190368 151821
693303185 68970
544906593 161134
904340099 9399
619292611 22947
485400086 19126
600129246 61276
575573121 6163
729063360 25368
222867378 33975
199471086 42413
744044136 9875
660618593 144163
188842289 94928
711557841 14443
745844972 98826
361100510 175445
404719431 130007
883286355 62914
964493237 94491
563647476 30894
785976970 170867
328461547 174274
715062988 53157
805349884 191783
285697412 135359
61339196 41703
473838359 149517
985003533 21522
30323703 20355
216019800 112392
77018327 95166
177250512 186697
35410199 76675
848212706 160174
992226403 170437
897412804 128079
370680808 95087
88233674 197854
39126299 137960
393119327 89301
342809888 102238
429191403 2261
821952142 176943
875506906 73559
283239686 5822
45220865 83125
547272008 103158
231257892 17877
697914978 142541
744454215 120734
573892888 62113
453900849 44628
486365579 71825
112015298 126365
563594836 188722
39500823 143239
264765516 45478
144288015 49657
331005751 57129
124940405 28879
660833035 26895
932146965 21539
867938864 99905
474351349 2701
796942824 1946
309140072 103523
423635970 78462
907046192 135078
144319459 189666
523971021 10655
974756480 110575
41378853 8937
506837222 100393
690363868 103752
2190628 155027
815257888 169443
726424930 194594
115420678 86083
733804499 80645
626842979 140719
53263569 130314
786574689 58669
880754221 94272
314679597 131781
78530762 74540
267468927 79171
62400271 53051
15069798 127298
682000954 54173
794904201 170365
282855615 169254
225600404 102095
966950439 895
786916617 73110
27868741 131826
384002274 120470
218837480 46557
274472742 36265
431224856 126017
872974905 127088
381711314 140160
855475487 99706
370024740 108550
476031509 103994
370407270 53450
228274355 176834
866197528 25680
554108122 104863
603274729 37584
347525412 107115
583061692 81113
344912209 188192
981715550 121345
416102645 68476
81932759 140929
987240646 16902
499311852 37781
397111970 37003
268327738 4792
4965896 31922
780415486 31494
520893729 53180
522102231 147630
629111700 17879
431774726 93873
698042948 19238
624554883 91551
666944372 64739
460763734 116958
416356427 87393
591961828 100522
135696895 178816
438049917 41514
707211852 161898
97796210 37200
835494543 189991
947635276 116746
977170475 91208
873192628 11578
888877096 39390
911354305 51335
533101861 57288
54003926 33928
485120294 50991
38015604 163473
682487506 92095
346939537 132598
707435403 52406
785556621 83498
936820431 44215
487394661 82983
982575971 8842
889857936 148511
871507460 43638
967968061 103624
645034592 133842
757642857 120918
876448421 9338
366885439 1467
377458440 65422
726436282 180613
371746138 8568
315893157 106958
961623883 3132
161309397 159783
507916927 141851
504261004 25932
658056859 71508
206680729 77952
18346103 93551
916219567 167181
276088300 63570
239271747 183577
347662544 190235
699018735 70765
816427010 95500
828652854 48297
561754295 76031
362191854 22096
964777631 32724
41573113 111079
483562553 65061
977603697 32686
596237952 7471
276330993 194578
813912964 145012
177434239 189147
18222509 122428
572716231 78663
855674853 102136
385665888 86238
569213713 179211
570601853 166735
13197658 59801
414349498 14833
144177170 171451
366019080 88760
63614777 171488
95615095 190210
358708658 59976
943702612 48319
807152506 91183
454993105 17314
162553375 139858
626884024 98273
197936190 128344
763699915 35640
539772534 84377
156956271 81190
203874744 998
872339822 76785
77195919 153955
365559059 177841
334746118 92222
442701542 196008
720605643 2825
225512071 190456
248539677 14775
15985649 62124
308928623 4998
708698372 91740
943565685 75430
912481990 168764
963770252 97806
929513078 49993
797690307 108428
413993466 91902
268003146 116703
982396342 134745
74412646 60383
175178728 87659
887327407 155172
798723082 137198
452948356 18683
201174822 89359
795263062 127376
698431708 186764
86284563 185103
737530307 137089
338111768 59251
293051441 80095
645665179 132559
409892844 71215
818978883 192292
556866155 37150
960623455 58747
285439880 1321
236605342 130439
371084480 170440
549639972 153015
113843938 183093
254867660 82798
526192021 20065
433493295 7
794347631 50311
753491955 39603
476373625 127518
880003734 57838
700172330 178837
321900578 193957
978302428 81298
616668843 190319
171706211 59137
680831862 169452
628642896 191206
668492946 122287
90800459 171002
173641799 76228
630500097 11600
83315236 153265
514935859 10088
552795939 7902
539289950 123600
14845558 237
230683384 177045
86800881 168288
594408004 27777
246480122 3526
112925618 188700
624816116 74944
898260813 70190
733580761 126415
13753953 181391
600076722 33213
713418084 55016
386441709 48091
117937729 145747
640439887 20828
679755323 14607
989023874 148659
346962797 68405
589534140 83195
177207613 148138
964646978 34199
879084249 178124
783237070 135250
663353595 927
608211254 126559
314153975 154436
486878510 165338
922303813 29279
16206813 188568
483499540 69783
998828986 156113
664157693 62876
552965314 124906
413568735 69938
113419915 191251
338060590 86772
266606321 31283
238552976 165311
797132393 145320
311054436 102937
545943845 52159
183556821 113197
359154968 40340
879953075 41084
375088038 135325
683437380 127413
882438628 83960
987768059 55000
31822871 174483
900665757 18403
949248151 129060
956290136 120117
481702743 57689
605767125 618
85894687 164146
843303766 32920
73479798 159238
626110965 5448
593115980 159730
386728271 17318
262673843 194871
1105270 5558
872108785 107925
731150615 82996
648425230 55633
384856426 107090
342809459 137599
331272790 36106
132745969 97060
657718530 93653
478397751 18771
55084719 126625
108488608 171643
752899225 38827
224702456 117397
460869738 107069
614813970 26181
812104305 82810
739668984 157974
322104030 14498
376202638 122394
516541090 150504
403715747 89448
845520479 170850
457894302 109265
153778248 136816
551477236 29867
647113162 100432
500525027 40427
261393541 23399
570333735 14826
699851413 103469
330758555 56537
115911134 68238
399793614 114730
197186635 192896
270762395 14582
159709432 118863
36904135 64595
537724327 52778
884487737 177685
350538654 137281
722369021 116602
374743709 171669
920831147 70434
195057364 94418
122153097 54655
909844020 89477
258369465 44979
946290618 184663
99437724 68636
747777834 168156
886412150 4626
331042041 170737
137326350 190431
832127572 66880
453850261 133647
371367106 2676
401850832 4725
270255051 38385
901621374 164261
737202878 152186
811624121 42100
977404824 149580
232907772 24194
90210082 92176
434764067 197534
922542857 2458
525291640 145630
700039041 64498
863632876 134553
698445708 131774
605126303 138448
62764405 41205
165574861 27533
588495341 59259
798729990 96845
562287279 145479
593465660 116124
77390197 182254
754409641 131651
281719175 18159
545861449 190484
234995881 90454
992826147 70937
916231149 31754
988569717 65839
144136224 96772
764483084 98249
777747342 120109
907437356 21243
558981974 167899
531510884 184851
732778696 74739
509957207 192773
221337786 50651
358062186 32189
537758111 92639
483065693 56679
653591165 114564
22665853 148910
334501916 39689
184250221 109378
107248699 17585
41244361 14508
61151016 6373
225787785 123284
18870807 189412
2649770 177608
733444912 77237
576558900 139809
638349111 168800
902803493 64924
137363228 145299
457591775 2519
815293081 142875
143260521 59835
413864948 159142
775197298 176817
72166281 180135
912618532 185808
775907376 73824
583002771 105116
918384144 164766
204456458 111933
489502665 21463
11326018 191526
962060172 114656
452353054 189116
58899889 137682
927435837 31197
47204051 122462
127429347 129944
162435312 112836
551597963 75167
986523556 108072
700380586 77242
948055212 165384
79200961 70892
132270315 76662
754704433 57494
910729594 197720
261793835 132953
567333549 197680
760942926 172695
941698067 151129
588755881 139235
869302692 195074
882480097 37867
529823730 144712
260142367 97613
741006737 189707
279741039 140680
202094573 139743
873876306 188124
752711556 103257
70586116 75690
928634069 86641
945869106 172018
255997310 159664
339491598 137728
345868284 86323
953926190 122237
777932172 134473
795435258 145453
127991946 64877
147696760 111905
538303528 149389
276128184 98687
190247842 103921
521566157 17880
568771224 28735
100976832 75740
194092133 43631
958473058 188753
625178283 108759
613124827 168391
673748563 50016
47031700 43277
20418377 95308
48833071 82463
194574174 20712
221212443 123479
580847495 24968
246582903 61068
897827638 177683
542969994 15682
730711408 394
122609922 167533
25159635 92614
754407698 9781
878976856 198559
582762149 150263
268306472 23028
130362179 149213
257700580 43561
958010897 103709
97574366 120398
289040983 33585
871869125 123880
936552467 180019
864403281 93512
499813432 34955
913517404 79612
123977718 125481
33562079 8275
328735474 60787
842277865 38328
258959807 9811
410055173 56322
102684306 19813
949830343 125725
658212498 140447
377290735 161165
319880901 133891
533362390 104268
10478171 23590
705964528 50864
52670767 56710
19677152 29572
815751109 91443
11111847 18307
761713061 51530
961603035 53634
947586579 106523
110050208 166136
996116296 105861
71784792 186555
136051641 180555
200140560 78556
715073965 141603
666440422 98713
470016050 198552
302005612 6070
676543825 66745
349123438 118441
434994468 63947
141946076 83103
42618083 113397
453256919 163060
168414133 124530
929259299 132602
543154390 62488
650256999 107551
879357090 156795
678531112 19786
602907017 79984
560481255 116124
239708690 116307
94795544 22019
874713881 171920
591147546 16203
181259934 168670
605295838 144605
464086573 114226
700123430 131190
288544017 167147
91542045 199416
839623223 194171
969203496 138177
282857120 75974
285388268 112388
234538522 20682
758756139 35117
385139450 19899
500544001 172808
747403787 57713
102634072 185396
404462487 184284
367270415 45957
756693154 57011
244419442 51857
820224595 114576
26456557 62494
512548979 135352
817439101 194501
404492021 81032
858910063 71209
147614428 109913
888900738 14974
690345683 78346
190194986 66761
114171652 99959
718475595 139114
209517219 131817
70931046 114183
959503 191820
406250439 142713
933587858 6153
720207738 78131
540604845 79448
620442714 101176
923460919 88409
449421691 86518
378557526 107545
586178387 152595
413549771 165584
744826326 71118
49437139 63494
359600460 176993
631152367 103517
567513982 729
785490815 143421
32117895 77733
172952710 86191
202793055 58047
674103415 98973
679095722 72519
469249493 22871
127053373 198721
805615457 108391
215655928 187563
444111223 20633
402636201 189064
151678790 89579
120636823 47540
803218095 88406
915596340 133726
954177038 33277
550716940 42811
664555268 132486
300611460 119820
300800819 112780
219602401 186405
515043966 54045
515648397 65025
322749142 26866
735991397 9931
239999954 104278
245878083 65839
823596002 186665
622994197 160495
649362888 4830
430447139 42921
370048693 199205
69089529 186151
616946178 45563
320845677 176480
644004590 173486
972587365 117874
250971061 61188
268315640 123135
303818068 51189
173827787 36946
271286279 79644
92711023 139741
317742437 165266
349467088 8903
144006768 37268
424661701 115873
513525914 146888
871896808 133214
135185414 143705
481185383 120550
52331565 30359
970482110 127018
8060649 187443
478018703 22425
65158868 108033
662229619 9486
6552994 142957
3454824 36705
594180633 5362
893415354 6022
6549121 75087
577002124 180142
17094995 19123
160273859 112349
285804227 123044
987681096 65616
544048046 22197
153335483 100963
203695353 15773
363634971 77299
909183308 48375
878801274 99524
37693104 90100
607676279 10225
185344427 138539
952285158 50408
258823030 60309
783541115 6688
165869026 138803
499806341 51605
141613803 172566
691950948 61758
29752341 1039
248664767 22347
964031605 112621
503209432 26036
521975660 49046
268018855 30539
293557756 118445
225443323 44411
13722872 100717
549848744 27944
609090582 149377
837909800 28574
437758976 178227
240243266 166761
647887800 195858
116868243 179274
479090491 100044
159767076 43853
560974068 119065
8885006 3972
402598084 9667
625202786 53589
55480227 180677
878257437 142353
411652475 158462
360135756 56756
421848502 109818
736494122 11384
967591502 45953
184157773 161558
716391126 33298
717764474 44
829110530 186270
862777258 3864
282105734 60146
48711180 136272
583031802 13195
427941922 138213
143595672 111405
135730775 69597
222872149 78073
384114898 114429
945259982 99911
689825605 147676
733522652 130635
885291472 67353
329532551 51704
788534740 74414
918693845 189238
499795457 82476
764288461 18138
311696958 44859
546647063 125568
38337800 151689
604402601 81550
216103391 185041
634053489 105107
28459896 154556
13765319 56549
806862045 196345
872517712 56350
963224477 80195
66744233 118104
227495556 186493
282280151 127422
935231538 14868
392955709 150751
90876947 104336
219956135 118180
997777518 132760
872335770 189980
288925244 390
979827776 91768
576758543 41633
75381705 130424
247431469 15357
865429756 15805
486439647 114837
143410959 78229
864124084 6246
203786233 46365
131087856 151454
431420224 54063
330832406 70609
963019742 51031
344045276 96175
237687360 191172
831568722 144154
762535147 156635
703708922 114045
572200313 4565
427401145 197630
538277461 101377
736282016 139258
662833685 159404
708171342 64788
824736403 101396
651299094 143607
80744276 137338
762654439 117080
773827486 42258
812376475 135234
931544637 115480
558262601 138784
473620387 118294
654852031 191155
785333953 163771
69861127 88184
940738715 70195
982427828 29405
425498053 115967
289704565 58357
982569226 130067
302863330 166176
373611940 54786
777438911 86227
503531527 2841
256388382 149520
159173166 199940
845703600 130859
342538195 101772
935806996 79355
856971362 37087
302174327 49982
332163835 2465
238494132 73490
923885609 159691
178300813 195167
156937870 186680
132726119 148328
97873394 161727
559933118 39698
729746135 92065
472268663 21808
766014982 38300
223306138 89811
74423889 164110
161025446 163372
512275818 12109
700929673 169733
267983237 55576
57893258 119725
12411191 2981
545033813 153609
447628799 196857
484542726 44644
856804687 185179
418970171 195602
37190580 131238
962132163 159263
786603644 150248
26242832 89986
540131241 197437
276501340 121110
433725576 127237
125327233 93165
259292305 127888
913854834 199261
388722100 181337
598455353 172994
515968600 19783
869408672 52250
160170742 28571
503043506 103897
722362825 38515
929504167 198933
577966699 54832
902861949 139474
718162988 46611
561323142 184747
124896951 73308
929262612 192285
98005663 126510
992574264 20908
330241117 146085
383287125 64217
901596107 22657
499379567 110144
337104834 73483
744501020 84270
390808799 39051
920167914 159844
522260559 197103
107088066 188334
219679808 106140
218415487 37272
26138370 176992
234766418 160663
305854777 190749
464916233 150072
980012397 68613
932844079 56619
604206683 102680
289600062 188531
393595342 179137
855156378 7000
861862684 6520
546043493 18367
458445419 124487
681083359 163410
481094116 74082
421320734 135259
611830938 59290
759121843 59534
289839774 84035
834469710 160950
980480935 125985
415644183 151731
144732842 190685
594950329 111172
856389232 181011
918623448 41007
645505773 106466
873958251 193750
602233392 191299
945767037 92623
167313655 116004
915233849 33039
773401805 60222
744827475 131295
380296743 71276
665008053 58778
842919895 38628
143537921 128725
634841234 51911
46511461 53139
638829597 150358
859328783 112521
667548423 22757
897724262 79155
989481544 167712
305849514 57664
533293833 49472
880669209 18186
776848914 142810
706555341 50457
678185442 19433
411006549 173548
286050257 191708
905597812 164171
981385264 12043
7797533 152429
537183542 180993
123427102 78862
918957109 94468
159330382 178276
403761480 3607
955341266 46209
654496308 172273
791948280 95775
749987771 178441
336564188 188798
205040828 68382
363061907 191436
474670579 86918
273857948 16881
523744255 126485
441831464 63396
588939886 100602
963826178 191948
66783531 43765
513411121 183692
417611499 97959
372495277 156291
220178556 46438
416002149 8415
423578213 146236
281562066 146449
972642990 138820
556269065 140725
25367690 84832
747651860 95631
469577192 86125
520850135 153836
631385638 176944
478030567 18256
194894407 190057
961925873 113166
248407919 68166
985137589 171387
755301231 112948
721165165 162208
760580555 85431
403080103 95342
446692985 183978
984302687 169763
197021822 156126
817531507 95852
728741400 128923
908958131 124707
382622910 69934
798226001 178223
576662854 66446
335145725 127951
67299218 16826
700000019 152798
406520665 10277
133209541 62934
309339912 11837
184132122 76945
359899056 190275
286090945 185674
566716465 27066
528985031 77199
298249320 153546
27391304 48980
263641368 4131
643474554 92031
202438927 142759
636534461 186252
351102245 183199
375825254 111338
112997403 24554
280835310 87750
33540753 163256
105493212 197697
217306642 178086
945513607 932
405896990 106467
701611058 7092
303625014 78205
313677406 136284
686696560 102088
795082158 170537
480037153 159901
222826834 156116
84871719 182911
747936485 37321
5277427 148858
623915894 76432
178554896 140088
408682538 1086
313537512 92798
323538812 158226
752906219 184263
431102583 35276
785441918 172248
211219025 73125
711310221 94635
47788206 22334
659372432 51935
666991949 176149
999755416 73808
526708496 50847
150824053 152334
992324733 26049
207757568 14157
658467719 84088
565710294 15864
401164633 57842
353965089 114408
797596310 168750
448355032 195632
235765040 74416
792770404 122265
38760594 129629
303776689 186455
322442801 29588
781506052 157512
99695422 34796
209253141 196581
457942803 63968
561805233 74358
954137632 99436
736814757 174176
36285704 93518
297685060 122677
851038598 56489
667147319 19883
939247060 138863
875791567 157484
640859904 94769
309551734 115329
566506003 175347
656982885 48167
28561648 102646
5119142 48799
733928500 23909
830910577 35360
672458452 34261
745381803 142157
875655833 92527
902017023 22932
771656786 161974
714628305 160363
885658219 193673
71453760 182288
148153616 92965
810030709 77368
553880610 138980
243949855 178355
144324772 86198
463360420 127901
926360731 10009
766149398 132148
780600986 85579
481257564 185968
965044111 187749
886192671 21241
244518869 103081
866447020 13526
905813003 97629
356470835 118825
453008282 150328
728693385 148929
363337453 11072
196098243 140567
843637832 149104
419493187 188253
971360944 61787
455050407 40196
93380192 45394
207201897 120227
19735169 85431
500495753 178776
444020592 44235
957010945 36515
203156164 152973
794815446 125858
651153929 182267
720214957 150083
358083316 129353
443224257 156878
836714218 190984
223797935 85912
574314702 111844
43077824 157806
913567399 175070
377758073 78052
420839249 162510
650539522 121634
15715475 33115
293109102 194387
498738595 78583
869235955 1090
349026420 103418
809055595 148162
839467804 179006
586143767 115749
48822146 91362
787360029 88546
756428063 46581
377379133 174881
531359376 57422
797572144 121780
583023072 169727
787464471 5141
39433018 39201
282407704 90873
532180631 30848
864839426 47
508244128 49492
964802927 162039
414599394 73253
86156393 129734
437440587 27262
517746923 171433
493108652 14334
30185201 147989
964446258 57967
908146395 171272
715902146 32785
541949208 179925
435206311 15206
917927912 1324
951368902 135391
539979566 161095
608985876 83229
45143341 169354
101956132 156218
561721863 113232
911196801 99647
815076779 118047
304383464 56775
761800399 136906
659419168 108095
373305398 170724
996611768 169177
809433058 62722
536674173 170862
126194349 130178
913959239 165492
314166616 132500
390376621 68963
68189803 93992
15274578 45685
539528671 37586
246683930 20544
147892076 2509
853132126 145463
638929383 117327
631381591 17379
205962753 108129
320313391 107255
328864314 178398
506892127 168024
403798642 22460
84023947 92401
569105270 87521
736406156 153384
969902446 187131
235490660 3168
846625181 180422
888918028 127235
253205853 44040
292291264 55503
821286042 74789
340870462 69682
666582778 21262
50669323 83954
200620208 99384
44853335 25322
29369010 91426
967316110 66174
702376056 81820
332108252 23949
831546985 9403
577972520 106050
813325021 117216
942700088 101822
689827049 4379
812257690 147732
887112667 166818
745746953 196335
355639620 141796
250665030 74916
329878449 145671
453357784 138620
617366466 58367
122972432 70805
155291075 42524
789558222 165247
243429465 185481
953537558 138792
244443957 33109
391252269 166919
633219975 101112
992692854 186635
700094283 78271
918821924 127039
726728423 114526
522919007 118767
942400633 154541
474313931 189376
548230725 177738
253176422 85471
443030646 136893
330152652 61197
551492502 16500
784367137 121791
341144474 129126
77620704 89000
998292633 37722
608566260 197343
341867446 9022
253418226 61713
384565028 77383
720601012 199021
118228230 106483
237410306 182103
322537208 195364
290099196 31977
520448982 75808
786775310 78536
542671979 184497
406118228 8961
135511019 114934
529755283 36289
794771288 126591
528427121 138994
691847273 114374
233160801 189489
883834632 131331
166315324 7541
680157488 148971
768550198 134727
792222570 127454
809496385 32651
689074561 52940
909429485 88667
678511546 80040
990547029 184582
687087003 67421
834806231 106467
275315390 140041
774415662 199067
143324292 177704
637087874 151461
790740606 81411
906585972 188305
195229166 73088
298532771 8116
991475070 41007
505706739 86366
579195869 179276
473017861 150432
277349173 96006
98792598 34618
483044796 112497
382235400 144238
496678622 36311
194479356 140735
177349623 63679
205745499 65156
432688647 102159
841116758 153644
784405399 129666
680814316 59410
450509848 185523
563925118 194747
800708328 109592
335957038 100906
37468019 50959
498064385 20032
859047112 172386
869140050 178738
237286860 103949
94981823 150848
652093039 180377
745595227 155786
381117088 72945
376476244 97139
823050633 198570
431587669 3204
705255058 179929
443495941 5575
933342928 182470
456012543 30087
409720755 52931
674536534 169474
45227059 184085
948392743 148631
982010212 179675
355763903 133701
53978056 61818
103999367 74015
565662747 71954
436870113 40199
170580065 145035
786863883 66569
565463813 117366
523667498 6881
965256891 137005
398612489 186079
742020594 17840
228075580 179950
606372620 72836
863045208 60162
458392188 154869
907673429 149182
613093391 74798
612091022 150834
8038375 96917
614951581 79991
508580425 184543
157930913 79115
193088787 170744
550297208 187472
662007087 122600
516488647 75770
760586273 98789
73929383 140754
677343708 87047
221109394 159405
102942619 157227
406071716 140402
8030252 53284
522124609 30961
537986572 151842
585280996 30184
819824124 176195
385161729 87273
25547878 116128
843671103 163254
864568675 149058
746587849 52908
841605586 58290
189138098 78689
847262260 118647
495236842 144892
15022887 110092
801226511 158146
101872088 132240
656252759 17794
577165149 13688
594002374 177691
584433224 163022
260191418 193175
699490950 125289
239053569 78435
526444557 184308
715127547 149703
81867591 168642
727770484 120329
524653209 73795
212988876 78184
910246898 164740
384492083 58656
667297050 190991
887934764 113506
742044905 72385
110693334 137838
166427002 171080
952831407 79668
435862980 191049
942308928 140528
263209716 193519
926038145 24062
46536413 39854
599039820 148133
619301206 64706
140718569 39141
295432647 57190
24191323 47504
650436582 19744
791892313 9285
335344789 57216
47440316 68012
941971031 126718
889154871 183629
691612925 122432
60724634 104064
392135944 36380
751116087 13810
545899854 193554
916928772 168417
427822369 418
821420160 165784
556937791 143659
931240466 156491
454811866 184214
387478553 127358
515673346 106513
712906525 146822
453522754 178842
978429436 31025
957500 191767
501455052 97635
718863172 23475
722495015 68919
501992345 47880
44417044 102658
187134134 117873
269528377 17347
720418358 74488
528516046 184175
849859163 114456
460610765 29513
845600589 18806
830896871 85985
36611818 88442
209037168 22780
624498277 135608
788566174 158326
725816483 26439
14112222 129770
853367621 130791
190268141 99933
38872014 108913
892632565 36544
625555685 101809
511259322 114612
172654307 32595
77736007 118427
169787200 141679
776143293 22192
994661785 38749
560308728 22397
841915395 58344
511358525 34027
356854031 129984
304044409 50286
857594961 136666
185394614 72394
850197515 155702
518273078 97733
695890055 181096
151208575 9254
925105447 137726
178205263 118803
504263246 100014
198846593 155649
36323551 9461
946135138 124169
388570494 187810
283520653 140435
139321432 138551
267850532 73820
67749970 59269
682269054 128448
871134823 73880
636181343 63110
852641547 178238
727707730 34754
145334482 16419
802613256 178091
197492605 180297
675031462 125154
151662045 60572
192636712 27671
99728513 129240
742773149 2164
251145830 4516
932688068 16416
957374008 41505
987603935 18010
146184815 37675
458281877 4484
829349646 41463
658763790 187984
874062870 118932
354751159 197932
417960758 39302
577513291 118611
895032199 31765
686308659 11723
107718079 113673
204127180 137918
84496546 194893
801806104 113703
476308894 192782
286241068 84457
288072072 10286
744456099 61549
602309272 187731
205236215 179015
557721801 120583
80829444 82302
753447611 67370
732569230 60637
116850699 10971
936657778 34169
792625402 27988
90422850 41606
622560339 73940
27365855 97775
881276146 42879
498583908 173703
158778543 31921
805271365 100793
694358274 162706
455357000 128248
494590608 55477
290251058 67383
148963873 13160
392217516 20363
233498827 124955
601816385 77899
908981557 65160
519794511 165906
296809338 129579
252827495 44510
554721817 39132
409644842 196692
955319215 193772
793983215 113573
306927418 56842
291481497 162482
374098731 160803
470785885 184924
788719531 92702
626227986 12240
809249548 102201
148757754 60261
742407922 76600
947931813 151082
372570226 25503
13483328 173222
112996979 124265
908011317 10404
594187105 152996
839858690 124546
307489454 1729
501843623 27960
172038371 13877
314622673 58749
947572791 66748
287967791 37138
171777968 10458
822015808 174354
443595417 404
153126483 186517
197206903 13325
371869927 74909
696458541 95407
846962901 173881
986108250 81188
262409821 177885
607180075 183253
122109543 69795
856048621 1724
729111247 150558
472752332 126591
504023791 131786
153041113 136219
599995800 164104
636495575 170777
805866775 12343
773006934 61498
381514345 127978
610831950 197885
724877869 60751
83303980 110747
293633368 28502
843394550 144895
62979835 91753
581238819 138497
844668968 107823
632036562 147123
846714421 190563
778238062 95415
49625418 26693
72804968 159585
946719043 19880
874706877 9507
529365979 4356
102943125 167038
371200461 70759
72421194 81207
684402626 10832
421055897 28536
681696840 196918
427893166 151316
343092924 128892
291953362 143577
63398040 182378
353498663 135349
494317309 168613
594894112 61721
475024611 53644
816636689 58422
359399277 117554
222062276 152376
551759255 181936
167883702 48108
847898606 68367
769793060 96101
168467810 98394
477383320 152074
931225211 95822
831104845 178714
84994908 141694
795052792 35766
961400172 75807
937809742 75225
402241244 158006
669926199 88769
270570584 165308
351209001 123285
894541155 173249
296733199 3910
734346968 115559
57569080 33257
604574321 46015
390452988 2521
949406222 148372
552029380 872
207936645 94040
648286768 65919
783875399 142756
484225390 67588
304304184 196342
339479340 105105
506472953 50477
251101975 76679
371825440 111318
753860253 85
396725918 32440
434319482 46719
103827140 113455
870490550 993
229911046 42433
775953371 197855
523706005 117417
212610483 56649
289677113 61445
777954497 104901
90731723 175208
849141596 193324
373723259 66063
613395120 43776
609867200 141904
259403380 57405
480541170 106042
676616130 37572
931660835 162785
450684776 21772
283979720 27819
676912154 114252
494224418 86733
676725727 180403
704484803 173689
144899844 92614
305353063 6568
694112474 163605
4282542 142830
791390955 135186
74152092 28999
290752600 65571
349112455 71546
883579070 146552
912676789 102123
747350634 72631
403345547 115360
445322755 113736
818489852 116837
937262651 18073
601557835 23360
430224150 73156
745130253 160327
441512622 190960
840759780 41542
977415461 37649
941833862 28724
608477560 116476
764868046 12252
975418211 56237
83500100 140234
189049199 106988
183234356 124462
978580261 193673
950811133 153699
329881539 42835
637214790 35711
74674546 97290
709430003 88337
790389289 148824
546346064 28726
754772578 43532
135816261 38229
843106512 198096
913078282 105218
290563114 19588
234713994 163398
82447024 94592
695180207 84997
136748097 184532
331164228 68379
979977570 136895
194136783 7108
811317389 112400
236035359 73755
77534023 149450
990166184 131832
117340262 116384
805711627 12928
529453187 88074
818709444 75415
469769958 5299
817070687 196831
630412094 168844
208675097 47829
183244192 197809
173747130 62620
733866234 128448
461961435 100331
204010464 195354
353575806 5776
794735007 103339
507645971 61379
924728995 66504
669591847 110473
12037848 14283
713888864 101214
296006453 25987
966482901 168702
748716953 80623
626278763 184838
841190449 16467
905886369 53939
870413532 102373
189325034 80432
477110448 107592
901653689 163320
152063220 29926
107639503 104172
148014908 187941
969473707 174442
6942694 53128
594849206 67143
204754566 13177
826088212 56495
411361857 182876
102159792 20660
546167146 85437
946034865 115712
692021581 19120
176574791 84266
891632306 158716
724039546 188034
390855521 14821
742332198 236
263135920 160117
134751524 48059
79593169 55959
238990338 149675
166726470 86313
894332837 27578
117004709 6831
584789926 74674
424634694 146981
801399050 179127
675809773 199702
281721831 21518
639242854 53124
56467974 18325
582492838 65903
676497105 50620
533375723 119601
564495988 131231
642812363 166749
665350219 139984
277094288 29904
588989000 77601
20943797 35054
68213290 119092
6610253 149413
27025756 91312
824898196 151069
366244342 7198
412493207 173360
190874175 3605
913274493 137654
823386985 171422
896665466 131191
347118836 112482
91180194 166528
443184217 167900
261423440 48483
99589718 119309
545931969 132201
957252200 113516
484373888 73326
597899676 130550
875586463 124925
46982463 121543
274450346 181734
28919719 197894
280038673 47046
623802171 64400
881530098 72149
286588325 61310
499623868 58383
891807114 66742
952436098 51452
857981394 48725
496732804 11651
95990162 162317
197826293 74650
851162452 29894
235967344 174474
602100377 56534
273278308 25425
962267108 97079
505554134 96237
551269890 162623
591647175 102794
50959884 104612
441101455 114257
775550281 128547
815400972 23628
465084259 112711
850749683 67828
668688405 185990
768079277 187567
236690294 172594
665445515 70083
747615910 81424
191598039 159960
30678728 185401
532520360 58995
93967495 2636
305284072 27465
472581515 93060
593225995 56774
325452339 145196
865773567 141371
720502080 100896
784223686 98105
838697338 608
445913727 111456
411046990 185689
101072593 118216
339379638 80008
456436271 49512
943670508 122091
611438781 104981
994240830 3107
649559139 32473
82183188 30056
260132377 137312
388957436 116063
770132965 88180
690487393 33624
368983584 102836
589826814 109530
449458489 142794
859734679 59873
659128391 95746
716912543 115230
239571676 55202
972404558 148235
301253816 53121
391385441 137110
280374646 11136
25916596 64480
589533410 34605
723170406 126797
940766974 60438
305178745 33871
26843419 77798
135054041 70083
389248397 162270
729874709 181921
931006421 126672
773638602 181592
158599382 137678
400481692 163962
420393082 90497
525768795 122587
510050230 126861
188045448 153995
859439548 146695
717889340 161583
258309157 184116
704561887 28597
561720094 27696
742593127 195923
906034049 85826
602552410 110146
798093530 197281
380380627 68089
575301822 142048
160089159 88075
274101039 158852
685683303 16603
314775941 130171
911614811 126356
148594731 110534
649583036 73289
230938250 123657
120737766 65622
873724971 102345
499743898 193972
893854379 33007
848838838 156827
386402436 133073
464983041 117394
36021778 102088
728948437 198549
49429799 64258
591853411 158204
996778496 167784
319166133 45070
193577660 51373
36586018 103907
308659843 136371
383695754 178113
986349461 7236
866683693 9993
900572522 26537
761123794 83932
612397436 75333
673457473 50514
316817023 118447
409003724 149043
936279613 184628
63724499 25107
674190453 143064
44383439 104674
777453216 128024
586720470 115837
547265531 116545
724390647 114510
256310451 124237
73586928 182798
858987631 110128
217238012 178762
420340339 27211
256124962 84928
308015995 56480
254892030 65554
544972060 96772
928493615 108326
480298519 192203
242240500 153894
352716530 173952
675643386 167145
9216324 164388
796362686 84525
780655003 198569
245259525 76547
304859575 15839
513286044 187781
364280078 178917
459714642 93981
599746293 167843
749907078 193069
836367916 113310
957140310 32680
447458051 195396
139350673 69638
412948444 37985
332865288 20418
800916951 107659
844470730 91551
146060138 180834
877801510 17214
374671759 11323
181427160 190545
539804127 103555
952406155 101124
412676743 188197
179676507 178825
637956012 37168
771916187 102962
841339599 193739
631375657 89578
433325912 54336
166195807 149115
951865041 26162
609863733 173032
953505321 180915
295946921 55436
996963943 89890
77984803 130863
493394825 87012
143670329 25488
619316611 124345
236422966 164930
436788887 104590
106766479 20168
859276389 6999
823352360 25437
725996246 40707
705008273 166016
130256677 172303
78281360 92749
855746818 31535
420730587 142177
216837743 3445
185971585 95294
853545742 124120
743889070 56766
512294138 79511
771958399 23264
624529069 4348
398809596 159243
625984002 198849
813855041 82555
804391385 187727
147612331 163346
903324832 158893
409155620 10841
728040909 5481
502578540 120254
213295081 182543
276068769 18799
738785564 190419
516899128 196711
661918355 42437
125999852 195069
154821203 28608
396082549 56626
749151229 113015
393838034 65879
347423211 47299
869206474 194030
810181505 82367
820757000 163664
212506552 21552
753176271 23547
25300632 18921
784817852 21311
537688667 147844
370347644 3674
220221447 2514
692889371 105057
262868172 67426
248582455 35621
298537582 124720
590367057 152411
939472667 179459
567655934 6793
658339135 97461
583255412 70766
529540797 54442
542276872 123268
499036934 12045
709151989 62690
522839568 162868
645231112 39282
484675292 52920
366440562 30280
340003805 39125
208438784 173027
499841050 171107
119565021 128999
770332818 148937
943292582 25098
991789051 19620
392886329 186964
572724298 193235
915537654 98252
630992112 158690
939736128 196839
54723238 25128
203640415 136565
494527466 177840
86875538 17887
826618524 146453
581447944 166859
831537118 12287
4767600 84320
178820917 112983
588561802 41709
435164360 95951
212032897 39157
507428123 63718
454230690 139211
723577439 47816
671646254 124008
309110216 135893
157911596 85220
105204593 99266
740730062 191431
42443051 98144
883055704 24895
563892860 30382
707721482 111683
22604430 4627
662914090 105540
242070351 180167
982734057 105403
271300300 10492
255228808 89699
405803544 56972
417820863 16433
57872569 170751
574400700 80438
613397141 185624
893273765 147212
33476612 407
19904956 23012
338888162 113250
68375078 121213
623046507 45273
194913668 105113
574218509 10206
442367513 76477
973058069 129759
742296570 65496
348607010 72697
793681733 99902
582478634 193377
675083361 44524
528151259 52931
631014392 99369
684109026 102039
404302117 62214
811820018 198149
992938002 152390
444440224 31193
372920206 34696
212810791 113269
103385693 113999
848642414 172640
414117736 108611
183679396 85264
803808656 85364
836396418 19570
577414819 62244
990869658 187534
682540418 83883
428057360 192001
835007396 16581
103652543 42683
61090736 85515
38906932 194672
649250150 186981
351763612 37096
688820483 167794
872743895 17413
370690587 6865
977269012 28917
953268501 56325
931216898 161763
859652306 38754
880228414 78551
353128253 108099
694123435 163489
840258316 124779
882955285 101977
752386073 19339
126093872 112688
276269886 61459
883949732 181552
258023803 124938
512881471 163291
107109745 121518
965124896 83379
504002098 174873
566794677 151725
73009816 167114
679194477 22593
198458962 161520
553018629 182621
134010949 37072
258351474 105235
259278114 129279
244653433 41818
547992516 38879
188901691 153386
312770761 109754
82295826 27409
615646068 132081
872533312 110436
503186859 74264
42237781 31043
871738807 164788
558315438 188895
524698958 71858
847742505 102171
705648600 151350
242871335 72914
216789608 55883
330521097 163218
560429024 10111
334879641 151942
825211082 29740
662605247 167696
888394118 198330
347280240 39446
239307931 25525
532309678 193300
30098560 138215
754287560 137740
644789198 115908
961839750 86758
44946848 139198
976812506 125330
515755148 47413
518822533 179346
928627362 114183
910776114 123454
474041644 67226
907715965 60001
471211555 3403
283349910 160413
124223580 11857
774985729 120460
995784457 176159
833700832 52433
756792128 143338
373396096 155995
261888213 192489
922218968 2802
137173000 113284
616369172 127660
117502962 72960
478266413 10405
798334100 33321
854577133 43112
966571025 182842
873459419 64485
885831524 189178
950921574 158042
146322661 17662
545612470 21520
906800140 33008
70980299 119387
311134125 132432
352410957 144562
439326117 84806
586111967 126059
618419266 9592
551908253 60849
468191152 143319
49348081 184705
557922018 24521
470017403 131109
281410951 46049
401558885 44095
169079111 66650
942157426 26833
530072375 147597
323208872 61279
979442159 68571
43566752 180754
510619514 117971
592091463 114743
519627778 107269
734477932 176620
106190259 64142
830196371 98098
295327906 33219
75700377 42956
650707030 180725
121495699 123100
122395625 148318
756383474 85901
246247802 191922
375402484 125946
514419212 36745
86522007 32590
730798108 75217
711544491 53128
148928558 51417
873279427 14291
720320609 58071
753904266 40882
849259604 103375
292685071 153316
258250875 130480
981544609 184718
409629315 85009
881214147 108278
174864626 174430
694552661 57426
536787657 71906
401069165 83348
56298313 165161
725716424 84713
485854386 246
555495454 71939
341232495 186031
474022680 80864
376452472 50202
320122502 113671
914533565 198529
380468821 136584
327000810 81772
545854786 109937
28687247 147151
713846965 45877
256149960 52837
38076490 124613
433778859 42934
688956348 26207
673343539 146211
442596742 78578
147544503 195659
421243222 64761
871193757 151788
971690660 68896
481354850 21771
370911577 171054
272506682 107484
969188365 64743
566569644 49626
261005912 120814
754702832 77319
23782024 87711
787489924 38401
295450413 47992
849251671 26198
186538283 37304
882706503 198846
49971985 84735
132113452 198836
72458102 20389
949422910 111958
52614369 160963
435321848 182044
931323302 159409
248735655 17547
399313926 139995
479132357 24488
190164884 111260
584982731 159773
608537992 146192
5380209 45565
169342565 6581
846475099 149259
205679205 51781
966983819 122364
948682167 68152
412483475 146768
564478808 145362
758810040 138599
981445596 41285
953226780 144477
821578602 134274
54455533 28634
873321647 66230
424955995 146779
78437747 169156
939089744 44405
750999353 5076
852742537 45822
921124127 126222
774198744 16398
694344125 51184
688237983 106771
50836177 4890
352731406 164700
995399911 18876
839423969 104420
110547482 94381
77723431 73812
710191543 96260
583283040 197909
661443950 36114
290280126 13987
970810829 162140
530322470 142681
829210819 150462
120150751 194415
312164855 105774
487118601 133972
525206394 101797
376753573 54196
760980401 142932
856232276 166776
740529839 157668
116301885 150049
858791862 137532
938864719 173958
596671528 33939
22964336 161714
860912833 6933
575794368 123100
668413272 138884
132898113 95335
236745026 30008
745259008 147696
837341649 119947
760603080 116345
837323770 131477
831824392 33901
977500576 64072
900170576 65391
570063767 130954
351033366 38056
268769826 153118
958678549 50782
240520117 7810
100230754 33545
631401220 122127
817379828 101343
370592426 92851
540015198 1255
860923359 157156
876625973 137959
156605358 26984
904348663 155494
486321599 130786
862033002 136316
707830145 157481
383490254 93216
149562210 53470
10852663 50780
40344268 117220
777643761 179426
351701842 169650
508333173 20397
704460020 157622
488387960 2089
429132696 83883
273847364 145652
211796138 15265
486967199 115439
512802727 2939
489853258 72080
430167502 86027
298902594 45691
536060435 155105
710461831 107662
427840188 94023
445265627 36094
749761823 93863
581760261 139607
674425177 43493
678556911 115190
423305253 133191
102606112 81805
655802666 75710
54561597 36612
734280191 119650
313718493 21252
27810314 76824
637072194 192745
127655329 114395
346162519 38468
365947282 146999
331163888 82440
142870599 152003
683995652 9031
663532486 67277
653785893 110806
125281585 167914
309930660 40984
971438606 73911
758308550 117997
966305020 74375
106110367 108816
497607934 137712
274151225 179802
453920053 185498
580675470 109577
478846241 18791
699715994 144777
850874476 68058
949349656 84792
925772530 9577
574076520 177390
731739781 124765
225576351 25879
424829714 95601
909030156 6633
674207108 115283
862794672 131880
380457933 148009
161905384 120185
453049661 194414
734701881 26694
630512544 64189
831763127 120200
147444121 139497
959754831 171359
835603150 98007
618265291 6640
353835098 124676
901758207 183693
858526180 24891
27046854 66592
17190046 181627
993996210 168918
870005877 184843
429114973 14399
425383715 140622
79490694 18844
353132489 25949
193904920 86419
791037742 54803
904106527 180726
413234746 57391
73086060 110718
918928815 33137
723401557 193291
143578589 48503
953796469 92533
353414935 32838
502728260 196582
75246041 92356
851887089 83354
518082976 99756
349562183 72636
626909803 38267
821860633 18722
564367891 149937
877776931 156631
140283693 114887
467189050 157323
492963929 2204
406890193 54144
947455953 196720
686066405 190069
173367784 197249
30110852 191898
76928823 191346
866738137 37409
307161832 68145
513424224 27824
593699322 151250
330546865 115956
170319817 3830
23709500 64697
924064114 101632
848702891 152196
213804222 92013
653833231 14907
124348434 153305
440799047 88033
876307159 135735
860027407 32796
963505551 23705
493210763 129736
983801921 150739
349470139 91067
895786610 37455
381646602 124289
737246702 71233
792306033 130170
969470344 118435
344195730 191445
681102254 159920
143772704 47396
130700472 73723
62695691 99785
133446460 185000
81817626 35681
360545975 63562
133909586 129226
410012727 163648
695192360 165145
314759700 25681
199019125 185103
823459093 47804
546348258 159647
739933058 146963
472064866 65754
556017744 181557
598822075 105524
824978 154070
108495031 141478
371984766 138726
673058945 42951
417897059 58425
136414309 174108
657972959 16922
654997785 138476
871000672 163147
689888640 160293
468289108 195359
921163614 18998
340429855 159007
34576272 175851
122804316 40825
814375633 82036
684591010 156249
532950282 31169
905289082 26690
122814323 74874
643204940 12972
608480143 45460
957378820 182192
886208519 181575
258462456 149590
176097622 183759
984370361 15431
284885322 39648
948880470 4688
687261390 121345
291005999 6159
384557626 25975
208636081 182882
134269043 127670
503821740 62840
419618856 43758
782380423 70083
268042080 45891
927080955 30556
979426864 178509
507610934 64244
489754705 16402
653021938 189557
603447040 55217
744412957 8949
760586786 62865
9296024 174394
171924166 173986
784317793 18395
699411099 123612
638290545 122705
419372117 73384
764920837 116660
593989659 130640
913476368 107212
849710445 20595
442718137 102748
73201358 152459
410076863 150624
82274713 86771
948788307 4097
328619865 113748
867694369 10878
178333027 14059
350665419 51113
139899238 172571
92243462 3161
813880995 6783
436012139 196133
905827081 185813
891091251 23068
555117046 171276
692801254 97519
848137180 38891
482667058 97605
18449144 81571
670021789 150894
1121011 40031
155459574 182888
465819810 4108
852430656 73525
907041765 193103
682946591 156252
94433838 193437
760894298 26346
377141377 26130
401811593 49452
280013669 71128
851186697 166042
847782345 113659
535017651 162551
382052520 116079
555668360 27868
149165382 44498
84933228 196190
449544741 82082
329260849 146387
507582934 199681
679820360 120366
326002228 161417
579041463 114445
241764104 160635
976546215 106160
503107915 16031
711648005 92691
62479348 126876
71641804 26857
777558493 80047
174937631 149036
741413877 17632
696144367 169447
97447477 111622
152444325 117838
615173979 138602
668573023 122682
972355909 138188
314933568 60761
463350165 181214
932994244 156929
57758168 154293
888188608 130179
315189781 154468
652953489 144947
470676404 83086
853492448 192325
311167249 140719
257861915 20368
889470066 62687
372688114 119021
583198090 29975
619915346 164858
641068433 104953
199275038 177222
13136321 53869
293648780 2636
668355961 165519
986834108 1987
49706852 172564
755879175 75837
281675662 83780
791050003 16875
660930530 48189
816920944 180232
752542415 121496
635579490 24286
342331148 74389
201367047 113007
738032687 30005
424660410 194233
951290489 154880
532487163 8035
861465991 140646
908603675 85692
245263490 128629
669736747 3931
12743055 115756
898923768 53868
589545814 14655
319398801 115537
67831233 69101
762792009 28156
422062842 173925
645663053 111003
14251923 19275
148460946 168190
192483624 43452
479226972 49393
221374252 148336
836396609 94929
659025248 124615
367105368 166654
491172222 41416
808479844 6814
514738904 160056
300945083 83782
74436063 63982
373697030 3047
613556698 22715
736676197 177197
951783370 124581
53530895 179575
685586892 75912
468395857 109298
45552943 43873
132821492 176056
232202960 32411
611499490 153512
819745721 159947
416865059 160535
175478041 12167
883387787 22510
259079164 198707
996323313 190093
72822650 75591
74349605 33628
588395706 66403
506006632 199354
738426135 36855
795433507 29524
994487310 195100
448407531 70548
216329409 132672
560450751 100504
66454405 89488
305954573 20738
989735401 58821
567449773 64265
975788154 46995
93101015 30864
804619693 28823
665746950 130649
715246175 35864
141424180 28864
76675986 176063
386158121 9689
555268525 36492
507653477 52116
110798954 151425
918749047 15446
492391032 100221
412352972 188052
890375418 120588
824565560 168304
654269781 127100
286106086 5530
269585301 831
150906591 5526
399697565 157351
748848644 67353
981795418 32691
712575142 151237
906542215 150028
657087465 124610
505835266 180135
639561788 172028
948394824 44771
521721695 73570
170618761 20371
546749452 40522
535849235 127379
62976093 166161
966891051 76222
172512684 99292
604909617 172094
710240615 188661
739325510 124158
198065568 91970
858768077 19796
577627562 139864
983083305 115561
592355388 180497
680764220 32906
986874652 95343
441568232 174631
758280339 40901
227481447 150873
1721739 128841
342327678 183989
162047948 23503
158593083 163049
26785643 190694
680134017 42821
958701149 80090
401984198 75764
9540794 70118
850673303 64022
455559771 39725
84890132 96405
494350368 102627
369286350 117763
340963210 127876
656402533 12183
713605566 100396
325334360 38255
434163758 111725
962917166 147799
309205247 24029
109247339 116696
460069184 128534
130117891 161777
153342256 108482
714685148 142286
957070621 91791
986390807 105547
907733612 175066
223882646 24639
157078304 173279
67970820 62427
313082949 145354
854535318 152343
48239842 100056
187408243 158068
556259942 87564
343157815 4886
800955999 18432
851372790 44842
145882156 176179
570134410 56954
958669021 91014
314569120 2386
415940505 11185
83302636 133020
565854309 161067
117865323 189925
503723121 178933
579446237 170400
657261841 12658
51815845 88296
468212521 79285
736339661 138666
549672406 158869
510475352 141823
40833960 155022
606380149 168033
16654258 4382
255058681 191494
131876530 144189
985958640 105691
636546368 54889
202622362 128857
825486879 1640
403231777 34489
400271087 48575
319641813 9282
485381868 135243
975986233 34147
192055777 13537
35986667 33429
377545873 601
478177660 171395
249615443 169320
601410349 93340
326466846 33390
877497381 62584
955547632 119145
516079668 178023
731183652 33880
233648393 195409
727987929 23627
117489233 169562
539401570 102077
836494352 67515
350669451 197303
472129779 31492
561453882 6681
871579812 78619
207312838 87488
821122311 107673
245675116 139437
396051745 166255
729862145 138577
751656776 49120
723281504 97903
424491485 157220
287030732 57915
632201237 154531
710767622 55654
665361723 88058
954636031 192278
446622021 86153
713723894 186689
76325122 103209
5105874 86273
830334789 134581
745896619 195580
894342175 70985
275942274 30538
767936868 102277
546300077 72141
118216255 55648
802820999 180893
667041601 93376
235621163 197871
579513297 60096
205577097 1207
160262449 192828
649414789 149012
779105330 115815
768965339 52615
229058130 140260
88375708 157934
571988158 56146
582877728 119707
643495403 130685
93932447 123942
821113960 45849
824272165 12926
875155836 29942
472252366 84458
777203368 80176
581309925 160113
880609236 147408
846541549 9917
525458577 44596
733091636 84577
690137714 64946
658104559 30791
930484718 119302
476471283 189496
261575409 126056
711988162 188078
118188999 124989
123263235 38784
892994680 192232
309817187 125381
882200335 87497
606692778 55164
937482407 137383
227406013 162392
193204387 58606
498672610 143791
602368138 128971
808153346 164511
930601159 140748
369578405 179252
108121171 175304
274566899 185819
853944888 19787
737644943 70142
764057189 74961
735189572 120127
89011904 22114
769693003 47092
6282538 112416
652116256 34804
218655637 96019
308752545 12874
832011969 7786
961104924 61857
649508745 185783
929628508 69980
311700925 196110
155488040 26626
2415553 981
991458576 195873
890652228 27063
610315540 144199
608373303 190405
849948228 29191
782777712 112274
264718042 104223
883199084 8218
777472953 166400
382869865 130953
742552703 75104
945748103 180450
407790600 38110
566615219 12296
20218094 28949
991069452 136895
74109704 105774
280995802 111941
350596253 145214
378500092 132472
490385113 136779
977605673 107702
153468041 63212
793925925 97343
130773921 48854
457482993 70643
60504128 157636
928105257 47163
588788055 107199
800608836 170670
684205808 162041
15562609 178
125875118 167812
416419815 100579
55899186 144476
177749666 126108
215934199 45144
163868608 3592
94766302 194945
979364832 181767
398626924 139467
621280327 188589
482640943 140359
996389604 2116
13437247 186643
16924185 110932
73864525 157484
866364630 25426
909394367 63605
236269794 35894
76753746 74167
935830763 170058
778433745 53279
243211822 169075
200548549 56129
685512962 9217
764876303 101879
722835044 122588
347734420 87618
985227568 86126
795391187 166735
706598052 20114
236298216 125938
200844774 107920
714506634 51176
693984212 4226
489476983 59235
653768307 161903
227331744 148537
686796230 76678
453004410 7994
514934213 160217
360953517 29537
637945408 8639
332259848 94657
242122591 196988
918024406 45987
110471230 48488
473350321 144926
207937971 189402
790483140 2317
387970465 191427
451197512 15530
505728684 103556
587364477 153688
423912637 32829
642459959 197109
392944405 30574
257300778 193862
939884050 57053
701115218 72851
993320174 62180
434656510 110534
731446292 121181
369929157 149581
667201509 185547
158474221 29521
607928376 150107
431260215 21291
862163450 139823
534170101 1666
105313213 131766
675688001 96080
997935817 172040
814237745 64619
966772440 131702
819716979 73627
46611438 28013
401962275 93601
39880132 160129
280804746 145023
881655632 16701
151844314 198891
101739640 17971
24183954 86196
665914771 158382
834043021 15684
498708377 12793
99043600 34312
228820243 17224
759152589 109391
801060822 198429
465566106 51678
131872186 197616
635266675 89531
569965368 128711
281512612 82432
595077136 1810
595122511 5753
53743682 198700
140842065 180217
579756005 188172
581824238 182588
848788101 138156
264794837 85871
129823501 108402
613098194 20394
354808637 15232
757912920 95127
152921874 38901
790437780 88844
710640445 180715
499163811 131759
652153743 111491
699955413 101596
515046794 84728
495502502 61114
699725828 101842
8855390 45794
979931584 88732
656995472 133421
461500518 75517
153645521 77661
987991114 68452
697587627 194945
744236910 78147
941599373 42174
347838405 130410
558241940 139049
233169105 23394
847586792 97722
742400702 58661
917135984 174254
860637768 196261
335439674 197970
394793294 199433
358118245 81733
187347377 143177
273972842 134129
693670085 25734
8402246 82502
674496263 101866
823726042 184955
723771221 164876
622628128 122994
752159667 17176
692472502 104851
578693970 35757
627917973 31586
133136340 44868
430597398 134998
986445529 145142
680911749 193816
44454865 96931
859474484 177357
777929334 242
288409148 21488
353018152 174010
551623948 42078
153593275 174087
701013878 172889
329881498 58035
920309153 157157
61782102 14227
895092255 86492
431243515 134289
907826017 95534
160586377 190332
809061906 106871
596085233 29919
378677927 133668
403002727 150144
503679926 186600
73249452 82329
189327469 75714
240387822 4232
537677459 147075
601302329 113542
1581793 198359
677444504 162557
541247821 42262
429339419 80435
18374962 81131
695608644 26443
486637424 19430
224825052 119903
786387194 92030
53437517 189482
278477337 135998
396438527 6701
954457135 38669
661143092 51545
717357029 84624
673904043 109767
691272359 149603
334828802 69261
468672223 20945
502222006 118439
278407578 121016
214581002 87393
187189577 109434
711531567 56474
641496740 199068
974024650 115309
963574188 147970
548816578 120113
272329440 116433
703647138 155395
540740906 165678
945910312 31041
779585492 40377
391088430 67675
40855867 108472
171508397 172873
534111815 167090
420058076 153979
16644389 58879
398393178 76361
987223596 148134
392985749 127903
420373398 23335
883064164 27951
528081587 118981
644765662 116292
891933443 144276
503013270 123357
805553771 168670
550204288 141868
732821739 108841
985474381 63491
669319922 108492
697736712 121912
987158008 137346
878794775 17719
123836125 91612
63951439 155793
639843794 130630
838491476 948
498185276 80537
945959941 30449
629463077 78415
629333924 9401
403235005 10446
598434398 56667
864592865 6552
777160740 176576
543339677 175235
60528684 111466
957928538 16045
671157933 186563
786095824 102923
995476368 31745
558334947 26096
727180145 121341
996547268 110530
537499832 85127
882741585 155525
518514245 48638
787497796 187873
322227369 133950
953755409 130151
491593691 115478
37332096 118945
355232190 123389
314536592 90527
605101690 9859
386815587 188041
426844342 176820
652033861 92165
676028014 137913
567453634 32289
486985819 102382
191152338 134689
8565808 155448
91950313 189918
847205639 19648
457567501 183713
357680254 100803
611733857 113810
854995345 175751
892776640 117948
961622109 149741
651046840 24914
920875393 162142
839776925 64067
519387815 170930
187055579 97016
460248002 7749
235511840 41423
605381763 78022
450374099 121199
574887844 191313
301663984 43011
505126746 127464
413509269 138306
354456999 147839
530832475 134556
876188068 75268
290799625 48668
842135513 39888
274996717 192260
880363624 153521
444813519 102958
787431272 45776
449983321 29495
200317452 53561
950166849 46794
112728546 141881
422643156 138744
569545523 124545
874767651 155015
880957930 93064
805652958 136974
488434105 23765
559754416 185307
243019448 34580
998065074 160540
322713067 17138
42712197 51761
539669251 151165
177760412 136742
781851002 58358
809440086 43743
60698821 86274
787612610 64532
653718237 191270
713519970 114406
52156468 116353
166376757 43509
314660666 156027
560062852 18158
581248378 17560
405829220 5072
640153257 135871
844637848 145886
586456085 46722
891474413 70674
59199325 128849
939335551 42976
449773958 43578
910264339 52175
81083366 196833
825822197 1401
209525697 110872
43420455 134471
944549075 119649
643919440 171772
33329167 167918
622760569 135625
687166385 27255
659859349 40207
857008754 1305
550327959 131806
320003579 166504
160016782 68947
953699824 6493
121714044 105762
108007749 30377
171408265 96272
905061028 155434
732623513 9144
888048832 146562
197942026 13406
652187926 133157
958606596 139878
749563704 48186
273204800 75723
515400275 38804
586385490 59447
49201405 69765
938020293 160575
892209362 98945
300813702 186159
987170622 109291
747649315 83808
561360772 21425
289791340 187618
20030322 26354
999321661 29210
86466724 189858
695566736 14824
420862265 92704
439703696 128601
978494635 174826
651592242 55627
288267696 166414
76722790 2751
268415830 123650
133015582 121379
825081956 126636
288178184 126665
439293251 139478
82118897 119188
613876301 44257
960720283 40307
491117737 76093
708474201 32478
776773403 141297
300906636 159433
993124490 129568
358412007 90765
495638568 48621
586183671 12101
718073220 199110
685084257 63786
911214269 20871
126834859 174514
858278991 160104
557920645 125935
446341032 82630
633494006 26990
9715499 52223
340787759 125098
686470166 13453
283858361 29472
233804864 39239
165378774 18385
190642559 46435
739580500 34220
287296134 6602
517685387 79986
301523092 36264
597695336 92795
607223403 62275
158899779 194910
194748828 190470
289920526 118849
528281625 30556
146543574 135592
540918261 84373
640422849 8359
350621976 91883
166654976 93562
576276426 121162
563616957 18711
700903943 74399
478614382 162644
90382842 36930
464811843 21515
114104902 133119
281529206 177217
720042416 180164
361661332 76506
362099179 97522
572148730 16442
831452206 53375
760700505 40094
108169250 131976
346118289 1122
265658796 187699
34641930 143372
243462891 176794
402718969 168855
225710298 82687
547705658 133643
436745190 63369
629311433 54712
11939787 172519
73964265 81612
496668287 6100
759558228 107627
118262430 8081
735345921 91875
631409010 102015
316770370 175736
272386906 39151
555535603 196372
851184093 70935
319520412 196928
753468993 77002
549142255 20538
567077165 126407
876902247 93111
724722955 167243
33699702 158403
48216719 4035
135761775 54430
441120473 34347
153145539 82838
485085469 162995
499888501 142826
68151593 75028
426259364 32142
297799913 14006
403778477 114851
499718844 179793
408804719 148134
46310259 124415
623380210 107393
538464973 117343
792030986 63061
414701651 89714
358891614 194667
763109802 79681
778174973 195477
39195707 45424
955295572 88443
574456321 90096
623865252 102915
194950797 172101
390127685 105775
76786972 67530
212865563 29140
823487393 38340
227519456 177099
4771401 104790
936831034 108065
400942584 123501
832890970 123345
350483625 8086
157066525 14144
990745071 175274
611905075 171709
895077924 121775
201467481 150631
186318967 76022
542257843 124696
157156427 78648
571208120 114338
150236475 101919
589715865 11825
319032307 130519
276184466 87808
163622786 195437
34986545 149814
969804609 28209
247771661 105739
908431135 8639
779599283 86393
895949112 143394
341995351 32457
468491971 40858
991706226 53870
777356061 191387
688051717 144448
52437698 19545
121976832 13528
130099297 79975
740001286 98798
545246094 31313
866331090 45155
360553724 45625
664588766 140194
497452292 40426
71881855 6918
946003846 117506
792085113 125885
642237650 183123
80077593 61838
736673408 89284
145066798 164286
174086009 28980
628938622 2333
172118594 163101
788080635 149766
410189027 199284
326536512 16418
570185889 13892
701326243 155149
930105008 11727
872547072 21317
578201349 185781
947102144 181137
382647390 92806
149533907 155131
485533453 96448
333315404 127707
504658024 14084
385050877 91457
660583775 153062
92928256 42595
11738578 117552
251439491 69150
476055637 175762
887351486 62298
115245535 164661
262398096 192910
143781519 65613
22087394 7887
76502209 36821
352018502 34259
769609235 188693
125635463 184641
807194650 120692
192542014 181122
912518355 55980
987963790 28881
793844067 125776
697545485 86631
926117691 196475
348928602 151604
421049309 34693
155064729 182528
659809301 96672
825134633 155620
691502573 126686
919923693 78023
252391447 125126
591707196 109405
236240964 179704
769857962 32389
883959682 70737
603475762 96444
791148376 57191
206270279 154062
102143965 144033
878231616 17380
658660224 94180
302208610 183136
20436264 99639
250467949 162667
228272641 58220
683264841 22855
570518253 117737
213542134 74674
660177063 141178
662369804 165110
565777369 25431
376073762 37216
100710233 89018
511748949 66068
13283253 27070
356834292 173401
262336979 143723
587153885 139770
997972342 45949
164157899 160222
58403134 8724
555428166 133467
495856356 16220
940954974 117490
180741516 169236
661418826 115325
845558097 39890
68549670 37292
503289930 53110
467982242 149403
970458857 78804
609158609 71560
376111502 55548
572450939 199848
837110 191638
524065938 191336
297093207 5979
895867627 104275
747016164 139468
400497614 198130
988628372 31456
374592362 13218
415706020 17375
364732604 119424
810114262 142490
305351198 135599
979333434 117804
986515263 155774
556628144 30507
994128344 76401
596188411 137778
18436360 25071
127896373 120683
122103582 74015
871235341 104961
472040314 58352
785196124 190661
711218359 178514
116858347 76664
428217634 193370
425052807 134357
283572753 140899
866850487 185316
972979056 29484
573629259 55005
943880269 176167
132982499 176961
381217475 41280
954539285 124533
911798566 110095
3735559 42409
23439104 39045
402460511 37461
911371451 142843
101448552 187070
595447385 193517
769285016 32830
897208056 63582
339572486 157008
892434905 59593
196515758 7649
454773471 41023
958036259 10669
982142396 130599
836817146 57345
61106980 48700
20547597 10132
885837557 75136
879012739 155419
565709181 43595
365148117 82210
53842578 174155
583235953 55853
926767729 195394
665569508 124818
321312946 110451
346797176 49010
687968300 189598
575503182 57025
436318939 1702
735484657 21628
709254068 1877
24569680 148458
402770677 112467
809373908 72401
799326851 193431
770715518 18780
52060280 183324
89001318 173226
468758727 17292
803900831 42076
883756359 192298
207194271 40106
742574795 3957
381818957 169049
859840248 194649
839267564 12307
976159272 150465
178729311 57440
232484440 154611
674464898 165542
791445032 126971
918099864 91396
365051461 38559
86024053 1721
368476438 20409
903587772 101254
709736693 18703
199979439 183417
315765976 186006
825486604 111932
658803742 117471
949499613 21065
519566888 129420
908568921 136128
902294097 125422
493117407 141303
191846249 108603
187677501 82977
663108666 174864
672753606 103007
319442954 9388
566014064 44143
955437158 121153
243136116 58655
703169765 198343
811508261 57374
276244804 106081
410167162 97144
990459720 197677
565129597 58844
407916717 173325
183471246 191188
680527388 196258
342513910 192738
564232854 40963
988680017 98952
779051162 197647
583035432 377
543060187 85087
225076224 5711
554000708 76830
243742148 22303
892637829 176927
731753801 43283
360843390 21522
300432302 171998
29454298 108608
421408220 4501
149000505 117009
387119749 32880
977164202 173560
391400686 43296
931545086 159990
860284105 2290
670634196 142704
349174483 166550
943293111 85771
298508605 194564
294769739 9794
102806126 89710
388374788 10514
421126086 136135
970461097 150169
923997709 192642
702684254 187281
882472438 14166
904241321 88068
500557116 187534
698523383 192697
271778509 192229
79500991 30473
868874394 137626
472918543 72760
196937518 196941
257595978 141696
382835626 192037
987188003 197168
348325823 43688
285049524 166827
69217222 169029
253268299 193477
445033334 125045
410462051 106513
415756474 184339
923805562 31928
161901510 104022
724351537 145027
765029960 47151
654078803 21105
119617602 58926
123380660 183108
217011106 151366
569947534 162307
216866119 32635
526461890 19754
525018518 143303
25265741 104809
680939444 151622
786241119 28860
763780159 122795
224548495 131797
241047074 132032
50336310 147609
341450789 10548
6609843 18132
652542083 35615
63861115 40862
125553557 90760
337934474 177345
724485907 140634
354811125 185503
173839523 183588
625167856 92414
702243979 48938
241989492 188057
883387235 102278
977402938 182418
669576943 61433
610820814 165166
990521926 190361
221088774 9356
509686076 35537
565188583 7754
72830913 74972
901670330 55421
931513767 126163
108204750 114324
56210735 186348
709374716 139768
309092137 1654
639784363 129988
999969735 143139
930474650 136060
751578558 163661
830076801 149082
628895659 14933
935593846 21636
222673009 151533
488394781 15839
581272802 9669
461009159 42544
806180702 166936
189570357 104741
767028121 183419
28157563 198164
36429125 158272
773380208 152334
640007285 48244
520783274 95767
859194756 49600
19434673 62874
578368696 47527
389512684 62205
911186013 176751
437529136 133192
581981466 85344
264869136 4390
350535611 144520
400817450 163074
964465919 57011
9541394 157496
465947775 60652
20964367 137763
660906210 156553
170820575 9703
361902982 73093
990915018 28744
561754508 157874
285312751 85506
958652689 91550
966309446 98119
115883647 168323
273401893 110070
440253528 30415
133925008 90171
681545398 56572
14765174 55703
780798218 47505
601811891 126780
104356397 29587
649136127 87636
282296539 171016
16349428 136853
344227840 108269
266556228 133034
176497247 47158
885839679 182316
687637987 114092
992013380 70990
859294592 175084
404313851 963
967524836 103069
248034374 18549
202781757 188387
558069218 122434
546234062 58769
748463381 64365
867673963 41987
795074288 131863
80471035 134704
855129399 83815
812409289 178268
426232450 177941
824019412 195952
19831383 167288
704739391 172195
489806123 76477
523973325 100763
639866969 58527
380919376 70065
311517426 183178
737078274 107677
50934167 49191
549464334 162340
387937300 35304
57395282 61508
713673517 86863
47130343 49698
755330954 29252
110779845 7722
239622781 45430
381562890 14231
54994943 6018
348218186 197152
133775052 118452
686134935 118802
911048326 116465
381975835 80603
765105619 165933
207108774 67886
714194207 188363
963572267 136599
663433952 162011
313188244 42729
698312081 15821
673240875 7662
850194863 197596
562807077 143102
406788129 76811
880189321 28058
501873414 21726
743086383 72018
590964280 187682
255578717 153653
206169677 47630
765671819 92103
619050979 109832
693254180 120605
397816856 76700
974443108 13245
877262408 30764
310123728 180359
830255895 123120
553870444 175029
85056478 155670
17569840 177960
737776518 75031
501790411 41657
244864844 67379
313123503 75934
130535194 73751
395283725 74623
910314048 117464
615631039 191972
855960579 101728
516494584 76418
58254558 119720
372975429 162877
971450477 193555
657838684 19819
360317366 1356
429098556 75408
676578307 160993
882983816 48449
653407378 114771
450373356 102969
218306975 85828
274646070 118111
514509544 130060
404320329 186736
449214270 15064
372902686 153122
610671041 110096
287668280 31705
148879852 150784
129449305 910
109157874 100151
965713384 121813
955431452 199951
912114927 179547
93624780 102312
66278240 39219
245266766 76913
722129249 127791
822492894 124496
915584229 32950
603175194 55444
629255081 164059
191832236 76216
831099448 170430
474961608 92373
194348119 77836
133997025 160881
708695902 58808
305411136 27132
66040478 48322
409998771 61200
262534565 47192
783191759 96710
503863406 165655
129357752 123219
504546598 149345
755606306 121315
887987615 20765
860823256 13585
72084888 188802
272024346 112183
529980013 2723
384520739 125218
177390753 81288
691866159 101930
842551932 108006
865291709 181250
122781476 48736
175295461 110515
696123643 77128
262581026 190065
251765111 95349
481074330 112110
479329717 172147
940632108 21127
182012401 155137
297785703 61309
840271434 97881
310018662 26983
441713455 25473
54571870 150229
143847963 144021
827610207 174763
474893904 26976
949468931 101306
143987461 187301
289998354 117641
938142044 178423
97249012 75662
67839626 61968
13021098 172774
876597946 80296
856932633 113185
292690008 145807
147785875 82204
722454459 129520
542876013 158729
361686557 4935
669811452 85628
103426813 140630
681374900 142367
307849918 183580
99711511 179613
240361244 192353
297880336 105906
962464519 145572
99621206 66234
485319395 187333
300923118 177907
802400375 182794
10672010 151266
300763400 45872
450857622 181691
28962193 46459
700609013 49601
236836213 72190
870832717 137597
630202337 47289
72769236 9107
478077871 115743
31609895 157053
726820042 167147
388588843 173696
454222869 172496
802580026 552
809986508 35963
518218370 184234
925232619 46598
34867381 22736
339784354 186035
837566480 83916
887150397 150005
455047423 156105
837836440 156641
279362995 101864
233654103 123201
959735181 155152
656486482 98365
742546512 88352
705171742 79536
917871025 47997
259566610 96298
843763739 155932
476770166 78367
25855864 187032
272949749 57108
875281768 153349
665275832 9549
870852996 139620
17817107 197803
597289257 30577
792133657 41541
738140661 181783
259647085 169264
210721362 59132
300829256 84945
781734869 179593
779446797 71787
320033127 155891
947928915 130257
197823136 152590
496989486 192428
790478631 117551
232543936 83697
583415437 187956
268656195 79073
626183370 86511
104562934 79722
558405891 52428
539344753 98862
260375385 168645
205488481 171849
217437925 98728
938303336 46633
657278113 96993
694351025 8792
64669359 6972
236049048 16663
116577917 71235
552211226 84748
634564140 69617
255491288 152263
917133971 167634
162688238 17956
383233734 145534
433354479 161032
421942730 181649
398505896 29905
327739988 47469
609014510 132153
328609012 147870
104533608 193175
297249677 32749
952986161 193089
553672698 180785
621625922 23999
547793178 111758
772515915 78937
951921261 140086
663991267 27543
311920729 191990
60669890 124551
619565257 47789
700816813 125533
66316082 131515
889304460 184814
141825256 94655
176604782 169685
160978404 24485
677306147 46917
339511546 128293
887744409 142218
610299230 48949
478279010 188997
910284375 177686
245282114 167609
456943129 132108
507559946 142934
994659338 41307
202329161 150659
631356913 163158
992625175 172754
501439735 30252
659867438 80920
442283158 43175
369181486 101404
258058446 7247
725230770 170949
311974057 68317
163281152 90700
865734960 175891
747173613 190537
879614155 85581
457203501 161853
305215144 35465
911824348 78115
771745775 32191
260498785 34651
674813296 54736
340700491 27254
387628646 195765
230477975 6655
857206928 59501
923144724 33184
58771290 193434
248299144 140106
662257313 25598
903312027 44809
232338905 38767
522756360 85948
634465902 416
22051492 127339
704197396 126688
415605362 23429
254376898 64877
5523176 128381
434077893 192539
250592167 449
487780848 191824
452036779 170725
611759553 109875
798712987 155330
789098256 101071
762017540 100681
886061076 85004
870221787 18370
225640690 63545
555984934 20415
268251087 167697
250719175 175817
904752829 92839
472636000 188006
233384804 190459
641206469 112182
151669717 150251
416269006 196140
641357774 99294
821245511 28641
652063628 102027
684959425 164848
119352340 188191
554913284 57899
778344532 91242
228002332 129337
998657820 77479
341990927 182087
874527084 184789
144266549 196995
97554532 133195
70262077 115005
433213044 160738
741164847 105196
158989867 30780
767484760 55063
972167401 17548
601275947 121490
953306959 128441
276687685 63469
407904040 86713
581978172 45009
157061963 162411
887957271 176905
993132703 1855
738300212 71048
127903641 123183
717984556 77040
867969362 177160
605815408 142233
349703219 10589
47742930 33776
429099247 171301
184798546 148503
982102543 57886
459271476 97086
336067458 42443
139028597 186682
822690206 12080
98571788 12793
618422240 192548
437616391 46977
997603586 176423
60809507 13202
149576937 53290
534280792 81955
411733943 16882
937046750 133326
380133927 49225
547012245 79035
444796191 165119
583629447 43043
510442208 55997
792175593 139851
360339619 155841
532680555 130285
946097150 154907
935862694 123516
749186061 176138
721117672 9670
366454122 32
960344278 182496
512631630 37071
256130135 57148
800359292 164646
837816963 189765
585223205 75041
224264177 122921
811448357 197398
910315710 162364
566852790 8715
877490730 9363
650368836 23949
771143566 87071
346627804 172816
991752164 144903
854996249 56230
71695387 167687
610835589 76030
416314243 41866
472214313 163744
325972336 14554
369265458 69246
578052313 179123
271177463 40500
87071971 142355
842920488 21604
903016801 16650
257637931 196020
624884384 24860
716429235 138064
432898858 127393
105849501 156930
341721620 95240
509975020 60628
692603927 178801
716574077 58875
787541312 157095
638776711 88881
34542271 107947
778639775 86992
232947102 13776
438841457 26483
830751218 40561
619351468 43493
818651366 189046
34226916 65896
529534717 103076
896406247 21805
839690368 60559
534665580 38654
786633273 24111
939554648 140973
153891659 32662
108215797 45757
768160282 72043
824957554 111406
341533224 178194
154958371 108090
958431537 186762
502780947 134347
93909015 102098
871635467 78373
221153035 192138
429013594 51665
19466173 2171
294690147 168881
382708649 183974
50873554 51867
735684580 12310
112731127 62367
557446781 191792
588971039 183573
663122225 70958
747652070 30728
342581055 98045
108555941 79082
598464103 194808
436993059 189977
218626290 184126
174934768 194952
367668104 97722
793896435 145044
272258200 161241
24470640 138929
230844042 93349
902937706 145718
845918181 80344
367228066 24406
808638572 28599
354613597 164612
514833927 121984
768608754 90742
84992844 90747
923883618 69350
129749026 196701
917344505 179199
15095642 114261
163151683 24924
3805431 19779
418993575 37844
739505554 94155
683054264 180104
974207749 72066
634001835 192635
610960263 77142
660526944 37614
599522915 188528
685609842 168804
918667441 171025
979568999 168741
821137726 60600
833991756 91430
629857735 108608
745833322 182805
641331447 74198
178031429 168483
680914758 10136
876134797 17196
859073470 103396
752819223 41776
724666441 16849
301118837 88364
736484060 37715
674058832 130249
945012933 18885
189151096 47758
948909479 129519
574920824 54756
306945191 112928
322661491 22602
449623036 26565
203524604 37419
456744020 35017
981018145 155401
96285636 100781
60044641 68960
819713039 18209
955656954 87840
469075353 151000
786400279 113929
771653155 148882
510764873 149497
733706209 126553
993320371 118773
40356697 82590
734356017 199167
873322651 170333
688808030 64994
578001253 119880
426606500 78890
481409040 84282
929107451 21704
913749654 69931
506756665 13902
890767478 167451
648074191 56414
894246560 146498
198294250 72910
962825397 180459
125652412 156567
790059370 165722
311316082 67338
927086677 97403
788884961 76573
276314921 53248
495254789 7007
534651952 285
185960616 33157
814143977 9137
533728199 171071
903758303 39600
238540316 129332
815821676 26884
17439505 150087
711766330 106767
703618299 57001
509458697 87866
672950596 186969
853106547 33424
760693040 62979
568559029 113910
533667868 125957
176183559 103823
895349033 48843
810779679 102379
713656226 142038
368730909 193431
360855019 184538
231653119 47413
9454124 79082
69547933 39767
518512742 27984
845351792 188125
307182949 130681
320342038 48124
905496759 23286
336256082 61865
565598615 38704
54589997 161890
760235801 52003
72183696 19720
546936108 169350
292400739 121204
318979364 199760
761936315 121254
646591102 176049
420361040 110129
88859760 92468
455659966 67991
763716433 4222
313673019 188985
119733015 50726
438014584 37601
500616273 146585
542578508 163325
167022961 18737
256212902 121665
464597900 3467
852076699 59421
890600239 87553
79954723 158710
256888477 141633
147723134 178213
306734043 173024
343118307 28692
903439385 77224
482690848 169535
921021113 101352
779851156 9180
39233239 148635
576908924 157989
306137493 118891
290137362 18411
973873286 42904
146767513 88300
919166312 187906
846107856 106904
313178702 185094
892927172 127220
433328417 117808
968614758 152596
976952465 41423
379920677 167610
8677635 126296
993204015 47217
360136857 111696
456689922 165857
529782483 97546
90747495 87187
507900211 126296
233482833 153293
776139242 146497
987781839 131609
793115199 50586
652325921 109407
545980242 139605
357960555 144058
872334011 67802
788959268 21090
871784662 92548
451226657 54379
912920364 99607
552351405 8680
239090531 23979
662460275 48222
774219162 149601
868207001 149650
868509028 62399
361455751 34772
314930933 27408
153437205 62373
865720143 155644
562872864 16469
67925419 24956
332295144 24873
722922009 139444
7982053 117185
370587749 176473
713699111 75382
307945531 104291
640751100 16337
962783140 193371
657961872 75582
361712788 6574
89145450 21804
947735470 167276
735999280 61358
906523996 158247
875333404 129397
285759966 39847
790766942 64620
717593476 143607
855978236 131005
101016196 195711
105695534 47193
547600870 177724
679658280 85159
159083122 29910
865683708 99519
669215946 113799
522861609 198283
871987518 158309
165065195 152611
439852408 133941
775511532 187698
741220393 172460
360821527 98985
61710005 58900
296175006 192872
409149937 89872
862203630 193643
585766709 69957
468578669 35648
802820004 10546
605455179 108700
129949692 67700
248955468 114161
421252537 112911
379112427 22861
983292896 117190
692969142 86558
463925513 80138
186321785 123087
67122283 55441
329185476 171475
485237646 149472
95263877 82464
775952593 1880
706790730 104393
357793978 41371
303240398 113491
425156393 143117
990511582 111553
550722854 58602
417867724 11111
890313409 35640
317473733 73130
917566427 161675
64605230 98004
179695483 95616
496051742 130031
332253171 33732
309521954 47311
161821773 46780
209025875 145553
350278484 142651
457300133 60792
327241793 93519
691949685 61292
762768485 104492
677437130 122743
994559591 52512
992753643 98329
305670795 103700
451593630 199828
893495878 80417
22170107 87739
13268219 193375
418547438 118330
968530195 138388
362732270 5807
643343196 110144
829732380 13230
750013845 53408
92832685 149080
299156860 182986
54060570 197372
897234642 145911
509877286 47076
693359009 164943
239876793 88543
941331972 109768
808890845 82198
859888141 170845
756239975 149895
125815837 68869
118179269 176039
841196750 41342
79379132 74042
164293269 69368
985152289 59644
443400383 85958
270984389 44870
866172492 10674
658280053 152913
256612909 66538
271493748 104121
660919614 164950
108518976 138017
456387864 38621
148605707 100569
157273639 171664
344098666 145872
644453055 108236
349543937 1771
45740595 11607
173341899 101413
683689069 102366
407057959 61012
886695790 183537
823745076 117538
952711908 51372
16661407 83644
257375134 151280
876644815 160553
566279767 155860
662537136 158869
605748613 73753
708111655 31182
5887557 4187
527544076 162802
480772327 135641
137900582 32796
999038971 23680
913497474 173528
677575788 22162
348329403 139377
322189280 34636
498436950 12248
856757455 55686
872104966 145715
11651290 198115
133318381 118285
78142263 148511
182527077 83439
194549411 156573
368206062 73757
163539820 48971
371989722 139014
104741446 86384
893817143 100221
600886790 67706
692725190 74693
881870021 62356
90231788 113327
350177794 179709
473493198 43237
875978737 162984
630774396 31027
320139924 103378
293036915 102316
306117436 75469
723569782 134291
64472792 120664
975493571 174685
791879067 48169
609896732 65105
538659445 324
734095851 70933
65462418 67277
919203416 47089
632904974 196915
972598126 55085
252068485 30587
312226479 46840
765223883 190642
177331364 17602
389838961 173479
62710093 161789
977538317 35853
515372975 45456
121959690 41978
40765180 151266
345380601 107891
263906518 170547
946299489 174761
509856596 26118
516729494 48811
330200287 95129
907940929 145077
739614768 31386
442138862 63004
672099856 185094
878334340 121259
381341008 100635
482447891 28229
269333211 65160
842118746 79534
665974603 173248
434370850 167863
212556026 135748
237942499 67523
105969765 151919
54036581 15247
426057337 79703
814389753 45487
416109271 38982
8762097 43624
127190516 69011
869057412 10592
750482830 164168
884312632 17545
281750608 89712
379571284 109779
492531442 125984
997322013 108110
466078038 153166
321050238 64678
490758713 191823
790932581 116211
515592914 24484
712669599 144728
84832122 134477
823346275 151984
929157706 56376
272810706 38067
575723483 1968
52305640 137113
801018491 108912
849387277 175204
989949575 188765
739480823 138202
844127441 23417
341558005 14512
605577060 90374
961941012 11
352181934 111146
459682114 4908
775912920 45197
60673715 185878
226402246 4261
721783560 100222
299720469 23435
573407622 117384
604876221 145355
874919163 90313
377720864 198510
271725951 184732
945214814 17512
742745605 53288
984884354 113759
562938307 126183
911921474 50523
513848762 59342
538207158 96484
983897460 160664
345685851 86251
162700597 51365
258942506 4258
316485855 182001
594111445 11422
992335284 145093
926843958 56992
59222396 126748
636114268 28458
375699825 16471
401545316 13489
817395484 190392
93561640 51568
441832056 71313
283320070 4402
619124243 90252
775042259 160932
44240593 73712
417326965 196184
865606726 117278
406785219 166460
443077624 30781
800727742 55708
505804369 76698
593458106 33598
299010349 99708
375808052 143155
627229029 5282
80988615 121461
89622689 62051
250956051 123726
591455977 98672
502010369 76541
423171744 171801
493471027 192525
319559600 6118
762689581 52590
886400298 131215
106189449 139908
296002017 149642
122901307 140788
373577996 192162
787986169 150801
688308780 48839
698931208 159714
909132182 142939
204964009 78582
171791492 30961
565827819 35357
224806430 2074
883967135 78482
278862563 166721
231499675 28786
50242199 171317
812294984 191001
310135866 154925
982308283 18295
599008838 142575
51389384 8423
240731324 22261
339947051 145228
643254016 125994
493470980 12127
978827155 120553
131377540 154947
784138995 3196
720112323 152630
502450814 35898
459498457 113337
56320828 31644
421757035 161739
408842963 11569
663289210 23661
626254049 65354
464537018 116959
179656246 77358
900126780 8737
523906573 178534
280485774 46442
468954270 85298
121075303 125897
68358236 68823
580017942 179311
300923918 172992
931672417 89128
958528651 178859
626670091 93524
338938070 9060
906407899 901
360391825 67545
687511617 2062
860323775 57345
46072627 54220
508757450 187049
835189263 189856
777470339 144548
258892166 14135
878084095 73199
434669097 21312
565666869 70877
662085748 185064
353334091 12732
438481396 196848
208831681 30999
952142447 99398
693670797 87076
42643411 120042
94222152 79146
269176764 24544
192275175 154532
141428657 7264
742087008 174503
531028902 84082
371462050 26840
905384465 37718
371135594 95091
825118654 157572
582935373 105571
306702300 188769
51489174 146469
703524421 163970
134994055 43191
999346506 193317
577341048 20284
98550778 98177
129823426 56998
728145721 39429
472106699 59209
329272676 68456
593658707 42140
13092440 69690
886843137 80716
589091323 107021
11977907 81967
196558708 31205
399158765 174320
502397345 125594
481610593 139346
398755862 186251
199820088 20531
119200767 189847
401163993 33396
751731129 7898
481559328 12870
483592815 132022
743517532 168324
627680953 147752
328337241 120715
318663865 7859
191614915 143856
258842303 138717
32555780 48340
494407571 101573
603099986 47207
897428743 21490
525145 1677
311001589 56104
486938218 174975
733913365 49900
920954825 10441
321828418 7777
679554266 131607
939179139 154145
437499671 193489
681654597 124556
444039973 82339
187978848 109385
547625682 148365
316783285 148700
894172401 102006
884596246 148872
661868572 49946
610644752 49257
206606535 188052
571912038 11404
476929059 188973
688292088 27292
240685367 174949
245516334 169169
644136894 127811
179526228 73943
772909055 10586
224630727 10184
189194637 43645
343071817 126523
240690063 22612
668010417 13184
538312215 135281
794991901 190506
699669977 37174
265247088 138567
792324460 16314
753843590 57151
208974328 54411
51333588 176473
674308786 130479
511739582 52072
691495785 167632
617529975 148139
252288341 103764
359099880 160166
280460302 22390
942424548 167782
876453718 24344
20268208 183089
641870945 35578
688817365 40552
470624241 103058
906386591 193759
894424666 26309
200265417 21867
550627457 7272
965395475 3196
544133323 79956
562251685 155239
303411047 174760
76495371 184192
537173048 37960
66657935 62535
777061465 161265
717147716 27202
898563821 30105
329708384 28074
623665275 105783
936362149 72093
820918365 158868
286004427 46538
167830430 101493
870792768 64157
334640295 44357
915557399 38625
957254150 78223
420287037 181287
516373685 66382
161729082 59688
363310210 172811
162583633 91578
23990207 192371
280625545 98506
951203472 178471
169750822 185442
748537588 149273
532332796 6746
137581363 104083
374597181 127245
619996519 11435
149750481 141014
56688371 148258
515920172 86279
869829926 102091
20452351 193408
238627733 57126
863017041 198692
137206459 93082
352415558 55252
523285979 63105
931260763 178577
154923006 199391
227048081 68714
293082426 41472
726685788 16079
572306831 189841
970106259 145328
473474129 72028
972126778 143626
423806746 107599
676511726 7869
622230863 87885
811456878 134858
680312049 79586
532039286 24237
36962280 59188
303767467 71495
993110353 25113
161592858 11380
691524123 36727
49977473 191141
314409655 26528
350443942 78141
678256756 197398
458595950 68888
114571065 1983
447990945 128762
288436630 146943
512886663 79571
358751842 164725
189431775 160130
999571550 19903
606911700 183473
708907871 193849
863428687 51074
531403430 21215
564031812 120598
711399959 15448
251306346 63880
21358764 35666
504741367 18010
591557081 148378
591361712 192268
969699587 93653
233579101 82371
918959691 158744
70067912 172428
668759880 1721
986695674 194034
865635029 6957
62242063 190082
715418677 64649
994838708 164016
99993908 62954
481677652 84959
314997268 18552
950345738 2015
903453792 22602
654259305 196152
962732794 10137
938016656 101330
608288548 131987
836717318 41887
578246316 105512
982923364 122639
676480002 86354
887073345 124817
808104211 155674
316721592 110056
238087422 47082
553370720 172562
259852909 27514
697457052 190231
465608288 89712
696600732 82050
755289610 168509
650139679 52158
472486366 100361
281361122 92679
568501740 5217
343144655 65520
405409266 89754
466466044 143174
757325002 89732
474956418 27474
464368594 139035
151635573 190183
380187696 88120
580751084 71040
897386760 186409
592676972 110511
56852923 31711
712564993 126219
203958805 17272
71261746 36589
506175495 177340
970398216 62864
737340502 198425
307370978 29083
498695119 174758
960179869 3320
710987866 43404
277497599 37860
456619223 133794
80552618 69750
40870439 120423
936435633 70303
606666576 21767
534275643 162
842361352 33862
858030608 148669
705934232 23037
318411536 115751
651756076 156627
890265632 32616
468908057 50529
759544412 110411
594174036 38008
181881441 43165
157523171 189427
363779880 119806
739491681 65333
462985956 114445
28950041 111285
388397590 129675
435151229 43575
978254338 112209
241829743 146642
444646172 101735
455876446 25137
532994789 28007
690903102 118572
5336322 150010
295322887 144958
798562649 130881
325123365 123119
515512298 167388
924418506 49501
673203728 134305
965777548 82868
496894930 69876
681914361 160650
739228257 42871
91284863 23232
432070732 191988
410106707 28269
145822850 161294
783034880 169149
521753343 116334
409176305 163652
957974481 144448
338449755 171197
791400951 112790
335292691 128462
667799153 61553
889460018 27867
803845593 145943
804561079 184464
279044648 144275
655177037 29281
684153559 81618
699455409 180986
191822715 99289
809451691 174644
286622247 88326
880214610 16334
245304915 189606
901778282 42815
922131783 113922
831550422 3081
232273683 108111
237929079 170439
511498969 111699
94358361 102671
373796364 96759
202240107 26619
600426418 86333
59259006 173118
512834121 179252
616799994 80710
625631371 102471
3553966 117107
678154282 191134
98573348 29060
672400238 161882
716702507 88151
376302874 30325
246784560 144806
413746343 98094
940112587 169190
767965553 124886
462106920 139705
28687789 9286
873286662 84345
859698022 95687
832784568 197341
132093904 27334
80811987 134034
201668837 175322
897949294 17135
819007887 668
238003402 169500
691810594 153417
458900914 9360
445256409 101562
876176358 196160
180631123 117369
974868127 83452
528461666 140678
842310535 32607
538339281 148447
735144586 12561
15263260 44142
803326338 40446
223158149 162112
485409041 154631
547038080 22195
919545334 58498
394578850 120486
707229551 120902
525269267 44695
693421351 152247
470638352 199801
359465656 143050
212573533 31932
498419183 60904
952570969 184579
999202545 117322
164615390 61960
307575861 82568
860542915 153150
810213161 77355
590096181 162620
186273816 170139
9798814 81363
615042867 158124
33323211 165111
62786314 198677
83213377 88381
644674216 178765
702776092 35754
790429661 50078
555681260 96709
362018839 2514
150036319 44523
44337601 161956
592092902 532
546238966 64957
380427473 190846
72222491 146105
245272167 186122
209989811 23552
374523141 118593
75329588 9314
554314383 49938
594724270 192055
277756096 47612
932796620 183009
800772133 185207
635411815 110387
144729007 3351
251190945 195196
109434960 136749
487647364 75239
18750039 44110
982564283 8237
524149234 185389
914091666 110786
202571243 50482
10619744 46442
129488458 27951
948912525 88920
138304196 189899
171934850 15674
605143999 17933
429883923 188948
768470952 119183
911828324 8010
786894224 173918
532937052 189424
376068039 33872
174523425 7626
758238600 114389
999500972 185917
188898812 78445
318668133 69244
719530587 128917
877898199 191844
396165801 25478
141784324 98238
620626661 70455
761588700 188358
207535116 25670
347197864 107636
517097694 148923
101537309 17220
395505360 161857
863750605 26317
526634441 111082
806539219 3473
798247890 108911
450469272 154607
916149574 115068
113090589 15796
84416119 176812
243435716 20396
93045726 68700
548898069 78429
16615723 146307
869204411 199740
69389232 17569
603999839 197964
272555123 48124
838792053 90240
429247928 61845
503746284 27614
723721065 181135
185835339 56701
977553268 93355
877315076 39640
603230104 74830
329763148 84639
651926434 65244
706595554 105993
25981395 120641
236551397 87538
717688953 126257
582104986 4962
147269040 131858
58747202 86058
760511056 38931
771815541 106344
241991345 57436
97427165 88219
467322552 170246
468677273 71843
101969433 121957
83058184 33996
774593318 179209
339684710 167334
736309615 27604
812791541 17415
136447501 47371
479876988 5366
625561277 181377
373049677 75032
387288271 137757
567564936 176424
528183597 33536
598299422 152159
375788274 116254
21966526 68715
955127027 176467
96799400 3094
396899468 148443
473788366 67592
423942303 86705
878356559 151574
711767101 55902
637862613 159656
704623535 38827
701160563 125489
154380772 67661
152115948 4279
710945000 113405
687495002 154907
269618826 13639
720736000 26110
576007794 148631
939062424 101781
946852052 182766
10808769 119433
37557133 123917
826512937 117239
375183463 78791
216396034 39454
456533602 100319
307139231 120386
505254001 122125
618895762 140870
927829491 40278
782878600 181040
542491837 101236
315434494 196697
714563010 100308
163879055 175057
991805942 67442
41945149 119743
97962452 100361
393963990 67029
175890567 158521
713333883 132193
124851381 82302
924507031 69037
289299168 33850
889127704 197425
181977985 48780
235234576 51188
478331338 138966
767696102 152747
245955753 63296
705359001 189519
681481731 170173
388675952 161995
981962321 71151
705598987 77543
885280706 150432
846780367 130525
808488346 13957
702911012 51434
211479714 52027
217849656 182165
707695033 152939
315589455 56035
797757041 75612
758026977 104977
92431930 19207
385233648 3709
117756105 138367
842593453 30951
100460752 121721
378703350 157345
838392458 67079
912763026 133721
244649985 16466
51547151 198869
834621490 91477
322934275 54342
93240123 189648
518510010 98363
638212786 2745
13809739 75071
975426671 9843
936525970 192281
203858074 105699
481625322 67686
110080072 172462
800142647 18375
26973549 169047
239572283 164340
38930558 45645
743876257 152898
776910718 97342
796613194 96645
623480022 197520
193922021 40600
805461848 78105
436635610 102106
69014802 165405
322542469 165681
664596562 166654
562568915 151678
380714418 38196
720498215 12115
625591142 31955
909427461 102356
166648014 122745
484158827 597
791096593 106565
655870513 77284
310040541 60559
217332852 171376
16033848 144
798482328 2469
579416399 49398
642452121 186387
212155548 27886
829396373 147765
287011318 7292
116742559 67912
555051951 93835
780111600 159898
825688763 122642
503005585 50486
436847317 21055
855420068 152375
701948559 198624
478116508 191079
237016112 68392
270974710 45862
492975522 63675
230005609 87376
702172663 174407
631637099 148209
739507271 2380
78897962 165213
139501834 32270
543703241 4368
739028510 84447
562940033 197955
915281852 44514
296838424 62516
667702611 144126
221633820 120644
135034927 13761
545217720 124239
748486067 89887
653584524 144996
806938611 62911
279547439 68217
160611049 180599
3044536 119898
2510758 65069
108349024 37589
864479167 198022
269360535 163009
812994097 195287
567072338 121804
210811995 107849
81102647 37458
823025345 176522
282105782 74753
857902613 84285
326264651 81245
131543101 160741
478242125 194439
760449452 124374
82220721 105243
308945589 33133
645339810 18173
185296160 192304
481871074 128651
615613690 47545
796409070 6540
862925902 154766
14738835 148764
556864919 19989
176864937 179775
470875678 158503
695429450 75757
12380631 23030
81091648 183480
904668699 76212
481192824 2848
906358680 148601
794182864 180929
478060003 3483
434768511 156547
557261625 3743
847710748 42497
426060139 51768
90885987 145058
111928282 53360
81036181 82715
639678378 10568
404087827 173416
388046632 141792
240629033 120335
297248986 131604
1052841 173302
979466208 79400
868520449 110344
842529599 110270
335399523 159175
675595376 81385
130361063 42197
338793597 194577
336057541 150677
798566305 163089
898256962 65287
980974598 164073
427209623 90563
130482799 183723
110153172 149016
606016659 150364
668208895 169246
855961288 112476
836867134 80046
268670665 35154
52290024 35332
296300438 86131
460771289 3944
982297024 121968
841169827 43800
955817579 178574
68702463 98022
299165596 113948
887835416 144067
961501842 99527
966662038 190472
529569508 34613
804618054 199591
664036557 65010
7197951 95578
767405123 81696
930518719 140522
612169652 85634
753866686 113837
852111265 117276
255378658 43687
848579562 66998
99368127 157000
363615281 131033
197591485 34267
619708166 156774
868557081 149328
432812562 63200
167578065 136327
10112008 121885
176158248 106727
28666174 189261
959208847 6327
916986544 136423
902975942 7900
515847101 60497
154065281 175551
849190739 134508
453831903 191335
189349707 29059
367456813 190357
302986378 48750
254503540 59824
524896611 97985
343782264 750
756049423 191023
298157897 58033
221977556 177424
697164015 149135
198205912 17317
714442050 180484
120544221 108954
237803639 65798
726336278 12606
318636394 51833
177310142 96450
390117616 187395
565264797 82878
749962609 38226
755361656 25438
618324752 142222
40955565 97276
206811964 64834
685706670 54139
165739498 110414
650654664 117694
606744817 27673
183740415 34759
811462520 158448
557905234 47891
204839169 92482
741834225 51704
625818684 116000
908580063 86629
621189035 166409
931169222 162659
639758040 63454
663993317 69122
370912799 83919
887094228 1987
400828079 82859
963970161 160140
734476247 39772
936190897 154401
32442661 181213
507594110 63164
345524217 179238
6793745 76071
984527190 68615
547378987 51290
947991944 98996
267642352 21167
390869354 128525
29208716 2271
494850982 12376
222056757 27590
4562248 37192
77576122 91524
292715116 192974
753115533 128607
16365491 94365
571650536 29489
922453373 184209
167936634 192240
13252297 185211
494923304 100306
508178681 84130
144233203 146170
407324451 97654
134169889 145711
928528758 152725
962976690 131451
773550740 23450
361068496 129715
596623445 176572
541760144 134821
234077488 186833
881000560 48474
704441258 16664
529568965 124754
123929784 194359
950534034 62400
752925555 63095
610242789 150405
890105062 55150
758899113 53254
882977722 119416
397874486 102152
688247196 35078
43037698 39432
781731986 87133
473374522 183358
648276578 54659
848570800 146594
662696598 169924
606354136 54668
410370903 35161
276954586 117886
573352488 194032
557509907 120365
558622592 30196
550869861 165512
988133658 20486
793542125 161649
242599588 3732
537553292 33105
882474276 64725
572805806 81832
286796582 34138
109495732 60331
144662910 15558
919140032 53143
896508965 170741
151156258 161111
122031867 156426
135131335 102746
726535404 38707
529671546 69244
706560401 168314
716192789 155939
229073520 44610
80675332 75984
395510668 72131
828947212 165860
314351586 160381
667036053 129530
235606077 19662
535211167 86446
23168065 47928
835394052 34495
623299659 92110
9167350 56725
264596861 105213
939780968 46116
431970878 147707
320918354 58452
549500828 25012
572481300 170949
91929514 174044
751051102 104351
725774909 78674
483621549 12633
418531958 43763
715497807 32283
673950222 11725
112721370 11714
578174298 46574
83096643 38555
33218129 114411
245006380 191422
728298377 193416
277525572 150043
690572047 33222
77959384 149589
847479828 115834
874302970 163734
647641388 52723
854503169 26940
368223158 174110
759427729 12446
732400734 9386
301199192 34226
701983210 65214
690072760 50378
227900678 173908
858582183 128486
681045519 123456
445142185 93944
625509227 59938
752472367 197266
793108020 183098
128695221 32391
895026820 11661
220639871 182682
360516189 148374
363470849 178543
55797135 170768
233420292 198728
345247822 39077
908375992 37407
461870969 104390
958530122 46899
255117834 110166
999096891 106719
56123736 53839
654836188 95076
926165999 145402
395644724 90497
509158862 199386
536491495 154217
928802421 50907
700100071 85867
882782414 81557
919308374 31546
649539158 25104
205457543 166592
567476944 66101
154180158 14505
367143252 91898
199813725 155460
619962083 177188
495333641 125150
278751885 48322
128202283 35939
671363309 84926
891979664 145961
531354064 73916
188002287 158872
955208024 41245
528803779 192721
972315530 75687
689655413 3752
520498910 84738
472944821 121463
36062025 29278
806612526 63151
571794075 158671
811455199 84374
217213414 1584
608832000 74924
199350281 41932
716188806 137253
640788920 150544
935430053 138329
351065627 102633
614569106 96435
110716168 132663
307909999 193627
780726310 107021
42477706 104418
25548345 126618
929874748 52655
585343810 180522
925586799 136477
791710126 93737
401826497 141258
37223966 109013
137610241 166234
727771819 125139
467705810 149157
510967743 84195
540529 185369
197622246 137273
372649496 57688
120539414 48345
76310262 123480
366434913 13454
370042244 167587
948903091 1208
569993611 23646
745360667 168989
303685069 36637
368985783 22130
535605863 182989
40698683 101251
501958675 45688
740766743 58718
229983275 118036
519608452 48761
128576167 66959
196018344 120972
111609003 14783
761310012 183440
110835761 61639
738460236 70835
333113029 126401
508208747 80471
536883140 94033
134975776 90519
208857304 44672
399744537 1638
694292895 38801
144251717 26016
825634771 130799
330352059 53891
908605655 109385
569931969 33081
373008338 146430
341449393 161847
629148667 56682
697750834 99508
64338422 120732
480856302 49046
559226295 81029
968767606 47337
457852805 68644
53303340 50120
957217375 170476
855811282 47006
349072927 135841
151294887 11792
865062346 172887
733491960 83373
897039885 4093
835408018 34320
790175819 198869
213929159 171836
217820285 149942
963605228 122539
727965342 179947
951907446 113408
830642839 96176
391273420 177896
796506073 88714
596991399 172172
122038238 165199
565990881 144880
840013208 29885
613976853 109615
284085834 50549
62364116 170231
52228528 184699
223689588 107825
917020498 92514
454779382 163157
32140756 183599
267187628 136446
456685743 165745
37117784 8862
869750476 183303
23736880 81775
471136801 51841
53698556 175610
579023837 160388
872218711 195994
741432519 27646
723360824 33270
420463128 140502
689455258 99363
425217953 172146
687165355 5218
967838067 1830
497997121 132071
198044017 24226
190610371 1670
471190723 52688
268641547 150471
979441635 198391
566027164 150469
862337227 43354
461534564 196390
75542690 31316
498172680 172292
521009383 72557
806054842 166641
221191227 43463
301080881 83220
96120740 147336
564016958 134419
865158632 44195
900851002 1483
208793695 52182
576998050 41534
708222225 191787
433922338 185514
347713268 195050
105924 127698
123450373 99253
389860696 145845
21948177 64469
397817936 126038
615264388 135658
905901067 4927
665083867 138919
822322178 19212
654847908 130097
967799907 112553
314924281 126612
91276755 1075
784675560 39015
318708272 151568
299819148 3737
765961167 199427
786035470 22385
303940185 87926
816114815 158925
798011788 76723
394971875 123116
535997804 50279
932166456 98828
611042192 182791
818935678 61960
252071716 137043
194197024 29407
581151207 192213
221816866 172472
987322990 44289
763313857 121443
54985048 36284
784994752 81332
645851558 136145
165273582 56830
367494926 81765
805171079 15927
530344622 5403
218354341 115949
828630199 81742
554308902 36522
160065965 96648
442401327 131553
724871057 193123
504576566 14572
23679612 135839
510607154 146971
40768414 122414
593270504 30168
366458623 86896
430488282 155928
874024500 136279
758122016 27267
501786237 166625
279516708 36292
554005048 90940
723997816 49457
452126695 39168
299172907 108675
707144388 1410
70182479 138126
902006917 111872
986105614 44587
619183609 197703
756513068 89234
356904360 130304
434063708 120332
957725887 38187
188448584 197779
181985354 22879
264041191 100412
545266616 161755
457964410 137097
671598388 72612
967044606 56548
867436082 95126
390691824 69947
291195832 122890
741302889 49870
613049744 174870
733642506 108604
590413307 44695
386704641 83950
803581369 170192
118483971 147552
890487616 13113
637617542 190572
77524549 66373
120241626 142376
708555237 110859
878617091 9415
511959121 199068
30864431 10398
95507415 43727
748702483 186210
956179227 31400
529953155 116689
857493832 98661
435150213 55782
697769316 176324
874564527 26164
369729869 69228
177974706 72396
769110604 93438
941906994 169598
903929617 40195
936325056 30756
432743423 118281
845586074 29423
372042748 72256
284157466 121908
252441782 183272
588182899 130498
678325561 104793
785036454 59269
675447910 87774
636262145 136826
41188757 52071
771130165 195379
38106657 183837
820545843 187437
38346019 151181
292739264 29054
68543800 79664
964199696 61831
151921034 96013
685669838 88742
766876581 73020
868245066 197554
650350157 127646
102359027 124038
493871575 118538
285494956 118746
159454167 188134
506997618 30967
553953006 35336
858045806 58373
209345110 117342
739789710 135924
312883329 180935
360473885 132721
245172279 103856
367213915 155856
106884204 37584
630029621 169756
308133807 34089
292500521 91155
576252238 140617
196168441 13494
710055137 118342
205338805 49455
511794591 1617
155009378 198041
460677639 151586
660376667 192872
760990850 142614
484439701 52498
966012054 9547
218089359 173881
334623013 99261
669617783 135453
290788111 17043
939638542 24252
794864855 84874
589828237 158637
756389845 8482
258747056 90845
920056503 157204
379143976 62781
346744473 79373
673779306 175778
320600710 54389
869296961 177273
988727905 119064
386811136 10504
808817490 47974
741509920 49318
983663837 161987
346991206 138129
222194664 148074
909403700 128081
2802736 8424
138453410 183597
408155762 23633
3847693 118291
449277721 187833
400024141 53137
500501780 31093
20247802 176771
542514054 175598
177308004 157308
905274033 136626
677136084 18605
371817115 12611
654694330 188333
337954260 77477
141707803 22025
453286591 104986
5427012 129692
994080213 156503
298964638 173859
213438145 198684
566657215 123739
498971024 6956
12949692 130557
705000469 56072
616936249 187357
635718477 79156
742352528 20256
167351608 171022
166486760 161058
34965800 166719
653081587 33549
766787298 137714
724212965 19502
933071633 90787
735922836 101401
62848114 61195
436023580 36147
971454936 90417
367959209 84944
906898715 84952
744505804 87809
509486011 142077
462103595 105244
90340692 56595
920059522 105060
687283154 45275
358813186 11486
327057568 83849
571093876 106481
270688039 163320
277697523 95348
836976756 19737
351531945 168877
861327247 50407
709863905 170762
584424568 94941
226609230 112555
649495286 51504
711127840 116309
703773778 130377
990895042 1812
193072276 196391
539328117 115768
373931646 37378
209803419 114871
247139686 191603
221682614 174095
360170110 62766
941063563 195383
588794 62952
419283350 74770
281556294 20336
839593867 92238
141936457 170290
481347784 77947
656538287 171889
285525856 102226
397475265 171969
266916132 154129
303052253 195425
277926699 127673
171264798 109053
856540411 174182
153763279 12477
216685532 192656
33308701 145607
744202850 117456
545098375 12288
868305271 180234
72506401 49135
823620637 165532
327987796 74228
317407382 159487
992518319 99908
143681924 66633
554041809 86548
686514559 142058
405139696 69586
74800869 138854
353225909 19766
737356369 182462
917155980 24516
894996608 158124
521325325 82560
105020103 12282
427643046 90978
322278490 177182
653904131 128279
981404459 112713
240744886 129817
540315456 75916
787667748 118995
581365298 161658
839374352 28492
923451450 107650
865396099 162459
661472171 27036
117620983 184362
707098585 145173
679962436 11057
795178267 144452
565219914 73111
204018075 104335
527517489 77862
130267298 18493
831400119 48703
749379210 57309
97559102 103349
497642735 178736
628696399 79869
61216366 41845
72034324 142528
814924934 93818
972447030 64291
416571480 72269
189176134 63046
637213936 42568
82749500 154790
632067542 198640
253892394 94225
12867354 82345
249394919 103137
845864198 111898
583590519 28347
375623606 4430
420325941 189132
909644605 131876
55550137 167539
864083251 175035
430641792 172030
591699169 108263
873971251 182009
479491811 41530
112922116 171872
860554984 142759
242099096 188883
376480721 104292
884124932 82337
30545276 95331
518492680 177108
913377227 131951
820039670 120908
906898973 79056
495159976 110081
540642473 59072
508558725 23203
318926666 3836
805264523 43206
221275156 93163
357033010 80251
736930393 85394
382424621 107562
355002772 63738
792499672 106827
795453853 91860
513661702 171368
62018743 183750
150204235 153913
673623513 169308
101380316 89534
495725889 60052
887216144 122190
747940976 21219
326034369 184985
2548403 182569
721655727 75637
699674228 110961
709988449 4919
328747274 28139
129310013 163350
797660067 26871
359337821 39118
93007545 45647
192536966 140791
16120513 85893
338715678 187784
968752760 154144
249537064 25172
202203338 9204
813326494 73399
266007090 175531
524358787 3089
242476528 26948
806935813 174713
914884522 151451
941290268 99610
910179257 197107
358113284 60159
732637188 70162
4113715 183330
858061432 71272
200336837 191586
867829310 195535
839413200 110189
488591648 139314
906716725 92510
689394367 126166
316127102 115855
111234634 88792
980417612 113368
127002103 147782
5573336 35734
490926892 66345
542630877 55261
342961909 29814
104053574 26156
946723994 21715
942733528 127863
822652846 131857
745180766 27736
582913288 46577
70779644 57234
622879150 112100
115446445 64924
778770226 132480
797885301 163820
311054742 86940
496915731 67596
472110846 193656
870069111 86032
960899938 52790
433265316 141152
290023519 155586
705121917 199416
143253016 78099
711986565 126585
416858783 119262
602306020 61084
358545643 170216
668304517 35079
304030216 105455
790714765 61127
154750950 178453
903362725 114390
613573756 77544
564222685 33930
264117818 180060
722045710 175694
608465761 114372
765368516 129785
435081301 120565
531430856 79388
277225625 193091
314780623 46438
346612266 172935
868292112 23892
437251047 94003
478922294 27027
467891151 66791
171372261 188032
860160842 177976
488501630 34084
207543422 80286
774072403 190685
163849556 45926
966463301 34755
660631669 189126
886881916 157056
554487903 593
926778736 32720
55790624 113204
152957307 100292
986059854 13786
501944903 126302
73202859 73914
297228979 18686
854782011 198951
484089277 149481
695275611 58496
175095083 27905
983326394 38963
848039508 23882
798208601 135825
964614506 46894
455109306 155481
352914551 5202
412002381 175268
42021138 175023
266468241 187191
482428185 24742
335403084 83533
308089517 42165
929053917 117612
122866003 157872
477376743 171173
275602282 92781
690641093 160413
890001437 164813
807599216 139615
764702168 6484
246648525 12964
872112632 69370
792355742 15474
691822187 27503
646252406 54063
837113803 45640
91133827 90871
875104486 155615
297415914 68006
828460445 172296
712491136 17258
773949093 94633
947027379 57863
154524008 185965
778481245 107139
101504518 12663
472605149 120057
551790274 130214
43731252 145357
493511133 183193
101420290 36217
294366178 22137
446087553 82373
371945440 197304
312036189 91637
585920294 26445
697611350 185010
406274070 176858
980642037 38354
701158576 152604
266648934 188087
605118927 183879
343322059 67822
586407946 93550
892234326 55611
952644452 113722
255294143 167802
932770953 112245
650326704 152876
405476875 64629
516107596 168788
32025593 27617
705487168 67262
267407156 91513
451995155 112535
575660861 87867
964806710 75026
659780747 125986
243491779 64540
604991285 59000
486341817 74890
976958429 157439
954144779 164128
675225035 184541
279319669 125821
880189422 15137
261369085 58199
118652875 91268
291345479 94545
638808583 48810
906611060 193176
494699464 116010
593232956 160203
89217474 193122
107345174 73458
149601758 28334
769013054 148229
454746175 70342
227808021 43513
427692374 125653
966709650 50738
751816815 168361
556741095 153186
888790160 108841
899915809 39208
270190046 116366
71080185 138933
989510234 108600
767609406 79043
286172150 55859
256974501 176209
532200508 136002
36914143 85544
140247917 154589
390568405 186399
410891870 23522
618497209 147304
146236238 17959
492332809 135311
851674330 33230
784509902 145397
245069348 197545
576383916 76807
697061852 964
400909569 1431
805388508 197940
892434334 102654
756608684 687
11154091 152732
784896574 178298
22447738 69970
94426516 68259
982084204 138748
619186161 12232
838750184 16029
96221903 33385
303878847 11469
768694913 8913
195135085 87482
878404607 178826
929212924 10065
54847886 67041
494741282 172953
322797138 96365
273079308 65816
958085418 157237
885017225 138973
44868999 130487
950512641 102169
625398411 174516
431541234 101280
489964630 20530
322043704 128748
950031129 171839
466642175 17998
929725323 116554
10951574 59713
80539985 151150
115397572 31110
678537950 174784
633002433 7019
336853734 39963
2939193 149936
795828612 195635
252104899 62392
929819829 173
533930577 63910
55302604 138704
375373318 157247
222945594 186919
163674664 165733
257244036 167259
53952456 175969
452869324 191121
889442501 125032
223107026 20298
933596670 144657
233125907 81403
63642720 92209
543654229 20442
264173628 127864
443652487 70724
568387649 78164
336038814 149792
734418839 174779
924789190 163080
280672321 154999
382888137 95879
890198055 192442
630643326 187748
539622561 60949
117925771 170776
822721819 145704
523946886 99609
515916460 2585
200547786 161148
208044657 15379
819233603 101512
803731522 73315
898250210 33899
680968978 127092
408119965 23193
63312046 22332
548146729 72370
767025535 189993
182147952 118657
695720356 122872
395091291 28612
834651859 55412
570564610 86879
724694259 114128
120919653 173871
714679839 58662
416956662 159611
729404520 63999
509909234 119188
21755601 124609
398377398 188535
307537002 115280
89293103 63467
91724843 126387
125812209 158444
86293952 192033
693844050 71968
134667215 103611
516464020 45619
39055194 77114
488741856 184273
674548363 173563
691476231 67233
965938095 183100
970372565 174747
556291656 195970
968030983 48409
554882237 168869
249112691 113189
384893652 1642
988390674 56821
995707213 129831
912515296 109681
738056945 120989
677122068 44994
421373942 12238
453778081 81488
884815050 61542
56624824 24118
683646528 68729
431384135 146472
568498055 157905
802367662 101092
49038521 9185
241103394 86202
166598165 81016
116921533 23179
246096725 115171
923673183 100827
594343945 197686
486101183 5658
76624604 75065
584949153 179712
414495679 17895
710610283 790
874009028 108246
674208394 22400
687431833 130839
719030780 130122
359790080 168750
7470004 3653
167377469 65965
941301059 20987
449492127 127724
7215040 59796
644654056 11361
830037961 191066
535244422 140869
600434917 142717
419451862 153187
305517166 23571
688396311 94826
690174239 57732
184411274 97520
697143710 59841
971486409 142795
275160158 126396
456822358 92390
375274644 69086
897122617 2497
599269535 103813
129302723 35574
183092985 60450
622565351 114293
573596327 6202
552197542 193719
713471020 78145
128180163 83971
925571923 20971
482567197 720
101115310 15618
824703941 61539
60829633 28908
149225835 55651
427086628 20742
809350167 111864
743665020 67921
220851315 70804
562207404 21412
96668036 147706
699763069 65853
882657911 164976
132789195 164683
308049308 55980
503848881 124711
844218774 23695
882667464 27296
302937337 93396
695572656 112448
194490972 150015
111848238 59838
297692810 102165
33740775 41670
857358626 187995
739228518 18882
890468961 40938
114475848 83586
470745094 76670
628784058 189539
765182114 173238
206061664 155654
101959901 110429
371031153 66996
741158165 3772
547777320 110956
834711060 177747
254094121 99153
314751338 147079
932929372 148396
834173806 36223
248527993 146982
752964708 46475
260650382 40540
947948805 125924
48271821 13093
891329126 7223
919277887 62160
936206099 195214
324478849 139980
171664343 190242
10963194 140714
536606175 188313
815163594 46999
569585295 4189
67039554 119569
686603432 184538
666424251 30989
475541363 25119
988736631 18564
796675924 196434
928171760 198892
315172331 94627
11100936 106429
51714431 95491
489372804 48775
73854884 164800
220305787 82683
775111791 36523
193776868 3778
729659253 136279
275119164 178830
905160720 93870
308315516 39336
329303589 199612
434682612 16750
618327485 24233
414920713 157222
770805310 39772
128938125 63534
402318185 6957
139877420 3790
532880915 83164
971452483 183218
891233000 36705
772638037 138372
977853277 99238
229903310 182019
530665082 109660
115752753 177597
940200208 145505
832661604 189464
117799104 133619
832437431 114077
368427276 189980
230149847 142765
120104056 95004
393003096 114477
519495482 91849
217005067 155168
548422640 93214
595198259 48624
924657211 42216
28428083 48707
535329872 81965
506459459 197773
594801762 59178
752683055 871
631077461 60292
974632363 92781
638444027 175440
979491590 178565
378252336 115722
590685272 56920
613219027 182145
968906594 124264
920110631 30565
534831625 26120
669630301 96741
896791456 89523
952453247 33780
228602046 176935
178369647 189107
976764767 132095
160436217 52608
20217767 7942
929737084 135265
210941276 148655
64288272 89202
616305480 58475
370936977 146371
657419152 191524
911407480 41924
182553365 181839
823071961 71798
790304567 106548
664081451 69048
970472004 12225
658934701 66472
110952594 127151
841603535 72687
879912323 184372
893634148 21447
926926672 178519
612287241 66945
432884708 142936
115524407 71918
398849130 195695
292686965 192525
198251908 184435
14119612 94040
485275384 121383
666247078 84676
39532411 167689
829850837 89186
861060769 93885
363609862 134128
226093000 186795
984194390 119671
675262891 72637
280498183 130036
373518911 63741
520023828 112629
796659012 152716
334409331 175796
774065414 54065
525720624 23689
154893010 144413
60050776 165061
597738323 42434
721224242 155620
434198041 18102
192424078 129339
677017205 131921
292122837 65172
50858802 165283
123686963 68245
698654710 118904
931699725 40855
573526357 183549
378589739 38379
936388619 138275
195319962 69569
508213642 20316
176934049 112281
107433800 148355
75680723 95380
648723779 86615
934071059 50924
20771162 49346
274492687 194750
485699662 116762
425770373 188437
687295442 175877
975327573 84848
44235434 39730
881056109 156846
693889241 35318
628200588 109553
69265731 76428
817983924 99061
804361939 124031
772986560 20844
861453054 62593
106191068 64544
464135720 127612
722680794 166330
376834839 51632
729676011 195854
180877523 109773
824549324 76211
395483429 154607
558545128 147617
343415330 197271
923553586 182197
814312807 85460
686964612 78233
124820809 106303
859526859 157166
704885780 130235
596832978 158823
174880058 165585
546656473 159484
741734080 65396
90942940 130341
715708780 122535
344499128 86993
358044303 176743
853311406 143127
368239786 60997
537997330 162676
458870627 61923
552308323 22844
872102216 110619
213560482 59476
12766739 15569
184793151 5261
503339775 181698
565848789 187656
141922865 32374
764125412 168708
55009679 41678
452688639 179409
626963287 34492
758614657 155242
736755125 167105
674436099 184737
4927545 134838
502351633 81861
195938430 74060
706594205 21622
696699980 22376
775552199 176642
490329576 66192
844031922 151691
673842306 181688
128368557 75211
712668289 197320
519110751 82766
200657815 104478
510964448 85262
483152211 108953
953731050 63534
198791612 67311
88381431 177476
544251291 118580
895282605 114889
803622420 98669
400539923 15904
278951957 103905
332550794 86268
38990495 127057
560391620 21041
197396960 85569
976143663 97914
761960049 153235
834242580 165085
416901641 113912
485493915 35794
338879610 110893
45927672 62368
426955743 162175
947271124 154920
586151589 17742
981274254 71392
568140112 199256
761415593 96704
886453865 68242
681844775 131577
743029375 147050
5098232 115995
668807805 86835
857308959 195361
231813259 195257
939682029 159663
406435984 21484
385639236 74168
732601608 183776
771094212 39755
279566910 161588
677126120 29832
604960679 153395
883539916 78008
686426533 154338
817072501 167228
7193907 18024
135953250 85702
52829627 85484
634934737 108603
12632427 133402
257656734 111728
958420855 65729
457394026 74511
900852166 151544
820399143 58347
62844501 83060
793947850 101890
699604024 154577
171570012 72266
702286701 107814
497415318 180562
591367469 86816
561904861 118167
985976561 101209
311134817 106544
636255336 170857
498795740 80953
219524313 72068
913442216 153598
683561670 127876
172651912 27565
74260971 12546
784895556 72738
280416946 10966
538330134 74830
736580378 181766
135371044 197728
808472029 136744
969638911 76643
880765562 195104
889712886 185100
131050853 31833
359413195 33782
180740347 72747
861003781 26541
336508849 81335
888783920 103684
60239250 129980
368091868 140890
15110539 140105
243524327 34217
822270249 45941
93027370 134037
951838331 197763
312838400 153555
344214615 62104
864666944 89661
334536621 30231
541866016 199456
5977612 12973
513847750 124361
258967601 56772
199979929 12027
534620941 141142
285771975 39068
919976211 181010
903023396 27694
955354445 62377
628330736 175463
479531009 135282
410582912 145420
772139474 67227
537055841 6794
101224961 24224
334013786 166047
633928857 42348
341052907 42107
814527903 82024
158963923 53569
993610364 157495
57559233 14540
509069691 67698
416985716 75728
272739181 72710
683418234 83100
777337270 34390
26859809 137623
582254225 78684
379175316 182270
701497197 67468
499428923 86184
288508010 127303
558519742 158023
738895035 8827
419567157 86314
13863166 19643
462448258 143766
846964661 47744
642953875 195323
693705926 167757
849973461 192191
757095505 31214
726017154 82052
408405634 89211
224332870 192608
188791880 103001
52058072 87720
993650295 82366
892852842 67617
643575180 148912
480799611 19244
761795594 93609
43203983 14130
723523062 48069
827298389 94582
211833460 27914
400658476 197202
337797142 93332
289428488 102401
462364811 130169
174992074 128336
281409580 77422
85103681 4711
948611050 113887
255787243 155445
525483085 33169
596685442 104434
369415646 71234
31606724 145058
290879961 87148
574275081 50252
887591412 59648
627843933 134204
205899096 82193
1142096 32602
728149927 51488
108137441 28123
666813657 27386
777508987 55922
233442433 163853
933858422 74364
41682113 162739
466157913 188468
2517828 26047
710576155 79194
260165395 64971
702958351 33863
395296878 13726
428407985 116318
747917028 22594
26240151 89321
113409817 29348
958039864 16736
243006133 7260
594687692 160730
94958545 70988
636713716 72753
172918142 163527
221277407 161499
377498189 101198
931096315 152178
377263451 4186
668743305 59060
251645632 36329
717884368 115397
185667805 62986
370839074 178672
743570359 198973
565369706 77030
55776240 70973
442504749 139490
513229660 24662
418711770 135267
923337798 130162
579292431 114599
402453410 36305
690399785 121476
855980008 92130
136640961 175342
353362828 126197
45481958 83979
850147624 89412
451278139 1122
583428223 12967
864758574 173139
761474546 73363
238925219 141719
203195763 133889
340851985 126089
293230567 23182
968034908 79367
593180872 140898
174879548 47088
215189378 95675
981930734 53488
633507664 82604
805300462 65694
679397811 26099
693539831 111033
86007207 133702
182693982 177747
407214186 196249
20189890 73932
453705838 30932
379853453 81124
324766135 172933
150571196 191235
186110937 239
962321655 55573
911356685 102970
253767298 66273
809583474 92315
503454485 172255
494836559 102716
131819427 178522
673139788 195812
240144477 195392
60722836 92024
562384380 194649
58163353 68298
59521432 186217
834871261 143417
631625337 38248
989299941 19751
688990622 182136
431867845 147561
429728756 140426
811249942 178827
538132148 140031
536799512 103647
748981064 44655
355038235 22591
282004714 167802
830731318 3163
592485324 16078
117545813 122403
351982557 15519
260302414 67114
353897019 140058
897643692 86685
235058087 101342
901274017 55447
27356921 31061
540715613 49038
427373289 139117
68793427 34753
826647471 40417
333330709 15218
704122917 163774
79391094 15608
176302569 84535
540327208 95534
194459200 53901
802251887 91709
919948436 195905
249714883 56644
630879973 165050
239443254 102581
147629004 174312
781637358 90045
402554315 19624
299487569 158317
325153277 25308
901112353 169771
266556005 78308
501561740 146591
714824006 62922
688768121 105973
880484880 78418
945984443 39940
154660030 85650
677111297 198869
829277440 30772
646348242 114660
475502403 108588
626144817 114767
556931315 84147
851602678 145931
580622379 134871
280197613 103157
918251230 103485
219724687 25594
911433929 97339
219610872 3058
430856033 177884
972190679 102208
555882480 193600
422917481 138043
604412861 183139
518634307 26474
696779091 181298
122764242 89492
637713187 91149
649597764 193575
242219034 167002
382272028 70075
580231976 2336
807871768 4493
430330470 153392
774964577 136934
927383847 167271
105515756 194961
483991305 86808
507881720 70083
192251935 177224
851145480 91014
400296021 145425
228025008 57730
706557229 2485
144455640 193974
884836495 103119
436491316 64094
544162554 119009
933333829 151708
773962300 108848
718656365 177741
174081210 25403
921799885 114383
120778039 12304
403016037 189715
395649125 188072
218869703 26472
516347168 198624
158753627 38863
423609813 179609
528413722 150203
480611027 2115
351905373 110764
216907136 165741
724631484 167991
627034706 138109
832470449 38110
366576412 78467
580895560 123995
773322236 176375
299194388 7294
180417269 25698
982454739 123255
345239814 187403
620567785 102779
70990093 118802
620550798 184789
12944018 114621
535399730 149823
621154464 122444
403887050 155022
897635205 111319
992696230 193037
953001062 22666
952690898 52973
995664511 121425
405840178 100640
423393774 33627
667243459 112440
785535279 121504
986124506 79628
454693835 51136
486351864 189661
815810184 72572
21451166 83959
562743216 166228
759614857 160355
702596898 103877
240063787 28733
218261449 23971
186142225 93189
490792541 50863
309026684 59677
487792439 92085
549645528 105005
292874657 132782
763652128 144154
243273897 172176
528265314 56776
969651797 166184
297920257 170581
688006604 41889
131245120 177316
599564862 69140
574498182 91299
345388781 176307
393747084 80165
595346392 126034
246860950 16585
251469465 140678
665605304 78898
77904049 135370
766667549 72647
86189080 71688
197860041 18704
392937844 80336
396312458 153052
648064129 147421
966616934 84575
211726510 172512
42511708 64033
475526458 153029
479242226 27756
562671773 15468
859890571 110647
521086743 174027
188856428 65457
574099161 191835
544674834 111510
722035940 185213
706054360 128806
690550225 85174
875942736 33375
461573079 189117
860869583 168044
178392896 56731
484053480 24628
347923036 61400
524715174 164106
462089314 81674
892029514 2290
302424895 113838
841258585 104396
396530361 127078
727462804 42760
650347289 87217
493105921 198626
701807552 165594
774827399 185050
632061630 15413
59965426 46560
981801968 79961
62494824 114345
420664653 69040
930119452 113549
785585065 186774
146796404 3202
678962960 45259
30286832 104996
183275812 44992
124998086 137616
694589906 118449
503618916 107015
844470572 167675
883182463 103555
777840089 64713
578082575 5778
938232178 49913
678211325 60962
590527510 18199
268507105 12446
39292844 173382
789062787 22342
716920212 162631
455704775 120912
690834175 124783
767564134 45357
863013948 18894
472386826 88890
316404841 86190
482577230 136265
599111549 78220
473918570 128471
394151077 178806
368246034 145581
704480510 81208
337190983 167024
244814816 151287
382303616 58544
876186315 79660
22972505 141284
607191576 56951
338226569 110652
471919711 144243
807209019 43344
112893875 77864
105594167 187380
110111958 116250
330224471 53984
209986343 150424
448651956 146346
578485967 172363
648382196 28648
254381446 18734
830304646 142121
960063350 12013
105527798 63741
660771460 173037
713774459 50677
572703522 174083
857365020 106507
210666049 118179
626562204 164180
803077581 169110
525923033 162257
139341079 114751
212716447 187493
563409246 88135
823699967 87089
484672960 15225
305422236 93484
712616459 49180
638506689 39236
734883230 105941
505087435 85526
515054236 62851
169225754 86903
170006669 27784
948741718 37576
277184768 191990
271692789 155078
270784953 39296
452843088 93543
180577520 90306
726445677 83479
757566452 50544
163839225 61145
608292702 4647
551463040 3510
790157558 182011
859027227 98458
817760798 167122
79801908 33529
234019925 88355
481069328 181907
159221953 4902
817492048 162859
5182380 110702
534094734 95275
945916219 10779
371168415 189996
142794329 8938
329600006 164256
570444665 172209
431274905 89849
997226883 106312
996405784 98027
186635560 52361
313979729 131556
982425764 147802
259274333 30549
666903654 194468
948398732 121103
731372248 78928
92192022 70279
480401403 53035
671294122 97430
224349760 139987
234813742 92088
974096139 8905
257506264 183607
901543755 151097
836049024 103115
107840868 88455
484603588 182881
592218234 11050
586863659 157700
963190722 18057
442931483 119063
982100002 44996
426865820 103903
725672719 140780
66893030 97762
772606918 79136
577576246 81939
560385496 23069
66014203 129233
886508085 100248
988267472 58263
634099448 156061
804968271 144278
33295741 130917
533306701 47439
407787240 113810
302897396 44024
275816988 75503
949065617 157098
503168895 18905
897875413 9756
215809388 123147
238518737 7917
62889460 1104
874142044 61110
828336945 69390
671163234 35000
678094928 189561
466730881 107429
526785815 3274
798485423 168781
311661550 84984
546399671 27326
434272178 168159
650854679 28450
456376207 77567
685946226 5828
644429288 54439
975480824 140070
455440509 61830
994530204 184675
401904730 91529
347536144 34006
738535056 18148
831871969 147738
249048321 44828
948197928 103659
48942067 179178
177689314 109297
653764988 22571
330930795 828
544281193 70403
847118133 3679
324575783 173216
808004835 135576
668061570 137136
117295276 193557
779207469 162049
932500056 64382
49400963 19584
976746223 182511
583839327 174778
647655937 98795
913497584 5811
518642992 189136
684106335 84862
433700796 41767
730410955 60020
834070859 101432
43016394 6757
372900445 151908
400716965 7224
833045030 36899
894701258 189692
415934027 23070
798192233 122674
986421154 135045
371444829 138426
181215716 178520
274600348 29235
868834770 30673
812654123 58288
33888899 77677
881590148 122394
623971447 5846
823530785 186934
331332009 109494
112085244 108016
293584763 56282
160059372 104897
892134851 82309
119034161 89597
102052284 155255
174367050 13803
47185268 170894
658895374 17733
601330997 32206
795283609 164529
40539041 10070
160864781 12582
820822202 128141
424269396 158741
527746055 162633
932943715 60484
409762390 66038
604568792 114443
134397801 122240
564175857 98962
547676316 124361
568006148 39747
535298493 105295
589465926 150156
188510203 131099
446194866 31302
477817083 183882
186553866 12653
492541204 7967
172615843 136560
431946940 95197
100698676 99300
647854793 111631
11483731 76695
727022452 35785
216053704 60447
704446452 196088
316358138 135275
375977731 170498
110595833 106620
50102778 29160
213595762 24015
576387033 158888
224961488 124211
489425785 56465
353025433 170123
569473929 158576
561481177 139916
234872525 114619
827735479 123249
124142394 91201
858616682 125374
531036612 41335
181882677 69209
24476086 26126
288156253 116553
313791734 99203
81929949 117002
732506305 151045
436612801 87492
924168098 163091
554036628 192000
544381145 101884
514979116 107509
205856211 75283
522194626 46731
98550129 187555
575342262 27498
224196299 94617
716062777 30413
872559153 46196
58737505 179160
172604608 77583
123806735 157094
122067014 34363
138727874 146667
627297317 199167
114731034 93844
119849345 114153
127681242 158907
725322431 166363
648822664 130216
962250681 64146
396842045 19955
969138701 47946
691135578 58344
842860357 141806
153534256 91979
378772582 24071
657606161 17405
203305169 73261
323544229 67687
661139618 198
304442413 30532
385828509 149660
542951434 28442
364034938 23570
946456134 107352
660191308 13284
986969570 146912
789139258 48834
527468735 148647
640029042 84558
43743240 126654
744749006 19591
693984681 32656
812137375 85964
242247619 179205
855193969 22237
340236452 71361
593159424 62330
797883188 89372
272117456 73219
115275032 175488
815247714 139210
288419849 190026
239965254 106306
644749129 179747
287007897 68564
591383457 77260
417401821 152074
969200818 191290
623232035 58304
899289792 187772
894594883 150790
806276024 162889
610160100 4973
788537023 8152
768924498 9653
88416352 27570
395495621 39102
919916248 188159
696800838 186478
739954826 180152
736977915 26685
877538765 128682
438530922 136632
272445913 149760
508523837 92934
296690189 18229
5351643 184403
377899620 148821
883340558 109657
328477944 188089
90941439 113592
849937719 92204
335255750 90661
175513323 184781
117749851 135219
456791682 102039
354429571 23851
141011053 154802
679245257 165360
835326769 113643
214077488 104993
989225185 7556
635452434 15984
1242752 112416
689113421 74630
643000918 36894
477511742 47536
956063547 85485
491309206 9779
820543354 15755
688389361 33806
140684562 112800
176440421 82823
829508001 14304
455866596 58193
422585198 138177
256927451 112895
932891291 115503
984378392 7069
177153121 3599
436548599 103388
464521758 44818
581060416 73884
850151240 12799
803412346 112544
573948388 91114
383057974 36407
767919357 151490
925174574 3008
351341211 14214
5108401 61902
28582037 169345
549055338 186331
549821024 180951
416947638 163811
54707813 159775
994164081 194919
674703363 72497
936948989 46472
521879203 192654
728990863 85175
122622689 146320
98560654 101076
993986672 166598
52547542 7377
77753318 160349
169956546 27911
249485322 60095
399971803 16239
896641303 168632
209864290 86478
589720099 74441
60370249 85666
21630979 48326
451077167 31541
281716366 179565
206186772 179678
19980766 56257
339426070 19182
297513197 166658
13470676 32240
919720220 139518
218739246 50456
311638277 2939
342974491 105313
461304705 144689
312764969 28331
110974116 165648
237937837 128253
617072269 102346
625599414 169889
21822833 137511
221745848 132860
138230335 1814
119067053 108329
287193659 77161
771268341 192392
204239469 37349
361671734 133851
611769926 34188
597805273 35915
139223104 169884
650785775 138258
640883350 165517
489760346 175260
399931558 197292
757071554 83927
854265865 199200
455961300 145272
15041634 82268
146376328 172550
311583842 40780
880541183 2975
179748518 22152
500629496 137745
554352674 151989
875205835 97849
876380384 163049
534772979 92242
676260988 61786
530073756 163157
360166628 20466
819574788 32634
516149724 99018
806784532 56951
860388656 194834
297838009 5488
222279810 178738
222944270 7689
531200515 152147
608443828 193474
330855797 86941
300652626 73028
525171045 153934
144648601 6692
80157303 62067
596156934 50276
323857071 159375
422480057 78396
675619541 197385
890344155 52596
138007975 103213
231038799 1717
879203245 72059
114582259 29602
412762564 91739
563562421 10249
88496573 142853
510678648 53817
742262987 37195
446687420 169805
377393785 122980
306257996 55005
641846904 1502
529084847 22760
180437983 20934
883985469 150414
116736840 46399
907677376 82046
865157591 71094
308179201 47028
661828421 156995
879197067 82027
297850994 99198
868100365 186761
941236661 140292
910231410 4290
242441755 181667
847338936 166866
177033065 36346
788583744 95839
90813359 90455
287254087 34339
359117048 68876
521624104 81699
673135004 188613
457025304 1334
97977053 184033
396250101 188190
679230377 22267
282592614 122918
736350660 173583
205950733 28294
147596512 166070
241118281 30719
347163018 161883
845071525 64267
733432744 164174
231944519 170537
492962987 143242
999329140 69826
726361671 185208
131028395 26816
332241713 125794
564908177 141033
568685940 59032
185645376 88796
72296099 188887
670407380 179850
603029134 174192
942164258 46966
554500218 103499
860704200 170062
245366561 128039
1857037 193395
978350160 142816
155353055 178310
219557738 118245
457914455 150823
352282 14365
7954500 15378
166332455 96648
99276993 33955
321439612 87998
489083973 80457
299694191 82101
807549023 146273
938280626 31238
877500277 170087
725042901 76345
457694675 77069
3592447 10213
743254329 16867
373997492 117486
367624150 141252
718724543 195237
498161411 50586
381492286 19509
507462682 159686
529631443 52120
619900327 76361
851965603 61733
493349521 165268
874308128 165278
838638378 111477
836452118 107267
588354509 1387
933099535 182539
989440188 18564
878267149 62171
659278550 171815
853617959 198626
628467246 162698
413781178 101058
969515754 87318
720457483 188164
600671941 101480
218759320 8224
229792704 95128
436469941 96689
63178527 16969
547211063 61756
274067524 100278
416189392 94571
57353433 163226
561331505 104764
287771818 25222
353036343 122749
171383219 160737
818615303 68109
345300565 150448
260694967 29062
45904700 31600
133370176 80179
34933341 109909
74568775 94936
541411868 63991
473661097 126397
199636117 99841
33451932 28305
647982417 9709
300948024 73895
881781479 49025
825756656 133823
177234395 25979
702134101 173101
607665431 142156
780057177 168858
787700650 175680
298496304 190405
651174329 179977
302410243 30507
2274630 119304
732238273 84793
704242938 93328
547039695 95813
569605046 66651
409389404 24209
4667797 102337
851562357 33604
43233927 58532
731031062 141064
141104215 30613
298791226 145588
346471218 42446
38500663 50633
353793916 168565
205727324 134980
686546367 139633
443979133 81006
449528570 18536
167497478 126687
74687856 145398
250623749 86503
301618230 35690
438174595 19400
851222580 153796
677175955 197253
291429288 29591
363229844 69927
169454059 127221
639268746 199875
681914848 40159
39036956 53606
372180608 8218
322486132 181086
703664085 87771
339006557 128698
520830670 922
547365798 140073
90180607 41930
510770243 189260
306082564 197018
463896731 196786
488010169 75911
832492445 81036
394096064 65882
951834283 71534
664086967 51123
872367609 130678
141211921 157582
923342269 49010
735134287 39257
895510885 184543
845421555 105512
415916639 129259
174235015 107056
367120249 172837
737535952 63276
961693480 109090
345414963 32911
695661319 131799
825668296 155851
252198755 108897
326267864 182853
169348307 196520
406584804 63978
395593434 170064
150307770 148129
214803415 186153
90977928 178077
803242680 36409
822601890 156184
173137333 62529
272527394 161456
288990671 189661
887776616 19560
423812041 111269
9884295 81137
119768979 163436
513152117 135243
729235213 115886
217729557 179295
33602612 174781
778117320 16353
706451728 166959
390706626 37431
562043598 20262
99356117 42959
902009243 74949
886584232 97140
325175518 51083
610598650 38639
598531426 120659
501109434 162164
903580935 14023
61594410 6945
470624413 32573
857695896 85111
1188468 126985
435123724 72482
791342088 92442
915968652 68099
722602804 10074
366689036 25760
46137824 152659
663302529 106475
789654419 101144
758115940 36814
121318632 111448
517814025 199685
843145441 25926
132199386 136165
980268616 95012
519567437 70611
927167862 112993
831662982 66190
641882593 16898
859241214 80704
826659337 21208
80337292 57205
1835714 51784
955695029 132170
929874328 118659
390605046 171377
587256918 101817
980226644 30464
496400067 108961
701761484 182707
778065460 114463
148574842 119065
768980513 198705
532992528 41937
691313952 130549
913235629 194918
265479844 148127
870013309 77034
344892323 8959
344196208 91263
647153097 108641
650952174 77262
782863067 126573
531802222 121289
759701470 22362
399956608 189844
705400063 144594
586387240 166410
349154108 69157
526975727 102088
328872562 178191
794648488 5791
776780362 125785
789430258 39886
76377172 178079
752941739 148439
5055463 179578
403619230 70695
239850331 188269
980310804 11783
37722069 94561
459987997 3520
448384294 133274
975724528 140863
104487740 127920
876722499 198557
970623325 17112
550042228 121504
25050611 99217
605511419 169856
741328577 147646
463662461 186034
133790165 111585
408090648 33964
132369908 148985
928608722 76421
694566667 187567
640102545 67911
687406892 51098
419074546 84796
503320428 94690
53050856 4412
980868523 174089
391574185 11906
477925412 161245
389086625 177567
373046382 1673
115601503 195253
969750627 39201
145738995 69605
687390095 122326
955397099 176225
466753660 198773
571909266 60143
892015102 55362
806838020 166338
893338997 80303
48725934 31874
68082056 101652
753783723 75576
966901422 88746
905390718 130618
438691650 135992
427766267 79606
288527568 168662
172178061 116548
288480304 153535
851308828 34904
107990022 24348
326474434 14120
59649357 139813
390561120 85822
183328250 160033
940946480 189321
399181884 80741
325084055 171069
87455192 151400
119420422 13545
837037468 19895
32143514 70056
392068695 151744
490230950 118206
172801759 175777
619776345 11649
653642790 112030
834756798 30207
354462066 74181
29145516 60690
853287619 133532
289735881 154976
341463203 20476
103748059 118148
148660545 196842
827404452 111493
82215590 13680
988758706 102667
977485933 99869
235268003 86602
251778581 39134
596827158 137495
891669963 42451
117764292 146326
87771712 103291
783482517 136796
88928234 37618
487972245 3561
679060300 112753
15859427 126403
336397664 147937
891951983 91866
856157745 178403
720572749 9606
956996310 76327
62473366 7283
752817520 110847
71655484 58828
136467565 92260
51624619 32561
745233947 20823
109094035 11968
188597639 38813
971521225 8639
487844223 57090
844399400 79164
410823103 149232
295787534 129737
466356053 83409
237135172 104315
776938460 45845
71176141 30386
921530228 128705
928910257 196346
870395677 189391
477547741 30562
992147081 68144
705048519 103075
594562964 194647
117447347 181713
333324933 29909
238273357 12471
733656798 46926
470323009 86437
42039202 6440
826410038 5985
711786955 94222
821954091 74850
440624897 109788
19636854 59281
529898144 28626
324846477 192273
630173300 75891
778526202 34767
926420536 79033
700399929 119381
460722523 109437
27180763 46556
796281729 167124
83285642 95431
416726474 18505
611308156 106597
141339279 64144
483140701 93082
773955528 92624
665419180 158508
117773806 61155
381786455 57382
911921665 63442
402693757 86173
689288501 80563
496745024 150032
824450388 157744
274591978 108349
263248511 108687
468620493 64454
760099674 34902
361369381 2099
737762853 840
36638884 24379
249836350 35124
429831577 21484
746386788 130728
822419897 82566
395699941 35850
766194441 20864
668611668 131870
109356986 190557
550006766 7719
114156641 64840
438330113 54912
828451310 85216
656390004 74420
101515576 185452
556879961 92605
730453990 145547
109773274 124490
875164389 18482
874372545 36781
664712659 872
540711445 114014
447936302 83955
498305801 146136
632773106 55756
13466516 164599
880897441 162062
691958101 8820
923911859 143357
968371460 199206
746813693 150212
949596389 98244
694207226 19625
158490339 49715
913203875 143395
376191293 13708
284756866 47048
362325748 5667
396537202 177551
848516367 91353
767795366 7125
952313152 81208
497422717 63579
747243790 1297
406860201 178684
115147109 19031
858358204 134176
886791320 42871
199435287 135287
892948691 127303
307558362 55465
669065850 102870
435791017 172487
50126940 12529
635585152 9157
446063392 143648
645518605 81654
131620686 34160
110107504 185963
753839221 87820
247613160 136702
116705894 93377
834852217 117828
919005644 113531
368742775 11003
594362504 179795
723701238 160724
779968381 194626
940088387 36804
807473800 47438
263514597 61204
565216171 18407
903093732 52932
515944329 198820
381698495 152746
259925124 181327
270099195 157437
67138343 69376
530110886 149406
401649399 24177
184984187 152990
380212386 38735
1171865 135135
703783004 100280
315293089 121689
368610737 57447
244346664 108610
273759618 111061
315528883 124801
799812461 157339
601605422 13001
333155129 174403
767679733 25238
277931593 25929
105596309 194890
475902766 36703
627442732 14678
718965133 77876
17772642 179948
792463207 180623
170345524 150946
908032733 11679
362461802 136562
185988509 64032
934473747 92433
48909686 71689
297431809 65966
921575233 36068
425459598 114751
203902670 172385
490119671 67106
233068853 94425
499262306 26291
670303952 64297
95538494 15114
577556688 9997
645249174 88337
698974587 153756
891532854 110779
889982035 53765
442919729 177065
72757380 108443
490018899 196441
204845117 26708
895501945 177587
65337171 82609
88777855 656
169068265 77660
40454119 102710
565717436 162880
93205235 31053
645310736 12127
926747678 87983
7463365 40289
652676590 67540
885051830 114076
981814551 99197
29871674 170181
814045769 126608
761377583 191324
30291115 84329
504848800 100749
997405261 63144
373112962 164041
488903942 186356
231081645 158126
864993217 40985
437196147 83665
344441 8448
317662733 175876
739190353 33429
818025625 89648
717473130 190896
509483352 117964
374134978 97018
819721274 17818
476014855 167432
423167252 89125
40632386 142520
153253383 84747
930364104 7799
859177034 131644
940437227 72461
773292340 12524
881073237 54000
894445253 107633
331122277 139935
45613847 18851
383784787 83069
800275626 36101
593313839 171361
593223843 18928
282425904 127404
689334779 160325
546525286 5846
267258326 7957
250468125 88674
595560394 18417
934166065 111459
588611203 60900
244698370 51434
172271489 125330
648139004 81410
485877519 16836
528110499 10711
140898666 122850
796621654 53416
870921253 124269
392471235 117351
667854988 8555
195343701 123919
545536535 110385
412490915 54704
60754298 93617
786508886 97656
16355563 133198
237075786 139556
634943987 91551
484572170 26679
271869464 104536
154650030 57533
258594896 101009
16831677 175205
780616994 197397
167953781 177114
847078045 77684
794371691 113241
947724803 134374
153655525 67021
256246310 170286
109486162 194470
666222343 87950
456986179 93116
254994969 146016
390851592 97875
607283303 99878
236753865 148739
591362224 114623
56342892 47460
765952965 146582
741383658 129213
163104062 26020
4369513 77428
186143902 98820
796313176 119627
535460599 90924
172725142 46827
817898129 73096
655571275 44558
514872254 88476
785651129 74390
659828073 140874
430731483 32353
207121033 65217
607851463 59265
437334516 188541
285281494 112234
625406535 43813
873593606 92205
781721321 6946
242840891 107758
903530627 157865
267029399 93937
986281760 15837
167809283 184178
373288235 110747
311315348 120054
223128131 163775
599012291 64620
160448906 115416
99552231 184424
302049945 149011
669182854 4668
490632030 96490
147171674 164090
433691637 182684
241179071 58028
749636177 3510
379924602 18167
476560832 180587
596187586 183788
45357627 178014
185530047 58309
280334040 136091
549507738 192307
512374554 19012
455989814 196307
808097890 138396
253065957 37666
745084012 138258
617566327 79335
33877999 93981
835865059 84671
107140671 154983
909071693 97340
821686372 25122
323690108 101156
491983185 132957
913399622 58459
57573528 19776
193651998 43130
564157193 147283
584960354 58250
795656966 43796
202631952 75259
200257158 55351
4348238 69547
628928355 40944
581702469 26610
342574509 36876
406285489 163392
133964281 56477
952134835 137526
704229252 166443
483553702 191033
17383961 151857
513119213 105817
580702615 20270
193014484 104440
755327651 51308
401934564 45262
550041251 83505
674471220 105187
340599217 50445
733201235 16307
290368911 48854
794384027 146609
216325188 165736
355928236 185779
115587741 129617
423292094 22544
299793485 182710
566805220 84855
903859310 193137
728929587 166767
203658632 19156
370205526 50762
34418102 175534
496587238 57154
210319882 124015
595254693 88955
308893997 155487
607812706 55191
759941282 139151
705701271 121871
69801631 85362
942911120 160958
860501016 14156
749444996 128929
567281285 26749
673589489 181062
723981946 190711
963799723 154159
854748148 141895
151778543 194134
693133601 91926
30049425 166735
487417170 83425
234242829 115702
307633232 189586
490216562 92267
166385639 29077
288512275 108608
288878466 192761
56268897 102211
582796439 145083
161440172 68173
503509946 12238
706661223 197416
705758105 12440
319896609 42543
909782556 179137
773446928 77945
780190874 600
445106613 147852
480702834 58194
585939594 179680
596194779 129668
81253883 143465
107550013 164900
807520034 831
995195497 86088
965553943 182690
576221624 100937
896704471 104871
508699363 134190
238858266 63877
48327496 179302
637860026 18422
327235853 169362
825452135 60335
336336171 102976
451297569 70361
167485550 140949
610471581 161558
833833548 141652
109787265 9667
897968542 77595
538096518 74441
735061826 195727
851814332 121032
436420119 160633
421222668 29252
460959987 165148
169332897 152167
248242740 24194
845381328 7183
747002197 116684
740661629 7310
212419313 61482
16903711 179226
363632142 183992
493490181 9324
692522913 197736
719649516 59601
847238454 122595
819945774 13477
985718501 137396
567671615 192576
746084709 103028
162540068 138693
715028905 192017
425557275 117996
811567825 145094
953168726 36581
553888340 171
883381160 24733
935388227 139652
976722670 88260
89269206 123644
611981039 51583
627301815 117137
439467751 172332
801252724 95070
945400523 162627
279296674 132625
10493279 46946
795425040 134258
644526594 144027
505610474 178707
310833432 38978
851145635 25122
159927548 96911
18357803 156410
363066784 132984
817342601 163976
93426250 23101
15779423 5025
492320866 167272
681474800 116635
308459533 108996
636114741 174879
886901292 166189
135532752 176026
700062976 79042
834792716 195644
915466605 146084
973011838 183150
547715920 24894
291255223 176232
26734877 48144
333085787 24127
296027159 63658
972434246 197285
212259493 102452
300261965 42283
30638204 145128
220354658 98880
35791493 99035
298683281 68022
862942610 45370
473126845 174722
739211515 37265
683115112 160996
769325762 562
399390703 35295
576659271 101239
175618298 114715
61078224 187581
458617953 108909
709213390 57324
228084190 196082
237240029 34773
473287484 190115
891006675 33995
3786087 1541
144357188 168010
539284364 3223
415800045 42077
410405322 109311
357795390 54419
553156660 92615
814502639 179227
111132805 81917
787452686 86101
409418170 42791
190712587 166459
769615092 75640
716335490 178640
555546117 15960
534825156 138241
935222544 42047
373308234 88702
998696823 192898
306658517 26233
328525729 87803
844577150 194463
492249145 64805
775253366 66665
935903239 156603
375279341 117900
412327968 127611
341967581 144404
489674732 17117
819616664 87431
613159131 178473
207174694 179275
789398040 53704
121184446 194075
835933641 108859
332457160 152571
408202745 55961
508015937 74233
719028994 130280
557496683 122038
501348737 142216
974636388 37683
549542251 126610
796828958 119656
398570995 75019
731568357 165118
571903268 52672
92653233 116900
336876169 21538
776301812 84319
511391606 73573
15217098 43065
599916607 103486
623084046 46711
814796209 175099
575773857 19193
601852297 164081
900511075 60397
829075921 63351
493145753 124485
846430230 73260
888467805 65511
799928026 13696
449721470 52662
692005845 151291
829526104 129661
345478767 196849
997751937 112451
955494801 50219
984008870 165970
899981235 24969
951519742 147989
974292630 31126
206793106 138842
780411435 151840
132795773 108655
662468547 72728
108840623 65114
334397319 63320
465779548 86626
190710738 34900
147468449 89684
474188130 191672
885452186 86113
752106772 13531
801979592 58371
783534468 192791
160649005 49584
637797128 180268
734140372 70587
822890917 43243
239439003 177608
632764768 90291
610553749 141034
575072123 139590
113198612 148045
736147613 151451
492863016 160889
566821391 119012
344728373 133062
666854115 117436
713505385 55974
192528031 5040
993818849 132072
859610545 182943
564738067 12065
285276362 187853
46460274 71568
136038277 5452
137249167 2653
452689309 46280
345471165 164614
421226004 51386
30831898 20621
894306003 7862
450563735 63130
285397714 57948
986615188 100262
545556658 127248
356837363 188080
244744943 94486
910442141 39946
979606550 6753
279945144 21571
822056404 124119
864031867 113454
752245806 50994
652339967 35952
158373796 195581
191796869 174130
841948618 67043
865371730 108830
704753156 94601
859025220 36966
721446422 71568
535300818 184113
991978253 8016
71014987 9950
117947226 150787
69357869 85640
490952392 124638
424257992 37334
712082442 136777
455290554 121001
573791292 112634
808083378 36195
170440493 82905
544333013 157191
556545828 72093
881088596 104327
336972835 178558
273557664 26867
881823668 184915
81420892 62500
819502750 194965
138801772 10959
554116091 85103
354790886 87696
451834660 166404
230913189 157179
289623662 154385
841307424 195388
393441616 173120
604315833 187008
78967559 10044
618205097 11882
748483643 4289
928941799 137804
240737714 9596
281576896 152326
474929244 139122
981565694 76212
542856939 135931
375104371 109540
505539866 131799
367023142 170897
910987446 53542
4062492 46825
574389685 116096
852790803 99675
452819059 118960
483168166 40757
159027967 43766
407266820 191741
21947418 11582
597808824 113101
256162238 111153
566796445 15479
703434236 21729
69113984 189813
992999411 138785
323436914 132360
446180588 96179
235050822 100045
951971102 2806
764397516 86961
510090650 26844
433902634 102424
784459943 159742
758190694 101729
949957616 66467
92261191 233
705363236 125816
90370524 125920
99890324 144677
90137515 17364
701971684 90380
109314926 74441
602256061 41386
976193951 71477
571126025 91887
967916030 32519
751721528 92191
424354774 47751
122901419 69410
37560381 27245
507880427 90213
279222820 144224
616061824 106938
81290226 129854
531047337 29290
476874517 41476
535638332 105244
287056075 61365
605488897 91678
252119994 127794
336822656 138427
179165812 95531
979495136 108785
695909857 187517
136561304 122602
883087470 195279
478443634 44003
814783852 124545
605835782 57847
612438824 16752
381314559 182839
370918087 41823
598084934 14664
248859116 13352
344403436 63089
206142911 148590
858427374 81640
186527477 151068
693092116 143579
650654167 57054
282094004 115518
707742404 65126
636921053 124567
231161721 2485
98276566 105630
809713341 115639
326188108 2268
255382783 127120
809069483 31999
827404409 53464
327330464 42153
440767030 68320
731906004 66544
894136720 44699
6685082 22168
899828169 42252
521497119 69852
276592279 190815
567606303 28154
864997837 124896
246812892 175033
111637934 165465
463773274 172406
516365373 96111
831641782 44264
241916670 45303
363950435 129971
181396501 114575
534893707 55229
112943231 91710
847418914 137680
200482137 185803
615111327 118626
610962786 182791
697660292 126309
349961346 152405
122843229 60719
170786215 56133
185541433 23674
521616785 136962
61076940 75098
235762564 102479
812922048 110083
768701491 100274
353931005 178010
702599391 190409
923204178 20888
268998857 58138
958666844 75408
482685774 15490
984057407 72392
750477056 67855
417592913 91681
565506819 35162
571397543 9528
534573687 12378
195612621 199896
38805318 98420
660999323 164457
832966794 15725
740192885 112277
552047796 6788
943360051 37526
955341324 5034
301297841 192335
358290432 14690
433478250 83259
397153580 36787
228927343 26572
417734696 129829
111704947 20146
350192169 124283
814656369 77353
484586704 148065
358612736 188589
42262152 93785
58301944 96146
320676091 173664
565382646 151330
603666688 75262
222275811 187957
727036661 92009
281302862 87107
968723846 72403
528917986 153908
896327085 8992
4194005 16736
580797837 2744
137836883 91693
715048924 155046
655102259 147496
142091686 69653
914570122 149268
112932174 172323
366645546 151522
650062327 107427
930536162 144710
537587860 127535
261811644 63291
67454261 107136
274270306 141117
291033193 95987
972575199 82163
792061212 122573
401238492 3661
193338655 129821
21160609 10554
651903344 197768
316138718 57853
369222063 104631
430350298 58606
715126101 194608
475720311 3474
696099305 38127
325792957 76660
722428122 32030
586360480 19918
868179302 100793
124654328 157152
384166232 71907
423011677 146909
770336673 142281
985266755 86505
792883446 170105
675691433 8484
946543461 106451
826607156 31973
288583453 49357
734427555 183755
512812105 94632
45366989 37803
783229425 8072
880403081 135179
817805978 196260
267161130 80589
590541513 7548
550077929 58942
687589654 4371
327400123 108085
189459189 22707
486174422 18908
75346191 39745
652940253 19057
753729345 169296
392957250 142827
767410853 115090
288354164 190788
929714733 177496
715912743 72949
934881855 132136
557426963 140992
540684110 153352
424995779 77408
598501926 71545
160387307 31674
807267383 72720
749727095 154997
495278287 179895
342001774 119736
563588794 56428
38853483 46265
947466586 111988
596393396 67280
483674784 12303
711733659 83948
879062011 70551
97471751 91591
784516249 169851
100979246 80660
474117819 98760
819005581 44441
938765019 83385
435315209 70920
725028055 129832
606135183 6326
670816265 74135
607292486 192004
499647132 187040
768311390 123653
822624158 160482
963767800 57605
987270026 131247
673917721 81410
125470992 135732
369196108 19023
810119352 82993
230214212 30739
294621937 87917
651154302 65744
635013203 101241
854624938 78013
989693821 165167
610558886 65814
602071404 28
68520877 72188
134616293 138510
462538501 44486
170240949 123320
264412239 48899
211367594 41237
840810408 98562
269109595 3906
752844783 109705
33742279 133746
217811121 170476
990389404 159340
57064008 177231
86811571 61406
174146482 160416
174773091 53202
841604030 107500
716787844 116750
682954999 21568
612960981 161141
633084001 197096
501569319 159197
232006139 91248
630144338 5320
802428569 71419
802813272 159785
270480608 53333
474778313 33184
861332670 47938
265451276 141452
333371020 134026
236187454 66725
357766304 163462
603935165 169322
865088581 134863
160430034 170570
806865297 6195
380817957 67997
159984603 163081
733299477 188061
249874569 12916
222767600 165591
289407478 189349
898255376 9945
931509713 86084
748748997 55924
290467996 137985
984948593 66248
337953734 51989
465966850 41251
547644285 185876
835424984 98009
710558976 157166
960839274 41743
132393589 172011
617125700 136513
935723462 92516
33125305 37414
949903251 199538
469445755 154338
193070085 90731
347089832 16062
183980993 158248
253079928 182083
522955733 193905
227661745 181240
18794147 115170
988144523 101249
281405088 116148
857174095 177877
916552060 166539
532687530 77058
373555300 46742
505988115 50264
461409900 109236
151111345 54618
616215138 111590
598847171 56698
773712116 183433
653304224 77420
556565572 80394
640425381 114860
665205404 72461
655570987 172468
393266853 76343
91986633 149193
759513929 55588
651876956 86122
325773458 70412
188560970 11287
970582726 92961
893767246 154183
189110640 86694
664391844 14682
76454737 151847
821648017 120318
892530163 133798
74843338 122139
270222708 96783
655105049 166464
387590971 143573
335062049 31097
733864331 77248
82548245 179973
607885981 33083
475652824 67014
973203670 116052
899018592 106351
901675183 127536
45981376 96448
412657451 2050
371375628 121314
606941842 110028
233908519 198250
774444957 34994
180795966 95439
170679337 149552
874661871 70277
437772395 12851
641836852 121812
842433524 196742
232878437 194031
674101256 41934
842008731 119021
342439612 126192
269138773 6128
576489665 170748
824330845 64569
510500118 97493
335087779 25782
30284159 101688
827978369 154858
431154797 22502
357961889 6792
600507430 74388
878375438 140387
625523866 101784
682991401 3023
371839768 77254
668178529 149764
419279178 78059
640637598 90064
987739507 138809
948483096 185492
238729343 98455
701712224 174021
848921077 161716
359033326 102924
704092090 185281
54392486 32727
359732299 196528
501733045 193198
608353184 192874
657262213 17755
282897743 94356
342923330 193892
780940287 88922
749669918 145235
445353821 170361
916774537 149202
907416599 109779
563259494 102620
556587178 24681
422346067 14565
855914826 165902
397125503 65342
656086877 171766
540813083 158602
369505290 134561
31513320 168628
272333355 116315
493279881 32171
461877860 100059
545745211 120543
203427990 94703
793965122 142117
893132986 178059
929135415 183802
779022829 176862
666415944 138122
638798965 10838
894647838 138942
461770984 115244
540027965 190895
790418254 184466
718145745 119642
979356644 161110
421929524 128684
732101989 189725
708129838 42447
584226445 77625
347068630 169804
728218399 34644
45797214 62915
684888153 154622
397994415 16699
888478051 133344
527592207 76797
443172123 137111
160600325 41771
977956392 151497
865979497 141881
413337195 195526
228935024 21897
679786711 16522
929125871 156539
303544767 1065
472631438 177297
371031161 143468
306031226 60811
31800948 4700
827987479 32647
21449595 136060
959940 8953
953127235 25816
977063412 127032
52473461 165180
402762366 59489
183112373 108283
861690398 49253
109531708 167602
574103289 160802
732475850 83415
674137419 159765
508700608 190872
344437605 188274
511228009 85812
59964641 17755
219445571 112910
158345914 86639
931753507 57313
155312600 15930
753946798 110981
231772154 111992
590248422 16733
282692515 97385
729438568 15285
964508483 32439
920239270 92250
410666834 27979
233606248 53217
998700445 194172
506181748 56086
165543463 174564
629777745 83466
658823531 47938
7933387 143379
997914516 95948
289115317 142486
152918842 11262
854352531 172406
188005588 125269
549876217 28144
966426001 9880
5745552 134609
897938789 185745
583732203 90423
471561549 34046
928328122 161074
275594959 37866
17837557 147595
841845841 191843
815681130 184393
847662462 169083
162533106 177513
208594711 154409
417025899 103806
649747669 55871
473998264 148923
514207174 64738
160907443 161795
663039080 89472
423782211 191931
946368961 61824
351806006 98629
338294832 3492
136106692 72231
212782624 136872
416459040 21241
572407948 115826
295911835 104609
572007256 197278
238099952 950
692096114 35943
276250587 5485
90402236 189900
338594213 40862
116874436 14800
642738445 60894
394015951 91807
843391045 172459
372272231 103480
476010323 104655
653653819 43797
886532303 52925
694989667 82765
547600355 141820
342429593 143837
736895129 176288
850411780 1538
705058804 109276
708877496 12635
791902149 108570
421122584 171605
321799667 148397
458857375 29467
704140809 110468
774822825 50071
71838938 37978
847176378 191785
807097202 168800
538787066 197075
818783689 144795
381254698 189587
558211229 3461
986127462 1338
820201596 19632
850400894 51894
417031156 60420
102151808 32078
142521688 49799
149940339 35541
38222260 199030
184994057 65801
151394812 72084
611131326 92638
967293367 40043
798506185 115985
827101419 107087
360737258 83922
967870302 19036
906871227 78679
105312605 12242
23982963 44053
761912259 87098
146743376 188006
595979704 188482
648455067 120291
662775238 156480
78048410 82942
483646948 129199
602448048 18779
755836988 92545
975257384 9304
36532609 110046
872727385 100840
554972279 127733
790040770 29858
163903460 53761
693646153 60073
400221663 180389
381094182 118938
86279960 133353
549665126 114484
333402867 117470
283284237 114838
94155656 193545
471692502 177927
187236034 151053
827250188 32083
692767192 177638
536257307 23687
936487666 92736
41554680 56788
875078081 103013
544527920 104466
96329968 76227
28763107 112339
755027745 168018
199775233 180171
83300339 10104
103944146 8170
215465869 58171
366068268 47282
896833854 168728
344662830 119400
795890845 27497
410269750 5460
357620795 121867
925556599 44149
23255665 86340
173842591 5558
263752081 160871
138053140 196828
383687862 168990
169015108 45080
755518233 118112
548324368 65946
657120920 90606
966516079 25735
659232286 124206
124771194 36710
194597878 2648
45950108 15372
462055868 132060
914206673 188604
631574451 187672
687257155 39895
355462374 30722
294525551 180648
706564883 95790
560266795 93986
464370537 26606
62162942 72941
405590566 26026
293101320 138268
319085257 184414
236446486 94119
571348554 167203
346212706 46031
37234269 141004
990224197 24956
396500474 179931
470214761 57965
144858925 112995
422770095 9715
607808689 196591
17310039 196307
570093610 59980
481889674 95417
784562808 50649
872567541 55405
41497183 28993
739567189 58317
333866247 30834
576197765 143642
92083730 153710
615315643 159358
200182562 134972
126866093 60771
189869960 63645
181187832 188355
158292516 86795
338309371 137241
258216612 128258
848108173 156734
359933127 98195
432295743 74710
781349039 100956
4177474 34854
334495290 171781
270954183 48583
616564237 50456
661454668 138755
47153302 152955
563680572 1381
940321300 154439
143414111 141366
708589028 126748
889681359 147067
588462231 33306
793889243 104266
534665872 5062
591614595 119836
655560690 94557
655406258 46780
591597235 38585
127447336 23714
441801663 30901
833263473 50612
498457153 112314
397763194 78049
699710923 40517
153670189 169132
713312696 108034
335554610 91160
781395433 122004
815288573 35841
857184954 105600
956700276 48265
28968535 34802
773731230 145771
328270071 92198
87221682 58984
864637097 164296
486342034 87593
336288704 152227
526882016 104163
251757343 14075
140815458 182098
979516824 36113
625684918 166021
337078783 80781
363657899 167884
428853349 192531
622358502 190494
598457662 26916
393132556 128428
521872229 55499
578292030 168843
220426583 30341
926055973 169864
917628349 192623
684388278 96549
161510891 98082
429747383 75828
57534404 31477
628018076 138891
272565478 36676
593824389 72394
368023127 100061
39276307 177814
85951387 163891
311624630 166562
430398130 95461
598504979 193409
657392948 124199
290248726 114502
531191762 163370
617203554 61666
15546317 161802
71738701 188064
967798851 33610
681491504 18689
863024330 97519
781145938 191964
994081574 21859
672968613 89474
724221945 4902
529055638 12717
192402617 154459
895232232 195475
26495084 49186
634834159 7101
220880393 19814
634113904 99944
622547171 172356
472383787 193081
361961791 28557
612248470 72912
971584364 13337
309244174 86699
576778477 142388
775783090 111677
464370496 39124
639956334 80960
34400846 8589
604702146 173527
656850775 114894
549912766 117091
74000503 124614
683723656 102745
713237815 49376
990809789 116736
498717107 10601
303566366 157130
833964416 135988
719917609 184253
569533134 35913
8157553 192475
967560866 17777
657477638 160486
299013931 67452
581121191 74714
56613663 63062
264361907 20691
792613854 127375
810014103 192351
704091815 82308
68892455 76010
374680288 116521
820541275 45069
674284340 193879
48400332 48216
268600886 67979
977672545 91765
63124144 21881
63124497 20672
812036352 95468
517286924 138979
919985396 177048
497686381 118097
801477218 187369
248951605 37666
52995270 124154
80592661 140212
460326681 94236
935422995 9756
427843524 6165
502734229 107033
761177673 73619
373335705 59122
135041373 187741
202907435 50111
445840888 33410
347285939 157227
213822645 185018
638328311 172729
814554836 64872
444825240 9370
224989299 95081
355541705 24429
310161474 105449
773134438 161320
182417963 93727
161211475 58322
257726415 85879
13634706 23645
945768580 191468
381168572 157943
816120904 21215
938566342 173685
538128091 65170
146732945 27034
371094785 106068
384834302 131434
849394497 146386
216673290 123040
302559943 165853
392342756 82813
50191178 34385
707251504 169507
683048756 68676
485612341 34598
181232309 199776
605207471 146735
585868091 28634
113261611 14589
263014726 148142
654445017 83629
80081996 194603
215050909 154785
455969055 191914
253376305 79466
717976002 120018
160009741 64758
703045588 39588
795778231 89145
976008020 17577
773793634 39758
89778038 70396
947245721 175426
113829810 101798
152571692 111037
46309896 66897
456497880 135833
760846646 171038
720977103 32281
292765514 176606
190359887 188369
943526763 24252
219761994 186713
300870648 68954
509856920 122525
831945075 81102
629340973 54321
571144587 98405
80733129 186970
991185964 132757
636274859 37289
834446805 169205
451282890 197004
155412599 6215
571603857 14101
372417114 46361
786425708 56306
702649714 89431
816670985 32358
487199765 72318
155100320 78170
872835837 89351
408027878 152238
694548818 166429
873496141 71350
128613530 80120
513646972 130526
961090291 113227
871697874 65267
488955432 40169
315350265 183544
176534531 14880
479996563 24549
636935731 135097
622816055 151412
452759580 197151
109724118 71896
341247132 66118
201848346 162540
341420323 153894
923641370 31276
292026927 73157
66878239 95432
357922079 94263
919800508 32334
48591918 20811
678013787 33345
93372240 10237
564415231 91565
374305321 143804
520005164 10770
844995094 175498
665518275 144259
908827176 97236
767922028 67505
530357796 47256
28234074 159054
953447716 177908
423907996 84004
186779771 75950
582620903 31245
517067113 101382
176499443 22036
792684787 64420
697350229 66758
228343014 173165
404598203 90761
485975524 164810
206997172 14546
68264900 181141
230027635 146485
956293707 54237
180290689 66489
269235772 50234
969369813 110196
753794351 61486
728665526 181779
57244228 197348
13889480 121477
454934617 166911
393899505 137272
996393213 126604
929877586 21863
892617321 76371
843606762 66743
173109644 113208
219252481 52010
650123887 150668
996522268 21958
838665200 141125
740515860 88180
346325415 108111
904503522 60082
619888457 71694
957332407 68503
94326915 182500
750790520 73500
995145724 109342
626333204 11833
406482731 133764
767543983 126123
207066579 27851
64472767 168737
186616273 75123
478221703 5556
40637527 99117
789456240 149728
896099355 37985
93801421 8549
9828807 153415
334679225 159677
227691746 127763
937249712 58128
8146401 151551
676174200 71047
668009889 149300
470330451 186251
709656215 49328
318314483 118513
224572529 36051
686177644 160435
952872972 80184
339738769 112593
541670365 100739
170388663 113222
365042398 87427
317383495 17660
332563684 69971
452877179 67015
697358868 95028
336541886 157447
29910113 112668
85360567 125224
264956637 149132
719118200 80585
623466526 119369
928623489 59888
951855527 38728
661433656 55998
857915145 17852
251504582 76011
586682470 53328
744368245 169261
677531185 96634
990305653 76185
618055892 49098
93904515 7064
899593029 129896
223937626 3046
31023852 102181
116613713 53826
786598549 149559
323346114 160215
602751259 181422
859524154 95848
390307996 65012
528053957 68158
791737601 157516
325985138 91778
801491393 34736
987530312 182647
39299789 84108
681072481 168025
899625559 195558
828385122 20908
23548975 195462
719417918 133613
927457627 187817
458826976 125128
872813990 98796
298111981 180656
930083825 42017
338530457 180584
413932748 115418
914061437 95709
907859110 67713
498512848 34220
649089718 79338
406029237 72639
861893844 119962
942431842 65743
789002263 60225
478349925 194075
378584220 150120
340452601 54452
291969507 69727
574173843 113344
813143828 161419
114933005 83397
909767580 50053
629476348 194566
574826094 1379
492198491 73141
850119023 3583
32253824 85015
832836896 88890
238657322 76001
714474593 166288
744494166 79512
35186994 111807
484046619 187674
337061574 119243
461349680 81149
732753819 167945
991891689 71178
44227588 152689
91721251 22920
647802586 124852
260606446 168573
201583844 123207
843371459 179127
314617085 84817
960306370 56111
492410972 49180
859262710 112314
572566030 194890
573299198 13348
658672220 16455
339334427 145552
973402683 195109
567264056 187162
3646068 149247
505466625 137310
224463608 102240
606221628 110545
666468155 58361
663473903 16062
795334526 74959
391782777 50310
279235648 16092
933931020 46760
960969334 136608
375053861 196309
527599243 23649
232207324 183002
299638581 123285
21829889 70819
261548237 158669
224555171 66579
104749148 73425
439838743 121471
786270019 20758
105448018 160174
493177893 17786
541748960 108209
771460830 22977
451070934 171404
859212610 39151
745192172 194099
598628022 8035
278061938 138643
781881538 16247
425158025 188475
668134092 183317
635366690 96165
465792381 102734
452371301 84446
100381909 176399
577265108 74182
839379016 148057
230765056 195310
412996178 38972
978641227 196178
914253587 175047
880230716 145815
907136123 80491
181995846 31515
256950408 135552
370126791 116906
233945122 160944
824793947 121516
333126629 174252
578920739 86413
129420390 14447
321326417 168451
932363699 71991
377587606 21769
240359379 126593
428830535 23053
197602415 123916
891723034 195463
354943204 75408
354823902 122776
939889752 126528
65743524 50320
140898040 72291
67351857 87991
101514817 44777
982527807 189970
685726772 113709
824275508 155856
502217336 238
825119051 147011
46905980 112880
18851389 163485
545487680 27398
475438779 139464
647729189 84863
565580378 32350
885732822 64396
147199849 12383
393865857 29705
580169255 168562
553426136 198305
624486502 199986
533628406 127627
399144290 31587
353770782 33887
448695586 13895
186068955 58066
155271078 51935
293444249 166512
842303892 117705
399129256 178075
470405668 41154
154153529 152882
108969111 1464
210258178 39661
563980446 159314
446756148 77587
220864841 147773
913280394 117080
137313053 59821
892996018 140880
182909023 20371
134510105 158867
793294002 47367
800169678 192010
758242901 144093
867033554 63768
507830271 19590
136151656 40688
320195181 125154
589194644 7150
986582713 68612
773349435 133862
711570304 2161
870578711 63411
711947610 197856
503543523 49217
450898483 129259
618859403 141394
882937726 123421
818321143 179019
559451508 106328
106289169 99466
77530157 166881
681023834 110867
190144831 37125
567005906 44448
606360435 57729
281851304 132727
237867275 121586
843479639 162216
415827042 141253
601613814 62318
793061175 47097
860468410 67610
910260523 83715
368518713 41171
992678567 156124
987701667 115805
836321194 163607
775579909 189113
530731259 99063
62542434 99481
157273420 93744
911514705 131588
742379908 30195
998143336 58561
379457976 170804
494799727 83872
638033423 150752
815067978 110213
485951920 150865
154444142 173486
445736364 170853
436479604 134758
380082582 129501
73842992 36332
114881230 137275
253091326 126139
956989737 152444
206569434 116420
804819114 10411
619848585 159639
34120432 199107
222161043 59693
508817214 133908
408239825 12857
678967009 178218
268403162 181868
329478190 135314
277798949 153135
771524833 17799
221577260 21801
447090515 157460
287498411 36444
780332349 73139
610391996 61686
906818648 130553
603301605 184473
335554480 89592
818936624 179611
644770586 120838
8824959 23783
14804568 54553
799614927 130606
253964059 37143
884463460 144826
195202661 128485
149991616 18683
212257219 73634
340834959 179904
516680211 50877
329156530 173075
593401253 76700
921774349 98329
115580082 137416
931171972 161353
224205570 26756
570582766 4281
228277584 82401
240725660 193770
429370203 127563
368116556 20593
343899603 158476
718224575 192198
992296187 68864
280687819 94554
915870772 114208
14149009 195344
489449275 112124
609336376 55557
416383749 83975
543016617 131399
797960268 125155
944855759 105715
745211166 63019
941101933 13002
300032686 15570
848567920 133058
138950555 191215
239849391 189548
223363805 125538
814549814 13925
108713352 136206
959249922 162966
219981336 52728
51856147 136758
817765371 160250
971601950 134617
241990319 15706
804194674 72959
996074310 171439
288477369 42626
259851207 61052
612998472 138479
492873978 63324
576022385 141741
771619557 130037
417108255 195157
169318023 159023
775436320 78631
697236890 45580
865414375 188524
913168351 192034
380160426 161547
213890336 104965
925838433 39804
194552941 133733
235418023 124009
70804625 72427
573388718 128847
900012119 120343
72089079 152378
795416128 108726
543714622 43613
725472201 78008
11531421 34382
951455908 122012
614315180 17174
999849599 105370
182916871 168431
717749236 176743
318104039 154012
668569351 173760
861757161 66637
198398153 45105
988953327 187960
825323844 98043
658318584 92103
151277262 144740
673217748 24079
501298420 112821
615656367 156741
300392640 189104
173341205 157307
21774539 90889
382721469 143541
853859547 192059
507856645 67743
464527820 46267
484916485 16441
518417352 71023
425096386 53137
41744877 62414
278294157 173637
241861435 186675
284263050 140033
765281317 58302
463032028 189742
265966391 155247
545234226 74397
76082043 50763
665990296 92981
778731209 146038
557934765 26519
778308868 36600
401474634 163076
991279192 144069
170465109 65848
244891618 188080
27332489 20596
561131984 9663
400177080 140668
863875882 111169
483499628 105195
912929939 154348
823662163 137200
669630971 13296
398473374 136267
330714855 9272
323505708 81975
260194593 189098
419404310 178243
146085998 92616
530799776 28720
955265833 46476
601785565 5698
418512550 79759
592809667 9615
762941504 181901
647975168 111345
278819785 184063
151643909 150456
333062100 197192
39156699 38446
552300938 126790
441342891 55683
733642984 61526
498173590 100114
265360755 54285
175571757 176456
86493269 179996
151265955 30111
991179536 24675
569486501 103850
882625150 107504
212984724 43996
77027698 107893
250727717 186603
226215718 81774
432263043 42677
233903426 183554
607792495 28404
959072655 66498
580736607 132546
705014583 33622
238976952 176640
978310543 82211
188199685 197108
926814577 45652
20589835 4434
64846520 18119
572398249 62865
160093258 186297
498336065 10411
407703104 166008
200109812 10560
420380464 50052
998469970 84620
716133522 53586
978969069 106150
60205155 45408
905789245 160263
778265825 37714
552994045 15589
884984544 89551
175075 27285
922434911 151748
638611854 155973
807785364 78218
806650894 54183
447928740 131969
292316467 164899
72545517 29209
7866665 28160
627544112 101912
218239473 89610
721268093 181375
778276493 112507
597473383 35946
339788711 56556
231076786 24571
70287765 95657
920682696 55746
900916777 188679
993913788 136726
930991835 45292
590855281 17407
21133107 163384
426698624 5583
338483690 61276
798663878 16675
735392149 45996
616477148 124544
532187531 171232
378218139 11137
880109488 86940
302810143 27401
729922578 187953
276720821 49178
471193927 167865
387436566 194577
743963928 168609
852551713 93657
781680559 122358
182868043 52659
317574060 67370
772185082 156295
94263728 851
127341813 141753
760674626 105005
348632477 73877
292745675 98467
191972238 130423
257240654 49140
614485041 99444
904644046 112328
216462116 181499
670175144 63411
831377072 147635
578871027 144955
481200339 138941
316343569 74041
603800880 53812
746677421 6690
306202021 83421
286928008 170940
481972693 167040
965077389 94867
25785282 144167
68575312 32172
120024672 278
378564027 191230
427336191 114246
340516726 112578
793623892 190513
49947988 121313
594014891 178432
108586834 100308
538478171 153900
355309761 197578
676703461 180264
330025824 188424
647134621 116151
510745784 46683
988592321 150893
188220802 3313
571156763 176647
46742684 51530
345083051 895
557825360 5653
33519753 194672
287720199 174922
481152684 80067
456074158 86942
454851460 39313
862059768 97342
213682483 41136
237389671 86518
586865094 137202
200789842 47762
819602232 82668
26691476 75912
432409734 140016
833940442 36517
809318861 74965
600254901 94753
487988253 162293
981651308 27978
208030919 60693
731401080 50958
146231099 151391
301150744 138090
263372499 100311
923583149 146068
879883564 64360
5676627 132525
248850317 189402
189385362 83633
345263544 147231
355438539 132629
904453208 79182
221661547 99303
984780812 180712
808945621 142326
717125405 58918
705162737 129360
228098150 114277
225931932 7807
77799214 137059
78303926 150626
461474916 62917
483380084 5559
467821088 56038
159929083 154830
286381048 142149
620089099 145668
639828822 88296
179198275 178579
270570471 40516
525751835 18163
339075913 56198
897879800 34075
698913516 154082
112293363 42979
979269662 85206
312429249 195816
986577686 55445
9959887 183566
908650940 5895
517188431 48937
377013181 78689
684399401 100335
524822224 154504
495901638 178861
439230328 89266
369003545 62533
575389969 152091
847304750 11765
679069684 15469
996921790 184853
683891940 175971
343325646 140270
56347592 167277
824830329 78481
835680947 10345
535059356 106402
475343166 58670
290619577 96047
834225825 99114
685134545 158622
560855130 130914
248995635 38680
868217699 20309
769426132 154276
424529729 111601
673986798 143881
992419608 65511
648715214 99511
911048697 45587
129509801 49447
727031803 86075
793359390 123980
800434946 152682
804923154 73209
239202103 31193
205706348 124248
559624125 5448
118425856 61719
823793460 93307
373457615 128174
28404997 6003
247636360 107689
94195651 10327
72526339 3037
100768247 20005
413553482 177833
562800130 26520
137285888 47809
568698613 167054
5656844 34903
60861492 180540
112428076 168138
3362963 146473
648832399 72375
467746653 118482
748319887 31567
827295822 118313
552545763 65220
189688992 90891
39590238 149357
736809085 30444
761685234 144573
153229803 81297
986709754 166096
627013618 125169
457391367 176828
292244123 109040
916764221 68219
95062149 27198
345238735 25086
147564725 184598
167561872 118593
701167920 119024
859521684 98792
220398759 56586
235538992 36568
990169013 77681
954044339 94399
591026870 38358
563168770 133703
525531960 168788
969796281 106964
150572678 32230
478371846 214
355902641 79985
569352854 79335
178309754 93546
968247722 121813
311520770 139428
223537202 68990
481627985 117949
303041383 7602
137819952 8876
314310771 152879
989587261 87220
809464933 50676
660130756 153531
457814472 114924
936032283 99778
588315969 39845
766456086 23522
925464530 157584
17627559 17364
920372254 9315
176813533 63880
587371931 134337
345009241 21920
331229190 77832
726511906 126541
858315571 142677
97718326 83252
989345231 33824
97025298 180952
260792744 91845
36107907 183801
881653763 3362
571673282 50634
154276639 15510
2712510 189721
67015294 63123
295624830 10195
658699733 111798
234410702 62034
188062745 40887
242717002 17935
185432201 51187
142664514 32258
859793148 197150
311354663 116127
557749924 188785
694758885 18516
278457992 111527
516546430 173502
263638232 138257
16439222 166773
354722712 106245
964351506 68709
954551483 100544
525879362 136802
726566335 136024
81559239 97630
946284456 169652
328619998 114589
793135789 3871
745188961 132609
560694743 148458
714319062 133451
748346845 86955
136791057 199566
78316062 194042
276234948 144306
225124280 166387
935981157 104815
805073095 133254
602257265 107037
838537132 60410
867617637 183182
386491282 61823
883365514 162150
708076224 57807
840499868 29582
37050545 6248
195839026 82496
54593571 89617
548796087 32891
876333211 35792
738608922 195374
377276857 136329
539863567 135441
703449647 181387
438100699 171881
455026021 98057
806113383 195815
918199789 20747
6513948 77569
141031634 173873
709877009 82162
991047399 60408
41969346 134416
950183690 121721
414194209 99476
197623093 11227
921356173 114756
829569343 190779
425496923 165660
408663178 96303
792624539 148997
503957978 14454
255091375 127269
170004955 136883
241053476 143535
115546317 59171
133792512 83481
914174335 88029
350753133 69750
280854718 127465
323151670 153769
5081097 1368
244634662 183929
940512445 139361
381102076 106185
133396240 103374
588102646 170298
105124659 39356
695215369 172235
161984340 72380
792724507 148115
70549064 181026
224486378 101693
916572367 181664
31638014 17472
1714386 108024
995267649 56447
605165266 161988
804442442 22734
430396549 173594
479020302 136432
555053114 1680
400725674 102617
67143934 74009
973368624 178383
752967457 95689
952024747 94573
616906485 143833
528959281 12869
308736980 38332
532544555 100485
751740092 36131
951464486 199091
363815872 166979
667027103 193598
101879255 195732
230548712 44286
314460398 4063
112408471 2408
331876409 65522
381768365 118605
308428703 100771
926418745 89043
179315115 11328
42200765 131254
522297038 118467
840513742 149024
997273033 79474
988190703 134768
635982896 35194
140335792 52181
895191307 86682
494034671 153413
578641725 163384
936571467 52255
502281084 87152
256108054 193439
560604270 151680
542190507 158353
565974997 65264
419433520 60768
483077939 152694
280287119 57796
595439826 69034
391615058 164595
700838103 161839
819443944 33192
285078579 167483
69452187 4333
750513371 114863
941461534 187939
142800588 69625
75062001 157415
170478818 55308
809203513 70016
116254169 171350
551114613 120431
372491104 184690
344498329 59451
182665214 171067
358649616 195233
797913800 74226
791206148 135739
661494100 137390
202681191 189269
27516756 155902
873486019 61261
136089404 36373
322189978 142492
553637797 83664
532740204 47809
436788064 189069
629697545 73158
938623573 112298
130089407 106325
766640428 42088
182288536 101814
241502384 135072
241147506 131961
526325155 97312
495056639 52521
976451042 169625
638372177 122664
959174041 22207
326025242 65435
36413565 38931
595069021 188658
738958392 147581
563104770 136752
788483480 39257
791263415 93665
204243249 79268
695812663 135674
981576793 13339
184521900 71852
230510188 7328
477759140 1073
147078896 176914
375897191 98972
720628844 15323
640006854 124821
724154791 91826
946813327 102326
476523785 54378
432744105 192006
470207686 40794
132036006 62694
356823221 101823
359479416 124318
201392850 179558
905233987 143117
529838443 37275
112760404 41351
199648146 94010
359666158 145412
546302849 98241
781758050 139716
851809578 76675
926964998 46832
576036206 170187
31247848 133549
622099714 43370
495426084 174695
493393422 42119
358093696 72571
98411249 79825
497764569 124925
493025983 117327
848059289 96297
814333490 30237
454819298 149863
254073073 193283
216655107 130185
574695647 12452
405967363 193919
11378521 69623
268356700 133537
203765732 97075
18213054 57838
918704058 168584
835672280 101012
166910681 150260
876993944 18056
908291522 34197
990802015 77773
694192144 62749
325362526 70655
924764256 147726
918026062 73890
465100781 128500
150146048 81008
674147157 30670
503002841 118248
287702050 141577
564698559 136663
620332955 20066
546696758 107271
280448915 38065
375209226 135475
199257191 195176
554410360 89986
834914893 128171
687288505 147284
917265408 77037
59198785 148574
992583083 130330
299504742 139692
165528398 45206
622132496 17550
407899439 54939
695123620 12113
326525782 162564
710869448 22057
152643 38243
855614447 97874
931730441 78165
649372594 79510
218967103 116395
185333852 159950
360426809 89071
263138346 50524
392058598 123938
675419639 128909
350677951 140988
413248115 68682
605928330 108544
875619654 141677
342227088 86260
344527965 14208
262180452 134775
344811660 126314
140831715 88619
274787236 12326
271075315 157595
478091384 128742
824519598 69843
891944691 78652
605967292 54275
867259116 91187
322858455 179066
579558270 179555
628890259 69881
561388846 19490
937885376 148122
254635224 114560
756680874 162760
37500362 104314
458926748 36077
664055867 18572
731193977 153342
898748894 92686
443902963 140088
657590646 55642
885423424 138401
199408833 60844
434215189 86934
285197801 174423
158656636 105337
441014843 70769
116195896 124933
991946029 91390
452028822 38301
318570531 198614
98532773 32349
83406888 166118
752259383 99268
718227048 31848
935923438 114734
763661003 38731
616008463 195975
196104612 10827
757751482 72510
56708828 165646
699087330 64818
614154086 126598
857323195 39334
103337669 2994
958893677 107738
668054408 17931
487811390 197534
654139207 117116
406733699 115086
630909035 173859
44546242 180250
426078923 176888
387295409 134868
90637374 41105
662591423 36663
330262418 165096
954229747 301
308738247 198149
449559295 21834
675935849 181100
405601649 130293
446863641 47075
512290204 164978
543920044 100468
214607693 6729
58162888 14167
202943168 18515
522624538 29973
559853040 117463
671547148 165528
993408203 104632
198615386 118521
662610454 43142
710930330 8955
309026471 75438
77029419 113394
510959650 174555
857442254 20250
938615487 81126
954481931 26242
692330936 139661
756951702 78422
957957357 5412
479811834 172315
25503986 166003
718881211 175233
563582085 40852
960173619 36892
681566208 79312
367715737 182037
398369465 183366
293208974 126588
669466959 19254
197605913 97435
591718114 76076
744818282 87945
111804366 132481
877816421 150565
745076633 170290
764460106 65864
690727861 174005
728162968 163297
979029699 180005
87918863 135077
35962298 52971
753748384 100923
995595249 124571
11942769 134706
360224722 18067
289368722 184984
387071988 129388
359882194 25504
185314280 119248
246093869 62485
554772113 72037
81302957 100845
672051286 69393
246731993 53607
637554289 44160
751033979 132456
270977079 38738
966976055 184614
629745532 47173
759851744 168395
226383181 26854
72989252 70152
817692511 180378
644397434 58377
556129759 99126
820153226 179558
567989910 148522
802810246 197281
4289066 47268
456156097 3709
794411627 89894
150202663 8227
231908742 194081
418335369 184259
325186716 7934
997798376 3147
328866737 148772
177083783 27469
851782539 58447
867592122 198061
316655705 40635
834001342 17691
724365776 153021
7538904 43426
732323161 170100
377868141 48538
197788592 118839
561971386 85694
734511780 164383
465746038 152275
923662689 54862
891799194 65106
439157445 80233
676234894 193106
466175735 12095
603822949 190922
825814558 62659
322315523 175644
133731170 103414
603716836 92308
58961813 138492
883112335 32289
179801784 95831
604663410 120679
742300485 164203
275265150 113770
318040122 95789
523645128 57920
822487144 75277
958952014 39199
106086111 94564
875541395 146764
983408038 74461
653098143 25423
809805988 105376
767493816 106140
603921933 81204
291111452 141100
419076172 118472
124417919 196941
51935788 190402
107798493 136936
430254578 26611
390775342 154399
150053046 157884
992650167 187444
260180907 192156
802386054 188842
885476866 40673
579779080 5512
385783027 49816
527636993 123628
70877858 148176
353951066 174629
689030650 86692
930960365 133940
909104740 16614
804565859 123942
417428788 158749
508406954 63922
504111362 34287
463285892 38205
818978527 191875
980793372 92788
476110260 148844
129087119 8996
650478085 80484
184530665 161775
649098948 108005
544850983 148475
443702370 70643
282568764 156242
39832303 151267
908399335 85967
920860309 162915
992643147 2061
302783257 106024
620413957 28500
601938062 73369
658638155 81268
70121289 178337
100850061 112345
670018452 16044
553756788 159626
731513162 54485
144094764 62181
665694290 142615
851054668 72643
267141458 35908
245013038 186489
776605245 150007
516369208 170278
125275277 187997
904040324 58192
189325770 198390
426477835 125542
939153011 65145
307546550 60844
173766777 131006
93671143 191584
805747822 70769
247941496 20461
294150811 146207
685932185 63336
733772509 160958
988323830 176402
867783181 76872
827628992 130973
967529042 64017
284347971 64226
586455379 101602
273582020 35928
586926581 140327
642119886 153453
338627445 122699
618534360 111397
81907904 181940
277986728 88342
845239673 186791
338188729 45128
270606762 80328
526679152 153046
847266797 148814
943844428 71897
643582867 160941
491474935 165482
979765338 72122
49917443 29321
586581230 150514
504474022 38516
155492685 135732
27863609 42534
389750863 146081
141099978 49509
136308499 47454
792355300 19228
237737357 60428
889393248 21457
876997238 73080
474058039 63348
864312815 14216
417242277 46154
962587876 66121
165605030 167248
883208189 35008
845180709 96076
530431586 175897
55376256 55139
787406863 30912
5794317 71109
614595444 30070
930660749 38664
223579323 103616
672972857 53235
488161426 157351
365669164 7532
141807956 75146
877462267 4598
921792014 11182
272919025 123519
615276461 97982
546531057 177714
735005695 104092
892535387 32744
450012789 199188
277378009 64636
372266725 151097
685507101 130684
864224586 51692
622625415 155723
811989391 6659
351224947 108860
394170811 152806
733492189 4886
129416716 19508
97098888 3050
168898168 51982
396777593 125032
439390635 76943
151283736 130100
682991000 22652
95340025 11941
113285738 17974
802258800 183785
903290750 102806
245710747 59003
78365974 156538
646010481 129610
240256181 118554
787344177 126321
713592487 198895
913631069 187093
514632953 20804
459800041 196366
317941560 73315
18888912 21598
153688808 92547
864768266 157383
362528698 186972
822938471 115454
76279350 23266
231495880 9743
527112232 82694
390984654 22967
372848671 68034
795335266 167877
543448027 109381
306521002 17139
670688402 127654
154574519 28292
341571100 4401
172649935 103777
749603326 10859
486115191 103501
951371175 186528
270084308 30134
896574408 83436
574729450 32305
543444247 18760
366057951 166952
317062200 10892
970167190 109330
895016313 92556
937341091 111084
500792301 109815
78611576 173437
607015750 164952
501945692 123962
121564862 19534
962228732 62277
480708300 162664
176619189 28646
195278586 97972
877252512 118861
2741077 177144
980272565 124066
18518107 63375
128247616 65914
907128739 130622
259192364 127312
234833037 192392
556742562 93342
165894075 124065
62558634 66042
938037988 111515
314530347 146841
541874202 189783
606335050 120864
370955035 12595
519690967 2995
855070167 113720
773796248 166476
383743983 180771
390190557 134251
176071303 100620
773038469 85943
868189815 57453
499814438 157784
979694548 56582
460810724 159736
115093978 139076
487901033 172138
901660465 124142
98645399 75272
542890854 54770
216124704 146086
871669228 20664
9521099 32401
735838372 1040
240337853 131655
869724367 51549
255234003 75793
188021649 123367
774913345 124774
21185390 19170
880724291 159896
120420955 24394
628476915 176023
339159986 37868
37729672 153587
993896143 145901
816040644 126176
813864902 157241
239011485 55276
998065448 121966
368454618 32620
530399344 71801
619538219 143476
886052863 27553
6398595 40944
943395063 160238
954145610 6583
459806532 158463
286888599 112976
838896755 95605
525542595 103969
965134193 195345
746346567 188379
685867341 120167
929094597 23083
522515705 112132
665731582 154119
916015513 598
632333053 158896
71982203 114453
439580816 47130
154576106 114032
456769043 62140
296851874 101547
572048463 147144
46851667 99789
222919304 102432
858097809 70159
354344101 73313
566132918 46971
673290355 59364
480409871 43736
803069967 129378
934194918 84155
387336562 106480
512336029 185518
279434215 152026
65994512 127848
300668455 147698
698569125 178312
303125854 167223
911339935 81354
660103519 166188
81528407 33019
390097052 7773
178999465 90474
343280250 48844
897990957 11452
214409928 114244
852055981 198659
37003613 58356
766339471 121026
38775099 9805
15703725 187191
937450017 110805
833175574 127125
810223718 165948
45638680 2130
64158129 3842
470606892 6402
481931600 123868
793209613 101791
65689362 82332
434816729 35591
31491132 5443
161081572 183069
796144512 87917
795193753 121328
45593691 44586
554842202 124090
179477359 198644
910394458 194705
308887227 63650
989334713 165998
200762235 130589
347429924 158064
744889792 190950
788223482 162312
2566865 181909
926800361 108431
430321405 110503
167533891 158127
163817624 79999
927397868 167199
766039328 169839
525730910 126193
657110864 92572
172869625 40405
27125242 89832
600851867 140964
476904616 28514
746166504 142477
709200813 152235
695371018 165131
512257127 61047
62136421 52503
796029751 48768
983343695 37814
959307422 39907
328344524 47820
299181520 170546
947912709 171102
221389595 26922
370018611 17099
815110119 102777
141350915 17116
311660437 199121
264861840 59391
889516463 69806
572786212 47881
134898091 190162
608481703 70733
690332582 64388
937317613 179339
821413250 22681
628224595 3091
370719642 75110
344820483 181707
244503505 73643
698032258 52305
721099111 63888
421331399 1400
276715720 148731
699389753 74756
795063331 116179
705465308 182183
554620663 172263
742063328 175532
507728869 71502
13232386 59397
347252419 110241
114171467 40915
423487011 64491
70445702 4592
815290326 139789
769440273 103593
132403607 110031
627227963 190718
514919487 160289
821523339 16841
869808527 68485
784234367 92915
447410510 65208
343825330 118578
183276110 99722
682939049 9511
153501301 62221
194818841 56830
13984204 27262
48900391 153292
324421043 197988
669543736 2816
647382577 993
315686696 109481
293976504 191653
633272140 151061
481878347 103578
518051419 1218
892569540 68404
35454148 9392
997646637 130104
364507605 165662
500156978 66780
790399487 197081
621947493 190603
424896989 44850
422557477 112618
224653080 72451
421582825 86891
540188454 23440
364033158 15561
641284794 135734
673867549 91738
736813260 73277
477518153 10534
344451985 113273
666188402 153875
294240280 101301
389487669 76221
607071642 199490
875432015 115670
781671352 101463
140387247 42162
76121382 138202
695027460 46506
797319702 75510
132480560 1654
18214130 185429
171420259 177237
387661586 4160
893690024 156275
597722880 51396
743269059 73663
139618234 31899
817625044 144520
489409298 117005
819665839 36565
572568333 45342
749590750 153290
816765970 141795
606504471 156431
228669655 17410
36722162 50331
430813460 91192
729190815 164536
16027425 132488
812201517 90373
248042956 69922
198983730 175493
670365695 81912
173996784 41584
740197538 148133
409059147 106808
223593038 6052
770512024 3722
629933824 106683
701900264 179437
375479191 104480
391852287 61258
730188654 67746
256642385 70925
566817331 145753
980914366 49800
725297786 120781
939894565 9226
829130641 38985
917112035 161620
599203166 34605
126782763 137743
852002380 28800
956858581 74152
169845799 135815
153398225 85987
431919736 64500
892079988 137892
275768015 38055
159815602 193147
596099258 53353
667361955 168100
879614336 111459
628533663 123197
505232292 56289
376651308 46567
15472844 175555
247514101 733
271428762 87965
666380408 150938
338706352 37472
203487187 37512
579982587 53565
858321448 109222
203541424 54021
328364135 95956
729620515 104803
665276141 106879
354015310 157941
717749644 65463
148586677 136525
782905222 36777
909964464 170138
697775672 39905
709662379 186809
171372786 72235
512617715 13836
599695976 44908
895034678 71143
632374545 138689
391121704 162722
606212180 103930
665443584 102981
215667725 94906
947266233 33035
863680260 189120
846502182 77356
708433538 113182
899995834 47077
648330687 65019
768144185 44369
723323501 169888
251098347 3045
898221396 141023
18221945 7521
865852061 63208
928967254 31375
800908937 146066
91673641 119102
384065164 159603
644624041 144421
666096037 157951
217222383 111581
609250327 73668
586751997 136780
414415904 198948
869654766 44974
170083820 99250
444488634 165086
244119480 195777
934544573 65841
838531392 105138
572634310 136933
368880590 123302
695421141 153332
881935949 41689
543554979 151605
288111019 150176
854257921 37469
994263981 191653
446111532 131238
608090565 47814
318280088 94198
699263380 64064
560741502 180295
214863808 142737
202828847 197642
250485823 61932
306640652 23599
578776189 25730
603658297 178030
759122567 28001
281922055 69508
545709942 123351
484268291 171788
897656580 195623
346840760 86617
124352004 52661
895115208 146962
386151019 188789
3159901 192032
237247088 43932
517401354 32537
685443417 70702
599730964 8955
780142066 104028
171400817 8354
16399282 77826
252802236 174782
586146630 184770
643796478 68322
725220427 134838
497653669 10044
541328463 36163
461686040 11624
828483368 187416
305124959 193121
956939851 41244
82803195 71726
950076203 81454
82008985 66467
359079734 174438
318822454 175314
653116503 156969
761879662 79383
282360790 194388
46602188 107052
111779117 188299
623273480 154514
915283699 21846
39155110 6640
551407360 119450
560415150 121486
235744187 49307
949330139 144119
811015113 115791
118416476 54553
231685706 60285
165222793 193729
829404441 109344
392213359 176872
883377973 105278
748394357 136143
185428756 65973
28778768 148970
357743505 23
377924678 137425
249738310 47348
66112100 159970
439301948 156926
552239163 159474
65794052 109692
960378276 16074
247901769 46770
578006714 190400
30043318 119883
314573572 159156
816556960 101444
100488547 19099
890018986 67277
884435068 176275
788902086 26045
699661664 29692
236222495 134991
785790401 189417
229945844 137916
360124795 21423
714761071 42134
278750404 111031
186676565 30883
442933940 165140
257790348 30106
960942909 158538
674427442 157198
527905714 113399
32286621 34585
634445317 54121
705644341 154416
955885573 152369
817858266 195687
44558453 62014
382004375 94027
819831668 27121
19837266 93240
137135958 71310
573039793 5247
203200305 622
423418689 168521
192008250 161246
740368434 29625
508980487 36943
223107720 36563
603751012 10081
157205573 130061
260799341 176151
501097561 128806
627763083 53593
970825612 65655
714605044 36130
67324153 53865
32295693 104150
519285051 24624
744293049 66623
981647539 147539
878200957 101470
185350668 27480
886005083 74486
351297908 168351
43071129 180932
95346003 17330
338650497 53406
759270425 50277
60979162 157582
557901637 81422
102434496 168889
448829788 92407
444907033 118065
320002128 66597
368325879 191521
248025207 2658
599836912 24771
738570528 30365
669036448 142323
981323622 60003
788715163 100432
251228593 25620
116820092 149520
481475296 48511
456345400 53249
792488285 86205
571309119 76375
134183349 59710
609396271 182862
917402102 6730
519592138 117061
348473623 43847
5209087 171570
470572248 129749
701685273 187819
586622467 189024
968633919 97003
1525179 148527
509110857 46734
351730486 172631
132640270 113965
131612380 155083
301645737 12136
359433939 28621
24436021 165089
906349358 27419
980213161 135606
181256727 194178
836271668 147353
366709953 121807
982109195 167302
882950833 75665
274055856 71218
505405214 78395
373188404 118638
163686431 113738
661031860 169535
434319144 50410
161408196 65359
618261627 121540
896799737 122432
723186956 42483
545671746 110787
17385964 153935
444860598 100534
876821663 154898
657827674 174268
307205512 124464
253050853 48434
745111736 179790
410046997 20317
355772900 6168
486540019 926
542713855 43605
632447314 1831
47024608 35248
11917407 74804
158254156 87670
238102348 26515
279122718 15855
353889575 90311
868256275 143692
773150292 106681
672864292 60410
448981399 118826
899658768 101975
136407214 125084
420925746 66771
148395079 125990
111339904 80104
64101088 121269
277806708 126581
150011751 117945
402137542 164620
394157266 69100
331397054 171095
356909092 157747
652321348 93838
877008030 174901
729099248 155510
468455998 147951
788652254 125310
274674320 111644
943401870 134654
284221450 144240
533329958 184084
542361318 115722
631030166 54179
386971364 114078
869870167 29126
706356898 116167
403139737 113034
81467877 35033
736422409 174476
787386283 67025
575967474 73438
312858425 166465
131654083 107097
476343378 173569
430989531 192554
205822582 13265
56704798 8106
254472110 168043
551739513 22913
585812799 42700
114254228 1487
283647632 65363
600408113 3924
158127133 14219
375701976 82122
338196910 164119
58436657 186905
575416412 96021
170251580 16210
878640384 181368
202170483 68902
320734262 28868
108090350 157386
176734962 180750
105149227 149074
555877218 70526
797779479 66805
276111960 70730
604043301 121312
427499750 198102
95682094 158883
4839759 31884
270229520 40851
781880970 197226
815108273 186121
778297155 103321
143588860 88079
715678449 87403
276006554 74998
838768083 11449
615312992 172808
513958651 112223
138343173 21618
568930858 95997
3234030 116298
900468818 20009
545233455 74571
803893779 76143
852584677 78258
94282890 126001
149996800 192889
666756456 105942
999013575 173630
857117058 177312
766548968 99873
200846069 1159
678695160 69497
730024803 132024
824575146 14813
636854024 131493
850009962 173993
524014821 63508
437707055 86671
504690953 186542
348958364 157067
304423260 165822
320395635 3693
429368309 137112
576307539 127955
7608450 8254
579854449 180205
354151567 35549
807835049 179630
642234597 111356
905238735 58353
502824431 12877
12072236 141433
951165061 119648
424594015 75078
235415280 186197
609164960 27151
963376160 76141
547107928 100712
331877459 33224
950077883 107502
328626630 125190
923579300 40885
620355348 228
527292807 76168
228291102 59372
163032533 193094
243457525 5287
364134848 161430
636269504 193358
627367896 187123
735237389 64402
276829232 141869
937724754 71299
553121045 164640
206017747 22985
435327443 112243
172999804 52086
945817749 108290
254643330 24142
814111716 191909
934210134 38035
304076357 121784
654548894 94111
570913154 166790
908224261 28313
697277627 103698
530571493 58685
338476602 117066
644283236 81268
286645016 74691
3289280 86976
42247820 180155
589650371 193577
160693886 183300
407060772 91924
850318997 151105
903892944 56411
133916934 141275
982982136 66488
908630549 114887
358520356 189460
88492750 171002
329104888 96054
265396361 23172
147127367 46349
559946617 60602
631637063 173097
630069166 70025
589306260 157685
330167931 32165
604173623 150646
272170646 136186
164240985 77763
10789890 184423
256605653 176640
939006280 126387
555555055 175824
302986750 75520
695750650 67889
367900780 48627
83606247 162459
544427085 199692
966963277 112208
795728506 99200
791921311 35824
449430480 29148
914111308 41041
9102146 145297
186544459 48305
838318062 125905
135645826 160297
320369326 38430
559647156 87926
313698525 72308
953401882 125241
904185019 182517
565913833 115872
818511057 67057
424414753 29981
344763235 95495
39015648 85773
826252827 60039
975840322 46976
253330318 1435
378342958 143530
323669694 97680
841330048 176516
415617664 58782
210784346 30062
345644913 18167
750847378 39985
876011786 37815
927461463 104623
392120170 108048
675362960 50358
596658872 73445
384205351 145159
731569790 190661
537229195 80038
151756538 86561
563881567 126997
957914924 182159
910083586 77243
923676110 80416
467833748 132856
701033214 26793
62748230 20954
241025046 85930
5781673 99508
587380583 100746
494277354 156387
80038039 36564
536321855 180973
435382205 18391
915678592 6429
876685989 120684
356555016 155204
475415527 31393
212766384 128949
429199368 190979
655641950 65061
696090986 72575
824899248 11417
659432515 115567
958983979 193832
851546605 194930
632316049 106175
456107670 43124
434761048 60685
334003420 132515
42349712 149360
859236421 149196
287252513 198344
929441684 10764
918763045 126616
412853120 148046
782050278 139841
551658865 120856
753734058 194219
787003574 47717
26269571 7999
435428510 75584
152205844 139303
926937083 42492
564642974 69138
34026775 43407
555576624 75258
80487374 61003
737610456 13465
494416013 132028
634842913 175290
593430062 144503
536542089 137161
980450683 164483
23259551 31501
554816746 107356
958951230 101802
240622441 187714
544548234 43910
955012268 171382
490062405 140890
131079679 41755
969530150 47133
497796321 140144
758061791 184082
981928007 6028
846021098 75230
564886271 67819
513934963 163306
372366578 21480
842931414 163745
34746889 2265
174533657 184754
660808437 54082
591231391 179565
584950205 85948
69040442 47484
664653227 80074
843236208 99657
72643318 79050
92760257 166098
912179063 123612
650988735 64006
464048717 86694
139074828 90559
312062197 131405
684922699 132914
923254018 90619
690973506 175133
430976609 38060
705150388 116345
342834066 66441
707187893 20424
386501838 168666
237414649 143425
993957798 78221
983755971 186679
778289676 123589
16367855 44917
13830910 153801
812619191 94058
883524235 176780
326586788 102449
385774331 178291
172113935 105343
568348545 34393
464566942 40499
992991581 198933
800016247 91416
56255027 13552
750189549 115180
616913278 97978
473131765 155372
156382097 139011
588698323 79709
286647228 48633
579339096 139740
870274819 109419
525456115 118722
573532034 51860
165140516 174758
580608482 198533
582633831 103890
348600865 85191
652540225 74032
744518343 10878
510737347 112760
705744886 94582
39621469 110606
799136641 64713
118452121 138097
535985875 133637
555708601 184735
448310084 92671
364209918 5280
415622486 142200
206461574 9659
29456606 169782
549282059 193978
304413341 154261
178828449 67692
53656668 11749
774410565 135628
383404285 148884
918199111 57844
174165926 159500
390373847 42069
968578035 19906
900719131 173631
958390972 167133
455220041 4313
291607847 99940
967811013 180446
92253508 64628
923814451 153535
927143359 170898
227129841 95602
571204335 182000
1441267 38883
885773986 13143
66284435 122926
635036925 174056
834116159 95173
376031417 12217
925247397 84476
761721108 132489
898151412 182231
40418198 132966
131680535 40317
48545616 98279
281609678 194910
210858372 40316
959501672 9605
486975362 9669
305280357 103116
934536343 26201
382721459 1323
268365838 197257
325236960 115219
189451476 12445
97681261 23519
251120201 63567
255709659 170781
343947166 62874
282360813 33549
478853931 48238
852944728 97336
161693754 105681
973834575 54880
955388002 3023
411455940 67629
690659820 183760
435976770 182490
379834832 172343
972746053 163696
419466031 158914
279974813 177244
934759866 144356
862922824 101501
744799928 35939
794563655 26730
942486396 93090
189092200 196520
288793650 102818
405949073 79027
781468350 99243
990977730 153214
903270447 73024
202100047 6653
680835364 112421
993652737 198524
935206091 161094
267990166 155039
749412667 116049
857989149 122900
771777708 82896
380389270 10442
933071635 87603
269296282 24603
567383169 93348
318524897 180955
957142732 92730
416277939 66482
370390259 18922
314113455 189832
401982526 159700
796338299 78119
991592608 107040
464851537 67407
203916742 46974
169303301 52365
623067177 81329
689240704 186945
176379744 151619
426899070 23523
973105426 100010
732555355 166398
797245044 20085
673926201 42013
489813497 26467
642551275 95085
556659009 154064
643822427 79294
345385802 83703
624320732 64872
438393069 77616
686860685 164356
729086768 143220
788082655 62687
295340264 82
435749653 140403
826828283 29549
835405991 43290
973017709 13502
869306942 171047
854992073 22217
533856315 175439
80411907 129557
995923129 8532
232575321 59235
805647943 162610
219829648 186223
521864419 35531
244010308 125793
741546030 142280
472371565 172409
663193077 123621
136829924 50644
444391802 69628
159094207 142547
93685918 194084
657823707 40798
4494803 12743
658165686 25682
444524302 165228
140022689 27984
879642003 115217
148440184 66062
699901704 10055
175149414 152304
950203609 60787
782819006 112530
173189263 113041
866338818 127785
57044686 3533
229342707 175495
216296803 146525
488349850 84726
473296459 188115
371514221 149227
894218334 178632
748132638 71256
995666484 146652
765804958 25384
970914490 101180
803430542 125580
80127529 174874
507197141 197296
965379749 127938
714959458 56073
299412894 143071
528442775 178540
367414985 182237
574413113 34011
8490674 195419
206126500 167691
345050114 163342
383245584 1016
813348851 55792
185444498 160830
324862038 75519
225344679 59066
501347833 91297
722773879 16
391448834 110658
134282932 97698
490241097 133937
787070774 119338
755982716 101213
750725699 170199
537494403 63117
204803598 91039
204978512 96471
597588890 129876
597956044 113310
821424805 149412
815020780 31984
679994142 181143
961469201 116361
814408252 20077
492855940 25800
763149765 18792
871939261 133123
500886243 104030
51327866 180219
650049784 185786
736339356 128886
186163515 129460
703467117 192080
254926390 22543
292723470 83017
467793730 22550
716490197 52011
589458831 37900
581134240 98254
584835906 132649
629769081 46069
635274419 60437
807511946 61821
140641059 21360
686510945 17280
391834264 195880
903578441 101590
319605462 132219
935889072 171170
328012394 82904
747920247 46560
483694657 85488
589162650 114589
245575011 128716
722238086 172715
453539517 12772
777399535 164485
758161543 155580
21514307 6705
954639118 142688
170936990 40616
103717452 49216
764322529 15926
682837431 169907
646584450 133412
323193931 126457
792900426 24940
895053 186421
42658900 1881
362224144 113905
915795462 1343
827277756 57003
538977810 150255
119085435 188559
359565799 84026
810013671 52407
608149088 46270
344403263 117013
715357158 160756
387480550 126915
743258517 184806
707443144 87714
882646490 184927
302439952 148985
797228977 191068
540813106 157649
529846063 11830
712747751 25632
406121281 53123
805115485 185353
780762825 53430
636878684 23001
512995272 183273
477940042 117873
763137214 148283
787879076 18171
655747338 81258
55886567 97357
11486906 170176
675375199 40372
584693554 91748
281043433 197409
336129179 135522
645513263 67278
757339411 190379
100005232 4239
251768373 7309
714674198 129973
725098214 70817
726314037 72213
440921961 175435
760364092 186085
948161170 144977
180404496 5843
259604042 149018
376777163 81796
157805505 80675
935373397 198164
595826114 61101
470800387 99043
104114044 125164
225068329 49489
399181338 104089
376220769 193601
162358128 186603
174355546 133105
933934778 121373
155720690 59798
761157556 8333
32928752 7709
36412720 110572
275927677 159965
229228297 61891
261930635 104445
30786452 196602
578573236 71916
667854874 195847
831808334 5179
464069346 191479
342739738 8078
473637481 79686
928805094 125625
15639174 33377
928588723 86580
105328296 55259
987322860 44480
655310422 160527
609771121 43415
154654891 192190
487112317 169730
240054346 137456
944758010 93640
356880384 85024
897632767 89172
923725517 135302
583702568 108479
905855752 74902
280056684 150680
487469808 112150
635223162 11320
153901312 187062
80752126 25486
292600026 93330
84921127 39385
162374032 141239
11917799 7269
85699521 31166
947257628 80205
3951723 63051
602491967 48484
776862418 161397
227500958 30971
902320419 50238
202123544 176248
129230827 13582
66547578 100828
648950318 97888
157695950 33794
732493968 177566
349167716 110997
311359113 168862
425326564 116711
3787090 193524
699403714 169039
64274341 114607
842293688 83896
6482441 162083
864620380 128623
435623963 195039
754452571 155455
577593490 130799
448995107 148071
550148271 153528
532615200 155723
828278977 37156
951234817 21998
963298006 138803
958328968 68282
539952793 138754
855041847 101373
944082470 163300
814541386 44298
952452451 92435
769869869 199637
218583662 184728
611720992 151950
393541090 175797
322414480 48963
870223131 17005
615516803 77536
633572175 8224
339229375 186074
211783679 21931
35124405 102438
752038110 134239
993142720 179483
148971675 39158
235033579 171369
720896268 64976
542565348 22631
467801037 81073
334637038 171799
492768899 37466
708586543 45614
441464728 41485
581382954 197748
661521340 97672
215902215 19507
785567580 191710
75898924 46257
500628823 13521
806895563 103518
99186701 30990
464946574 2698
240069904 91225
401040827 111302
141974906 3295
261578869 46114
432138059 154878
170325690 99225
701588045 105077
180626303 30914
443952549 28493
372435941 135728
812294154 198236
975797632 188932
166702115 54252
532825089 44170
824767614 173877
782348157 84060
97665589 151881
633233584 97977
287893812 92050
739236129 41684
973450913 6500
304472783 154139
672661030 56812
415626561 138662
315862904 96063
929500336 138803
516810540 180050
167690923 74401
213863721 19472
305888264 158073
210036477 81816
944757566 125219
960927482 179327
502100635 66539
981741890 164885
879001449 8781
658733288 7950
957321891 25554
310799455 5182
432879216 125114
808321716 149512
874696423 83406
997406680 150350
760849914 135623
717487302 182624
201490765 162288
666326436 3877
287020943 92420
714192874 22957
391940782 42724
992871134 18311
739567891 45558
281292790 96233
234765653 104717
816590012 80795
130057467 112755
142673670 152653
124911384 135754
71885825 197261
226488668 185339
931115276 14395
556253287 122153
727243081 54677
709482936 57178
780239967 191174
721473044 58313
198044391 164864
677164952 21578
782375876 6066
227799948 153924
404113608 18684
223309588 59622
936979665 124582
283552609 121389
405042457 125770
382972568 71318
98138185 163895
204911933 84527
914091582 159907
619509738 102945
807537274 139766
903021165 6514
16233059 145910
554297242 154450
571838316 85836
698527573 47151
952430756 28681
415478719 160379
994156513 29818
983767479 55198
863876485 169365
862155502 164786
919970304 66695
334137656 38661
468941970 45635
354300266 68128
618270002 97936
175910767 198247
902027453 115934
239906247 68232
649090864 63838
78650177 120988
830878744 74586
273830199 26627
452832790 137211
638746429 105261
403716115 102572
969442031 111118
706594007 26590
32157986 716
841715030 78052
730644415 34151
199232107 74900
901085018 18956
681182493 5259
696127847 93006
121173659 144946
957874390 143088
730813527 127579
445894071 105746
882402203 86033
41348943 30184
889434074 3867
678055906 80721
89406118 61402
491345909 110324
535018177 74542
861825676 192972
613273119 167411
625981961 196758
289340209 146385
901361875 20097
373825617 160329
406335713 162472
405586732 197783
545369455 175856
308495241 5601
509807116 173118
626290991 16985
851360112 161875
399360871 103377
237684812 88563
353004612 102612
795544952 192743
612934622 28781
709399747 129182
187313271 175342
754580715 25552
913441954 53462
176405370 21447
850448086 5906
151365450 153902
636238243 31396
928192497 124385
354729112 72144
117494298 29191
788124277 161943
691409773 83733
518933651 35350
665358275 57141
914464867 55665
759462883 59056
993967908 135308
309636400 107320
547901450 81330
207927085 64054
56454919 97749
441064250 183532
381588539 50686
180194572 199103
906382510 139813
206522568 178260
371873698 160803
202312069 90589
586275295 80856
877072680 107142
759716722 148051
938830804 37676
442885122 182222
436628760 122478
437530139 62810
405045598 111311
141041103 2236
268382072 45799
200268975 99651
551764843 90602
249613832 175019
253531003 71037
612773600 50518
854157679 136067
858044429 41162
265871112 79171
946360259 77207
334779468 35337
809352146 93706
141519899 69177
853923661 157489
118420637 108645
453438129 90066
699940833 29262
829086415 21553
706876070 78313
971714591 48926
720678902 127598
453117470 93750
186495443 171856
494184295 174305
179481507 141701
912038489 89031
456842680 170214
55893630 140192
388210654 47838
415600454 170070
994555892 173776
229172138 27849
513332561 115404
890055699 117563
988181147 192481
82798692 74199
699933048 105474
406077937 26576
574907689 100462
830209577 56319
450283051 96555
850292055 86078
589856944 20129
492345209 1005
603791003 2203
897271715 101579
20718989 33235
992724557 125707
638203300 103494
908167007 159820
666217474 35692
818076230 182456
506817461 107478
793277712 83703
94007745 12460
191120104 55663
457314845 170503
596016762 12354
811025534 139877
757520652 169446
330144571 92220
610713361 34097
540758101 175721
502992107 162121
191887546 179210
616723068 195119
127519714 198153
969804757 193104
367994509 156715
369083042 131401
294795123 70750
598605295 113202
556403340 76276
668309414 189097
546452667 9506
767403909 45294
524775283 112497
742070047 130321
679160997 132940
138181289 161138
959501837 167863
88979617 11083
287603972 145946
598721538 55751
894593689 67880
81073575 825
712996738 183746
729564476 135340
218384643 93364
302420710 68153
926916926 140427
265025166 19881
885517271 41233
389950641 185628
205185422 57462
880982981 86741
98552231 37586
25108965 68102
611976685 171128
814955275 128466
864660886 79789
290558654 10707
393184520 42121
355598323 163516
454690660 78891
467035020 166525
689192673 134481
958729953 88003
81359910 14569
570815608 118681
365983724 187172
923326220 56564
471883440 135362
668584257 144300
216585752 117160
226853520 93450
596353984 71817
571869016 151870
152770872 111237
448862367 154927
424853191 32572
918565706 11490
351894590 9033
989333118 117186
155645255 151773
42784182 199169
470841904 27842
432484522 128431
718783150 60430
180340299 21967
518707224 9133
921837614 29308
769804426 123339
839648626 40352
926659569 42414
129095799 82926
479845965 20980
542799869 152582
587702194 18176
504980387 189216
816997840 173569
883193272 123800
151700909 11216
495046771 84866
382256387 109935
41997553 179388
250444946 66717
770578308 85582
481566400 28750
146526123 112881
343954672 46415
803914611 140265
312352027 185316
678791345 58704
283471736 157970
790514860 46230
684873603 146184
266276687 164566
35062529 136949
943487707 131935
365183488 36401
927805120 147578
857228578 114933
461410479 28585
598381862 118127
27295121 116132
662492875 95825
770750518 158590
224509764 108679
544360553 125663
723243840 91920
235191303 99317
795752335 114850
623628470 13811
266261791 68924
97025525 101019
458682794 160927
534801638 190161
52771639 90056
761599720 185086
70330268 151827
277196720 30240
661725501 152111
934786931 10189
580969230 66259
672201697 197051
636923965 185014
127831459 19792
407686298 25079
222255704 119420
726736728 111391
326431204 88794
633280783 94545
77824463 167138
447640981 72887
968168771 171067
952013525 25508
498170261 173095
638916051 50289
898948665 128578
250868863 174946
479763533 128166
965362690 45241
520880965 128268
122294957 46761
266607446 107921
693458714 1395
553712493 32357
105055772 55567
481106362 136388
360141087 125318
935995356 137613
822640346 35034
158054279 96042
769166688 143693
895766962 84929
951937393 16353
15959606 43943
442897900 131558
786764054 178020
7071707 12640
541526984 166396
706010184 154877
779694568 13966
547561603 61749
387818979 175995
97073212 195606
607519360 102835
851105535 72467
723983644 36143
703452786 111768
978628717 143028
302702920 123896
471253133 39666
691938104 146762
97613371 126087
548396558 131481
387817469 194293
79024665 71422
159297033 98967
131944933 39754
366650931 194777
444476706 82522
904855900 124638
371020952 194975
821842775 30133
529803272 170091
572656397 150339
651309959 186341
556955350 167534
817872308 111162
173208802 193136
256440619 184577
390099495 136706
364267282 56340
306525626 135012
822312679 174248
625420917 130444
114208458 136238
89172701 5954
138393508 110791
588547708 88078
3993639 44352
968950351 159003
196431755 24424
210251120 62699
642009790 194031
46264238 36996
257573830 129519
439156792 43041
981138733 50475
611989574 70402
676634459 92835
126134566 115359
454781695 14390
719676842 119672
809311699 27131
640324993 126841
940516354 158690
472400057 65578
686035752 56793
514994287 149223
552568082 151422
656217056 106460
347345403 188244
594709034 186022
230745374 52498
204167636 47380
247274232 111543
506828269 96923
513059898 88589
585263261 83334
548057353 191708
476982995 24590
655366458 96404
265939057 152396
506593373 3
649771915 552
41818570 148552
31455049 192194
260513941 114736
89955914 119500
819799070 194300
661990611 143803
297735323 56195
358291151 161374
399235304 71480
699188511 67947
773653819 28620
317611364 15212
245750705 142248
534991666 150759
692533022 169458
240381089 116480
337629465 134710
993600640 142537
188520440 167088
239533428 116976
997935474 13132
174980217 158661
650212112 13144
542670116 158654
457043784 91865
805038264 110984
765508343 54523
783410089 35093
213878399 22142
610262576 158091
321192395 125789
367765686 12205
877244985 38905
685734694 138708
89200611 177623
771728837 1806
889279010 67354
717269486 144881
371468008 131439
843053166 69664
161069835 22214
948919192 69844
423562161 166574
596375183 182470
499943491 128545
11985709 193273
236058840 19793
131476676 179632
22930479 38960
163761895 179703
309243141 106158
673267773 177122
302040700 103806
871453206 160890
296791654 171557
210420751 125451
466472965 88487
709715886 97856
708986005 131063
820377183 119682
176637650 63320
488564937 145812
49841264 50618
709254629 69660
869803718 91889
474873050 19992
793176913 91269
835524706 168155
350610638 127708
784125987 182495
236695033 198194
781282914 89747
400069027 105879
644433836 61524
575004848 108855
449445520 23369
632083309 95332
202533055 68759
206802256 66124
86607726 185169
217758625 108067
49378264 27298
529221295 31992
824301848 119206
225518487 98716
531996637 62527
786771198 198893
396060690 180321
284630343 129291
132584424 191572
521243297 168721
46108021 45515
74047674 67147
717768054 171051
386045666 49669
900170314 112518
968560873 165387
837794777 174572
697430034 81729
814037681 154359
334955132 142654
69834053 168229
328881907 126043
914169669 124490
395066430 196440
170228932 52157
898986777 20132
725269554 10882
570580091 103744
443879043 10739
617668906 124444
541742878 127474
790176013 132784
979994287 28167
296962275 20520
101799347 160974
563303975 15047
257946276 104064
432298472 12004
530728853 28463
121946693 59794
843285659 195670
420793135 141891
822039046 194610
527103535 143797
902340477 149239
52641483 128129
75192076 103888
195241665 169800
506909856 51284
726739493 157451
156516016 160725
46846565 131556
20250270 158778
537229739 118216
696217103 122172
991495635 59347
311241004 163952
227655887 106613
585386398 61734
112658852 134993
519440784 142223
27496368 85135
230217085 82407
929256953 247
720824298 84719
956025782 160166
704275647 124640
86627339 100262
626917502 46256
583300022 146971
970046989 180876
143124967 34108
54989272 65721
701069203 107261
458216470 183210
779842389 94221
411047856 79194
770203884 9183
178114933 31214
98909958 115293
757183553 45186
154605158 166874
709872402 148104
142548320 165238
398181032 97722
987726828 189281
544968381 171367
519422922 152793
220242753 109137
884387920 60805
185164643 197343
735758226 126680
592365037 109285
916535524 71617
329703574 163156
812975834 63242
924949643 160907
313705102 42627
861336757 169018
504720419 49959
210090222 21657
993327547 32892
583785939 93686
920935159 110289
745051920 182912
546909718 2597
632349778 134026
283238265 143410
636986178 35083
10853641 89646
335481853 76178
535903415 82519
341135079 113957
194755240 114450
974557327 159975
882858968 106939
21627665 116332
190063865 86005
673784024 153234
323798314 29726
644618164 66793
690974724 67653
770782796 103061
585236443 92674
377514401 80318
231802025 76416
174728777 21807
113610760 36736
195491483 61947
213079968 174377
430722766 3929
838845239 10836
670145521 80722
890734532 42554
251728396 53656
92142988 2928
5718248 133804
145748303 11155
694504291 100274
874267015 144286
393662403 82016
362618612 56194
191345956 64225
925775910 134002
780972382 105878
634544766 113593
531953083 129180
921134703 184826
523527150 175839
697564272 147925
658763703 39914
622192705 10592
39430003 97403
911280564 5648
648306407 186360
727276244 6713
852884726 128561
846076543 21850
140698104 49096
16090716 139021
87788073 57020
912758825 192184
72220765 46539
172977316 140229
352290835 79115
639144658 135831
335993362 190391
126769523 52778
722930801 183976
165152922 31275
994279964 125843
104121743 83224
492673779 42704
444180792 159999
299214750 171132
592855534 21746
5201882 116977
71304773 90776
934569279 27551
168014759 118329
374840677 152906
820387136 75690
683571203 196869
994219306 53146
481049543 138029
987412031 31199
308460758 170866
371639534 92614
836954716 129305
559228701 78765
143177807 93211
659610328 177621
194655581 40225
398516265 101054
21863481 52665
65444758 103075
543479195 44120
405636964 148680
65081005 172719
493681948 85223
136921675 35970
809691931 126288
595147027 30279
717977090 86650
568765648 56741
863379199 171072
631593249 75181
623351464 121633
229212398 94588
116873885 18825
487949097 83330
576321285 168208
772887154 185651
162465557 99595
847539244 54369
728041655 89407
887656958 188638
507086700 93958
492132309 57789
180587396 157111
975893240 48644
458947700 47160
267612469 59766
848706531 149402
658248879 176287
552607892 130208
447212084 24303
554835412 78217
328205224 54389
222092762 114139
718193247 123094
679779001 172516
375395182 57331
975976721 42296
490618209 175141
166629938 173969
20315299 65047
177474958 83336
58167041 180888
213459323 39360
355224267 69245
13274972 191557
671858017 134635
800386867 74746
292364839 38978
682038358 191117
963254269 80533
73171258 144304
44248005 127791
919511939 17865
174456418 101744
913752767 137248
647702247 118450
883638932 11862
726160460 123065
256063969 37534
135387859 107331
345511902 183183
380776838 18166
593766113 32951
390667352 5713
555561626 155194
82188528 29583
310140185 177752
646637620 148437
493336218 102386
669225758 95324
140480040 64702
832841930 4672
458009050 152322
177323363 115759
437789514 115847
484669462 170807
249028263 142966
385475180 176630
782726485 92519
137543962 43206
374889131 82378
567026882 140061
225273531 175688
737426360 90780
468283103 77042
596007232 65864
129683085 177614
263655901 97470
255624845 70122
230195987 81386
862232887 43445
173620260 57164
627370065 67111
371328426 107847
9551080 75200
954754086 191688
384340897 39151
590931503 116539
58275548 126268
659623459 86836
155158615 192012
426825550 145762
826849629 156804
50547670 43018
604500790 141131
5959828 163560
286310923 53043
842364654 80659
453395226 149277
919728294 157535
433964275 79170
277533210 77387
721174788 58493
396198177 191352
913793533 24430
138701944 127608
229320726 35033
521657098 154604
448053918 92740
864254291 107194
173086326 175862
633379604 80771
273920919 55065
907178005 90220
71837097 111188
674293134 155388
145596211 104058
298765089 74125
674616717 100889
400362472 15381
854047559 181205
369582859 86716
601902200 99775
297148713 172545
348793073 43756
426415161 15886
440371232 162623
722885707 39351
176876612 14832
805814325 42352
766543912 156288
585269296 18156
706740485 4474
681400457 184766
939308831 82107
178399804 184224
717914487 97005
471091307 8485
684248359 172674
837867919 21232
637329114 192397
575628342 153850
635513407 71355
386697402 72113
753521088 154183
565846786 10749
112203722 3327
547840387 126529
418256007 47555
86577128 144904
158030560 52875
344912286 129145
469910847 94982
567438405 3683
139891877 74491
692632938 16142
227568513 124664
479037769 79712
851031681 163280
417886990 167922
522545848 75019
787987928 169934
41701040 190481
587933132 146023
746088062 189193
346018246 111824
173874947 132505
373366219 12194
586231372 199839
847767112 157308
935995767 76162
548792220 24538
635609974 122188
826270428 198832
418396620 118147
521929518 66210
948766434 192765
444673044 15039
622546246 155426
595700283 37341
170252288 86842
994410443 123180
967556786 15139
374555595 169504
327006019 180626
555740379 51146
16349586 124811
150236848 63638
917267403 53706
833727705 7207
419813312 80252
815886187 127142
251816082 150225
630530145 134505
976597375 11115
127103574 183081
943358143 104494
498754090 49398
126834685 60498
318696300 17095
890835939 190415
949938017 132811
546760234 153179
272919363 160721
361626548 171811
695819458 63898
962150718 7850
524679792 3265
460974981 75773
658541094 177040
909055475 192616
58283514 113702
662569786 70146
710699380 135687
288067102 13631
242495563 25633
548381967 130639
71521049 22655
341273426 120388
649614258 61445
382854248 64704
172204202 3187
180276136 15217
96243632 107383
431826266 169130
67405779 176624
520884523 112841
590169290 35208
41495085 93161
445752229 171967
780075974 98868
678759728 37100
77917951 4705
115435002 119809
200112344 153451
131659414 182343
434632321 65416
245361783 3668
181248455 101436
887147565 197562
375935508 151779
717839186 174678
459297588 14003
290200543 117231
443082766 114427
126152102 20860
69930953 84466
169050281 57221
271726167 138557
822878041 120268
282947500 151186
865606624 152056
830535954 168064
118428592 163892
227872160 42607
878791533 138813
848310323 160052
134544406 26465
231040642 171861
13225744 186294
300088155 89729
280976640 116828
12454445 113491
921738135 165005
450863314 120594
700026427 184586
750702436 175865
687400566 12133
693090823 76869
812704082 18947
664579868 160999
539780202 111425
788375941 80258
785072615 61864
647809078 170756
715455313 128268
737767925 95192
583114977 120426
27521808 37723
4427201 94785
984756620 194814
621890430 27704
500397899 104713
39938 89638
575427339 44226
942852444 143570
441550972 58814
912632067 184371
170608336 179107
913992824 129900
427177743 152889
359221184 69595
820898041 73250
512491729 111586
429262911 146837
488553513 126591
525734752 34315
486873732 152116
632811452 145018
275832239 136856
661963552 137174
828360227 161572
106876264 28980
926447739 14156
311628824 186737
6124808 159214
317208405 80810
875866585 74061
55717032 126130
665216587 161207
467040447 29235
921998139 180341
458974895 38318
490294858 40192
628677033 198512
844253509 154258
359125032 83441
579535881 108567
362788850 173597
543615278 127537
43358343 121966
626393315 191535
411394011 74375
439708896 190701
890171108 100898
486697257 59833
914044620 20522
281545596 102659
722274722 124792
131257241 191233
233735190 9776
501924729 157875
975127876 185500
79741826 174241
825924581 74669
573937603 185107
688803903 173923
362294130 113666
29587636 45271
187354579 3763
440505028 111278
956750584 54015
146711585 191768
578690768 145462
470719542 191648
456415780 110611
668840183 104973
225521304 127396
789735747 138257
708225731 121207
343016639 197801
998688490 124779
912084617 121618
788163464 146606
490612926 143271
262650761 167082
636820484 109653
542909440 68200
234662987 118360
747395476 11510
903924847 191726
199895026 16044
714987551 169405
23309896 22622
305107368 55076
908687405 191323
688428179 90657
838765144 180892
398149233 12265
550616581 52764
428947930 132828
856618062 165344
379822888 2624
347514960 65371
785426740 124322
164812386 15487
292101559 5966
504573026 51090
49381065 117276
577118102 106907
69258893 192046
567083166 127439
617428824 156595
374160327 134248
343166213 189905
687527689 184532
961380240 19444
38525033 198950
752688532 137001
845153043 130718
293998659 198826
311030740 79249
497068535 188427
256251318 35992
953377890 112816
2610530 138257
786194256 146764
130863168 80549
381466880 152131
851835895 73967
89640461 55585
521083028 190613
279851458 134485
507538985 51088
802694829 52696
572706414 177135
91545373 32245
213109112 68793
544457353 100190
988608979 117047
262287369 19531
553850239 17643
441540639 65541
298819293 7697
826433522 104813
553831263 122705
20924534 19617
253071295 21131
438218168 4097
686605018 115582
403851598 119428
399658287 131606
536974465 76766
390318332 168403
385254114 121185
126758145 91842
537972731 145927
590448531 46474
673589865 46639
813633290 151518
39655215 52902
694648261 115759
674355819 131644
804365220 54297
466150800 182017
414431708 10094
225151893 11430
393246829 40201
82162755 69733
524234721 177641
467977248 26759
487864789 166325
840203740 72748
52599771 113394
637219224 19550
930231717 121100
573491610 155892
15101078 132323
282219359 61302
560986098 143834
109687789 118799
299254684 127403
775756316 129756
755214911 132554
118094035 158820
727951628 40566
242390052 15381
229392908 167059
568659550 32173
177465137 117778
14754490 71425
113117669 104472
337591951 23929
784619666 172287
719773046 131671
214067089 52482
131272356 104418
336448920 63752
633046206 84483
807275632 30300
76859741 102062
133922993 194280
592850870 6109
711806277 74068
127632639 150119
500994443 189491
611266573 73427
591016742 121035
520075828 145673
781335747 154549
122820067 111928
861010633 33784
847511077 49572
295777245 49501
297704937 108708
241066501 121427
400195519 179457
975011292 21931
618367529 19163
546961360 142855
17380474 59488
676948296 45701
454688819 123348
513532070 192390
945880590 167837
744017276 174420
75800307 71116
402369802 4195
440795867 131024
252934827 185096
706799842 143366
367843800 166420
35900393 40731
95208756 100647
566427197 125387
484696875 149114
71206309 21916
171672284 75063
971622044 38593
494653785 139329
954977162 151882
824490851 84729
118721047 12956
134249087 26756
56124989 122103
246186497 90234
870616297 35096
358533690 190956
592720877 55928
713686623 146479
244726873 180547
715718170 82403
815153948 132093
607784671 35293
696864037 21812
480515632 149151
897667741 198995
194540554 120451
96550717 30380
173451890 90479
539778673 178623
495999199 137372
613352902 149848
444547763 23480
857563866 92834
500897586 52138
837491724 131194
475486041 166561
976750306 84500
247893015 91640
808250293 85993
904433813 112204
976170528 132102
847745893 2711
131667920 19572
684246290 128369
734191260 140164
30206321 49239
249025613 162023
956324982 70298
778463139 145673
690986095 183965
690445757 16345
835497908 133950
37482213 11952
413446935 11800
250646976 43401
374514497 16559
873300258 134720
698719812 151114
278122780 21871
490056308 76603
181826042 47744
219456383 195710
409203652 167285
370460822 83715
358577694 56369
543330510 46881
187657771 100130
523495754 104653
287105295 55590
328027838 79342
480088673 170278
799448562 49072
593745823 2512
334271397 52382
885849305 104019
210610861 43842
299691649 114471
544368062 118385
601390098 74325
712915905 190708
996077295 24901
566033544 136570
351839975 26125
713609715 20385
96675979 12593
762296152 184059
518395817 156153
804882832 19446
12291335 102084
679013634 99747
295480702 30919
663492700 151216
26185329 109487
665697069 69603
471467000 199628
19555811 18644
60938025 25726
592683445 162421
405881382 53449
232847904 156049
234280139 73163
583477110 193789
428076249 42564
74178347 88574
426207452 24676
644327514 18779
986322518 197553
23823240 199774
836195245 7773
516734793 168459
584610160 66724
273863012 177413
33905146 78462
450993755 17279
762374938 33655
230686058 157786
170836959 129964
61385193 178601
316043619 109999
385999779 50339
498001004 3468
547432773 79049
615388504 104166
896372657 182647
598214042 63935
267114373 22751
11777778 89561
211729949 177337
560834800 18898
609693353 93037
262268897 149880
592279960 155799
257903279 111108
835614349 86861
805614843 25988
390986811 26198
621156651 135246
526549448 9690
108803243 16697
762314267 171639
831080692 135647
898813989 97028
156223959 178285
247562992 33393
257363733 52232
619895327 91503
770530698 139556
320993543 124789
144194858 16368
91866763 198099
648304788 127561
758821865 2218
565694273 77699
607765231 15008
347851137 23927
949008996 183683
991496283 127193
139443563 13605
432375467 193869
354315850 154978
287737756 163881
918188494 174095
549966806 67683
621026734 172339
124863531 143293
160865389 17778
366771043 141425
230745917 159482
811841268 119305
353757021 65260
18362693 91781
907925586 45435
860475272 168590
966252474 106221
119966389 115435
463287087 25509
149890182 125206
317618866 58204
57196304 194451
214735149 21142
823384942 28075
277004821 166650
812442178 123157
863083323 15081
107762893 38589
50601858 149101
775041900 149492
61356610 2332
381524327 126000
820205076 99506
506194493 183263
737680404 85239
234064557 88185
356278572 95854
496679390 34930
925138783 32192
941773818 67342
407399868 182899
117815686 192240
284785807 80416
102641819 188698
21490762 91879
449624501 97378
963715791 90622
785521261 154385
365423320 9888
37385082 34635
339042341 183051
639789631 155522
610091925 97697
885387343 190735
48738334 33950
930326370 25048
641499209 128407
132422934 93027
128533098 180435
142389574 127991
443452828 73844
390067913 23194
440329879 1034
317120032 176227
282938449 141066
252183908 193558
611495953 22850
202829173 118466
62312562 152282
471305688 190389
643422031 138574
18063999 127052
408283330 118588
562692304 74157
8204765 37173
314809903 33984
853163409 151566
451473923 65162
956303237 120247
681064400 80440
549284360 43201
317546325 56239
700720480 149909
23832635 83358
334404616 108784
974288243 22855
800185622 71101
106907384 84447
479589033 107792
484364202 60782
364060378 175490
196493375 124271
83984392 98923
745839538 40973
360381185 157734
671037788 109575
376635403 62056
235537540 141797
933250372 195873
222774647 99813
838564078 103652
744059195 108831
392155156 33689
333327471 10756
519287792 38460
499920517 7059
333791405 43344
86435098 117182
511400810 16008
53709792 166950
11335398 9870
80036689 91934
73213452 10820
688891185 630
402038471 91797
497575486 56273
131633462 11944
867738774 149259
888542480 94304
299964644 21194
76452013 40670
91011466 135046
748365897 40583
383228078 101346
35848110 34132
317255522 73180
950243643 65978
129816075 145586
729742757 163448
416111906 5194
122425858 176033
982338355 64676
492942305 194282
437928412 40155
212012601 174593
711174684 33501
158830555 62428
656995441 13974
548016282 154658
997914441 92723
811237786 135502
810356120 162787
220572040 164714
975553447 106077
300523860 190291
265819618 36430
735547790 81953
886688228 35
943849857 85180
895696438 14244
284012473 138214
407529248 149753
979651252 111698
669414018 41867
836307903 148913
51687152 26870
557701629 165002
699246239 25981
846776493 130067
503132309 2614
302064727 126104
674057468 166721
929774116 187106
85285226 140565
3819866 194685
411200341 81136
573626028 35583
462538723 172881
124297855 51230
227713238 113796
948825000 114928
564630060 16204
438480445 78451
995318549 139404
251884139 64818
411584132 171405
152746970 34618
531969396 44030
517292672 23881
193089064 117230
289083724 163598
299513652 103483
409274574 153993
13244754 177494
361832214 144666
922218852 20848
276643706 18482
546549778 33403
683881366 131677
69356147 103285
663492976 171008
560376508 120076
875002621 112013
364352186 59267
458888537 199776
169115324 30263
99159148 152008
922278344 164743
816246562 167552
681648994 154980
659247116 118867
916915318 40592
530568383 31131
101263380 98907
506387140 196694
423724786 99427
251573226 193810
853353210 57190
841691768 134425
347669151 5604
264885769 71115
539693011 173307
998477955 26906
645261022 6953
82094533 121519
486981708 156234
823559358 182809
644472027 138157
493854067 159479
168338363 103366
52164695 141070
660322975 112391
429461358 184495
936546559 85635
618222223 59561
112605090 6959
731829372 94058
314467040 52288
584232371 145834
467612413 154885
807641816 126848
271390514 134221
673777708 195777
276588174 54034
949460070 165763
346817655 106767
674072561 137134
550597825 188094
784648502 130880
258924879 5289
410990158 110300
854285663 127305
909456651 92734
448491720 136289
559644132 9227
31476343 146347
775948172 60004
262220642 191822
863651533 167731
939848615 82669
833390523 172044
520126850 60946
427083492 177697
339967260 122778
955750508 170939
311439092 151873
81979715 48683
637792360 70970
509783743 174153
731422565 43378
646412628 190915
150498308 73509
30278332 194834
252764219 77181
830452334 3090
972726734 40035
825173985 193086
670205248 53911
781739984 47686
62047107 56404
51659030 24059
431132769 66084
960698041 79289
88309937 99823
10175578 162513
922616468 15967
495430765 189353
435148026 53859
674678845 121350
777495196 74950
163484670 111559
419462701 74768
776527331 13338
631148233 180789
520996809 155535
817948539 193431
810801421 153131
520708150 114198
137006424 157016
418204109 61964
943119173 128775
193461256 16748
214247214 126349
204717180 193434
277358535 177134
502288173 28879
133021658 185313
346718772 68597
559027705 137113
707682382 136281
41370180 143616
91591490 165689
679539259 99828
969569368 175136
78736984 113406
998545824 131200
776364721 182109
641914230 99679
589984666 100598
145030932 31258
323430579 152986
835887814 77766
435058668 163618
680167162 141785
353354276 57045
632727737 175840
967438353 199205
603968815 69097
852068683 194194
162526762 103192
131831908 21074
950958972 31591
181272310 189621
214694891 136194
613547662 77176
767800754 175242
449526590 69665
24302155 14667
685725877 126184
374925565 110918
921873835 188349
837436751 57537
977410414 176645
941816163 180979
99038625 57157
513664831 60374
995272657 193109
278347817 155078
426005500 165714
941450538 191545
65043822 142820
760539527 92965
722238933 184356
254903510 191795
183411176 173988
258944857 166963
611640002 181491
820506975 117469
77897078 130396
160601443 75484
33368365 39883
338225813 64675
370787101 81099
148988824 24107
528662907 46016
751583136 182201
531133190 129307
780180148 172519
808823711 46843
235850691 151868
991101180 47406
370655076 143346
206356712 34226
928855642 125615
11147197 170396
3603710 48292
262282265 191272
724726850 58961
260473581 24817
69871429 98969
99376994 27315
9131493 33119
424756669 59723
380801164 91718
87220745 15981
790717556 184842
405880960 22518
244574568 193812
604152938 199574
377543651 107247
290084073 102544
47377813 164293
390965108 40784
509372104 114005
829248972 92746
867906575 94565
340960202 167822
619418438 26200
375437307 70757
839614227 84044
804801067 66489
887705032 119074
305281853 18406
371947820 195651
688281432 136845
728965228 44198
228443386 141119
617444057 147952
300142700 196772
114913881 184802
772275886 151087
194276824 62549
818020885 60299
438840474 71915
964597657 123671
596322899 10377
373347458 72705
214514378 192409
979212926 21444
325265615 65580
693410142 51691
444303552 141418
995019121 169981
308868766 178388
281933104 186438
559482852 71160
100098689 105214
150712683 18895
313263805 47887
94934975 73567
916504709 58052
742323216 192151
266247153 184001
164106157 128421
631023953 71541
931737686 64167
872667940 106519
918518663 172232
758223672 4991
19676999 166927
1857682 197723
884922339 175801
612188719 106704
696639777 14912
184796268 35432
292181386 89838
364761737 84659
457422744 25412
997296044 160707
319969589 164715
184025862 194554
334622006 154124
292616247 196685
947525794 195679
372359478 159783
280430071 99657
323650958 134901
51896295 52052
278555040 124972
323571614 45212
139580676 158451
804168234 107308
290354648 143750
328555891 31327
580546923 193023
17883446 10503
456726810 28704
110972174 34227
224143821 109518
19620397 34588
543263548 67761
472526693 84121
171340555 129261
717675476 85985
622604024 70034
569980838 155198
619652769 153934
373025984 66327
570845219 175907
689180558 121678
366312876 73823
806370496 141730
236494604 153860
52597946 117495
766268588 127784
650777479 63836
890417176 84307
470716052 24136
275310263 129317
391438342 99197
961269311 183689
299563039 14581
861037711 24129
832024789 148183
664741536 53999
906300742 151388
954625194 70962
701155982 133683
237009805 107835
476464192 34376
508479458 199388
581768499 50817
814499046 95679
954647136 151492
974344958 66839
606742462 39240
958053459 53965
181980046 129960
132804898 150339
119490552 156530
481310241 198331
282762074 33744
240948453 142010
639192060 182316
795479584 138726
842344065 190285
703235163 38466
880878959 1098
742029430 38629
93082060 19242
2894744 67560
119554630 163356
629107384 65717
312239210 68177
882067200 74580
615448294 31577
493833255 133747
639474019 133986
554511821 98196
449424569 197720
276663547 3588
430176631 136739
409929932 144570
296120709 97557
477128969 18740
48226640 51548
878800849 177511
315432577 33051
406636946 36755
314793698 107369
859188608 36633
341621334 142779
895788428 153964
276895810 67774
922185192 42652
100087896 21875
142656973 113242
76918710 145218
530126722 18832
673757367 28442
702137730 120466
287799268 145578
161809420 78188
127053824 163427
851518366 169187
861220842 17263
466073211 177578
117941322 115270
228938126 68543
666810513 69196
503508371 21244
800657268 26586
433889037 113463
544023248 65434
224740492 162729
534770154 85282
532948616 138165
622562982 44311
484795965 189598
382020294 65741
127681545 37712
250398478 121571
450023823 47907
164483351 139040
586571312 64725
748626003 123526
667795687 86388
870614818 198737
374869889 32299
595775980 53462
589756543 97727
558754692 16935
239909189 194312
603357322 171620
405691718 13130
312433011 186396
975215073 63267
825756246 35360
975173728 22956
689674609 119292
264240031 107345
946000751 33477
689376977 60403
160510347 88296
499834982 43386
36464930 164014
754461307 115494
664041982 116672
263402601 25108
527194077 142358
35655771 41787
458563924 180695
272498272 154743
737669602 107559
678402026 184961
50242117 45485
631937588 21325
53288254 144694
591783769 113594
830074436 118584
608759765 66086
986824770 69534
236802920 122228
90911089 9568
380005890 56872
861949621 87924
931732372 150692
665804654 134085
384816895 85552
706856729 86328
462690526 142339
262173255 25765
362950685 13765
150103080 68976
108012160 30369
898079867 147366
16280247 9871
291103801 160239
589969389 82817
341881781 37843
611846292 125060
184152939 38941
452642250 32692
512557294 100870
454551986 149772
895903798 195235
405181245 31377
526977687 198705
405843578 174473
666316990 32200
678736672 196265
403599427 96108
669554699 16010
48637435 59717
78156872 179341
304789700 107091
352699543 188442
849317216 147224
995832515 70136
860813222 123097
225589624 178031
686066421 85489
942152885 18854
95282765 33019
360174856 111426
214418967 132810
817660626 176717
214605068 134228
779271495 198318
705339093 103778
664374919 32413
526241800 182828
331464727 130494
409847539 98205
375827928 156299
534096916 157128
612031441 196313
775712464 74879
952323175 11261
851527467 166128
930501292 68971
463423655 147325
922433657 121889
52186879 183537
870830278 196943
55440314 65492
526180862 41779
77964953 4074
712913481 110848
85906700 110625
712634751 175805
302033492 162761
899862149 170779
649248603 42970
834164892 185536
162276436 82369
776531841 55015
587115908 81543
354983785 150107
473066968 169489
338874659 75029
974493858 74216
181219598 126372
28549356 35348
119867189 120515
160931955 2391
997908712 46904
170265999 65043
660724555 45740
206748157 113752
390821000 148599
233057598 176474
878210167 1190
877286845 9066
886526142 112953
896559822 107104
72154453 146394
478160654 2300
255224021 164190
601486832 69847
973192496 62808
935777691 170481
21775118 5058
307975770 45041
302198492 111574
455851506 45828
115990750 107309
50820292 130565
403535253 193908
890012618 111090
632351132 8206
506808500 177970
902453416 15130
910105315 112653
636968901 12733
447744160 78793
979961662 10072
268080349 130001
764694599 9388
704661959 32706
677273825 159067
333642819 179515
569715480 92370
403313169 66474
302240135 153510
262023270 43133
646839858 25040
525811082 138023
990454797 83191
627120808 136790
689262443 83023
255573821 26515
535778092 36101
705794062 145302
655313964 7151
701539656 134297
264478547 120953
186941103 76766
846910979 140841
765761917 26602
863624569 86759
882143605 60774
33581314 198298
246473212 194162
556070881 42000
303019083 84907
909309494 10121
770940382 166560
841295790 133407
678942985 34168
464509243 7396
15432523 67271
480680561 75956
175589417 80183
595873382 41397
893464918 173241
30703587 155998
11299736 69870
428497811 121142
148916819 46478
632622760 143617
981337119 139196
126711314 57453
174464529 107047
982078647 20556
892334198 136908
693748966 12120
54300865 178914
296038397 13350
142508407 132479
865579142 49888
377774374 145865
346370412 11097
732559288 142153
747502215 94250
479786335 89596
835540812 177090
219104954 155783
721159236 135323
902765930 195234
212767367 22623
356555896 195083
475134846 168243
725610144 146334
416751513 40641
566265812 91230
150789582 88694
389872155 108864
361695190 52137
914964396 132181
719057744 146957
502745264 127057
154935331 49500
254942889 171574
190423280 106500
873059753 92711
197018184 174263
960946619 171156
308208552 8917
437406589 156494
860444784 115917
904378779 167704
461867594 80117
382910497 135304
455713621 191116
190342740 85464
430834936 157617
128307430 139870
67598738 179903
967818549 15875
814598759 108678
422945019 131192
938691182 127891
968229376 99018
284384212 130578
40831030 192413
527940717 154423
843812037 127517
784488441 75529
281583751 82989
69116244 962
222592660 14360
927712865 74229
745224899 145033
368010978 103843
56928907 97739
676229235 135682
471300489 134331
217550966 163173
673353382 17812
79320912 156969
405536917 124771
982942766 76438
349215872 113540
655284744 74196
211952946 56756
644313103 191920
263500667 117528
320809395 77226
675586754 129546
597642316 23502
906356716 165098
201134566 133030
940989417 154886
358539592 157954
766515068 25171
944490455 174394
498319971 74083
253083253 19061
185952831 138387
574045811 166914
140905224 53336
767997807 42935
31354668 91069
834612054 49598
103210482 192209
108393180 143731
580469877 121884
3557126 73850
427801246 54577
495851737 94651
303272575 62040
25965632 83419
346742072 49241
833918064 57870
352421704 168273
908976857 85515
90724987 42324
461430695 47656
971772307 194354
566388472 36526
539203124 199666
615453641 44644
930776148 57952
523533977 103188
65600115 59650
876060149 84878
25436601 196608
419430029 189110
559414843 168558
332625710 49851
168211502 83218
560540428 46167
978724859 128325
595475077 190815
742191391 46615
209885294 90105
526938104 23674
984932439 139097
718668772 105194
261942854 160969
591256479 172020
479937855 59111
89388779 113271
473628016 157416
831201215 119500
421010936 79644
915943276 124825
924975454 22987
952897115 197519
500475492 173147
922280892 69834
451847390 107529
426421422 15415
387443627 162829
8706551 11465
401199223 71682
524589335 15781
96813729 180633
46526072 125160
431348612 156336
295278026 126206
78086791 2380
145027907 12257
683537162 119918
916930041 128799
243386797 88972
101675627 30878
223734438 81467
829520740 117085
733860607 164793
375300322 72773
177233038 88335
561788940 79909
832843897 34504
703095906 90741
929159747 110856
483628633 11838
115190201 183469
280788335 123869
752193131 192694
900190675 191693
164482753 95853
497218363 56079
207740453 6112
334787532 71375
424845678 159258
657516802 71993
376868664 149918
96180279 124447
820088479 89157
424581228 127138
169109590 175752
341740045 155667
647915663 119233
675526570 14316
504529550 16828
193098431 71384
523712688 167972
295116327 32007
460806817 168708
12143714 28592
924128950 145405
644826822 155106
212971094 50687
207185025 73734
273302323 122557
587377004 146222
546817399 118081
887135017 142144
781075974 63748
750860929 193437
406834781 62016
517146547 22089
922710604 17738
76866777 47719
936908145 33305
297866529 105446
341084945 154845
287012908 166529
779902799 44053
420874665 97700
861907300 87828
715907588 198274
666608208 101072
649237511 167445
933033857 195335
791895178 15578
579865336 182128
830347644 90738
781600503 124826
600846157 62431
253669961 180790
124200352 74820
163928537 85604
887967544 141261
51005394 190250
839059177 131980
693258827 143330
395112885 69397
576555581 123034
168211104 48225
628254778 109215
265056998 61773
854886749 63429
690367732 73945
939912751 137641
790919869 72126
962034994 153804
917414692 199446
428853601 137648
353248902 84867
219536859 194999
294768336 109908
748429238 37314
827377631 73977
30503615 72133
458605407 69019
36217477 111641
342183718 22851
235990073 147930
427021704 123709
170272940 62164
767585669 82387
673801115 135673
475258723 34980
953805547 195069
337671238 145653
168327986 195012
254811378 125298
380347414 73047
90903759 88845
541382050 141700
235633412 181359
689940605 121070
908305577 175582
919087431 94003
829721221 91095
953867923 185483
894538927 106437
39329420 102232
685127020 67720
419878637 1633
952840933 58532
95600103 142877
411487592 85753
521853688 80968
241219947 98442
730945770 160732
28833662 68023
970787454 71776
660470875 193394
743363472 198127
477995908 191016
245120632 170844
142740462 29777
128316808 9640
640575673 59945
966307873 95704
293146914 73757
414236319 66403
285738821 97506
541280723 132089
182476577 109829
715559090 122703
290573368 174421
899884032 179834
544981739 45792
104613768 150381
888327951 130958
224127762 27093
63452514 22041
243342670 61613
249086341 197890
730125360 138452
210024825 74331
120438376 174750
684292948 114301
918214226 24650
830830880 20293
719888104 112822
394170096 73749
661842424 74387
291409259 87236
71696147 160789
900341218 34093
150993141 120449
281867234 116952
150028236 95370
710031081 199415
564073048 155018
426124190 120077
790971752 177953
710574607 43775
495418379 88209
365950106 172679
538739099 87137
622738404 23149
148475957 1009
125632693 16879
178068884 95629
534091806 28842
264909071 92949
85494647 153255
864585741 66532
909008345 191621
187124188 33779
815674290 148492
520367708 3347
527515817 79463
255747361 114306
229577330 37353
816522602 150985
831737931 148281
994463846 48325
169712580 59265
450706402 131227
947670959 152968
127276397 22880
353891754 135483
860219268 68738
313349213 50734
251647282 147460
119558172 183084
179472313 157171
541203292 14466
57628940 56427
687143628 194495
937577012 144933
726266878 162924
824603142 33145
268017274 21222
452329878 127698
103830396 156243
395457101 66445
377261739 185493
555429559 144080
169001509 198791
904739906 113931
64683950 63175
698227859 186293
371030059 185365
906455356 197802
709469093 90759
210994141 127042
867267244 6255
915546586 99766
216531360 145257
766186930 175149
611264816 132015
642309706 194028
686754968 42123
83933554 185175
854577307 113869
192426517 80219
330379553 42558
631118417 124188
245420674 24907
724161567 65361
635973851 5296
501625085 45922
81757661 117406
742038788 54244
52875479 17344
583504764 176353
262124861 191704
501756935 93444
393382451 70157
388779161 32472
18149044 79115
512970484 165499
237315885 188573
719668872 169825
386314863 179388
197301226 15464
968661555 98307
867534074 162422
16531035 190792
103662652 31398
984933748 109350
642335870 166800
154340610 171756
899472240 67192
539159934 90714
824844242 167320
629256000 117442
704033294 143069
699753121 46607
144841692 86423
66299321 133213
681600357 137102
747287155 10183
560991108 47823
445507129 137634
775791574 116373
649012313 20252
231222355 127995
892558858 44476
489917395 90637
508945345 1994
902094085 115222
857388820 98437
885434510 42740
236646177 91460
208103364 17106
158207276 137363
394117259 54267
83670142 147687
385548085 104219
253747794 130184
740894146 41756
438086249 106642
623865301 98880
97577761 79575
580261392 71253
423384576 74543
221998264 157363
501061443 189104
580098316 38709
486242959 17787
829731663 95129
450301198 2692
806632461 76813
818931825 118003
246554914 82882
677656954 20563
758472655 182112
58452326 39687
139649322 109810
918415266 122068
382462851 76057
707227535 125857
634271203 166239
204097404 34178
513626080 12905
770000103 120303
485479483 73897
506587226 51313
86201154 47906
708085858 78987
781991297 141115
442115861 18199
450889365 97252
540689735 116332
627271579 160023
76197793 46043
752268292 111264
605224847 97089
161884941 184455
782739663 107178
592228061 31663
317127103 96377
641473155 59968
541465068 547
321701435 79234
444361660 108211
163647598 188321
533187085 46039
732383799 153210
12491096 63483
735966421 105539
708037301 124767
990381835 198100
496760648 172276
685397986 96820
719751406 181064
555685629 23919
129747227 165863
205186105 172607
902430860 144155
131162657 12858
269446083 143049
626374429 197392
499541230 89178
486681432 122477
37113789 190763
259570274 50790
826300425 2472
767928355 21445
708892010 137901
251983375 632
724512271 73703
991904027 8448
185019876 123732
398043326 6296
588272601 67288
518453236 59551
578568301 59497
799168492 182465
502595994 184701
99676310 169392
243315556 49938
844008173 63687
631918609 67621
915356001 593
103540759 29033
763358767 158232
244981289 75292
800152173 58363
87927000 19630
798173678 142539
217877586 97557
335741505 183578
841544631 158823
925023496 96424
757278410 146250
347123656 193002
219063850 164438
554362381 130993
281426310 123327
215822625 166111
130476426 36230
217679033 54803
897757307 191577
516916732 54519
136919636 71996
512071028 33044
696586596 181349
378368307 70411
984162056 90794
938588895 144315
191447199 190608
484321034 98406
928924586 32329
865065671 163741
124171853 98948
627191661 10352
864259997 161552
883689968 57194
383475475 119165
144191159 194769
430923086 54947
365284435 68482
861857441 88667
501455297 159135
652453766 182484
347000332 140445
256561217 3125
882271208 139674
289763385 2135
539415533 9894
959985816 22102
820277045 166591
811517214 149688
711205540 125635
825409539 91878
876871895 173600
845003331 64283
620250828 69917
327239799 106277
323566802 89939
957883870 98024
507947522 69493
802173585 71508
290080350 109244
290734975 194000
883455868 192940
175768913 186044
319236842 127981
498601589 32838
547509027 170368
461278713 41223
301750379 105574
324253291 34858
328878400 145091
783221365 129189
790414553 38550
226583145 195965
949955354 12388
233021887 50724
33720823 132589
429910758 134414
561920383 123999
143971355 32525
832212920 91001
353958134 136106
409195329 37068
511314951 124729
444884375 80638
271071664 87966
147380225 93369
898668180 14296
489586619 139601
653136758 156063
918296009 105947
699599687 44458
417696921 110855
457781085 152110
948497122 170507
643218742 87152
396359165 54420
56789674 45883
820106059 197503
951669366 179827
47552557 15053
814760653 169771
751080438 58659
128782829 83249
633600499 71347
475634397 134480
935228665 167218
790273262 64479
15479951 52809
723150103 5467
373792174 74856
454349802 35523
293570310 186216
317884301 157240
115358078 123966
14949264 30409
422031002 70036
38908632 157929
274761874 16970
972911768 164578
767728781 116019
2940052 182621
566470164 35439
234697147 5478
686999459 194255
543844733 142715
679892699 146125
936834810 137767
618501220 154795
239575991 42308
802902470 113920
985362590 94941
562027221 160977
947715582 56444
550563971 15750
322315171 142376
690265551 178469
843305106 32325
150131419 13405
386724330 94156
713349395 126835
67120193 28767
734128870 91308
241736878 157234
150916080 178533
419590135 60618
348473355 138744
902874949 69322
180993978 125546
99399549 41648
988152423 17449
946132491 2570
410881378 146972
215578316 81189
927330929 81689
160143807 78386
817981096 81250
466506951 84485
988210977 1422
804075691 23789
879173938 156768
249274029 55385
473165635 51753
330931476 107488
540648414 44524
598772823 110529
993126967 100509
900960695 114030
441040648 59990
933167996 124295
667341952 116073
55185766 28530
187275092 7120
337646384 82475
114478836 14145
37248864 126058
215425130 7678
280243389 57029
357292318 14575
856201040 106605
89031055 152458
225342425 108680
411521503 198670
341329355 1121
786344548 29258
610365548 28995
529796194 7362
479283571 107618
155496976 111997
860867453 174624
843893755 182097
615265300 196766
824579178 177591
604136471 57559
686565201 82767
123962678 80501
424494997 149943
804442482 31412
767037677 42130
213008459 194708
495777833 72243
682771542 99360
921152805 52994
717180069 156572
504216546 20591
931166001 143652
309624184 3743
949326341 111729
637262731 7046
102911611 20370
500923781 47929
319323796 23422
792169275 131548
37365174 186500
493192932 167592
534890984 120700
512484101 51642
937233921 48028
245697871 93979
999784381 165599
498215587 124213
138819408 56091
66430853 63618
951459005 139635
302092351 64607
298584127 152907
104495564 29558
528040312 88244
101134204 40589
187129975 172282
353607563 196374
566521449 109479
94412130 164972
129327180 20321
321623155 54424
711900868 99045
951879012 162436
434743055 109893
366924096 102548
808436555 46515
134932495 2195
302382551 7736
797383376 8720
198462617 66315
271864932 92829
193465647 56275
850574579 112603
5333257 198306
795369456 127054
282938234 77406
858747310 17750
791970644 155359
922992432 196129
830755326 16927
130930082 125791
911141399 184296
123819129 155401
639724841 117431
754005564 2788
156203007 82474
436824777 25578
194115901 99383
270621523 4687
584935386 77630
500374264 45161
81146734 136248
203592214 109487
466456013 152266
255137396 171201
436046985 31046
750464473 145598
786477269 23981
704901483 52006
645927686 11380
656421046 52789
595552832 192943
756319016 9944
39905610 3801
434982390 54465
612593375 88509
815678294 52360
242527239 24771
542502562 93086
755634969 177082
54362205 190195
543499695 105085
195045100 146212
481931574 24833
463900424 179721
363748026 65172
828163584 194778
435520946 88091
589152120 45910
878287451 122903
257227219 125104
163002614 519
348445901 86980
626245491 150251
523401902 31585
100397920 140791
41360424 139535
343687338 97752
613190769 197568
739726721 115721
424314435 24966
699308322 37751
762291723 196046
216510262 111659
901524827 43209
655319177 54008
618049541 1202
614725890 82232
954718118 65237
755763718 92548
564005720 194990
661918969 4689
588656042 70288
603422821 111427
61469282 85993
429863717 112027
75258169 111621
651464345 55347
838041273 183061
442836280 82557
654686253 69774
607343715 112508
367194047 105469
486408319 143434
401455530 21668
162706697 82337
818984088 122188
462024227 137390
100023709 23645
596213832 146192
332788072 48372
467660313 135803
905999326 105796
876658019 58581
540692885 108388
509755165 7346
383573830 183871
125026842 17164
542427719 174878
650050251 42314
151474005 15140
759300242 177366
592224238 102003
526508007 148826
281428042 136034
221698616 102721
548084936 152513
417788944 6236
820871822 129801
197195498 123178
269786575 199997
576458269 186533
547717467 188047
502786013 117994
570513958 58325
45011866 19613
853142390 135887
603513786 7763
460686186 81163
44303748 2175
616014875 4310
850297460 100981
760507978 108117
45844657 19610
382238251 82048
507562454 18907
982874475 152042
768900949 80792
289762965 66542
683818772 8868
128614459 98002
594040407 135443
646461541 29842
153048460 13995
322980474 165193
781858123 15971
541437067 61509
462694272 149869
547374430 140557
443436442 156568
369201266 176723
311002505 149058
80858829 102267
124819654 181730
737342389 115872
29728901 131272
94473335 125308
654093385 56378
843971096 132515
242571345 90027
491115547 48635
477667822 91767
730034014 120532
941162257 152870
19474957 171439
732406196 82225
995424330 132225
676822431 29851
452986432 121827
866917746 107009
265518950 24532
654630248 97307
900989866 111600
826650866 70432
180659419 115343
949942454 79380
15559178 151243
459590800 128117
309967052 100843
762992460 49479
145485964 107912
326369804 183703
512681229 71303
589754929 183887
283400399 133995
363325688 162820
612759337 101865
267564187 141487
73500961 20878
80186736 120498
11554374 136230
48688499 186043
907446390 137175
290777114 53208
863839775 97886
471350774 13923
268482648 42762
431919453 189629
732550045 107978
246019826 31679
824917015 100173
945518284 96810
781622287 42656
439746563 75175
687668525 120170
248513499 59936
222806509 92143
570481814 128250
516032356 13708
596459993 154096
550552950 187806
176497182 76471
461783836 160227
714984924 117468
111714931 11197
482382426 191527
802679682 192465
503403665 114281
222302394 99780
585833688 88092
343596842 172849
359062774 134353
513259377 121780
941402692 63438
365608554 14872
23178221 177984
431454845 106847
917241712 13210
792341518 108717
875415435 132709
876350738 143055
257519600 32802
757504488 85763
513429046 106141
825732344 110364
467705297 81395
629703554 121373
959148298 50327
533126028 184720
410791577 91832
343795013 100581
255743577 11105
555463221 69682
130778601 191115
594317226 159337
960942054 146813
982938320 129233
333294028 36201
826393093 103840
629787092 132944
970743320 4448
858336670 116288
606698957 119696
375769661 123660
109120674 74335
712553559 197986
75986750 173991
150023964 24789
571189542 10087
400184371 52275
596850109 70707
829181650 15144
649415378 199860
23832578 26643
737395064 119284
897185759 69796
699694104 155973
310112368 57967
332281476 90613
774442141 18241
444420435 129161
141132867 139491
786793218 170835
273473274 167791
182410692 153827
531496895 62278
32800434 89104
303850399 178958
419663196 180018
163304028 187473
916625739 122874
366316009 82880
750179407 156583
236348200 26131
379465379 146317
367235530 88737
674170915 75433
442736009 158317
932110309 141490
443687036 158731
730946767 95207
539109736 117199
864771872 124784
806884996 76813
272452193 148450
47860777 112222
709176224 140962
507478243 19897
919186387 117591
180741367 111959
562220349 123161
28857517 39752
451010597 169344
975362514 183418
25626424 24884
839611923 48224
16060881 167469
250675163 132631
995316952 120962
183963192 169224
98736067 66520
812964917 38651
156591340 53774
397032202 175059
604101641 161978
970736563 27167
346915172 180667
895084955 168204
269595285 103255
839521405 60972
662758655 20717
657537230 158186
162375471 14501
670644388 112105
813239184 81208
518092953 44824
514312489 29880
648896100 53403
327760743 151083
794483447 127214
252482733 134587
391166226 147386
868017684 63316
331500342 197770
401202314 8454
17278818 192922
37663189 108107
130312672 173819
209630070 50574
259804196 48611
153115677 31688
507695811 97858
386225807 62351
43792701 99821
49183368 10421
221873157 55856
237623543 17862
780629217 101732
442829544 8948
141206717 93943
888964829 39202
451252434 71654
417730147 83341
477902728 81999
767933881 168603
892293769 126767
286542358 162061
845302694 111421
31418600 152886
646170527 182128
153573368 3725
319950862 26402
621515202 118901
935692517 26085
529317481 98164
613785574 98875
102812181 134979
540496863 130759
659047677 45373
701593064 163555
106871387 79343
379335021 170662
972366731 154817
695193296 76181
710945083 86742
730672756 96622
851876723 161730
823705165 32263
396059630 168731
833209603 151917
601656077 101565
923674928 24471
467828564 179601
353822718 11298
839682690 479
75177860 34723
215587279 180089
727764600 30298
295253946 23062
403079310 146421
667014601 188118
258379836 36611
574043181 23902
612542531 145230
695741659 198010
579675098 125378
681800749 64947
423827311 196753
947637354 1883
730296682 154565
504389376 52812
248371844 196912
746430206 142659
1795357 197192
580143930 176612
306870831 25304
99613809 21965
830979978 78626
154614063 130569
590381773 89131
846899770 95912
143502980 129750
209375161 162295
532099381 68310
620689666 89061
253909397 177915
657709203 128531
465221022 136403
130114577 28556
127002894 102856
167588872 78647
503403833 79981
962033804 4453
24893542 73233
728088093 132253
675599156 124860
731712691 63918
40903907 159292
611984969 93710
210475827 102931
779885922 25025
684191915 129406
429842267 178701
225113683 28117
211934987 25704
15751753 107463
26331814 55923
109647841 124034
238869392 197165
261688888 104200
882056573 53586
15251592 95908
948567458 116687
588032571 194010
755708246 171511
263228474 187944
85654477 57564
851473335 184970
215997025 184718
673036091 35050
691252259 138822
166185911 45333
11070384 195953
910903026 126326
22388683 167151
923242360 25729
227652654 157602
116115563 65875
737583318 165243
930048509 36515
864344509 11755
429526580 168860
766063108 109354
32474883 29568
73042910 23573
21920009 76460
632700534 23519
133860113 126455
772485257 115755
63197809 114582
964038008 132051
140452020 42210
505586825 146081
44207966 70691
76583102 72357
54966155 98815
895148602 29589
797433055 84709
280995273 137532
474896416 131663
83174481 161430
539909346 136856
849480843 100935
946783842 160231
144046992 141776
466012622 1675
291106715 73310
320404296 71996
939982064 74488
475586876 56831
316196760 181756
159382157 128805
280361283 140635
591553325 78465
501520076 170437
121956747 17439
856191476 14537
762997227 194528
308285265 129916
922753334 192435
937305057 67639
264645293 111319
764894090 175406
216934231 174317
476825153 18003
276439957 105903
488266185 199294
103425718 89501
147489422 146560
486932303 162965
10628736 195892
387591125 68408
821049178 42020
297646807 168299
682982072 126945
727752946 144451
612577085 141579
342882678 56992
920371187 191894
738005165 99101
577949638 119713
325464841 55109
418619850 33070
822916745 79698
14707005 74816
809271318 124907
454928485 181929
939594980 145500
676051515 64149
579351727 175122
914700343 183693
228109502 127605
710298536 6456
420094227 156013
677151356 116946
557408185 149758
188218130 198352
643921208 152725
289542630 147685
515474897 39238
412686809 92744
402391317 34846
271654038 162404
259031463 166411
525096987 127740
400241504 121141
828027727 175570
726251333 65519
767667738 88954
160399121 58228
839235214 24223
235675214 115825
133097612 117462
653712825 190673
698779589 50929
979571078 45673
444098392 195405
175558807 187316
521424059 185223
884192395 195655
397766647 155005
821136460 104770
982633636 186795
997774152 105840
710267215 53603
266930018 154631
104716323 94993
573177821 3821
237243343 184798
855529313 30329
603510745 159213
660067080 18452
52598491 73606
85804973 140185
663395862 28489
737502630 43447
201290873 9079
106545468 44342
803208511 194343
677214413 125327
384796760 69092
137117101 124146
211781718 78863
399787394 94979
380192368 12613
840179681 164885
450875554 137484
964551985 87808
448952913 35104
264785195 149255
362600286 52452
988764609 180621
527833579 69889
812551325 164981
263398802 17826
592259834 26665
145703275 34723
932450652 166842
364081298 132532
469581964 171871
871569712 121026
529860463 146993
559602547 53592
553198459 64578
207277649 194271
100030407 191408
429478603 115742
682085903 183836
511706427 41072
590932521 122099
91799854 179683
443274673 123161
922250479 99332
58577427 48851
83548160 13789
633488401 102779
318226431 31735
535763382 133892
780124002 82991
844818585 110791
642888479 117260
712285912 144357
189276123 88562
112648051 56218
599735801 44117
967159192 128821
604694750 139140
694693211 107929
348347648 12499
314906176 173149
377252447 114622
688768289 197532
481812145 1049
500819442 100058
281605748 3211
468538219 12340
158608811 154098
430894367 64898
632518448 180574
178543485 154269
858097544 95639
624126893 39727
878822621 96531
474422211 184868
444478942 4209
246393764 45693
964818796 85053
645421989 113447
84853427 2568
125530864 118550
667007279 53681
116700473 132136
137666747 181290
329480688 143434
713920150 135834
54670454 64091
797627194 14310
601807682 180106
923872530 76115
849841518 27284
837453014 44363
993635856 46023
992266416 95873
623381250 42779
42188124 116436
304660565 120367
674641402 133524
909201891 20651
32727635 179253
459521019 22579
855675343 13761
209497150 79151
357568539 62383
391670159 100196
608687760 128349
425059783 185340
430188986 33512
935707514 181803
92059692 61330
78885175 30982
219530751 66284
431080266 65378
490128247 33283
805940011 69160
136248224 131029
869393651 76969
518443527 163505
687833648 175717
26249613 63061
270643815 24316
754746393 144904
540476493 142846
53284577 16273
627413407 8609
203192020 82889
510288634 141198
550602801 184688
212541446 84181
559805876 121864
852948761 150401
792540833 104733
551663504 24133
153407120 180420
998403734 46918
326392154 186063
619779895 16860
590916061 95880
221602250 30946
951078641 94634
118057057 103429
958162392 142829
200391500 4216
647172474 77792
531300961 122224
56304129 172492
84379524 163644
521197264 117614
469822369 79545
62841860 53433
564088888 38954
554474788 170886
900339890 24947
925430856 112195
19176830 172059
652772606 60901
253083811 68376
812618341 12813
285682200 48606
202344044 176970
361508989 89101
401278909 185478
327795259 103121
616190259 93859
863454932 193397
692681679 179984
592577837 143854
687357687 58922
624074312 146154
938322006 140300
224147167 181919
389431323 185604
641890339 146189
100684975 95833
106452360 38489
373259582 167172
399763675 20597
484940510 7460
726449315 195734
341089056 81850
723085019 110243
505374804 134527
455211566 103031
207918105 534
998311324 198337
813785149 93396
697365436 197116
640767187 13301
430088714 88976
265613854 148586
430662957 73525
95762187 159422
620304470 59283
887837164 123490
439566231 196692
48500398 403
593978053 114734
396713874 80475
293366613 186516
760118768 102260
572595109 84034
268351582 137902
344641811 65384
895721587 148318
57062219 168110
776029048 35423
433223224 12918
128199208 172748
925603081 152272
888087201 173877
849092387 169319
847425018 63650
734307389 860
988609244 21127
552744220 78445
911273739 150263
843704547 99754
361386390 186071
530640304 135926
907702950 38841
831803257 163766
796498629 136106
181938973 62313
904710944 51058
625891326 149762
266381078 48121
394256118 22141
316103410 194308
650671071 155134
995042173 58018
310996070 6910
84167663 97459
398250457 109327
315967085 124351
715027650 60257
567696952 75686
750074271 185547
198733328 143204
105443753 128542
56750443 108352
967793777 119429
158855347 105596
115694805 135415
949474704 74466
232312057 120079
76026369 95186
702102689 172212
909897767 135930
896570130 50142
456485505 107769
732536986 88388
770403744 130683
168212333 54167
915503962 168776
640369424 65784
867163550 48190
514337204 9995
390257326 125257
448389599 73689
123847287 170103
185676827 103604
985856032 80256
621109051 89883
286557002 61489
341197548 88625
894355972 198016
583633571 142384
228235861 137669
147704592 199130
535162293 70531
808512880 106777
606456503 33352
219690963 44238
588481308 38093
305962582 61855
346488841 174805
178159976 39825
112711966 152722
487825463 167977
394514878 110434
364032979 77757
287484172 166593
717875207 122260
812698286 161088
639189973 83569
562171966 101673
625269066 131404
663321121 175973
491566281 110676
196779570 15479
142786851 150241
226570049 2792
547298143 14399
264004439 162523
973732807 58001
454055025 29273
667650296 130771
109314266 77356
612868524 83415
556181069 74893
179254056 55061
287464345 140670
798008827 39918
788783600 14981
545663677 86259
328264509 66385
124155223 196822
250503321 16000
159060337 181851
827533471 182342
621793274 77296
848317883 113005
414018545 32482
368395578 3789
221372619 155856
313489439 75521
682996810 124773
635790064 54587
962010551 161385
137269226 190876
269626455 126002
539588315 151367
19860884 145324
7265410 67017
845269726 139308
832129142 183718
897320328 94466
42234414 104862
765749108 41125
611395619 174903
121548707 135667
204925678 191584
209659746 36066
23640602 4615
559917608 137531
618473192 172125
516877394 107816
876084072 98828
116501859 123869
60250220 55328
643968210 103786
660948805 177407
453576055 198613
862569937 141337
627946135 70463
415722025 127933
651408225 45345
801457498 56581
24109756 92645
963673902 145854
242455376 132139
471265032 24478
260032794 55839
459449066 121904
571094209 172481
270081893 39861
303200269 9282
950338117 116752
162742157 101184
972896753 138513
265817698 53
83870900 22445
240812057 197509
592632921 152017
335215438 49924
696000162 55102
588947700 188606
701991706 136967
75330926 63003
736993669 145652
965992278 194921
603394087 2144
488291491 176825
814761698 163756
725869930 97063
758581618 131644
605913880 122172
424461958 18615
268938911 171683
990814344 91541
427858325 182082
800639100 66437
872113640 134490
680509534 57425
670394632 111152
161623686 128026
928201292 136731
639808585 193569
308435955 162841
1346088 190375
545684463 54359
341628155 68855
294968706 13307
614436108 34904
208266513 60224
767189341 69874
182605363 65505
791692530 192298
74644692 91947
70910540 114484
951380507 176406
235295763 66763
291840149 44000
863413468 91844
801382272 142450
951921735 100360
342664767 197765
704346908 67350
704141226 16931
770819809 170872
900194993 189463
292848428 61417
726397202 122519
619689286 28526
479122692 177595
261422360 125957
529953915 132646
20702416 102731
757564244 15560
156563017 195847
219325651 114196
801873740 180848
975600942 69502
38022877 61197
349958189 26087
779790393 167718
275423024 188335
356474925 26281
90058174 42243
487102711 135521
224434257 164227
449329595 1517
795732175 59960
464902954 90336
117888349 190733
619969517 125518
853396378 8722
1248845 3338
863109453 78180
961522169 170555
22643964 129346
829512974 123507
366449547 57005
824194171 197570
22672489 103574
935309901 90288
685669477 142600
528773839 186829
644521880 149147
114191710 162613
379552821 56881
732696012 163940
78287553 163333
24338106 133876
211801131 184122
445886452 17883
111141163 112369
861374591 74038
772041198 91301
165309749 9145
13703530 157707
252738374 179152
492509086 127043
938128620 158374
268778625 1630
744658457 33793
58893247 27813
626318684 169067
946822525 60536
535211282 129888
450484827 19180
647464963 95811
644498426 101427
176109012 79001
992938492 140684
210924811 107469
198188421 127553
85597078 21545
254349256 69594
259540399 57191
766785287 65591
646046400 176829
676516178 188068
215420911 119788
528354372 150918
822775942 90262
839057657 111558
640806584 67733
529133883 151840
482239614 184096
557035949 70825
218541176 121392
31553814 13558
745399885 119829
850605814 162970
245305112 159862
66904678 176643
195305450 177168
346215765 48041
580229065 13035
494290320 41605
257221328 170872
651802769 117313
914479588 188078
236368442 121975
637148155 49827
849503438 76569
832108592 38852
64760701 199579
249851077 100978
56603601 32364
686692671 154063
764527594 131855
667035628 144367
556608226 19861
392328245 127441
386190963 178216
899056432 199418
627835124 164724
678562752 76475
402581186 59680
585919517 149104
127470473 68809
499323094 163233
230681712 80948
874188028 172796
424733052 26297
809025171 95103
97731300 12332
190471213 10351
57636647 162158
40475908 119412
201412191 25340
259766492 16248
81584322 38406
676841504 54723
850619573 1905
744614241 33858
129262682 187607
227556183 148553
541410918 51598
695541391 1219
781737912 70908
130514679 121087
855811610 62939
229344108 46999
70655739 9816
19043530 72386
843689473 140863
389200054 87288
201011474 124718
472905222 94284
546373817 194008
337621616 150239
536827146 122467
170380768 137162
566486314 174677
926201052 172332
469146958 138840
216002409 162063
553488162 119028
99360965 176038
184843509 105051
956041230 130882
886550582 647
173257788 14040
867459233 193764
644823752 157576
42701086 116794
910914064 75731
214323066 155848
398735576 86182
553630724 130015
869828167 47118
151510073 199943
144644574 30836
273536761 144129
250218615 186520
870764297 25641
56726077 22083
532616507 27993
917727549 189038
48813037 126978
943452277 195650
286378156 67493
994570209 72031
236825219 170320
558304010 72757
448291886 159384
376451080 193184
111662330 18893
941152990 28365
750125160 27682
866048154 29568
734807907 22364
230004675 23572
533695028 127381
149725463 119621
303838417 10929
439330824 82443
871797369 187587
926817288 154447
910502659 89726
848197904 168836
494383197 152216
193334091 185900
187790271 119942
223755125 173122
581010499 99952
157004304 146691
267525088 111185
944115459 8982
861426171 76684
509069174 77693
872284937 175904
438978648 147016
63668836 126626
40481388 199117
434362344 166744
424905484 52152
895540708 124883
696730047 39773
960545506 123301
502479273 199984
585222168 161204
587359214 77658
253825859 65861
760196154 22334
73250805 79635
851723686 175785
342103619 40819
649826941 168798
427889804 149678
210929685 167395
862837748 70802
614547959 36847
262909723 189667
563320231 175454
282179368 195934
667688461 180510
494674808 165820
219632493 77640
224313428 136404
109927258 155777
339355257 194929
133259237 55484
258464031 66940
417737034 6297
783726181 127648
336080772 45257
382579442 121529
357868354 33670
513672246 6599
27914987 177782
561832834 153780
411429166 110411
329366086 28648
775731417 169048
295358590 15540
21239951 17755
635437959 51307
572496993 9418
178172166 87712
751363162 13394
116622326 45218
69684529 1134
791542326 6316
868314261 34811
11130639 59576
988774988 182008
462472196 171215
753691788 84622
987104893 35509
418291759 102254
516177462 36963
210591268 142199
246896566 40577
126993937 26957
130731045 121945
286632226 173324
621169955 65105
925416249 28155
85519936 167314
922162117 17527
163423235 126928
714472554 189272
487176085 124735
512504742 64111
12280651 196942
140551793 72615
488025245 149764
508074089 6033
61816877 25693
250772365 182157
248322397 134794
580394348 70115
201406495 139859
68216859 126622
766898721 81235
956397212 52677
143436231 191882
449935603 175621
440423168 92630
719666576 139471
196030473 90510
671043816 30002
241120240 147430
737300817 128470
24919238 83275
927397701 140046
180847746 124933
923743219 38166
431863568 15503
32460467 111586
566646952 4004
470681794 167799
285443693 3710
641012308 109219
452694244 100072
622879370 114908
151385142 161893
267956499 112965
564797851 89960
968948762 88460
30907590 87993
731264065 189502
734888941 12902
191888364 2318
345765752 31823
591268878 163083
159546430 162669
239755176 105289
930763077 135210
635425592 143948
130405854 28619
621561785 41711
441836631 121264
86938140 164647
910342838 45664
80688033 123387
780266267 177555
740737771 126978
388059846 191108
346946342 137108
939791452 81854
390554402 114923
452888989 73828
940593910 6297
830789288 139647
122558476 48825
355275431 110798
607210761 124560
900963489 24937
999644889 112176
61253490 156174
678284305 4929
531458401 18157
646306080 14230
880908204 85453
620035078 139314
135379160 26673
839127278 122728
553702159 73084
399204222 7533
747490817 99678
514819830 92908
522840901 44010
941042000 115361
988785787 168580
709726749 171722
56907083 84866
371213925 65359
289494761 39824
13890277 145280
89572490 75457
259196763 189878
470369443 124934
356075109 36614
291044369 190420
947029805 23579
14347056 38355
260947330 1795
733660024 51731
954040528 117857
736484619 2359
613439780 136719
639516632 133246
807935713 23487
529893541 180756
224665437 73363
884211528 175333
183840237 99591
489808675 65733
798857084 141806
219568508 117173
741859635 74120
476458756 167079
186146194 16747
866487940 113931
589015753 133615
657727469 92936
645809824 35812
511110711 25254
396625463 174855
964821599 728
949454133 126636
650315724 77050
428039781 65283
104389718 151932
55487378 7537
470505521 186951
743042997 106293
475806702 47500
311412720 45549
323352909 74453
962769509 134602
573964046 60270
826762456 147073
984774066 88924
463209551 32142
123618890 33887
973699001 78440
232573749 29144
122278067 31946
299164778 121003
222700806 168841
959485627 176837
273978909 100765
39327507 134661
547788751 133470
764126854 55031
559069301 176839
222519997 77751
695871583 45530
187447230 66391
356820560 183865
412703783 19222
303466258 153998
739114626 13992
774321347 138092
435372389 97254
934870101 52809
114718145 55189
282660080 18411
517554999 16946
875725728 155737
852227564 50484
969690479 34995
448709396 107144
794499587 186023
354364630 99096
469146621 78386
321845944 76797
686356555 122529
527528606 191306
425178664 182051
91706739 131056
168168401 113477
384677843 26023
86716772 159215
418836439 135071
979394115 168612
541864965 176573
652463115 162722
618644617 13645
437935185 52097
208255838 174421
708726294 57985
763135984 139564
56275282 188209
990474321 13289
448001564 173771
997201736 1135
892900435 94215
291245421 184303
744180512 4100
43417646 116787
344246311 81698
163341224 68415
684196480 124817
194302792 154309
924461070 21902
90097431 154114
431769900 194511
909870941 162079
264717358 235
674973151 14096
8444798 159943
44000992 161145
968112335 123142
996722457 27420
620342250 30122
270287765 66685
223675403 75241
274354447 167092
856229632 179775
564914081 118222
239491323 195561
200994555 182751
504197015 98458
659676436 145390
473160236 165715
121654830 69241
32105469 185893
82792590 17999
782892928 160872
450710961 39794
225642282 129551
285892391 179763
575232943 156861
73030305 38084
673843223 193603
454119891 39824
863215822 182944
604754086 141537
640325691 13606
211126116 124896
798336373 10138
142982130 15334
244350584 97146
888135789 91720
810570274 152504
872665442 197594
708037122 6580
693849994 129588
574788574 141446
926341461 147311
576712299 140909
451578969 185723
554085914 57641
18600423 84536
448349991 11659
840929441 18014
524458626 87898
319263945 76812
41573052 185963
180351276 141837
690212912 51375
180193512 146095
318995208 87494
951881849 196898
559117763 112156
822133278 127228
858805390 65124
860107450 15887
611200401 133240
157185168 101632
322040420 51061
884782433 197531
378247256 177502
942043137 190741
163346530 52365
346814612 70863
923410373 107353
142918321 181050
127841319 36535
264017082 155347
317761257 63929
237750628 179048
834349839 189224
55361694 169969
290467674 185797
407151983 108339
550136037 45054
547602107 115321
993117603 144731
46022146 77324
278449539 103868
577485986 29467
107185398 93071
572451650 161932
887253844 99505
813685094 47139
902447556 10254
542737402 179497
19567378 68617
361997763 141971
117143966 14973
292646177 160909
131695590 187636
545035169 100623
751898601 166415
993911700 99596
195011288 66196
515715928 85035
293795465 165449
675729731 174161
382258534 130086
616699849 67717
124903072 131349
675276438 88250
110583208 148118
896564553 196944
620519083 151762
923327447 60497
494943259 60225
945029648 87167
574039872 84594
926162904 163882
156871944 113386
587440400 156137
6127916 113150
19474659 177574
536371788 43967
759316825 143570
597519408 49536
611840486 107420
100615203 10687
663484051 37100
766890413 23074
892699232 186539
593638014 78998
580913240 82423
679010704 12615
303881947 12882
659035231 113846
444962125 49533
296544310 177922
400326290 190342
877669770 10248
5346196 104874
985486328 79497
884351031 76739
170141946 63767
761105726 123223
428346753 105899
201317302 30469
543332144 148628
739660198 168124
88794598 117353
954372646 184188
951897373 106687
536241596 191611
716447701 181523
57532435 11432
565704654 123678
458893022 153295
624467856 81288
999441881 66340
298887019 17315
56582970 65242
154559334 152420
303415379 180810
227814823 158156
373387876 101009
930280653 148505
310944781 142229
676502139 114533
48679573 108364
849526622 35486
543809831 138933
534745572 64101
349910945 130118
326748521 24048
182509361 13664
591605872 55976
629023944 140014
305902846 79318
340626891 75824
615362738 168225
26519460 82518
626269389 106423
958001917 91538
601184135 81950
954464135 176368
77292175 29991
900082997 152588
666407299 9265
971041813 29643
372145534 115054
419803424 155129
397489147 137336
368301312 7002
751685529 46851
428068698 12553
209193277 21331
234598564 148936
881911059 22618
458425597 100112
459062243 13058
671731130 87277
970541158 25789
617099900 144975
586859811 73149
783829433 126609
706196536 187095
776434260 181867
139221340 76316
553247298 13315
205334887 133853
136095856 94288
635327846 197426
614664523 11381
860440705 47341
500895435 144933
952858671 65172
730687351 28550
366080067 90032
683415713 174065
864694234 199791
680828967 164600
220506884 162171
7983390 6956
994919894 164632
208220507 91019
510975493 170582
307199050 126730
4741573 131007
592042374 189510
900627292 102183
480134177 32171
435776517 17879
257490866 74063
457656330 8569
176671627 198897
825819651 40929
720627049 121682
535695979 81578
64342937 169661
571473518 10610
73876764 4421
105462958 196295
378923735 151827
580869147 187059
12816984 80721
842399847 137857
812006221 100044
564791976 13892
647097049 186128
472810028 138780
760073884 86716
387588987 871
988757917 87955
351262294 42288
846435118 27638
665695573 170104
370062120 178592
527699172 91895
583986478 61955
360433041 65852
773699446 161223
202488795 187169
673766008 195608
344488175 68966
422241189 119312
381608813 114576
451835264 149263
179057213 30492
443773705 108419
558280680 154845
1279430 167140
205748307 85223
525801590 36284
12005542 132986
56371880 147644
65006488 57829
330688429 16091
241944003 70579
658725901 159204
337869834 178169
826224600 66343
414749735 66797
502284018 192617
577272672 109688
469577463 154622
517903900 108019
46947460 3443
43887918 122758
251069743 43077
825257504 28358
941721612 113693
806157749 153092
921835981 74500
383412737 114598
153394800 97088
19380521 106408
214877324 40121
508301506 46757
399052878 108464
809601582 178579
592819147 190362
77149604 64892
748651073 16047
705269255 94605
306367088 5186
635478030 69550
857924529 114681
368161500 163032
633792741 82164
133374098 177232
355239618 147026
38781766 92870
109011384 129775
391018005 5969
213843085 79162
927094273 128991
819660037 44971
828226780 54309
113380616 167531
415703318 157204
500753084 2595
239840250 198352
940939493 21286
628376245 41719
358031125 161009
70966392 185147
246053769 182313
479586650 43617
216183428 75111
286880849 107898
769248612 3091
595082039 129463
650819101 153137
229509210 30310
238090360 33024
917592257 21361
194322497 123267
731082362 125036
568279152 81961
314645127 146724
798462664 126959
668854343 11379
32645116 151955
879560294 193737
122000298 132257
473151796 18805
25589632 33138
937483284 175623
69188830 3768
928215565 83884
781296531 133268
222332900 88406
809025740 157089
152063660 40417
826649702 67696
405072350 48321
250504237 125650
198289287 98093
958637523 41538
78935505 152728
279737560 101149
38380945 148721
779317514 126018
555175520 111210
340892692 178088
88062480 17090
350345981 39812
217989303 110092
87913852 84048
415219705 196709
159340876 193574
412594347 17935
417911044 162718
115073591 197420
109914085 35763
410802658 167284
589840363 145839
921468536 56466
977631026 125131
978585200 186837
315037841 34354
244558126 13105
683802237 20837
956904261 188556
532984178 71379
349455925 161818
306352508 99945
836125738 119604
220652073 89771
106266759 74675
534068137 63672
27679758 191495
302137089 173751
656256531 8838
459783491 80737
374571952 108419
345693437 145049
437484606 123958
964210774 165335
510589525 171561
852688902 142182
184868654 128313
621708531 17252
750969170 19652
895895902 69803
364984491 104481
301874621 107282
956458334 174791
978838542 116978
396801146 42213
748882210 142877
406745349 133863
913595260 172741
183552312 73421
277615950 72780
264767093 54145
817674723 115304
828651702 146120
790388252 112185
108170339 12694
717814811 64229
315899589 9292
369625178 67179
700384154 163783
766276023 21185
632202612 49
872345435 163710
816212063 189312
807026566 73333
610226961 12103
144017485 12089
233197783 191098
381653183 165133
697915102 88348
793896883 134887
461260011 65850
292497040 27992
613225633 9404
316906319 50679
545453479 41558
25428898 143569
359709991 67515
467152825 2957
564383920 37825
163991542 199319
360401529 108777
903034082 85445
162404182 116895
556857496 65957
745748732 46258
587211827 190560
582536553 121115
852705074 47134
811783299 22808
249484329 122387
308362814 132304
296395278 70967
787277922 101285
918378423 104491
926670380 141637
309598739 189672
517920615 171893
314965440 42290
409034691 79432
53498827 134628
29948472 96316
61972210 153487
984979051 100379
221606660 192660
279080059 50978
108168411 79309
385747107 71981
521734221 51705
324253811 16860
155147398 22611
205409824 5371
321454933 186078
387103080 47018
201783501 128108
751448523 171185
15943207 52777
538448329 190840
563018421 22406
130045538 160179
702238770 91029
432221952 86888
944823886 66632
959752861 193065
476306535 24282
79652749 4766
585017855 57341
852915790 123651
960187551 140782
614371757 31035
968626511 198246
285796766 189503
812304418 109250
345261790 91276
971942811 187459
418389840 68353
244205077 40782
837206761 151642
336045863 23063
412333696 76625
955775647 192552
719454032 47002
609365839 188483
422344079 64289
628748102 16072
392161719 186690
177335274 84135
689531105 157552
280625422 112597
756691772 55903
703041003 88312
764077422 36262
429162966 181905
572224200 53968
305980087 66254
729259985 31234
714609237 79945
172542772 2195
131567847 106422
501734441 180949
239826858 146523
54872306 94797
261793573 187250
233151469 120895
72582819 3382
875310852 50528
528015658 135606
916725135 131721
884600175 107262
687885198 108799
49625612 192638
451550964 139721
556130817 38165
852417695 27934
44701041 142399
565697701 189507
253237880 133098
335192979 145643
897887468 102121
848006617 164070
215269564 6256
555687063 90503
259807859 64426
116813802 193768
83415702 192963
939128350 72257
538230160 153466
354852862 83936
434864475 106607
298894202 86903
67166789 55129
770525137 45767
992256168 44950
252586717 171183
414391572 12439
100441207 19300
51930661 168177
688460055 15461
934798327 125635
570463504 11000
657591413 117203
432242446 61730
908573176 199762
850999689 76447
667809732 45373
437987307 140875
511230179 45463
531444909 90261
563672019 92198
927571052 106761
402333191 169437
277930329 122440
30995783 39701
66613777 79232
134215802 115495
295485519 197131
438229602 57810
672760279 58209
300770026 100955
56091255 97192
562670180 94118
64368373 63470
578574776 14072
360101635 5566
687105208 128774
866846365 36441
628565648 11745
953430459 46478
858531231 195694
313315319 156338
629113221 182416
800736647 188175
767609639 81153
490082844 71234
994391172 115005
724901933 182443
738133474 114685
7142844 51484
86285300 4255
337620767 142357
96996404 100429
594538733 109861
366957255 76271
405788288 142877
51659686 30904
635322698 175800
483313214 137156
128570078 1169
234504981 108134
933247226 96478
224294164 117811
225656617 165803
520445720 174697
167454367 29387
545474885 131900
733550242 64832
432585057 51827
565961152 76016
570188599 138022
628215570 145324
877784001 111382
65099381 175548
37120161 54358
164208192 97328
303711345 152911
490697576 39788
158210779 39164
87445804 56400
68687686 157851
660863037 190494
980762360 171119
377068592 114648
580641798 48033
996776559 29385
879476895 7151
253211618 198500
910745017 33945
476049690 146254
560603612 128948
985033557 146276
332233952 17044
22909486 119214
830159024 159179
847049685 156054
44751875 107928
584357365 111470
587819954 78180
300659455 134242
727380543 181340
731490919 1196
369556184 171430
19370469 39351
473549965 57034
442979797 80598
334044210 12542
882362157 32297
597813415 198902
990696561 1296
245521856 167488
81367724 84773
28201556 196892
626814015 149305
243224117 77412
40609163 144874
632487683 113109
38578477 75484
195287804 40585
467703707 89711
219752772 16517
182595110 30446
764965926 132597
590260493 97257
197626226 68243
734832294 193309
869625099 56393
778006249 197886
333678434 132925
323745201 76949
272141873 14699
160037697 115039
578031641 86381
906314883 58489
432989751 57722
799793649 82048
65905825 189678
870895334 19405
537912190 110904
622488484 149538
889489368 192101
565713356 122357
554397766 50010
653616250 31478
591899385 90202
672063894 172653
977943795 138676
5854033 155016
347568363 116009
554524582 192993
333465902 147940
350500740 162003
167803589 49491
759494699 64825
78221757 102236
284584598 150435
61021405 114263
284533606 84455
202329404 170496
946785825 41019
417204166 14434
843687918 180034
199228298 53911
86856289 80318
528595295 60030
699652192 102598
993268569 71197
85385759 140998
380922905 114927
735958796 48120
96297747 199993
450316252 182276
983206788 87892
94856862 152532
150558911 95829
225685794 151905
24249917 70166
968063623 192233
412884811 131380
837921854 177720
62556311 112955
764763513 181891
454848686 160295
295520564 61720
624867444 63770
430174490 59453
335036417 191563
539574084 299
783851014 198719
952345759 40734
239536862 18186
170780337 179323
518853028 183712
307092674 103936
858502169 76399
762710036 150255
243953687 54810
295153798 108067
238092636 172785
490839111 129654
909049543 52972
476633932 151732
144268663 37983
946625972 29969
169311023 18097
227058700 32285
3197562 146392
358368692 37072
6510017 61381
384006486 66713
44731878 237
664395540 77642
252543180 23492
819638327 110752
241078938 22992
280004053 81120
675596412 131898
410909660 144243
414671645 99547
290704580 16985
4881661 174664
594026780 46131
50572797 2329
636503150 79187
852664611 189634
55825443 144358
125679517 95927
323220580 81280
32202366 162730
495274648 113181
933701746 42074
787991449 85529
543846466 10328
702707569 96889
544936774 164323
793017817 115762
940905072 32723
873393302 60916
671363512 186581
902695658 141712
445855233 69368
445745550 43800
572712462 157019
517689623 86210
714334229 58286
776303068 36562
71458007 602
671186492 27623
681300353 40469
107141308 7367
540921719 158832
160117369 148537
417451526 47124
932383086 14968
266206893 65989
963417376 33165
423876532 113942
951771478 5520
656607011 50079
610550745 113643
909334248 17403
707195824 50707
675813591 149080
612047833 68666
338154046 24024
868842480 36876
646096530 108590
938196433 67016
450861398 140653
193061125 184096
428985971 179327
838258984 21275
981887382 18516
703929764 113012
842087930 159703
145200028 509
324396449 14054
663716598 63078
882169850 16859
922410560 153928
136160269 181980
976565762 78155
800985641 46080
229304702 138488
560303243 151154
714989584 51428
356938071 34399
17911469 179298
618120962 153586
492564815 91891
721695823 104557
751874739 15548
181914191 61370
940740236 122310
915068143 176421
894897914 138034
144718158 115470
425559558 53983
604454360 95499
936496420 93607
411072430 157719
407073847 2663
418725344 172944
850741592 135378
933594935 11934
283732445 92124
670575981 60974
868127646 104614
948947611 128377
523060423 148478
659883211 59152
769514990 58293
71502810 49396
900743991 92244
113666761 99659
646523669 31693
653160767 1139
894282409 83574
147934416 81896
156956602 52097
359516671 57
368160195 169683
465545798 119299
244766189 122293
783764464 26598
825626119 139727
344568251 13007
508179153 152657
322665580 146245
193171365 193592
476264072 94429
681238715 117714
592617278 26245
530735694 181389
993141962 67913
242836031 199461
29293140 189030
224940071 39832
672053744 176630
282058624 65654
702612880 78767
359344733 151709
510974566 182273
606594247 171803
922847101 59153
710786267 73175
685276759 175718
972186184 138043
532663725 153843
603115523 197286
871408647 146691
166863493 129479
763977602 80469
695382813 130732
978409493 89683
131954613 172908
373689103 191196
761940380 81442
829994652 67717
627319801 97900
891759008 747
491456152 2606
279490143 104606
240795096 86874
267786390 73572
201320963 167193
319443716 139996
284467693 94627
732615695 17368
442599617 94000
717104867 29023
679621262 94599
74956088 170993
95583287 11856
137869233 27340
353173605 121598
417454401 142398
930969652 57281
345332768 192760
583366790 84960
340598155 114263
515020692 117519
555361247 110817
645020523 194230
138086488 72200
960310924 11695
992624995 19313
146910509 134916
328738685 63495
474602307 37793
631603615 21646
355111129 160682
729132215 63899
653031 46785
209353793 8173
56992489 86711
31564349 173640
872875976 187507
107964284 43358
985490018 130246
910869271 139172
82197183 122436
451080610 131398
687501350 23903
522050813 129009
514574032 198416
820549634 193633
552779427 17577
955577305 109794
592074095 35465
745730814 158782
366506375 14670
247243885 68353
938182583 136591
26168081 67109
331205944 9092
745205154 39553
608736363 79038
303006607 175776
856352226 46048
168997946 164826
677952357 22773
774294739 189374
566562613 184449
785520011 31786
639324251 121505
131833521 156769
660972502 178287
330838180 16083
50709696 169763
710105345 111488
707948472 186812
481357364 192929
869482894 52249
35222066 69574
966893470 198714
218348439 187769
422692638 50611
471161994 65816
946293255 190646
826598987 76226
291771307 199926
347995457 166135
800204227 198727
918606113 38496
429004342 199954
112723738 38864
730795686 58068
680842118 30588
274174456 35331
98428134 152659
179336366 99932
777029238 59718
769196512 33530
493987746 32942
219290761 18248
754481004 6761
125865705 38792
573682653 39170
944268297 99899
368677718 102807
702551258 60188
52566235 81113
412903118 6900
671536860 24687
839066275 130665
160005238 185912
727739553 77638
333399085 25157
646661591 160034
196573053 60851
396248549 75880
240261988 75477
335417027 197155
344953464 24882
975482977 169671
218548141 87028
22004064 54141
985479546 12253
58613014 8492
723833906 71340
453051913 128615
103468486 31746
643903505 146373
408638464 106336
610366925 36278
603398566 187869
421861838 129771
950577022 90244
232086133 147140
166122364 163985
815036856 34547
776659192 104064
668290928 144918
662890363 29842
571220763 131482
177768092 90687
695066882 70949
503548239 61565
289821983 173602
32098886 88869
703506627 46837
131016273 32530
513063317 70013
322507303 34888
416082536 193971
304609623 26837
643753439 134466
59247589 71599
821296482 43675
846794492 187508
170501694 133024
813437487 64015
811172010 78333
928535343 183479
151406964 32132
610476528 197459
455085158 56189
421777944 144323
348914259 119861
235460910 8491
760119315 71621
331662314 186784
352498242 165368
494802272 106128
92386178 174321
846017193 30455
654645530 111562
669377123 154087
588007958 110432
406744371 154848
628189153 168815
953623858 79871
131126835 27326
320653534 148714
654145093 114483
344851706 39273
555644887 72619
481122340 41192
996036958 10310
940433824 61645
302017844 74133
849307348 163519
191082134 1178
864687112 137723
772230630 116944
416617568 69876
272384079 141679
775325891 147898
811408257 128071
283668973 161294
104124045 171170
141182999 49278
537072303 79806
586977894 161740
800953247 3088
101759379 195859
486163644 90970
779862574 182502
186488256 63723
836403485 144733
976897457 80439
1911180 185392
939461479 124272
720043058 38144
739856512 188814
325352288 193384
62501072 41434
709056804 46336
805611411 88274
34231587 65903
24738595 104448
341808725 64177
440921230 151696
999416726 177787
794106666 96882
631305802 155617
120606158 181157
38274911 135562
463056913 109024
893080044 22517
427775406 139658
354484630 186023
401493009 157510
147449869 61672
147626473 29262
17174260 109118
307085149 45355
492141403 195356
202747161 88338
903036959 112510
292055524 41751
982176486 78325
249476983 12544
453458239 120794
182929181 7261
990837760 193077
912567132 45227
597037543 159368
57655165 87659
148692105 146554
429790745 27862
795293668 53408
740129854 79303
651594562 49464
474043894 8059
934172225 145076
800566722 187947
596275714 120502
232032169 115063
702089432 86816
869664066 81332
789727024 87327
912187134 179736
937181032 151072
871367461 47909
970180994 29608
399358743 35070
409086005 82819
848160694 171439
430566373 85489
883353741 54954
606323704 187348
816087106 130617
61826375 16126
841045240 80411
53470709 146267
665398064 100368
626998111 195557
289076029 116346
476242325 57026
741365849 131005
849558509 21146
903228748 146346
613123403 121449
242011937 65067
391209091 114179
811926420 45169
331687714 43982
58651059 152923
164830616 40490
859365801 86858
550213707 188340
50017607 67392
423876423 166667
509317591 109321
864176162 19230
284002751 195682
357607419 85916
287367699 65191
126913527 159338
968837656 94276
579966710 16203
748988178 19715
252775 73209
243574914 92545
646123269 42766
740130767 162805
273677874 62319
146525909 132821
352778445 76296
762671884 173995
614781013 61891
994889251 21459
681215266 187734
646505312 92487
895686641 118417
639419994 141526
278691952 8948
485773244 5244
968470973 194459
527805032 187065
65879444 90414
842051200 110589
896786300 167431
80028208 152753
914017881 132348
859038025 134928
473800651 133532
920198068 101162
14411903 132050
869134789 47980
704667478 198240
112447802 122132
923598837 46856
514637748 8221
891565959 144712
23933870 17279
563076365 32105
48700214 40627
640374706 136907
427260697 148901
211176406 145326
873614792 168441
329257633 112021
935759073 137701
774881711 175469
925136329 63384
989655747 65228
98896784 51173
803183218 116381
323332350 137163
765114123 93982
379660626 106680
427565115 49459
808963754 107616
812005631 12940
892080612 145476
509689328 136598
377425180 61892
660522391 148526
101496728 193124
16526960 61266
421715078 143040
612910997 119316
480686424 179946
99004104 186122
321443032 39911
105952221 65933
319118901 5347
845784263 155769
171889440 184625
752190119 71563
25056640 108090
166153975 89335
201366292 185596
31284537 177550
450075750 189913
586930933 183792
895867322 129253
289937538 129668
78996031 176811
97083516 60513
55585659 26157
347122272 97947
34414882 195293
361234808 128572
899114680 143043
868991531 119072
793815958 119900
226177948 14232
173709572 206
893888273 90453
858424347 175982
872114313 95331
794769625 170977
75329677 138484
214692497 5978
29155674 37378
566788823 20768
750537257 70483
81356265 112052
200679674 68143
497034410 623
602274129 112963
666797158 69247
93683993 75556
79091085 113867
278922004 130728
33016277 12504
770443876 69060
919482744 167855
582355432 78704
964933036 154406
896040346 77901
603229099 147592
330224166 68810
703116058 171860
673304279 77853
256374678 22701
973238532 147158
31600184 128016
765838883 61372
366504624 111135
699801071 51733
710423182 75167
837580881 51159
218093859 15282
203702493 10412
879084019 54740
850203194 120632
652585189 113443
940148196 68375
251861154 92921
628635341 80121
543198389 131486
613037920 5192
624884907 34849
126659412 21661
823484798 132489
47882816 94997
105200417 131184
457083023 135739
12351247 154831
231725387 81522
416408741 66315
627855853 65090
241798708 45845
483746288 5593
64136422 100421
393366470 153115
391339097 193628
713979270 97809
721947567 135424
971825700 47998
719711273 102879
90403818 186968
875292805 159847
468510841 73742
776303082 54282
710403789 117241
71960515 96397
126358971 41195
502920684 9428
808008938 12417
918740646 2038
820818546 12700
534479456 57611
792451675 80609
718219435 45102
722608997 109007
528548912 20150
140524476 28336
995005192 38052
468233305 121443
906556357 70427
881204777 162406
21822330 163220
668119330 69868
296937991 40421
490233602 48779
313507131 29867
961798832 54909
123584344 66480
7698993 48769
508925242 3809
851825071 167357
310150046 135264
884018813 102487
135586209 88239
548211946 154613
993568140 53159
247085455 6883
385774415 177542
68403967 82455
803066117 2935
207022048 49730
71204020 148556
26314854 105811
725286200 124186
203794353 169374
13222361 16446
615165355 55820
825533977 45014
723720561 101315
744822662 124247
869407060 173218
438392297 148168
641563611 56762
315159184 117673
545141109 69863
863704600 110074
32314700 194063
52172746 136403
981509384 34932
68159723 24422
402778115 133403
257428118 9288
340888572 6370
2966154 75031
216657154 16537
975007542 85852
131230860 45478
868496192 164581
973225022 67195
221441422 178948
875870059 161242
828354663 50449
20513794 23637
863430712 116249
818804365 183464
964394401 130231
164212106 111243
62779348 19805
539036932 41382
510619685 15669
917138763 101707
450715857 116685
822719030 148672
595807317 161722
153025186 6447
989142539 77549
46957391 177954
210456945 164067
762891215 156188
477164115 66581
378085121 36092
329821507 25314
991899728 25754
577799346 161346
89471314 25607
657470903 9088
248355062 47922
350960772 198741
607625725 92572
291809654 88240
939465821 138866
562034251 14222
691037202 195118
891588166 111160
182548397 15235
708890204 135963
887714757 141689
595872682 10774
111606388 182384
736009498 158273
69094604 197440
64060842 43047
652016284 120112
758173413 61174
113774400 90343
592392246 142840
771085194 42458
796665010 29042
120966531 178705
440948169 110283
638286055 103318
306291602 116796
212385887 173689
81883845 176277
696725102 222
924513245 154256
656910342 44087
947003094 178392
436411403 143551
927568068 182402
703181464 14350
83250792 144460
936592483 27534
259043862 157022
984934147 64550
992517807 148271
132053779 26625
570647286 52345
307441347 102822
939751350 41495
227568069 138559
766629550 99882
458515408 48822
884127887 4292
172707965 125622
34484105 124724
395707468 51160
396313034 102830
620508985 193565
828309020 123049
248619509 163444
557059665 162452
646810836 26450
560862930 121887
894914798 195389
534197425 57037
909823067 96620
396309662 56654
456586543 19600
277914458 90223
400236697 20736
837818252 112936
849512700 29944
59316482 71879
808286543 70502
926965539 182326
472722247 112184
602217633 147552
820143259 13750
202077858 70037
490503084 83612
86418636 146795
175226302 133879
156463975 9697
279297893 174169
460371133 144138
938995693 184834
167306961 25305
588640442 145942
868253548 160297
198427832 119145
439301966 20609
718051010 24730
599958931 180609
888048799 133866
9516040 37780
922438657 175997
615427850 197398
28263847 24516
704505730 17715
862539020 162543
206187811 166235
122114677 160609
757022696 31449
502131232 29153
558001388 197792
253444736 143322
290220440 170453
590231325 57452
523248217 173237
452351667 42518
203574296 62735
732074669 5690
417148611 61273
193624081 128931
503399512 124951
299650282 183037
493440686 170404
540345627 93081
734824258 86389
570066544 50828
24393025 106171
701527426 153447
694380778 70112
323158245 196491
344235673 165747
366424763 60437
830211906 86598
304104943 2367
743963809 30671
959080004 171387
715740894 163058
232360079 180643
510762875 48144
911617290 76889
571470833 13869
485644063 170481
246999732 189075
208232869 63786
41754816 45278
504319841 28838
986258446 21930
5431924 96025
578822485 128296
984932491 58761
612944854 101469
864301501 158135
518114422 175001
775638772 83833
606790993 67259
759611747 99853
948702360 83467
367436779 153158
451766126 56827
638335993 188718
142848849 37551
536446471 92042
273960802 103781
738465493 113044
448300497 180335
615947625 1805
9552755 198844
530573489 194940
984146970 21226
434227192 190353
393616059 9256
619670468 14652
971110399 190867
67054999 163880
386761569 26689
973949896 68960
251748252 194889
15768074 136752
195050349 56153
318932410 123965
190298789 96284
360645021 101707
803917323 45919
480525295 56716
281951812 35854
587737177 84439
880464381 31144
320451540 156825
37837976 188638
427759931 153213
333410294 63330
114104545 137762
86009251 88495
197352174 140535
20371351 197258
695691363 9552
378208260 179467
295425786 186366
368012192 144850
177608356 30269
422419309 148728
615577830 143390
508322668 91559
977344895 17410
720027192 59339
291380501 151103
764785706 193227
29278161 152782
288645023 152241
740652563 138845
860546601 29759
536165330 176713
597201505 32188
508035915 2748
76168020 73731
564429049 170876
809769287 138717
164161734 111504
908671550 191244
934993243 67219
544771918 33790
702514100 117634
344025049 70360
409954725 8160
937490655 27841
556504280 84669
448337750 124656
926388585 38233
497238146 20534
293392735 50129
654288950 141166
410245486 20697
357117578 151073
885230331 153553
623203691 42510
452176109 4432
258530028 187653
221560290 163753
458644849 167190
88676776 40082
629150416 96479
444103217 124901
328943124 50900
186873497 157205
791806112 4474
813046519 186791
667558412 179891
411368209 108063
100820184 190051
927896818 26326
955320204 41253
596055131 125373
956053196 163908
899990905 122542
705043850 67986
100876044 93033
610524738 78067
42019831 38707
572422306 33352
116560933 195720
720895154 68654
170916346 183973
924114078 123199
155297520 176111
2347265 37803
43563014 177238
247303651 195497
15046173 159905
753763900 120481
2352986 182080
406691643 7734
215423917 15784
687392962 196706
664889289 186293
10481513 629
324947316 10863
243232393 165779
841030230 194026
489012207 47706
65515221 95504
270248573 27559
585523075 171059
817386025 21278
604661341 60356
516172261 132771
408799722 177900
398434910 137118
993382758 73683
112138184 39063
284404237 161297
506097828 178878
242141293 175411
247259210 45801
508151791 137315
423450505 53200
230597128 15329
311893741 178020
398544109 140769
422699067 91078
84895048 53794
740365752 127346
461154166 65588
945667881 59141
585158097 166986
692566377 191944
425307438 57400
392991541 42315
712951747 189136
473239637 125433
996438548 192990
635117023 10483
205179934 146469
846521008 183182
612954557 123254
113426271 46468
902190987 118328
594372785 112824
428934890 9263
778290122 62035
179333511 84963
57704859 152748
577563908 145619
385905903 108085
67319318 6510
52521799 93729
205755287 41396
978571396 116094
318636777 88214
946910640 129357
790174593 195609
911043410 11821
60256836 11689
443151282 146740
116726909 197453
589055999 148446
200916843 57287
817367585 73859
441177853 176306
439729257 41425
327325760 28589
522901048 198644
246694818 178155
340457664 68317
311517711 189917
88242114 85901
305367193 3667
741190259 168857
696346411 73313
352086704 135952
587064562 156162
123998706 64559
818373119 52872
644621689 51052
478081462 191144
10562806 129515
974425331 169346
975006200 144362
119779217 24085
346884682 23164
409654095 64250
492179190 8809
892981641 65607
917823046 169460
160465713 31163
894000036 108457
537245367 159535
738597183 4918
273772493 158383
732626933 93512
624943712 69438
583796277 63875
989114459 72946
645720066 151184
221222053 64862
196545809 4903
33000706 8988
559404630 199610
703607725 38636
861898985 5184
872694186 21174
394041648 41961
820821429 174253
846950047 45442
1805856 142295
81368928 108995
777230058 68754
191007103 49781
83520466 139807
78546512 34559
526748920 23421
988734293 155100
918878359 117566
829691386 122070
651705356 142895
193953304 116141
291839326 13253
454477543 170146
179879588 56395
665592556 19018
143070310 143
887224160 182770
908148696 61468
100452579 59490
126407097 130074
881823149 153710
642346334 134824
443924727 17394
572772950 28008
19243467 55024
575889629 174971
236885317 136607
666897364 159372
281712254 28826
966467985 21386
225256761 55895
556935649 146453
804638941 62323
38771445 159593
419573041 17807
561342716 22044
840272596 5490
213481603 132085
443720517 124826
410017972 196070
153292085 47026
118886869 101613
605628074 803
943518458 109336
401298118 65686
748513882 172057
286825289 142729
939077340 76456
176404061 12784
506947417 180954
87513634 9257
251728231 178943
670879096 176488
149233983 106251
499071132 25400
451406460 66111
23123951 70073
678680602 129230
224223148 87085
296965302 150502
467398953 65693
802507923 40480
766982363 188363
799581641 72792
561404269 37147
250329117 164588
211837253 120348
983098081 81130
800865093 181794
134703863 81711
117617354 166707
854297584 110269
289024416 118192
910443123 106181
716615042 37483
104830397 91683
192451238 107577
214761942 117808
408774806 145280
749640062 1835
974402885 78717
245376658 60209
152726662 35368
903039044 76878
787611987 10065
429442108 2491
344808412 73419
769625157 17941
370144710 51019
206241026 44174
111951162 178903
689353208 107079
872698613 179278
919023163 157020
614922502 150643
368414339 90619
201095694 34001
302309983 115311
290925603 161421
710292988 116941
321741326 139246
112123018 67467
43107231 127356
709946181 152936
933775766 197280
233178313 73711
55538557 152739
645729037 154007
540173796 11483
998022202 123609
137214060 57139
714365230 28270
660939226 151679
223961319 182180
892830995 180163
822516896 89296
859885183 10918
24011 121217
956209248 156580
76476231 103050
709689092 106134
490727212 51290
906775484 113610
502532671 157302
166145550 146812
824067190 51273
964422544 115096
493742113 137918
639515892 55544
970211177 125368
976650376 73633
180045454 188566
13951468 20068
66838818 174423
988377151 83883
101304370 166841
642386178 77577
659666070 38154
507852865 130063
509190900 155689
923273350 78573
664985 88713
70572810 160783
831139736 71776
702484847 141896
912365907 28532
318629415 52288
907021777 35018
510231140 67058
192545625 129619
73057838 181971
817888690 125016
22820063 141761
933016607 120742
907836008 67763
59518986 193110
509672590 11639
582670934 83683
859451357 121658
803932111 160352
558756504 15254
652181579 73281
902996675 75434
976347310 160892
861623608 137180
878817374 87373
379930701 28101
49569462 189529
531122842 196180
805864809 158167
140483807 162349
977966609 193109
60529073 136046
426900065 183295
406095746 198731
693453448 177403
486543912 6998
154905993 81638
261714500 156699
336118543 184568
151171513 148883
523468607 45377
247162909 62439
963993635 90851
531591429 107598
862302386 145413
615041509 76633
373243471 177201
773620610 28932
862952714 61738
472615803 66036
387024359 98770
937445866 165299
670404537 180988
357816916 199346
502880048 101097
334918536 22194
739209361 107737
124302853 10024
533936191 21833
759578211 91979
89990485 58964
186462460 165571
205666851 45135
416401287 111341
484207305 127965
927484272 74717
696386008 171190
587683310 7704
751088833 148828
111703111 152363
329520486 120905
387428315 67767
689714367 25656
840244516 28480
602071333 58423
649434389 11153
152818584 186207
578860571 148767
832550472 118646
800501022 141160
702686476 23281
318123011 80387
841826479 179956
807016465 9409
155912023 7781
520776625 185023
295487096 67980
68012972 199625
809766174 7490
142964528 107930
810462379 2526
68418586 77722
27668628 100892
2231465 97288
914995256 125075
242784564 110427
20134905 11791
205875122 31466
290261565 97085
953008562 139427
649422749 57078
339196739 60659
507032456 197218
174149111 19291
855497717 21867
86691919 6
378769002 79253
71820064 147255
480407283 83077
158987566 97686
226574765 114696
656146569 158975
516418929 107918
803516377 19608
48270355 55157
357623469 153435
541822083 49038
959319138 148758
415732181 40758
519487544 95964
317814378 155246
985689108 155316
894679927 195520
352844528 74179
403815497 83182
333030073 130333
817813759 184424
231419011 79477
704836009 57116
413679858 115616
872723301 40377
592114832 180776
962587674 136050
736307283 3742
130280932 70378
869088581 114737
766335939 46477
113791701 195370
584035792 182421
539553154 130587
783678315 74389
454174847 175213
787906013 169850
559939317 17806
447254222 32287
242782797 150048
504640570 81185
484377820 46838
781557689 161468
422680543 16869
23996462 124944
176066943 66708
226036823 108611
34487303 138994
731551455 185455
410641113 152564
158205785 12537
454250488 130061
694305681 72580
381792551 49533
405309176 23776
974124439 49048
752869904 197383
742856995 134271
249790246 134231
783293110 195222
550622374 9047
866895478 3559
71691731 138901
672390818 15423
463419068 11764
345977873 20885
311571123 105954
729829147 151880
367805410 18983
631295629 38215
480348915 118087
650410907 14597
876195578 4413
677534411 71891
737645974 133639
700857341 93131
921528388 197734
595826551 176707
184585388 141505
200196956 87779
104357787 42382
192508775 193600
956267316 122043
588241831 98997
119895224 156094
756781205 147288
348801030 54001
261681631 168420
43702207 101193
863336479 103519
849472393 115697
529060503 119443
868559524 94741
327539797 51174
383982009 187610
589971947 137468
389959504 190454
459357619 18362
825859498 68896
533600581 18503
391976209 111060
79161185 189863
744709374 191328
768783366 73856
409994728 88645
32275100 104179
470503465 83022
845162098 10071
578169508 197515
284030225 128631
610633943 172842
353930790 46500
307763506 125305
913975038 134790
344359806 126352
530378333 2954
607328722 101882
809015924 16439
707338245 190244
711341233 162469
229746154 44433
749379321 158938
54727085 122047
855347961 6051
859510406 16153
755984059 143478
997326514 69207
718795194 106081
971655308 28329
323011772 37943
464803124 113779
775355809 98632
608717340 128989
736019862 13519
530116964 196155
968493169 32225
456861574 41519
823793915 86148
571812035 81854
188471723 221
914243404 98702
37218908 161939
806351272 31728
903027328 153509
38290981 49772
941568726 27848
733200355 60552
929470017 110325
107714545 132232
679827111 94483
917338552 133508
261361229 65118
480440256 18332
989580041 21656
454213970 194571
817020440 176759
466060982 2805
20408634 160351
800883 140552
488611589 69446
730973073 178158
890447647 60737
691451887 88678
814222219 179572
75693602 3275
817392863 82723
527796594 131794
990781648 139747
698689526 61912
540944265 136958
999568332 135864
973003328 178080
411316250 130754
557360998 67551
764587717 192687
865048657 154837
981684985 70817
323256413 162353
595569677 52188
110138851 77809
153497548 80141
425157580 82588
304215415 161004
83601297 148023
322588837 7453
208051956 46754
333601549 157491
673054553 169068
846323300 151317
946015730 81759
345426499 99734
279518104 55537
731329556 1150
87744441 134735
619024090 59645
707915724 178321
134322046 171248
478225961 12903
235582904 33798
446004518 117122
431388359 98817
491012 196444
606273418 193939
411954926 105287
698591826 197675
337286796 169286
158067912 135207
216271472 137833
132498866 60167
597187113 33129
833073678 20848
594064192 151460
500275249 40360
543238874 58510
81469886 183459
894273433 30824
225403031 161676
884771539 198635
412272408 134837
100816553 165758
412866641 142401
982882289 39551
488644747 83097
319691615 23761
972911549 126860
122527076 131317
772556899 194127
973118388 188385
130577846 183473
173693146 171872
892970442 20384
341043943 83989
314941776 149074
692622274 58072
774108113 188985
972518748 9661
653089496 103967
752406298 196358
149455696 2754
897905293 56821
705455807 187943
974278204 158747
711081384 170465
595802982 112696
53592734 126523
764698897 60703
819961711 111698
718784652 182866
689242370 132012
650146442 58442
494923126 138682
768772332 180277
598271050 61360
569711113 158159
414176182 194748
999941701 27778
179578002 151101
761186145 25925
905428595 112349
809168370 6459
411771121 188457
369330944 13321
902065008 95094
69270956 94957
531740472 99054
146056955 126053
503371201 93610
158846576 175454
985969747 53615
565387103 195401
100801126 15047
239694980 168862
442698774 122773
557249005 92460
24936679 47829
450123952 50124
552746505 192434
99660765 31971
136855218 192143
804501022 136723
487066412 191877
658447736 183556
19598051 110118
321151655 33781
987072526 152255
211847317 138974
895631684 101702
89895174 54972
307823594 13222
275795191 184773
199113584 147725
186364182 184924
85889630 43531
187419072 105522
343415676 153405
814844803 150084
376541027 39031
906327403 132700
41968117 191464
388832166 21273
121314000 23463
107892776 160808
841796615 7768
875821123 143776
593562868 198843
137088184 76465
668820227 164243
342311618 77247
462448659 30825
936433362 67618
203412040 100143
714552052 61638
886858181 71722
249585492 3663
375103081 150090
961995195 197604
282335157 160656
121172718 23789
571385934 125641
993043443 31453
206809416 94169
236212656 180522
849259928 136829
717433565 117664
184171806 129451
447835769 177846
460037764 138248
60678899 46639
836150478 134389
99890883 143674
74021975 133553
945510403 35783
559453800 152834
193912977 130251
849034270 191264
967513193 11889
179560042 172689
422040633 81077
519875285 117911
804430158 64652
913297745 67341
370764549 39896
315186624 48329
403821510 142569
843403346 87958
284503887 67973
3977890 11952
375105467 171713
837221298 147871
369995015 74336
935937254 36349
377827614 150459
686164148 147074
198320549 2724
907206027 42711
390957450 168953
337727974 89050
712479948 197917
188062343 170712
484825362 55061
114375859 42526
400333165 71522
554585316 24466
435797915 39960
926047374 64259
787511175 1229
229365484 101513
86551347 62263
106782299 65832
73501409 167550
969958761 35857
581801720 57615
919127741 119297
387204927 53938
549907343 199278
886614684 91496
127924740 119066
303230279 20825
720036174 149509
630738495 92053
708485150 175943
651203741 112774
278597975 142831
764291250 21285
344933846 103065
662183552 81370
385343581 45967
918058479 126355
285840588 113168
931009482 198222
848244357 84352
580954475 85950
188047386 145671
114725777 41427
918829762 1511
514838044 31038
584262289 70204
480431029 96783
626871306 45383
338999260 39582
115188464 8322
784979303 125846
354717071 124851
292516733 116145
132097707 168647
454362680 190319
501801340 38517
399177878 94272
981053561 90750
15636320 198282
186732033 99773
163119393 12187
141156573 149533
914382082 138394
575643034 17601
706605637 53197
120867439 2245
256875514 81653
495694217 104355
106641843 41727
350120033 36736
501964869 130288
871725232 147068
658786962 150687
436934382 149164
749320642 65503
255595065 109125
322190748 124232
59921418 150599
571287412 78499
989578236 10464
584418905 85378
930235487 177515
190434205 84045
154276884 32732
150160733 129797
993206159 132289
383314960 171334
343623708 101198
621648896 194250
915999512 131513
329551682 196944
600311993 94368
483043251 56304
728314411 92470
578277774 55426
369532621 164953
921453895 147259
236313241 97760
345760835 22277
167836954 106661
589098685 172559
341951790 67609
816047664 16761
602680718 156073
382124540 119830
809549280 14121
811440840 18099
559995459 45183
889992798 171676
414657372 63374
388043080 119866
165493791 92195
952119058 61801
661036397 50748
788193627 121052
172327035 70908
6762838 67190
730038304 163314
452775370 43746
537846672 111214
600351890 95587
595092461 43832
315238748 13683
32132266 173359
985170613 155609
272787206 181086
272294992 189086
234964986 17188
546481819 61994
776148794 77611
734399693 194832
404282928 7324
484862975 79990
39576433 155528
676227724 64072
935683949 992
187676913 196378
448124461 114930
898505141 54754
949764345 188204
172674509 11754
300552833 111955
4329337 2065
869598367 105389
279201726 173566
529743033 104336
456017022 34939
84203366 154495
744118234 49585
211047415 149610
81146829 84690
991127005 183166
893728017 171370
689277723 81532
437615278 19620
635170502 18046
403865125 111411
455857312 196497
147392372 77647
701398087 179317
524579295 54286
13089146 160740
615361374 143971
859888622 76226
180419348 2318
173220452 57289
63558261 187062
737806584 74617
851460313 67640
113148442 80403
940720006 116678
708177641 127535
118735930 75860
272410200 115911
356588969 146471
637533018 145365
393361016 170321
981763541 137891
578832425 39025
422080560 70349
410601670 79663
886586915 149113
14867788 118106
169231772 150418
774100767 48825
479672207 177273
995822191 120967
333327156 136229
289638594 23835
219281299 81619
292247942 150736
167714890 39986
283764931 19950
493673132 100807
379366840 103326
161154000 3772
903600743 71372
894179411 44043
616270497 80551
470317634 77955
658910955 195609
304426769 4159
165840399 35941
394143665 167238
624895619 112028
192160045 189226
114354335 175723
691408545 136187
291262083 79963
991156573 175995
352630282 44701
383910245 74184
649663608 24208
995649247 76952
637199027 60119
65563268 106460
5220540 177932
6072606 84693
811362662 170312
321600268 122339
597499752 123750
376685194 76512
770461031 196801
929816801 153192
819779 183569
189730503 117179
66634624 173569
99671805 89022
93684243 141541
705870015 14724
124691892 57909
298315937 195582
42282766 156150
515070586 19653
955399485 112642
130443787 11197
576759934 120845
548451702 49451
678246025 88165
181124355 116512
472762212 40321
432660389 134545
343608974 60457
495134315 86783
880587159 4499
101775436 168344
332008071 156945
138542055 136848
135869687 168422
370445436 177976
303497226 140724
430123781 21562
664140128 12011
298905039 196996
593058408 113322
651394269 151257
362600311 60090
353670217 167051
540862938 134616
725402449 112471
322176972 134161
706544607 190875
167586122 151261
138770146 25160
248662358 150195
182911284 23437
283230889 26718
414950330 130095
509762518 181859
499905443 135261
762041945 181019
113647814 18359
630746601 57799
945276898 36362
701431888 192917
540109795 70608
333723263 38034
754578548 144670
436470976 101856
857990755 52793
403011533 9404
537183675 10059
413344709 135029
547107700 191821
992508367 12617
225546101 192457
244004828 54637
291586931 6291
265823843 189720
482861275 38712
505435688 13466
205718475 153804
784130840 96714
142793182 92743
392699612 24748
43906681 74833
556875767 82380
30471650 23774
15021836 2131
49960603 49872
656873633 128865
653499952 54732
525944601 165305
701892698 57777
565167636 3163
511117776 190711
629523385 25128
791849192 170676
163527802 115936
102802008 71962
421087196 49591
767548578 112483
485603000 110417
296339832 63352
861578864 23013
718727199 149930
942182953 22601
483040180 60182
962971560 186260
277510541 191535
606088150 187971
303223177 164743
86820917 188973
754823799 28654
501181290 96279
863711843 162548
644490043 14603
50885858 182066
571089858 170138
203850970 135799
290209971 7465
407482145 81137
568282261 42700
388560436 13610
104495968 100469
853353907 79837
499549275 7240
386746901 102964
664876719 39706
874821135 99033
701474798 64234
932460111 32773
224218556 129393
88594029 173881
577644651 111135
606321078 81260
701457502 181203
674462246 63357
740368112 67190
899310633 127616
100241567 106872
909732510 123144
849913317 85408
471388244 137963
132583711 85509
720299757 173334
176682820 113314
695609883 102534
565555984 50499
401400977 105833
737397602 158520
561643002 53023
40471221 59688
181669143 75910
579341336 122393
492835457 150992
487592292 129352
866521673 139585
599218274 70064
886264004 158340
144533237 86714
497167338 80706
325405722 42983
960495324 19865
831513225 139175
599113273 184909
957377203 149350
301276359 72227
363401313 65742
666616610 83111
332191977 102716
430178326 83528
745889939 47621
728028908 191133
969429326 127344
621692938 98925
631435319 68017
978950485 17471
944031465 44469
604064682 30350
825885278 61256
794903975 79721
492736301 185734
702524347 162409
417589450 175649
283430339 24794
933022405 116633
895039987 116298
509834539 45160
448287886 98984
172005501 148976
741385476 80356
409368523 7932
877353434 42617
908978810 166949
329998731 197844
967748655 155772
241146432 152697
593663559 124534
803440194 195319
964874605 45943
98855879 48374
990414385 137649
33871324 55531
241585907 34579
160971658 162302
152565820 155948
738703658 45012
551061053 52408
713990388 92980
412006585 188621
970569041 139806
564833664 60032
31527686 58470
248323561 69181
197471227 54053
496247667 80362
27322708 131332
617743201 98995
985001124 34543
739753425 165284
757431485 58702
734728944 72620
250413621 184203
91035346 11844
876964989 89706
945616903 137108
891610976 183036
714802599 42095
310424120 33679
432930924 143857
578208851 199595
374395923 117999
831487903 131745
122463217 90807
893505843 23709
941842108 179893
255805195 180150
889891031 120546
575538601 152013
941392136 86052
126298721 13820
437375346 74515
711949747 193867
449372308 90334
87048703 114960
110459665 151675
362105222 84855
551712497 39624
763261201 132565
369096514 174403
992018538 153228
358061947 176364
537283963 189414
80114598 33741
845497000 22405
315079615 12559
816721010 2790
504468732 117388
393528518 173474
771020993 125972
913273371 101621
84558679 140012
905553474 67933
478194864 164896
875381851 132073
361437909 43563
473776586 48814
469595569 195423
465425099 184657
856276512 53769
689216991 130344
320431507 92296
948138395 193777
710933102 143946
97580501 162725
869407093 34127
716196494 147908
972496268 96626
1862028 191997
395422422 144300
385548886 115008
892850592 183433
511035459 30420
476063361 173655
567010944 165712
949119348 197217
56304136 152877
809581438 174259
146974563 132964
502448489 191214
571172715 194820
260264314 188579
639426051 106857
132632507 168532
182794226 116943
126655318 130258
486806845 23396
547149288 128619
588371284 74200
306389569 138422
292988390 25936
613660991 181723
101706431 8015
613140010 104002
706256399 179497
686997088 63308
933814558 61656
636974855 177196
958703533 78996
125044221 160492
63357418 108814
302047826 171239
112355939 10342
636829270 12936
406194180 168217
24391555 26207
315137954 79668
214146971 159729
765894248 2453
815467360 180994
463391105 128851
378341962 65057
719218254 75889
586140147 17856
104220094 75333
957180238 11845
651682274 75794
981667580 92050
757078253 126373
554141895 78219
495499753 54609
869424619 105314
978941626 169668
636946646 156819
275215530 52325
679401134 30958
95620821 38607
307507812 144808
602469612 5084
819542034 23701
262738345 88490
494300774 48954
883950815 77231
586532995 2961
378056502 173957
390107460 98695
800432404 16093
829634815 188682
465702828 81503
18601451 16530
206267237 57577
897810354 51984
140833267 198460
714949984 176553
254947551 57138
231663062 53327
585538023 52431
683330598 1633
833102221 62389
258519600 68316
305440041 178128
946024028 134343
657322001 168674
138222477 19188
523797792 101088
65408050 96145
198275748 174001
187832535 118165
844885902 42621
621263818 44087
671380316 88748
30754232 167503
403729321 98438
804204619 148378
826286990 110599
304321889 45976
726538306 8202
230764289 37280
409276922 133941
620724519 199705
889679665 57970
394254115 67321
330712376 156392
955861908 13202
425466602 64229
229073946 3326
482471345 189975
169695204 51642
60677699 100273
360358860 189619
972725924 48712
340882318 120529
253463454 150324
472883476 54099
804954512 117797
870548831 72759
649046055 58123
797479954 11436
866611955 123194
371761718 171360
874424204 67702
459025754 130887
634820319 75382
739558516 34062
55060437 166352
290204130 103881
599338621 49171
215767229 8776
11649671 135744
479147706 94293
800791228 67366
288176987 186632
655008366 7900
681705612 40671
874636605 97252
15976112 74242
595926549 103351
306223862 111326
627506403 5785
296066760 109963
96716651 151314
147744133 28696
798531787 1907
566309897 21771
249355183 41038
74015423 107707
483472274 152810
743605664 91284
962647027 158354
480045473 104999
232011889 81350
731182185 165259
902865308 45479
525023397 178685
418271412 103386
368237740 136673
969204480 88021
234362948 140078
359464956 114880
850859348 190358
139959123 198163
113216758 102823
627062077 45609
216458555 126129
973501785 188503
556874283 130862
846153767 186911
698228381 16878
77339806 171702
831805938 24961
853737140 808
888781664 189797
98714599 24781
389157232 165363
302548459 88539
151229901 75959
771020787 57934
439729307 77776
82384622 166781
739115381 44728
479085769 31839
184356480 57720
190365072 154105
638072288 127073
830784605 149493
178632122 6391
632555707 26480
247179502 144720
233245468 100100
849252778 11973
652120385 11102
225960007 132828
67074137 146036
617308954 75850
922977039 12185
542122757 146351
937645860 22420
768688310 138922
992195492 92828
889895864 49372
149440712 79352
558094758 114710
295238932 166335
936119147 19799
671026289 33422
561821729 87115
387730547 148090
512882234 64775
641406378 162573
56384818 169483
600705823 84963
697225969 73352
260857260 151648
301603141 8984
25829291 18615
450208255 175668
280309648 83805
914995953 172198
686746296 141676
475865622 90801
638506400 125669
226868424 190729
106104263 49048
296967207 176175
402087015 126880
925959426 111467
81432499 163265
358452040 132586
103911428 167898
530759627 115697
865095724 93935
678921820 62088
661612766 141441
609518049 61858
551779731 197889
950060719 154036
413081312 8455
160420087 135650
336181457 126803
587481677 197389
956475515 31942
173824705 186479
247679970 60926
908649537 188273
718546857 75445
624809543 1975
798532923 177475
643142983 103531
578308871 198444
242626113 7041
320576632 10361
163240071 114172
756113901 120382
965181188 40504
616531891 105097
288568461 18057
943536814 663
568215401 122835
103696602 180739
561191985 185214
902408054 102235
359244276 55182
970467516 62978
119039200 53066
886669297 93211
785546780 55024
170206781 173669
286450012 67397
206998380 142028
365394147 10035
418452686 53045
671872249 137186
610764038 69347
1331855 171163
172294074 45284
177438332 69004
479671263 129813
885271718 121418
900514631 170372
688238376 19419
153109308 146878
78682386 115361
184557856 83068
666066953 129427
406129609 52127
326267131 98464
124839093 187863
151884346 128251
255189778 142239
706557718 123771
621164606 117006
929358512 140611
707894980 21001
418612162 49157
211676438 72521
967390393 25593
23328973 174644
955001476 133139
514834427 53223
915573012 178246
557707677 2324
113978301 124183
581075039 187056
809951480 12305
762848615 76294
578255979 17069
875330178 21781
897297769 118148
423142338 20542
962488763 181024
415951823 126087
617341378 169818
967687581 111940
600974844 72238
191355170 30162
697538933 118723
102816796 94128
59757104 11278
339195778 52387
214204961 48799
806334346 265
877174496 125579
388471297 67862
220196544 187353
864772859 118990
668832419 45298
850655717 131861
564806959 73637
553917892 196367
996107170 158446
634257213 8429
698091958 123235
435471654 92645
514089373 70961
887663283 152401
909308490 25399
440311985 175884
574841015 49204
92736910 58564
667208123 24881
914416596 73163
9956392 119663
903806589 179351
920005156 92835
782464377 146462
872202147 140703
213012367 186687
826752328 165263
843444598 97469
545070804 22775
120210298 129000
668784079 170458
646892594 17236
436889119 20555
414227622 158038
145247825 181946
705996354 167054
661420954 198633
186854827 183150
490171097 8348
83749761 113013
853570993 105014
19332502 8035
471150442 119064
858889686 141043
724809972 103226
604262143 189102
164365513 5313
665010124 4886
536667293 130885
120121080 151585
484829021 189100
602072734 115673
25584959 166570
140327676 141498
348776376 39817
60800446 129587
347728424 58967
3313747 144398
481916903 3594
987846107 60625
389942049 56391
989201614 89943
982155107 156999
351975387 74540
89237028 127020
639312261 117720
834729017 90352
39735487 49752
247877646 28601
811652764 104212
948158107 118238
807791848 153241
981562585 39970
616475067 72986
22284361 6666
680676395 167978
948428765 137000
206993192 167981
953729200 83162
883878393 179744
459474708 13838
472491621 175517
415257768 46600
851595065 159667
691513788 156881
761203916 82670
431800983 166735
182372208 118895
305576457 163920
230386551 172760
875769175 182986
592491315 28602
498639663 143916
612929034 150010
179913066 57942
748855142 133171
13970191 130148
355547015 22883
971544538 120932
909133873 168109
739090381 92576
890127105 60630
844884752 141958
54132812 164509
388005191 50267
370700316 87000
928243603 83505
501636963 162568
151060150 89821
485855820 17575
465146529 154864
844842495 169755
538281159 72335
345721946 74744
139499895 55274
429938691 103968
324549849 170445
221953746 35634
281361125 33177
84158091 81151
549179223 5328
783376523 66071
676832122 106724
842640509 121690
71189687 79166
275626101 132495
473516540 51620
516354992 134687
80712240 39106
585591834 174464
351132783 144780
319418543 82575
612406567 50874
41145428 119836
487207895 68456
779148960 12091
861644059 167221
913224821 195793
84958881 85147
679711033 192825
310698245 122411
450937496 37475
234174406 169638
23704123 80282
6866915 90557
231224926 157120
921916749 35946
482143122 172366
308386675 185800
220091737 28957
529344473 52818
718873276 12686
914958895 51768
721319581 59490
78553311 124341
928879992 22040
224704538 39138
349130939 38056
886038802 139638
119185429 169838
155856668 175616
727727138 127467
25005335 117009
253745907 146411
464654489 76329
309689596 60532
760831877 95152
551917623 58111
300891418 81925
456518147 149013
751633148 17537
773701625 196578
2619555 37261
906563878 81530
859215185 129602
845040814 177001
854602123 86662
119088833 110826
427065324 168296
866772963 178603
7163875 55455
236590947 118555
77391151 45689
342578533 158655
937935772 99986
872885495 190152
257020116 111426
724514826 135799
107419465 104302
369461383 61677
577961838 92638
359015516 173945
750226222 71425
216889146 54738
260936387 15625
976385189 162184
377330249 74159
827994661 112848
679717581 151169
727391891 57955
324402724 191442
335253979 174786
375879871 19904
875250072 181371
336306984 91630
969218678 59282
754035287 157219
948002423 102503
110498211 179174
267924035 125616
733803698 132452
136902625 194896
407376671 7992
307969285 30855
80148090 40655
956582223 143524
884780176 37979
945091371 159648
814233949 39917
389685587 14092
53984893 4869
374684160 121928
932524652 177258
105999199 157632
580368195 70900
310462221 116114
256608034 10169
717963679 129613
633146589 1602
833037346 74842
292870051 68417
434678587 157800
773420622 184780
505846372 26519
491134453 196676
986351979 152267
625509671 32926
308907261 36600
552327418 188921
523228205 44044
524139915 171907
869210346 18978
990622240 48764
757437759 25450
219668793 163056
981068678 28426
623854759 158521
641265583 127254
887870065 68038
293199644 177868
559200956 155947
364294352 12542
715418490 89183
589958868 104311
828438394 18383
296660301 136277
591882562 70386
37557080 90769
186927548 43492
768761933 153314
919080294 182361
498715431 67364
143738561 132894
921754292 157449
563354153 159593
428513510 111052
650683545 83942
441854175 96197
940026859 166090
265523957 108341
499673445 3179
695060175 178611
81865340 140000
9042394 99230
974334612 189925
988458630 197133
249494427 123445
819547616 86138
748215567 129071
195347640 1732
913148364 50100
79560221 52845
327019866 87391
186093873 102583
371892803 91888
869023729 3541
964879672 172355
552882356 77925
250567131 177411
281485415 138928
774465907 67723
30874461 88301
776220490 181804
559465735 48738
125268426 42151
714828147 164527
963152324 118079
560415166 125962
986639235 138152
510472579 47241
55869331 111317
777065523 47718
142206570 109250
371770952 97349
790966268 19725
509398872 86742
647717253 137995
921415645 112827
922177128 164331
229276391 24671
493088985 305
708379377 79064
660068001 83185
883128920 8094
785312829 92522
97108764 38562
158666768 102392
512847031 95602
392326521 28742
749720063 9270
262679516 42730
540324647 51337
555352751 71965
791371490 122898
772972344 106567
957260268 157335
646472020 35911
759766173 133132
127394811 50950
871684448 186851
986919856 119949
223885532 135063
594064858 20701
325436367 10849
549656340 19712
622695104 106607
930622736 57033
443658035 129466
249213254 85553
646356408 147534
326551308 91376
335813680 42856
615717647 177682
928017411 24543
896958057 97198
906312170 137824
484631564 45686
530773919 12951
528896828 106285
255574963 199933
461856868 138123
144874030 153177
664837695 59428
786051424 7384
576596043 138366
486677637 151828
857531164 21534
77845534 121282
994838982 188107
939142617 26841
468583852 157019
913868645 103652
668145714 51598
719183369 11528
373746697 142463
531942619 10194
128972311 193762
513989055 66950
687250517 82140
238884163 188831
840654133 76191
286790713 120887
448377685 4825
719369678 51874
670447943 39500
573070641 55451
546977808 170876
70977957 162403
155690351 188926
567249392 54171
422972125 134110
891901025 3923
56273925 29254
894691676 100606
139098381 149809
388297391 195170
770286951 43552
622919628 6343
226001483 30495
754219693 190095
233595126 191364
471746053 86632
594054804 24154
573713854 67208
224691810 98262
2516348 2887
280673790 185354
541186848 2498
207880877 32608
267245011 72272
56556871 78381
728827891 159663
238049528 109535
484712340 146857
187357040 151991
589474892 139777
198810713 80424
617405276 194530
278300537 117050
840021165 68557
716833212 58820
108434212 122764
623761724 120077
419027747 18530
325854705 173208
612237442 26411
777456074 170194
322402497 69432
223046563 172024
137378584 403
953305953 11994
278879025 171108
919296843 136110
538454387 116766
310035677 89345
376499334 11074
215512709 96997
157650904 5055
140687754 138623
613308119 7796
390274128 156735
960830104 88323
523210081 87463
372315262 176667
98360800 184942
230668806 81545
109351169 158294
854226047 28713
742145420 76743
794213808 40191
45591221 47191
243467165 15658
730242800 72419
799162622 89261
411740875 174775
760017199 2098
731301712 50634
758744234 134515
746540424 105402
220766367 47199
862104916 177160
976035705 48022
195715050 122242
329390525 198008
749099695 72310
73122020 156658
403201527 113644
579888526 109647
584145977 153985
420832752 131786
585028831 60048
233783736 63629
524171786 20775
784628144 172545
145171933 60760
304133530 147297
321314114 198375
448073989 77677
418306943 87206
458284846 60147
197607201 39269
467765273 32161
155247795 36504
30322431 12211
518110458 156211
953170274 162322
422950603 88612
635405424 24398
707599090 116052
687315529 57427
863161829 126987
122035451 153360
881290986 90569
115911687 137105
113776290 35212
997341932 168430
300876460 91854
863987289 184326
51855910 199410
86400481 129360
499608242 183846
886105063 82182
136517875 174998
988516479 199262
612242195 49714
31751460 177528
929178718 18261
915547332 75363
649458548 32515
96270313 16867
945295197 170021
230505922 158357
649533312 56086
723936277 51147
139999828 131722
915232943 8724
446508300 117679
73647241 198828
946245367 187823
981480125 168236
151195731 77012
412450271 67493
355514568 134024
90446638 119401
127746407 179995
157470825 148907
222220626 177142
933422086 104400
97376612 133607
149572956 196518
956522262 190939
938629085 46189
4891437 111722
638627011 114899
923791466 169720
464434095 70680
996298834 167369
193706862 43254
234289395 179849
966838426 40241
61297118 156677
123868423 17307
312391399 107495
695699962 131325
859558780 36870
144488478 166393
340227719 143698
591047412 42449
327500648 129806
794756917 76224
948122222 153551
996739949 88809
736127692 105602
706592113 26033
403448071 14529
958431034 105991
192201643 11394
888246324 133585
355752856 144441
542713869 185301
821838323 180333
990197729 83304
518340625 129565
250510378 81253
805669136 81773
280728961 104493
608147550 90117
22153678 142727
825229672 7258
442211001 178661
134792554 38520
616517202 195921
386322191 133761
67696430 139706
89264986 25704
946623057 136202
154605724 75151
131224004 158325
691131810 37244
407729724 83544
142168850 126889
566616550 181385
574990623 115574
90218036 100380
613611204 23952
817021298 31740
636440901 6541
617116951 142750
595597235 92480
669312764 38099
666104995 127016
70152909 186113
833997179 101873
196215643 54173
981587734 136086
607298329 2485
497010917 148848
717393171 29671
872577813 167264
789233284 136932
422922162 89391
127029095 15690
876208717 120833
23173070 112977
819484309 101709
646996594 179173
685557864 96777
258968131 80468
180199413 27302
908785328 59608
477537401 151048
400100187 74715
704721684 57814
498564113 59447
519388132 30242
390187037 35459
290039909 23281
308543761 26500
819603306 116015
645276666 96786
940547677 122389
226850766 159827
382057212 27386
912721237 101908
450968059 132566
606883999 132172
922501002 164012
252544078 41170
796547510 52565
770228826 34939
140261858 2624
99699492 80168
422241701 174369
888384749 193810
388941821 155580
348009765 83594
547753347 12398
672853263 49474
518752362 37708
956038770 718
656726974 79903
31654884 116789
267264065 60142
179018102 119114
803428585 42859
851994821 70913
795333763 180979
254959067 58590
505430945 98297
158411845 150674
682492605 173493
452835199 28517
444372134 28976
571830998 99836
326318071 143429
524134687 23173
680707558 60970
556054055 94541
753063614 74127
15910923 95013
87659002 158173
190965528 150973
477331004 182318
959705894 199977
110795672 172488
272581995 163896
918965107 29928
238114614 103427
281220438 21303
252342391 6705
401108375 46769
998207756 157824
492718206 116923
542311222 117090
315758130 181187
643984258 66316
928020751 61126
38458747 183063
212721781 137158
107453798 77281
279215557 128195
581417126 570
700084565 176511
816929817 158149
871020132 154013
348319021 75521
602644448 157741
541984393 197017
38303150 103329
357835071 132301
871449584 86255
876065921 144745
754058392 25727
708271228 108230
295805571 58933
831785249 93603
423625382 142781
570786534 44962
267731173 150653
741706284 20254
6665612 51371
274064538 158802
451887447 13360
36861664 7609
141688653 136222
290623023 134322
584214141 100423
9313043 91967
472067046 64927
267447220 8859
2960510 101031
408581265 8500
77883993 148181
581937214 185952
241679925 57604
428403228 129536
337482210 189096
612839246 41021
711441297 53707
329403864 46924
148005746 145911
684225065 178111
610734348 116632
903595920 171215
629336409 104224
810741188 197338
175032498 179258
832466658 174683
24166336 34367
781543198 176598
723908556 170308
314070039 191544
239314754 151807
844143623 55057
974183904 151710
2506214 81909
421928100 14246
455266818 137248
538375349 52401
856073311 153587
57064601 28792
889402485 85272
957264239 132377
855641651 190875
325727994 16499
261011109 140747
177963825 197274
782918930 160103
821236667 167908
74521607 83457
49811671 22812
602871025 62215
156690060 93716
150127141 146733
354396144 101283
351305252 130793
890269672 160727
275387905 49935
614348434 190972
551458144 65237
507449127 49036
415154437 73157
183862458 146071
418047852 122361
381106976 6047
915506740 82194
87535017 36277
502339309 48023
228880588 126777
917223644 174058
793042330 13719
354561869 186386
3962062 83887
569565853 145499
637535070 118439
987896921 79458
130841137 12456
974316718 53698
921807000 163210
921888310 89992
788304529 94763
462456761 111263
312008944 95522
792041817 135145
650778501 60050
320274286 167494
863091346 158085
877965772 43808
170825695 148968
53316043 71116
768436007 51304
38431521 76527
956933004 40105
356389513 179567
290231617 165058
145283274 100691
343211521 112321
2780116 74335
747458910 44292
939014024 180065
692743185 165305
363446746 176534
941741016 132256
720710915 102260
316181909 60948
260937587 133475
771343495 152428
585532297 76477
751731177 18627
420217292 155888
952965024 81857
413296757 128464
447472224 39651
593400728 111322
455017403 17779
231622866 86573
976406947 89917
61509727 149879
880285941 137882
388086180 139308
856823276 6615
345584494 32695
930557762 73241
7082232 144094
499158279 34493
700218972 63327
295536661 25972
89045814 173307
750476903 5460
694130259 129300
14186810 195648
730082939 72790
818700138 133834
364436108 114424
270748579 50874
493247660 133718
763960402 199707
328326206 159242
760370699 29974
939697150 2521
368303816 9751
701835129 32765
251957242 22895
589710240 123648
687469416 30768
71457547 104279
882239873 30608
876688277 143841
137293677 91722
679189291 859
156867467 2579
24746734 66790
792721228 197929
329488298 188294
780787560 21145
240019532 34290
776189636 71337
810779696 161497
171916071 92105
85074456 53409
407657780 31173
506104352 97648
206974004 57392
757785769 116590
871084845 150283
84064783 24303
650219554 149321
86267367 10823
410255107 1965
27129857 140125
793410753 127392
672242887 98391
497656952 154771
583305697 172510
291356991 53713
632837943 28128
130749648 112723
34558022 165939
770473450 35915
852405950 109456
566059 106419
845745421 171793
307113405 113240
593769543 1666
117976775 102523
343231930 113302
483776790 121086
488494383 171263
522479840 42959
126313837 119241
53106931 158747
14213356 56483
208602937 179614
98885567 139255
896409945 122832
579535205 176486
551492315 28224
369762282 22958
886741993 31182
984243789 138164
663880849 194830
599887598 94301
739192560 163511
462606791 43472
686493847 193959
514778216 109982
618573154 66383
527305809 62863
307674387 180556
834320119 187372
991266505 159559
156969098 143858
893363575 114029
188112103 130189
790148167 7286
909017983 101001
388967228 155564
574499827 5345
242810075 132830
995027575 148756
979338481 36833
545776169 110716
544656301 42587
274761934 79002
775948600 100061
620232678 181078
890951938 139433
286655600 182542
671609907 64097
186261852 82362
420791710 137876
135322594 186380
234356410 25209
49032368 80028
51757502 179940
408041664 121653
472623428 148037
555113231 20031
836586147 125173
301438726 131936
931546167 38933
164607509 157211
484949000 55015
367564214 131941
291611319 187267
875552740 72270
233197926 87279
514684140 126952
610285399 126730
174763871 125815
144681504 24354
379739803 141165
99225112 17209
281265633 178992
708277998 39722
248548808 15161
127789389 115413
41303017 151963
737994681 24320
736870063 121039
298128344 127208
418214630 6310
524734145 87832
985451069 153056
153330793 193571
242983106 92312
121504878 186110
780109271 108482
360615073 74680
452136214 199312
254992960 20078
53479040 148183
143570556 39785
774028024 35681
744622434 183167
855668493 42784
882909108 20408
660824680 76369
859517705 97374
99689213 138210
719257836 121247
615080041 17154
15042976 48882
564640549 62566
516669434 180940
522659181 99281
861440804 86633
182597814 51744
11696206 120650
784485075 60510
159011396 24492
931547636 184548
379749673 95158
499949895 145171
707028520 197039
597041411 33046
70582531 194498
15806418 136252
598377782 2991
593919747 179951
5287338 141940
176689641 125164
170317876 116874
711154573 806
316536821 30389
406237020 171125
296906187 169255
479000243 157721
651842980 99120
981491812 182584
688164101 92718
573387581 188105
212624242 33965
136105601 71331
373067562 27571
279429208 70795
784981370 77643
768234745 38920
108311013 115132
346942704 47625
906838081 109253
115505680 118899
530999011 5245
432837368 75785
880317497 47278
30807774 192505
50281455 4463
480379772 67091
977777993 68246
126897670 195742
652206693 191319
119228537 160229
217976555 43527
474605689 146836
629894793 23922
942097373 98023
721735490 21338
451015213 112358
406168931 159598
66823150 101603
261726374 19175
822437893 52961
496708019 57098
660991929 86011
749482680 117967
975945832 194037
732606598 101996
207521216 124170
586616561 127190
773923120 100879
952563816 143145
708610310 8227
13074722 151629
120888077 148435
756630950 92460
78010493 103887
923717515 98188
377916287 116141
601445687 28216
503588425 117452
845656662 162845
86553655 35885
720992116 119262
565229090 6333
801193515 199355
225873836 74812
348320927 77516
345592932 123603
325352220 105806
246660030 105544
752899280 136125
486347840 128039
98930718 179419
279267082 65746
784324778 50628
915450501 73196
461581679 101649
412763536 186854
779183149 75984
150872015 98026
767288458 72343
514689829 192002
136822230 197148
393535806 41088
675397245 150294
258667394 103879
434778140 126526
875106575 108445
351503763 14058
348626473 38228
41820361 64488
588981850 113375
194995275 102172
163450848 15902
27002605 40309
95899972 44249
264996395 157829
742708076 192470
863638949 199727
637164547 47038
697648021 94067
654230402 64146
815119946 53941
565189752 160933
524768320 114596
922873310 21455
628674921 194161
572968568 147615
553298622 135970
481832744 79832
912468531 186391
426472512 98221
470555844 68112
701915076 123611
643354147 25700
834837186 111331
536971619 88707
661496198 116700
557848686 5659
506554763 67138
227196541 80430
706714001 174775
310364681 21925
311710773 17452
547851160 30295
84892160 58650
28531051 37554
892259157 48878
818292632 70216
87013697 179123
252814815 176858
389871434 171193
271574353 4470
320149406 145220
944895716 154999
197480900 171279
568872629 106102
61670852 54770
615736410 35998
922657451 123008
212688400 137323
974993859 72449
308342189 158408
617215149 181861
672670603 8151
792163766 80518
85958852 25732
409665818 114049
607851713 58245
888742706 116433
877804836 66887
230617665 163317
491566013 197029
259652099 59295
371970225 158047
933037698 146566
550396858 195069
71338294 88216
321701884 82021
33459044 14306
291919512 114180
145680743 149945
722854231 138322
640876492 29550
121453248 29545
211977368 101017
189582810 157499
679871078 59833
902341399 56704
104125430 1539
461431027 179956
803397734 183786
705642253 41412
696786840 86738
324219955 54879
288150653 44206
720880637 126786
630011796 186903
487922730 155132
481564414 117216
154603585 114231
968150977 143404
542533612 97249
919370943 70258
466183944 104246
22428052 138868
445880521 21150
687548634 110838
629132511 90689
870254223 50032
819852570 196186
259424983 117220
528754856 17797
366496559 60010
430292161 70700
307435505 162113
831029701 48312
490052912 97252
83383534 5278
307644734 194501
619877382 112716
150742507 143759
729922019 137296
973226504 141433
140620398 165503
149887805 133745
335394689 117385
748206982 192877
523241483 185960
139097339 164502
231121165 57186
694584176 156359
33951491 3323
741968145 102995
997891439 152206
593839167 29087
235723615 37123
119076790 115830
947234187 95455
619888698 174609
868997672 64403
150320748 40768
192893691 174343
392189266 40817
108864564 115229
610469914 23372
426972265 58228
937745782 192643
43330559 89425
342094846 162928
781202868 23898
616937221 151328
37715963 194108
394693813 28917
827212028 129858
694681289 19770
606846208 182602
877346743 185888
567133539 64536
97120048 57750
604642445 23167
187391274 62880
756276871 125258
211799141 88218
216818917 22120
503447296 127095
792135423 118811
651532123 106612
917636335 172899
194412037 184513
993834971 61473
842561727 104311
423111648 167922
347361833 3469
520312292 169711
956412720 38063
922465584 107335
928047371 24743
998513419 75400
787157514 121091
467948203 108058
30027699 88504
575131319 69036
135770642 96835
933969797 29036
400342960 13387
190232955 185629
163486287 152224
312359271 158425
132101995 1768
108392267 22046
433297933 17683
461021071 136391
678658211 180481
83449608 187396
670428016 109527
741919680 180209
819494941 31412
140422539 33353
838086047 188428
901323954 114040
47601830 62050
396210796 79181
843707517 134642
876335340 6094
196555879 109156
916795594 182107
815822287 18756
265563291 77353
85770753 54097
445975590 46442
432148694 73038
581617255 11063
831192289 152548
368289579 94050
269051696 165076
295000189 186724
682352575 2946
371057446 85312
99509793 86533
19849443 2206
539256288 2634
46518597 86284
722679504 186727
667131602 117573
736410733 104210
359801390 105508
142077682 86113
574784544 183297
315293562 100734
468467115 11901
995390157 87017
708118809 163370
926876740 155850
322462647 37950
550582103 174369
766626064 160374
132506441 158421
295473756 85072
320442261 87394
823781765 135946
264390975 119730
216060472 111
945971539 186761
673352394 104692
998038340 38843
807089999 61797
133672799 193232
852355021 65924
580114993 40685
17746564 52220
529293143 144213
701868337 177681
398274748 110474
808920221 74461
517901270 199380
873012412 112286
792802459 56046
330390973 38913
732272855 49251
137319891 51308
971534551 170145
400382596 131962
595558526 135813
711036733 192659
772078395 59073
745427559 156774
573234532 56275
26531925 46883
630629630 107532
266356075 121649
368471102 131107
126015863 126086
386812805 169976
416407529 180377
986378315 75874
91928471 93507
460927423 129510
890637420 74162
213355681 39753
310346782 98631
224258458 123
829705074 58262
566542478 21586
413572211 174425
540288166 92748
964382402 181924
626904890 178825
11374018 94098
153728933 130600
85807933 32569
886995407 2074
57918164 104011
977806117 143955
934392081 127082
158672134 178787
94477064 130550
950479165 57893
478856678 155225
539599540 15877
332247525 189498
920629880 182867
875896131 132080
750447975 169275
216888379 51037
713331853 105556
989432169 48536
856099605 192977
571649187 30551
928365349 189270
768793435 51045
928630654 180335
254727697 42333
707348870 81641
789933710 142275
465252569 100048
219559467 124858
992240832 72986
514434561 57050
577047926 101997
247208742 139486
205784442 15301
977885902 88520
466023430 69835
880706482 65209
628336146 56717
744526022 121197
894446847 107035
262109590 26338
324724286 178302
863124890 51119
802633024 37154
56430636 43265
176233096 92089
789167465 173473
11454106 134728
823511211 35370
163745629 87320
448192654 55419
87810569 40834
909290169 146223
356414613 192930
182791151 147123
117063644 75512
876847614 14221
846282663 21031
291642323 106745
684174193 8304
709974126 49438
141872783 110463
216538069 152520
152232344 11339
839844078 83885
869448896 24709
576395907 86176
166417082 102666
734870714 160097
336295213 192617
470333862 152084
39897523 83710
273842093 67245
487370488 143943
830666860 93062
825998508 48788
441550870 145615
371233881 188003
784304260 159183
883757680 71205
954154826 87457
821329638 30049
913671995 28714
881062368 97966
650056246 28719
346172227 127156
806192423 192149
298340617 175152
655833137 152178
134943581 57062
901260170 178483
663752560 179119
88445842 143079
903542151 123
349285332 147230
254122734 141096
952500269 68699
589480425 149966
103864913 14551
738160255 160625
82471731 96629
335690103 30234
246731052 85710
442363671 173295
794882371 103490
650200437 187293
892016706 154747
395814755 113969
805921216 95210
330067307 85755
66883888 77066
136703622 166714
213023639 93288
668889448 92396
117896779 178549
349933084 139737
406323467 192882
987855322 156227
188092850 107092
915488351 67084
21189044 66528
410786698 23558
656752215 90933
321730139 194946
327930949 165113
158347848 148145
262077239 66273
492873555 66542
121815784 41108
68282645 185487
7205223 3927
533086573 194403
86082359 47224
856954713 123303
438550311 112332
351718739 55103
900537926 49409
680147215 42677
304760017 105159
238971855 105443
514068020 150600
491324864 164910
475270997 76087
546625247 121971
412139080 54528
832317181 178948
569311119 30769
559852651 47111
916663343 56353
940307084 148131
602277187 45942
593911606 39410
555943562 26258
449104529 174722
183913450 145668
683852092 57308
405053619 193138
96197726 23329
472037399 21028
691383229 109158
976193698 39764
891737087 183610
955885888 70214
780866931 101325
41455664 19044
860307321 68621
956099491 84276
266720100 119176
860443500 162180
915602303 168558
14221799 88590
282997581 123449
20497873 173460
402967032 144620
823404314 9856
738720165 148121
107707072 170007
461556826 130488
827876272 191095
375211546 48513
351347216 80908
798891768 15886
750695348 103992
65258486 104856
675024833 57674
457862510 115022
868810600 131375
903262722 155940
652512636 117371
234564427 52251
209116785 54028
567973546 13588
831705829 9303
761356550 157911
314034307 77682
376067717 39328
276334797 67248
577248054 57798
390330041 161144
124867838 77173
553088040 139364
232213876 142397
22980840 49732
285140902 167234
917484327 12585
239012989 136289
309311233 43579
272489233 38523
663134182 128259
948684927 93177
311463950 103568
863930905 62547
782838881 4893
630983562 54409
770068531 172747
958187149 123275
40785438 175592
539283868 11715
583428272 157489
439789147 60965
233280671 198380
447710415 77056
7588025 115492
883208819 31276
388435753 101574
577752467 76338
66514424 58768
437260482 102596
49346938 181891
108247998 138339
864028081 64738
805268557 31034
689758278 57104
65555416 18005
440768696 190773
596298168 149873
824513389 146398
758053973 130106
8526704 45320
357467544 92812
800303912 118667
391796861 73491
578443634 140676
898393175 18711
394115565 139287
265250108 137444
423316739 86855
215795863 167298
386255884 35516
124852983 167087
643241194 117418
887912788 143653
948085875 60855
850119029 125091
12082179 162841
725014428 190896
44422242 56265
446122631 152872
881982056 198393
401164674 199064
691207652 144660
497121033 65001
507962711 5215
145025255 80676
262193545 198919
445439898 174713
453909587 168732
708035158 5046
279281500 35528
527476654 52270
36725783 36605
381355752 149906
162750323 16940
559583783 20976
616134427 139017
112421217 30408
910778215 39370
849665991 23864
192232730 121157
993857066 136363
799633694 27898
2416182 106444
77949994 188904
999495524 35488
86137040 178265
545265663 21138
633053024 61398
120879841 104472
747524670 167343
851617052 196921
172290732 2614
917346070 22275
383948578 197541
186271248 150654
361460528 85484
7778094 116043
569336517 175260
548403261 91291
82168346 7264
35377159 122787
268745159 77491
484694369 42584
86342730 97026
8000573 181583
274258981 98897
375381442 83455
222658208 148916
336242941 163336
492258710 104423
102913674 172889
246856423 4717
15532725 168649
111360506 65531
621184890 152622
821231676 136991
702637677 68118
361350150 8280
81343439 77748
926956881 8358
132185201 58891
705359426 151934
677791494 122271
777056708 95608
9253369 156977
792508735 1059
373591637 165271
741900660 104609
795491754 67949
575794834 117159
398557149 93899
252567500 49597
64548054 75552
984993332 87048
659690595 108868
913015151 55988
319991194 166972
743629876 127560
536249591 20326
510070282 185913
223032740 101851
648678036 187655
589984677 119461
970066780 152678
404888414 75829
601733986 151000
405909893 93862
433409784 163558
174772235 168102
822448879 49791
544607663 161531
473041311 199596
665490643 72096
35531903 134412
467071731 80570
527094993 105396
4594139 27137
504993694 43516
496349672 59042
192325795 148523
204888044 149287
149736818 168365
452544429 157871
695434227 136824
477719242 62128
92176314 78526
326986410 72427
979014729 71797
376900589 92708
9303424 154382
191535266 131665
406066723 70354
623894841 103530
779497324 153586
843757584 68106
87405516 103411
683105877 123833
905736739 74436
31136785 57325
353765520 146307
814550105 104239
656918627 169278
366379444 14017
891917899 81015
111573569 84229
818789555 169582
697797640 156156
954665620 121100
502967333 61131
632471632 117374
419005313 148757
24703185 125713
636927565 40548
801641191 24347
462631062 7239
696059987 188721
670421928 129258
84670655 199000
553599760 143441
80457946 155979
73398596 6957
968682739 102496
426165691 172966
402382085 66061
709965653 74392
7248911 62989
449940071 163265
771613671 63865
260458324 59352
671821312 180167
533015404 19387
739274088 173248
668176144 16726
20596908 178477
333677031 50240
148325292 70988
472356787 40667
341594209 30068
778262021 48658
1099046 135926
651493864 23762
876213904 73984
562886068 15056
863018815 161822
394159868 112849
382142521 1673
581573642 108573
214939841 99108
296127970 139739
239719794 164726
76333277 193765
304416090 61841
473149283 123205
951938373 97928
698416830 17752
949715662 109707
537847260 94437
330276317 70429
886147261 33769
530815010 155284
834601653 17123
856520268 125241
411409758 143130
601622176 132097
84002779 173962
434823051 77545
683834742 77815
540147440 54407
590148980 46359
343640813 128070
510871326 157469
195591405 40118
458714786 152226
92054932 124314
799024539 162470
132706991 119308
425301203 70223
871205673 90251
316215939 158607
426057867 109238
676875149 123495
509118459 134356
570899445 66399
434986608 192607
284393925 57355
763967922 130764
102958350 32551
691507986 914
810357275 107087
578569701 129205
627002969 10442
487896300 144264
892935371 43497
762696295 109297
551252646 63812
721067140 10420
767539608 171677
560085479 24658
424710606 172106
803310772 145801
792563709 134266
515232326 10904
520021905 147351
513822835 111005
649578069 92846
281630060 118117
444709418 34454
927072982 134366
125441123 42815
847255186 98831
281220985 20545
621622615 132563
274599030 54209
233807684 118941
616466186 69656
472634869 39674
880039295 163656
972319956 176242
504059358 173638
507578119 12799
981357674 13078
894878435 169604
994572059 191558
627710325 18558
185407939 1753
721591682 117650
562462722 167593
370699992 131536
439631390 12802
570738693 191078
381236532 157365
431507528 27591
648725806 135584
220748212 150077
540209149 90496
835842282 82186
961129660 81278
644254379 141097
99023006 154090
637486250 176460
379635601 35340
751737345 152771
624963393 170217
612096702 21601
37987556 183134
186735217 131512
989109925 79273
110484094 6045
261976831 147098
403781593 7218
190891384 104691
966365790 69717
708315083 72458
256469961 133978
383384213 94864
666402535 177355
444868433 126815
397939689 28710
127419074 105764
147799719 77115
774876937 151871
351584797 34232
460800020 79828
735868698 24436
342066686 186453
3370252 15830
607085060 168494
21847199 49323
537429362 90879
405248724 5882
968850958 115832
947856077 111971
811985441 190026
921404860 119948
372620237 142853
942292460 131971
422611045 46971
412198438 10392
628698419 43346
169576808 55168
484431740 27038
239033917 144902
118070510 85396
740979254 118742
274563800 112618
537171602 124053
65252783 50697
315451036 19904
945028868 4045
683549644 34368
98513144 119282
814683729 145128
660167037 65253
263026189 19546
526129068 145426
868754700 125664
492926358 166725
524471465 112389
283608735 184204
862527701 179702
172292833 151207
578087167 166972
166301158 141578
987914116 50019
705930579 59667
798504149 163696
220744277 143858
371251501 75428
937782152 7042
929308187 70863
367688086 85744
318198759 61513
379016144 18203
902674784 164964
456921383 118922
311066936 85373
660531075 7899
800530144 100525
470087025 81750
916029568 156456
478599679 64466
88978768 129340
555983378 171575
323357785 187448
399250861 192629
207558650 199235
767039953 34780
573435905 116053
502733158 143398
279434310 133062
871194684 125707
496492665 80683
761059812 199834
211169371 61186
90249731 180710
409749150 19732
483122365 195294
800436132 93651
394000563 118436
502264195 101965
686896449 55256
382911119 125914
970437199 110947
173806502 101780
348749021 43277
535555469 39877
434172306 25512
838408620 67859
666745873 66919
846629940 84500
47320890 30662
707534810 178048
578750769 136691
774794578 198106
931655376 156307
579139012 81173
61949120 65817
158392785 71507
437945730 131735
501202455 41723
752216851 191533
643898198 63563
509569880 67354
940067539 31356
70034127 30978
788309970 68628
561617048 95304
740417220 42481
970672272 102253
310816527 82196
988874925 28331
940008904 14551
520501476 159618
589559331 113291
970482213 101331
995527723 194173
723915829 22800
806228549 150064
227578357 185507
244409011 196595
962490471 173878
986600858 137566
991280282 166643
869533255 159791
330543154 61719
972823630 77856
164839096 71541
713851725 198954
948884444 94349
143007680 51664
104176704 83184
97080376 61219
219680639 122672
754190790 187234
609659236 15985
125480739 175026
53911555 110206
924900519 33679
805558964 53405
946680146 127413
264392619 160992
159487344 54367
958366803 177880
282243077 79358
785350308 111347
938067679 47068
425727249 86954
858833569 9114
708897777 123368
174083857 114254
577452460 9216
688148591 167169
74718563 37853
270515157 102444
311466126 177071
68965299 79668
71702251 136854
606901470 119867
998374666 196332
682815661 137670
722247012 194201
811643277 189101
136684688 10874
964376329 54668
912855695 93180
792983024 163018
245874924 118904
255685726 110088
519356188 63844
559087359 46742
826806581 55382
252383422 149638
453826291 94925
627014622 128835
724971326 198145
988815590 188500
76937874 40874
286974300 46972
99939914 153520
46130953 128391
283678161 186272
821876090 70334
139184270 189887
278563732 140863
125274388 169260
878589585 5060
493758994 190584
595779365 150090
725810153 115774
481713082 89070
608646582 151165
249863742 70590
796321811 120988
751860419 13035
638808234 47734
798868445 12185
26792486 51600
798015545 28944
320044318 138033
336181299 35146
252760158 18949
395026111 29433
801872471 15327
368914044 162495
342493111 190676
794954732 48206
392084525 195257
781942142 161412
35132921 125014
250494108 110899
470463387 161359
653874692 34817
884846583 60290
827292633 157347
316912765 124937
232341049 35481
91482822 190903
441874467 77228
419773177 18946
969177781 101465
938227018 63968
290716578 175689
201255287 154004
933191832 152392
499003212 174805
669972145 183985
235258076 137707
520668616 182062
775712070 106139
197442488 150975
825766120 9119
483244124 91838
976377052 741
510021926 90460
571059826 142183
317240907 1186
62150286 102271
605170704 114855
649536581 150333
504681860 139608
157164915 57524
54614345 101413
465415692 57156
878276072 134503
289000589 197050
875338378 41124
736985574 149417
929865789 181223
638539000 102445
320835702 100936
934116540 7084
304877522 86892
719827709 186776
696785416 151170
541279834 5136
910887516 102064
218875107 159793
404505221 86307
911481418 132239
481265404 4419
468601746 176905
39227467 182431
269623096 124970
668036106 148720
575180712 198568
950694124 92945
824588018 91250
515867071 4510
189015912 22416
744728859 12451
745302679 156421
635874662 34550
659139850 22873
647723761 154362
864275754 1781
688018023 91673
699605672 35642
101763539 123002
28514604 10107
673778528 72560
532042452 168839
564577490 118651
289412817 164602
622423530 94491
190414821 82735
521361967 58106
967621117 16016
361926127 69457
8780179 55690
335533637 173440
544885590 95579
563689451 9733
784249708 153659
565525765 142191
827978960 25752
838893432 189537
265676016 37659
787775087 74718
67797296 141168
355003826 52108
440804651 44913
668163080 13812
91164822 104509
980510285 178519
888457896 59460
580869792 34008
45877217 184998
460727572 43558
591864062 182975
475656609 183472
381843548 191488
959334582 64118
495241609 116039
276237645 189316
245775953 103908
152400771 122310
840936045 179762
98532823 186341
743899259 83292
521103732 157660
274722547 159700
301438043 125686
180884599 18647
267696411 50607
35429422 5956
69737527 110787
20225570 187511
743069175 170750
112409582 155653
68196626 146343
482636648 164542
142903909 121701
726814046 143804
459765944 3679
701929692 69037
68089329 90123
499856097 159071
895571957 19168
715346999 48117
619358516 148278
843102807 36708
459344308 69269
75706979 93079
290441763 122818
563025855 165061
151721219 91031
231213902 30593
671431978 163890
604159654 29519
500417611 143719
719690841 123573
246320080 54056
854800158 119355
349879183 86855
917978665 19963
501458669 72984
45986140 194574
155488302 78174
367517549 17803
22288496 196149
213348315 41311
92696699 14967
86286265 191944
722447067 160548
650195495 67451
83339667 142074
881135918 55601
406799514 47300
108731935 58212
418010543 89690
288071677 5450
336850918 4393
497543936 29736
779941368 186125
454697676 1970
638429746 84192
430842979 196028
311269608 105492
200979211 58939
249174125 47536
224304131 106523
931947773 13997
615303694 119133
44143908 154931
729588185 21411
973019551 76071
84828058 89772
949429760 187276
796493219 78705
940499992 186077
791763402 171786
933978449 44296
150127693 141205
277096734 115443
622359370 144545
727844511 128451
459797732 110574
222400501 44935
8706811 20068
117947840 101511
13174205 180903
925559830 139615
195401937 34733
260298394 70608
784801726 198099
393081801 186012
836109553 138216
960572408 3893
70912375 149116
310024988 45888
532423175 156261
563878995 18538
22655450 72638
935466016 180398
669002728 113069
565461291 167940
695153503 561
880387443 16148
184010916 87015
109658771 146151
905173179 170559
159475995 61594
9824351 35998
723769295 79887
952593174 196325
42416983 115926
535101274 66687
608065181 110796
821957132 40715
787070710 149038
958141348 98458
738599093 164711
147115382 192759
666230727 198136
515554077 137438
594502705 76446
986643164 47690
777852341 74125
51637655 162386
654492045 190242
173184797 13486
829901154 151293
922561476 97107
592497971 184907
542064204 139290
569447283 57397
921387333 103755
919126735 165058
412777206 195465
515346033 168116
438373156 14096
969829596 1507
747539590 144378
810644337 100389
840152804 87204
312653444 133049
287340841 191589
479620672 60249
3874984 146298
672521849 77368
508246088 102
708107216 153715
513777696 64887
975669109 19637
943779174 316
626611557 78518
622110981 135257
468515258 83133
709344745 48177
368479721 162131
843663561 197561
968886085 96429
25272593 18808
335889454 173564
829264032 61760
158525555 125749
275669830 137768
364676276 178474
81427610 60439
617973028 74474
743472867 140100
565298381 134664
216099492 76667
122168953 129836
338663604 166191
438513678 6758
66369095 126326
828724124 81857
514431040 180190
853328205 6655
295826675 44680
105656791 145917
349824022 111781
316250051 128107
513374692 46609
708375579 109959
48885965 45294
651026832 15919
280401558 17871
695313379 85282
531682370 177581
974171146 95079
370495046 77278
559599726 152136
743084238 173507
280590004 23491
53035821 44818
264543313 24816
816981476 93300
773158507 93504
363591985 157438
281306460 74119
507493446 59171
544463592 36674
183696374 78335
510676097 85746
468579576 63517
244052127 54960
849693037 111784
512181791 23396
361510154 23329
532747375 48380
453624087 154951
231664127 88626
763737411 110701
184500424 79300
298279869 172404
268188972 128383
389656404 62008
683586542 39007
628569231 118658
878320677 58773
989227282 188182
807329305 51953
842119967 148193
609021124 147437
446351950 47127
14012434 46400
616415280 175727
898360006 108257
765767911 133684
507064330 139630
247044984 94703
687184950 105902
598031542 56598
305447510 90431
282489048 55827
984083117 44278
930799166 132802
936290340 140760
819576257 189062
96290679 136589
507008056 146305
833063258 53208
342867677 124551
121680216 40306
425973730 23509
191671083 185652
599535327 27709
337790608 5830
906942215 61502
652920351 131767
299204214 174088
874626877 152704
466027422 137065
801569801 33197
617378572 101232
955609197 87723
386862238 17209
966722265 142347
605827629 158316
76254943 176442
362585986 6479
3741715 118038
946492127 173751
183136174 105103
892816073 15709
931400560 70888
547705246 114601
146892186 97948
817329584 29072
588114785 53084
324313169 95916
367401946 9930
624579011 68094
233894130 165742
678774268 57024
991904159 29294
697727148 194944
580376659 163329
281651386 64206
969395315 4767
837002567 93582
192795676 119685
607437776 159538
649147175 195757
626393661 178586
956360361 77539
18490443 129327
383169162 170273
403777514 63345
792346166 41799
442393362 10573
796928765 40065
521872318 185329
426778544 126231
537947519 72218
293479284 26610
58431957 188188
313586865 138530
36958213 195843
148919210 80490
550261824 16896
465021568 129709
67088970 186383
571497958 11199
363716920 6521
526021466 174309
480471406 108107
617968839 140461
741674038 128839
712799776 151467
789203704 123586
775154048 160437
13931316 146425
676450267 124662
781766906 130725
340996626 151004
664053263 158956
926074375 79785
752879139 4758
266496626 73722
596845342 69067
624751150 146988
32520464 162840
219203231 11627
611325200 155569
352500111 79159
814264703 13550
461165268 166968
917610156 149278
171811402 134026
121205652 38430
721377770 107836
708163231 181271
253799316 194767
787234152 53398
420530494 97105
59741126 140984
994745901 41603
328568934 96104
792595586 74601
834101880 82374
31809861 7597
59806077 24257
770494124 10696
223135726 179230
632832733 161469
870992133 34054
113692663 190899
406457697 198501
951348838 26424
634868548 110312
315465109 51702
155310123 18839
404229383 147003
696902113 141865
396611081 8672
693198781 31193
440084207 143524
420563096 130692
628705082 95234
163489993 76830
892779383 127373
41064903 18998
252048840 188236
272597993 60976
445354782 98220
992194880 186293
593735805 10581
752284905 184276
225998720 145314
675653870 156481
981088837 67489
244886218 82793
988984746 21450
144892581 20543
437025158 101407
88194248 107063
6533336 8683
394865961 141340
605382034 16780
27311808 194112
878173111 3023
196256318 170561
983351354 142178
824093475 35643
197206310 119128
744628684 31906
829476111 4468
899934558 66435
591520834 19492
572431327 63236
555810090 134901
204429427 73183
97540727 5277
667721826 59967
470991912 196622
990613857 115843
562374377 184419
968430048 137053
949262535 122434
709467299 35060
843275614 72964
849092554 75978
47074174 83580
166256567 170325
936691421 161990
880778642 101980
700995971 115008
180648839 86780
25518078 42405
777672534 29394
49275942 100295
398485418 138671
856963007 79687
69979305 171305
820840914 78854
956662033 84883
750963919 83086
410206550 184988
191585991 44396
268007037 184734
659597592 56119
973925751 101442
229260882 21041
168570922 34308
731949417 59776
922183548 136912
88335703 131295
341308701 97915
969470774 179981
637592583 7183
992556264 124640
811996610 10331
966540493 164162
422064148 149443
253497339 114037
705468629 28253
190735106 57886
517960038 1774
394532600 79939
745060756 154269
214817097 76099
945767553 122277
609727554 65911
176234135 199520
971794704 59045
624251819 3276
492715967 195557
861216679 154270
64406001 149965
832083880 74570
530220820 96047
954776748 633
112314180 123372
638948799 148902
886444753 171921
235157833 102056
853245856 139201
28927508 10884
989783788 54570
925284988 130714
266399647 47228
778348244 26963
11525045 66731
310198132 148738
999869279 109822
170782629 41760
342034152 61834
230660383 96199
131922703 103130
672100871 179803
788729995 119756
605245005 172684
524311302 49853
836952510 63052
40450323 173150
887930244 110721
543001096 48002
449173341 192382
138604365 8067
909510651 161133
801707533 3338
732836223 105208
359930114 53922
773984999 113566
187935312 169159
825527034 116265
982533290 114400
448260072 102450
532361885 11721
25880781 150429
777288572 174275
450645117 114302
694983743 96177
849375383 164344
235359391 7491
718398507 132016
313644323 35700
771811047 11472
950163564 71150
849243928 194303
452798784 146204
159708428 22749
242829743 8655
99597445 166839
894073096 88824
4080375 59333
564367409 141480
693172506 2415
222276040 182638
944536312 21527
131769003 11138
691519062 80979
855349091 66010
809350516 175263
449657395 127947
749404096 25623
644342112 199215
745478091 2439
617509263 43379
843766177 177069
331720655 80658
809859899 190969
283063260 167061
443998851 147301
451078404 107527
833016951 188883
900786259 145576
342334904 196169
974426879 188174
172324235 23929
114882459 105037
181558124 114636
996321490 145580
743194937 73016
549348737 173678
175829255 147434
120290801 164040
47287306 83405
412398725 36529
391869582 100891
838086977 190814
694466448 98004
243222155 76829
611703000 60277
119896838 165952
183044420 121341
528863957 7602
57390960 74806
982155654 1165
825212427 131207
30047547 177547
375594902 45088
706790824 22592
775000380 193743
231769388 34951
563866369 142791
449137490 101954
530608719 155983
902518876 33082
474610293 135952
574593383 102374
396474539 104522
782861546 21573
184503647 77361
486425831 19454
470850973 4373
729729575 67142
198250678 6582
115928649 26834
146229790 152587
298092869 112571
63171078 79787
103554367 87143
558237844 159387
844020471 102365
212430354 173874
667627240 27756
728344325 111716
97735339 179459
286318101 69820
335775415 44704
381150589 124033
565669894 157570
440503911 184693
702022445 82633
142945221 57549
658810712 119981
739354278 64035
41619956 88744
64821162 108999
329407704 166217
668078292 75518
542817061 52370
780347802 71720
338883039 106605
160703524 167842
694460086 62070
142202319 88247
258149621 135769
606458417 109901
400575820 168042
159687900 39550
471293902 113303
727354125 43082
239557666 96432
905325117 140611
780124758 7217
243468156 61366
811972177 176426
409997527 73872
265020312 19189
861770418 192601
575374463 18454
725184865 145479
730875300 187142
838172523 171334
677761108 198963
704772467 87320
538873000 188127
776015088 61096
807659620 47896
193684918 82313
946903178 185729
179017739 96558
91687323 160571
38011860 44638
213614973 24213
557752947 139009
969667154 177603
156922544 63004
269412212 190529
524861466 46542
545646492 77883
885943954 131331
876601011 189548
6170573 139730
100927230 20469
691213401 119716
79591849 37085
958282542 4526
510980552 93111
982010003 40716
706177167 110224
827918572 178558
844122163 157904
928410332 96183
149480272 51551
840152653 24402
398689024 75720
191269285 157220
808548356 74795
725458332 75711
184919220 161708
143453603 182056
344368825 133770
578123719 29197
936581918 15340
662641125 69550
239595462 64065
573740567 53690
953745857 137592
667443001 60702
358594110 109685
457502651 180152
190317285 140730
332114268 143741
740481178 41217
368426869 84764
127305125 112843
848201517 131360
869674394 26113
654473016 138943
110871846 63303
253835358 81035
293036792 199789
949722678 188302
892967016 141232
240277893 59698
946104946 49509
407363005 183167
109709761 34458
525716791 117179
431320474 52393
986271862 91708
808438310 146802
109847150 13780
159659104 69561
943490719 149668
612304815 26819
612942899 150133
516182658 170634
220751525 139623
180527991 92279
982433546 81881
436170293 137403
771925647 180715
818087678 67920
702653929 48404
690941761 179955
126342753 69928
615426702 173671
828428886 68027
257938456 128019
504430436 16453
273756376 108406
755028941 83343
172099397 61095
153377563 198378
310515452 78259
828037258 128988
662719869 179102
583140642 139550
939929789 105047
939989705 38386
897819469 133884
922097652 39956
86757024 146031
811705825 14625
407523013 178296
269440117 91801
326385401 49371
119867733 99998
608881355 121744
477869766 183255
606485730 24875
121525280 153218
179332217 41974
940411235 99613
400251605 9739
190755217 154547
733518004 145732
211098368 84085
217487518 21174
946515947 179515
345335706 134305
168556664 163089
448772453 100168
102355991 83028
413933455 89938
441967691 178871
508035968 164459
701046970 160433
927362163 187471
807541620 66068
321233949 70250
46675928 91924
448370188 145314
315880213 91759
69779263 15214
818338502 131787
591740040 22111
735141025 59595
676664299 67075
3658183 58971
946720987 198768
718359466 20441
878150591 136686
614678368 138723
164962970 64146
856222405 102217
608577667 134304
84533691 130060
192489075 53067
881512485 124794
461032574 24213
247026836 64700
504079633 87454
207380136 102274
889848804 15786
387618745 196465
896175922 107421
993531666 17839
297488696 61904
92429466 24438
954341463 191383
349095835 93421
645222697 103624
714711884 3217
734867979 19690
526906075 67515
429779884 183147
605543445 149328
334140184 60629
301437281 179588
588995155 129929
308013949 89190
82768936 197577
797735821 104050
25115818 1930
603966021 199977
600874504 187298
664672036 61156
511718101 90582
493986445 166177
750479421 185563
822535047 26336
448767791 137896
148678876 191891
950183566 122926
383630332 136701
658266763 24095
748931548 102356
904378334 141775
684861325 36851
423691602 168846
6783826 88583
748691141 169677
401917831 58092
345552405 33444
41525551 13506
669488850 124453
62023028 189044
194610440 107391
804177991 177078
479581139 171667
873543985 151067
897513196 128100
489543910 36513
423155541 37374
450404105 122983
155090634 48791
492861243 171170
219846518 28925
246118198 44514
485514570 131082
435561248 180352
718426824 162330
164954 182859
581567608 81606
224383316 137364
66929634 21711
348224445 59802
748847255 155839
470622492 31290
868337975 159942
668211007 49288
329874322 167416
732078995 132789
842437322 195469
756992 159426
367392571 188957
980965754 140571
583632925 77098
740798705 125566
926894646 183821
909842189 15481
31757293 88694
483149933 33825
679708498 167029
578125720 67700
91424525 44927
293472360 47292
377823194 146192
214431409 25269
710497408 65038
721766498 65367
687315030 179790
916305319 79759
403914997 179282
967094702 137794
394520641 188892
723589249 46107
616701726 89801
74175525 184729
947702598 108969
269114455 98896
381002764 175459
913665758 188656
106490828 54063
968479908 151035
381880842 132468
987152337 62291
554897005 164383
221905153 146258
762503263 107406
473477435 87629
601826826 25022
729450535 17386
48171168 149716
484739322 7641
904254746 63755
911728432 83474
926770043 113482
134165278 87485
83034307 101601
188343898 159320
594119721 51869
331120193 61567
792223150 21723
178691726 46203
849918715 30732
672907650 54735
887371938 33367
960435543 75811
498093252 84950
161962106 114524
920890683 20338
19485551 148843
668955946 115093
190589264 2102
40361011 77739
279709335 45401
374620221 117771
923401190 87767
492128565 137170
508684841 188509
347612186 176382
169001769 14098
366321932 83219
967946966 162851
679942873 88779
585948133 95190
838636446 79931
577616070 135851
744794151 17128
756773232 31518
58427305 147798
997607841 87333
480354346 38669
86840608 38554
208697789 40337
305191166 190521
304089891 151418
485731006 17776
972386843 175014
787694169 97655
768914624 106560
930857472 185052
22579976 60971
427534500 173415
549005468 116144
776438039 30894
75775190 182284
485330214 174587
345806653 87951
431080989 73385
857217621 116781
236194158 154940
455298661 12561
984161354 86859
629039237 140384
724580322 119426
432467405 119136
750136685 130025
598155485 19439
309632566 29908
732098245 198589
508723515 102989
368768162 190256
735451869 88524
203914760 9002
346131117 177748
622467212 103192
265507470 97070
973867156 77259
906373787 46837
503236861 69564
348485730 80576
979082022 41084
73112285 127124
721578530 40443
960192516 166120
142784023 104113
449207805 170030
838002023 161283
885642272 44240
738131299 178305
938136550 79965
315699225 157353
153082156 190459
898845970 95731
718349372 98778
873714175 106027
88775069 170908
844980353 160852
453321390 55809
692112210 27137
184193600 82618
357776691 23911
597939789 21396
932740166 189143
367495277 63952
338610516 148050
324610366 151390
119971289 89175
382615219 199413
793170759 8365
18722917 33937
784284033 199214
284737455 164221
641777384 65556
115432560 116025
532951615 160842
237995780 157948
124789009 187058
382594912 61751
833347778 52107
492606428 54872
859861395 185680
90489711 165417
804169830 146891
881233800 40439
508116727 2790
836998707 26083
560478791 6669
93387365 103052
692929850 139620
759158983 140163
863916575 80130
622731407 50521
819176954 184178
229039917 56324
15066579 78710
526690769 183021
523076738 152562
553575238 26888
41535128 33974
14503398 105231
139215611 9338
382804215 121345
505837058 61681
916429728 188863
247667119 128536
421053271 91910
393659414 23282
953029734 177819
900051497 51691
550194633 107101
983913964 50426
499852542 126893
824144907 111276
921120280 129168
17276707 121945
531733115 83679
482070694 18401
349778189 176019
736293485 10972
168783171 180268
508884146 121943
501629889 173110
843283191 55945
467642103 156279
806042213 143816
84765909 124521
980250710 2889
160095565 138946
423767365 184127
947518874 161973
877624569 102829
246996672 183544
254381261 116662
624688247 100009
709788078 4256
811859913 169782
612213498 133296
419984246 144460
475105371 127638
433502104 175641
813404630 149204
393322284 106523
717151392 168637
344440020 70923
865579308 8669
884676476 102969
712390905 68190
926473824 134426
949575182 150492
847116770 143161
452927525 100172
261670407 125768
403733111 50462
784800131 174683
530760024 112423
394430195 128548
374506280 66915
789804661 165231
862886444 163237
389628696 66736
510221557 134556
767974284 23974
325870800 88859
117948391 194577
597289844 33414
89225937 140789
838216206 5441
894667786 12797
957110099 28281
675764594 166671
578926249 42167
130556423 155955
260548440 74093
500758229 21274
501127852 88302
294096463 60375
112494131 109344
794940453 64005
492741587 118352
648286557 171659
220323885 730
999297819 171568
872924105 169123
875557184 85855
596046450 143594
748366274 36718
326378229 80089
620901597 189693
459030762 20003
215567232 119094
410701436 60641
64074067 346
196552068 73552
215548102 63288
501505046 161049
896780839 198451
309639236 116489
143017581 36467
823273927 11323
752998523 12285
160673471 32762
95523718 199002
862603143 141237
905016282 158159
356341183 73577
548614698 82726
76316283 145839
367842136 86632
501124035 159698
373082188 178475
832441806 122733
724193661 134838
122837914 85631
928037385 83872
351871178 82528
719060546 45148
13322718 10659
835050006 143383
208429217 134186
884555566 129166
882311333 15891
468597433 146375
762046298 9548
748061076 160640
168075982 59033
114134244 104401
848118841 4852
158833007 130953
263003222 154739
441730120 169470
40410987 35135
208990926 80612
500156409 191692
676710729 151258
360841794 138114
986269467 57418
186378748 131205
7459435 49637
751786922 47862
165453247 51052
700456933 45101
293460305 46048
911508805 103239
642540134 131205
129143235 134671
266966064 107656
148098408 176746
390998712 23988
311519391 13672
49526214 4893
833248978 120179
534038338 566
42886808 108487
212443497 26541
382380785 153685
947299654 63884
602638467 111501
393721528 174227
404150766 119064
34327651 165326
226474409 191608
812462719 18035
693129040 16974
255570350 49185
137952561 16544
270183395 151761
906684984 83992
222798112 45562
301348426 65856
115509138 56562
773927376 43967
314362588 73908
355756059 160084
556883921 114347
132364403 58262
552046348 76972
82547326 47041
126955182 145484
732660626 59138
163519409 138014
574999847 46803
734035639 84313
717980180 136370
663163179 72388
854583825 49410
730726468 26811
714187922 184872
609773895 119913
996146101 145663
372983323 107964
801419502 121577
652499899 134562
508120353 146139
593801794 171622
293471919 72670
983645447 169855
44934111 138749
684953181 7249
740974647 179266
11283168 79732
159936594 186298
56441618 183662
281929054 164920
761085858 100990
626773433 63625
38272137 133308
53507967 84586
612746628 146474
791871476 121619
754923908 32383
936037071 130832
540055072 116793
993819375 34010
600357509 150948
805835046 79812
302416388 79695
55892239 24935
409683619 86929
389947372 81193
896299313 92049
870105604 110334
159922391 10963
705720589 131761
162272906 62494
117168137 114978
52385864 29575
428315736 27253
642605142 16222
93814550 9249
162807318 108697
606430909 144851
995923949 55278
445945636 175196
524422145 22168
931589194 129653
422258841 80380
393872485 88814
840399594 58042
451101206 92004
125206126 197951
735470384 184081
130193621 75855
271064866 25367
922765278 84450
828852823 125981
874788656 125477
772477127 61063
898897569 91816
832766427 189951
201936222 150442
878428033 126579
899265156 27667
338373287 196772
297527696 119796
896881306 159131
928077306 50791
579904155 153931
650830468 23687
886441316 34082
559035494 174483
66017807 95466
525200178 80918
688261638 135555
582873386 98210
338326396 68706
261284529 142234
5398724 136884
657476158 39068
830470446 55103
582216403 121898
135640198 123812
745254183 137294
818691884 40885
398300146 117280
558336043 90901
895840539 197676
472689816 83475
816970383 176907
419191513 130495
571246997 161972
907974780 179337
44657974 172211
812144317 67044
106190232 147136
181824023 191547
23354044 90779
298718758 55570
722735784 32404
274660128 57178
727630535 11859
409053556 1364
254072117 128529
351035229 20326
681661670 119511
355735893 79346
653981410 167365
898579931 129331
738349069 176126
142592989 90045
489263337 138285
614587270 149366
778680483 35997
784782364 54433
585370134 36903
195563708 27175
415384991 163784
395915952 114398
581383715 3792
886016621 107906
21082487 67708
451384230 162322
798719140 188226
651054806 15612
787463657 78198
602999039 12259
813222073 12841
264005507 89173
614202940 60382
209966645 83454
812128750 59704
987944797 20887
3297664 195650
657624353 26242
505727272 47294
119136846 9453
599818380 100533
750439394 75067
656118786 5449
260030182 71809
317828163 92107
78084953 16817
179783393 162269
832099712 188696
945267008 59529
992461109 178024
648940065 41082
346134692 79314
874535347 50888
236537417 1028
332801946 115691
563737317 34254
176388288 75175
862641597 12008
689808769 195692
706344223 115967
282370967 4029
387249413 30951
114317960 15726
223009034 160286
999963820 60823
240909701 36268
701650265 86545
14662536 21978
873727959 67391
182615584 11150
803358917 96833
520440775 168812
290080372 24535
410165526 54475
505876272 33759
149578201 28733
49820627 136878
325684206 149699
969921434 95033
278432334 127608
509577804 85951
973334007 40429
99321610 166979
569770800 21374
774760572 86360
844995597 162353
360043650 93404
366869569 95773
725658649 129227
923128759 108031
393887992 180840
236224744 43802
276651722 114261
388564133 79177
731260760 127274
77051667 113659
745641376 147341
661027079 167699
647093717 194545
503546318 99236
796982594 58406
883186145 156999
597495211 1271
452751253 174448
715452718 14545
260220961 114623
830597289 72966
232223598 145152
68230028 24656
463124067 67031
923228226 83977
825648661 57928
921664272 87782
819674413 96210
361329979 111896
381304640 42600
134692064 167941
209255170 27819
111057936 30763
556000588 111972
893647687 194165
343119292 74589
567831827 74396
917407545 39626
648341435 91129
630785808 164358
246742695 182033
28322589 141931
483977272 141413
897065875 177497
430141950 169155
9308016 83633
194596266 168488
704998121 51978
20994215 104197
71304527 94627
446465037 33163
603187319 32288
171565135 73562
16000461 96347
104819915 126448
791374334 19962
496698501 168774
723225807 112643
992801582 171086
508556015 825
939947854 168752
178111777 119592
558216847 112315
69794297 60240
61671656 73514
559725924 100026
653673443 104727
21134351 132045
662429938 199511
185975565 14231
662883523 51897
739087393 128182
855276933 18124
734591520 50280
285246614 68750
580673226 196658
627944423 131720
133296924 34377
827074803 109156
737096320 172198
977866387 30758
375830589 75611
460408876 22506
455613407 116835
56323409 11611
267876302 13465
335625499 19519
961792206 146789
227632774 47154
459657805 89291
644846100 83982
98390815 40203
527399960 111958
298821592 190871
26523743 175308
543736199 38493
781809650 8602
633711974 152375
850625756 174884
476380353 37581
926670340 30179
35039368 95814
665781203 43024
496958524 93108
225717177 167403
522345750 130667
582547587 149960
222339628 60293
207213967 41154
449605581 88912
129023641 19151
605891408 140330
182063674 130424
692784849 148359
810770797 169800
180196427 128477
54607987 199532
968500903 78857
896388866 42913
465083269 179836
216733209 14987
595244214 189975
172919185 187732
999945644 71149
116746643 100230
169755896 151626
403327430 139277
948904220 5855
117667938 131704
463784789 143647
364781004 142687
457700432 50445
341909937 82253
291940146 182187
789930166 63051
342158361 60110
162597257 137837
812623873 107903
844057631 196742
516608778 61735
319564092 67284
51327922 159248
376839144 35518
160148094 199291
626938649 24191
628465812 183973
569358320 164566
992180951 185612
954176780 176334
14094571 139776
429546630 65239
558963165 151038
819365338 158548
391424304 114821
840407499 105524
812135882 5637
761864624 163297
153766070 124913
249955346 86733
381481902 192658
47610126 75775
228753365 87505
897997314 146647
820671561 112531
163589562 125747
662477244 53874
387470093 109789
775675139 129974
439641312 97946
358629782 143359
279340364 24310
591914647 130540
636584893 20862
843467356 116436
825310258 16227
563400562 33022
659695352 39764
617239451 157672
745663722 65923
154079151 67464
859458853 120807
402723928 190828
847409628 66201
58495262 2108
453340686 110125
555577164 150607
482992495 91328
81764275 75809
833335843 186187
823067585 81131
528576349 85985
832774529 127892
769348316 51061
726027215 113322
915708610 60050
390752909 62242
502572061 148826
937770669 30991
352212826 83046
461632432 72052
467095095 196663
259473000 199514
692584428 21706
464318721 91860
57343670 54146
887391693 566
812558843 169977
478445619 99409
76326537 136992
745186849 170462
388164440 7581
807421404 97577
732135618 191989
926222702 2668
696731968 191302
227486927 112563
78118811 22272
972165951 193886
359045556 58298
131302516 130885
678862649 47465
502989385 101899
759040445 112399
243123076 180442
237309115 171520
749931619 179444
828980600 56284
981598224 126650
182924590 123238
713923434 143741
9001124 154323
97806958 127320
340161382 29356
597472420 122579
161873261 49333
947046507 68490
318454612 52781
256718672 195362
727686808 106418
787572372 30531
325584720 97170
489542656 146253
14442945 1104
672969052 173582
940491866 37918
953162221 136785
787390778 59817
357084374 148669
853076121 68119
629923397 197084
942426426 116977
724623232 74935
814900320 45508
679863302 3952
373258523 195465
583644358 27909
947321975 57248
588402329 46964
830325510 48043
236099006 4861
950874951 9256
638201061 71054
223521894 31299
47684001 189602
195943625 50085
646805714 123133
319277485 20997
952942909 88071
96498310 26626
833977998 27586
302300177 5284
676384870 38390
576426390 127710
605075609 140001
30991848 155216
44227285 76836
781773227 46407
70633439 18120
828554252 155915
884711939 55869
952940508 168131
338043748 48989
485151932 164771
551056959 77410
54928896 135356
666713675 77559
976703679 187874
228905432 124198
271495762 168814
684336867 145926
670490424 61465
218929968 72793
332372183 95168
285062075 29355
307326712 2815
67520578 59170
525569681 77605
596094690 86553
204174214 46017
368206099 87809
784038054 133734
969633531 112460
59517009 91831
796548156 74196
754810169 949
711477623 176395
853984529 142908
133244602 150230
541577445 91626
314648349 60186
900207045 26471
168601543 151755
253081723 61161
947426926 143160
915581604 71312
544548190 123213
191678936 191583
289772537 57601
414236179 127040
496899579 154372
318222639 100296
455428414 161539
662692617 140762
45820509 94505
823730050 89200
518192685 155322
985110316 179341
456533902 192495
262659856 13842
654215912 111467
570878967 129535
389851883 12404
833753141 125706
551486263 82940
620320754 199895
685914035 94200
870819407 48188
637929491 187833
298455250 33424
295155073 79848
344525216 168359
71066022 116734
621532532 44798
81960204 147811
11132266 114790
456307907 192070
260619220 27081
989788017 198693
941660872 40849
533084840 50135
237780650 58656
226144324 167985
810658987 38990
220784282 148774
532445092 131366
393577636 157462
608217611 135632
263024496 94956
431369997 77858
477502688 9318
29732348 49965
100904146 135487
921329489 126400
729163142 22036
850225935 12086
578288970 80839
642518193 197928
796751718 30938
222869378 32354
40917085 100454
408888220 26526
317298875 83888
481218899 85345
866986415 69374
390026453 103780
224786726 49069
848545469 74067
970095366 16162
787353007 108572
671025560 194189
370181848 21672
2656703 138418
130082292 87238
305563901 86177
341436802 161670
892984481 19590
111017965 172036
928119330 167744
128856804 34421
247665998 149574
723490854 180072
981358385 43445
956246009 69219
643428164 102966
573314092 37383
55379562 192317
67446596 195875
732321542 4583
593605204 148664
621013744 25612
988382261 137439
3860464 138321
332129000 154747
39271215 1075
776615776 108989
885724732 3247
921018819 7116
517431786 58070
290267696 109656
210943100 23709
646147311 68321
437017653 52180
17804089 138845
492171421 39985
289427826 86281
620529531 131676
511426352 193667
247984236 46643
280328979 84112
596507356 29730
889687482 97211
487821110 101351
482665330 74520
90564471 13235
428673851 100633
503783593 157715
627546272 193908
839653441 148700
109287662 161861
501740246 31461
19002994 173270
274263668 21205
363120958 111775
383315264 180853
848485942 189595
947875028 198483
752925608 22754
688758329 131290
833497657 185036
513636125 102852
537215043 35501
842623178 5524
386073197 140895
72559294 129397
613516604 128875
91359222 150980
923312071 180658
915321272 130406
120370633 72778
116485250 2219
433777551 20429
979397885 118969
366141034 120110
928432831 192490
339395051 153889
145562639 20478
757270035 29509
898060745 193507
128126891 188920
457901090 110828
406150937 179319
259844573 42823
588439998 24803
271207120 193809
200513485 178821
908067793 20924
171686609 131665
695206604 62278
470301493 89455
557549684 12004
410686651 22449
1544407 134141
306567786 138603
688938938 88015
931004206 189732
279524419 193092
31743275 197063
151385859 186393
794574887 128327
410014366 166112
514611713 98300
410729668 190273
51803275 46994
840743250 94469
860363572 196167
642759771 55612
132671015 174115
241735630 84731
967628593 6173
5486806 50572
430280715 195221
391850018 87435
852435381 46203
337650702 55340
810472034 16170
9290855 4659
904784132 175387
16513171 146427
36292183 192742
387314362 138818
292989640 16745
41021098 1515
166410218 123145
281760757 18033
91869917 80275
869748888 108957
426140094 87196
188098397 121445
285501487 134562
101113919 133971
343695715 140567
258280739 138666
378035490 124814
709497287 147867
303167277 133674
606706849 40885
769815069 35968
998704855 35040
913122818 199664
940164451 187060
944918479 65514
307223039 155641
634970728 68540
197460650 24512
776180322 124444
808098262 43509
216921338 144350
538070276 172160
59124722 155783
79222822 43381
691283374 165114
772262457 24001
68214323 459
183972130 93498
241176048 11324
170835363 190478
876419014 36885
473369666 183417
953346478 59114
793394700 161041
324259903 660
794474968 130047
793189580 46144
810618568 180999
788828218 11386
418922740 77207
468686730 92526
647682856 169902
16136306 156842
175299331 88472
955964826 37037
101764906 5996
562552539 171652
535934347 117903
439984491 177271
278117625 129992
251458739 68424
58697955 138039
544740267 50583
635922430 109622
423251403 124865
182892681 13307
20324532 83808
336207139 126163
916074558 174416
365787966 104515
100639878 14968
168161073 102129
450310757 133089
508360205 112296
219492941 75278
15226423 53944
62026186 143342
515419522 116817
375743492 80882
484253463 49858
314886669 146744
631164198 186396
175393931 7223
100062699 102046
119816320 60896
713905124 72847
383939052 114853
524137925 119128
82125761 43600
338655277 138762
822440359 33744
578849491 40132
868185400 76615
67781520 14087
715148780 50970
240157391 55871
393794883 131329
173568570 68199
378520961 119030
833756000 52938
45599583 128502
718419771 190224
31097837 182749
27847453 38431
469255517 113802
741731533 65761
892306984 126720
404987643 85311
433449316 56873
60444734 125254
241209337 45649
53815966 26398
917616322 110000
146691928 199007
603349133 74333
389529677 59547
821166710 36173
325793371 22410
185506659 7084
199480133 172077
962448851 80354
235834762 186793
939534750 134476
645439634 128272
71920397 69443
566907330 11441
526799921 176318
863949020 2202
294862326 186054
289170702 197335
230879299 28144
489720207 88811
916252938 42166
298850226 115113
436927900 42468
359142684 59358
351881074 161931
794502129 18877
464400382 38414
192629836 73743
846902963 110789
58835521 192470
273116053 186542
567266962 185645
891757751 155229
208155129 115959
82326284 39585
882859765 73418
308647164 73459
579923950 130663
148446431 33588
68760138 79404
582582376 49575
661728887 110164
476207571 32428
436358582 76431
694032242 1760
444168227 197945
186475135 125768
757591139 5929
595169716 163911
323146558 179052
526566054 17825
235330294 22520
712728100 47499
423309699 44194
726804194 102584
11150870 23793
651656913 91281
256417887 86316
563705082 44081
876652666 70901
835148684 126110
115284852 60950
612833521 15487
329529345 168739
556351728 177697
114230219 141776
40862013 51492
983585890 151947
59498171 109090
674876979 39030
282382726 61540
480831755 19840
486307674 17749
89661546 114568
126937810 198204
441321626 76139
430542517 78684
125614612 30840
851226802 141459
447965606 161159
145945916 177349
487033080 44370
411386552 71787
519480535 50198
714425677 161394
197028033 133341
715086539 72559
174824881 195626
143902393 115248
739581903 139524
217612509 99939
49762611 156016
981416743 113773
12810891 38020
800144578 49774
969762773 152718
257100176 141025
161437596 9735
740807188 9491
84480083 199350
183520648 168702
634036309 93165
652169392 35576
849888682 34762
69642975 136876
437836003 7633
266969878 74704
237684486 133914
710789736 141106
523866170 195557
266690781 66677
38378690 28275
882753547 158616
756555269 183786
763861322 141298
761681741 20849
477601396 176396
591471325 48653
164858388 97969
578545363 39097
837576903 7445
851463750 41654
29092195 153316
138156611 68517
573392165 163664
766973620 117483
782122493 175759
99050549 88636
138951958 126037
732296101 82208
353239133 133031
88412320 51210
140339563 93853
745827725 142713
32087708 160087
664293021 50133
239242814 186518
818463906 165083
931737960 35696
928291188 154037
251692032 125168
575558866 122833
709464518 178531
763576056 170908
889312422 88202
968297746 151218
904420377 90827
387230849 9496
83610203 55622
294727104 194819
576823627 51713
988848911 179321
866273148 153012
295846287 58304
171680054 149467
634204048 18460
366110317 115050
929184532 17424
356964430 146247
428730475 13945
803295975 16218
622855472 36173
616468553 59241
666917793 145199
809846374 178609
976313466 47728
303053656 43412
378086035 140693
978799677 31490
448242217 63834
86771967 143065
40368341 4017
838306923 143903
215405063 119316
180013919 21437
659282994 189693
729269082 12231
222472561 154310
521802383 91585
587347730 168617
400841226 169936
603134604 116078
828265230 81163
150819694 184278
77150733 56445
472434010 130811
116514750 132565
299231447 73736
54952018 51289
454318760 120466
900128591 166261
469945325 22878
153157188 43989
281718150 32392
721433628 172972
409121159 142772
831395079 16110
210999674 115019
881664153 75202
562989756 70163
297964641 170571
668129819 8326
325099527 188051
548468977 111018
258259972 41803
269281753 75505
248640068 124142
345561943 42231
419447374 95441
109724211 176608
846764946 87224
974648921 36902
441106709 73863
116495253 66952
749009157 170982
713658472 50262
651035491 125778
660526993 194946
298557567 81311
14765411 67077
315851248 135477
710206843 193603
612338537 29559
853902238 12120
55442468 120524
137496744 116757
323754766 186987
516166406 9877
947858591 198938
591384828 41226
523493422 35074
918475838 172443
975539191 25129
214272128 168510
969471231 108320
846636048 176634
580591112 102076
882166416 142779
402385516 27950
833113413 161892
940526140 109932
858856146 134639
294505878 116561
258576889 197881
919901951 39752
69301200 133464
877336101 17263
558575491 66402
662768246 91349
203670030 69220
457967698 74427
233348934 139308
488283129 190598
984260654 119866
354795162 145143
712245542 60417
930108063 18036
406048064 144907
93059022 10949
800765943 30650
873564152 107092
852208074 17648
544759753 173906
103165512 97833
45336580 130238
601801000 65545
640473581 180346
651738139 117319
898911626 183773
273188431 79634
305737390 118975
334109003 130244
771501404 81062
111292230 20996
276918652 183392
712237091 18669
146103580 25741
300367890 9803
795572568 36013
550461156 156101
572413431 53030
310992295 175595
558753122 6243
797417942 38793
36836497 2200
396753977 36678
42218295 11039
477544147 19090
757539908 77668
689313346 177613
879966731 124329
297929512 111769
959160769 149368
276927497 92454
163797096 21278
820579034 127842
224378934 40822
437904506 79433
319219398 79339
775860329 35654
651918968 129606
107319757 198753
385933598 6853
499471316 54244
832390994 36054
479231774 123798
506777306 177067
14025885 18673
124552951 5501
853800464 15321
815409061 101189
233408546 174424
797678883 98133
617538572 161397
845612337 31579
122876409 34593
73501555 19685
56309483 198713
656594449 51254
184620600 174836
694899046 49443
194627122 151109
63101905 40391
301983161 85773
458286142 127265
27970927 47457
649471419 32917
236527176 156518
725520638 145636
727077381 84601
761951982 166884
869305042 182512
217213338 90784
128917997 51935
986745471 183228
582140686 100764
160018820 108506
314721195 122915
527224191 16863
220782858 162242
756449463 170271
401352046 177307
903620505 31861
278532936 171051
232003511 121928
722779867 140856
856407320 115126
946162395 158527
88362266 97585
138821328 96580
780474639 155630
843755271 111927
538032392 73042
258157649 166725
495534075 52505
597741140 19088
7269329 36072
920517591 100851
855103871 176157
511813942 171303
188766066 4795
622300489 97298
503947685 149724
153556216 148830
37096311 185621
397645027 191571
389167294 80738
792186171 84729
247741429 35304
220356142 42184
842669120 4347
211422351 32107
755642445 159309
883718060 159279
946762027 31664
38264022 126858
707887597 514
730432582 177406
896601186 42607
32775147 99656
947156125 81686
403811119 77082
567040644 8995
814631180 75228
911753264 27579
259649596 161142
326871040 140252
738054673 19504
569926006 154825
504384453 113821
570735138 35225
635401743 9740
548778942 54027
318197128 22153
565083965 3234
190480835 30899
792943101 189318
830016743 54215
892317120 72368
405174442 168553
479792282 41793
330926942 190788
718917287 193849
369734732 61506
985522606 135815
294066514 149275
564713522 61540
311286684 30972
98302611 78789
751833010 4739
424698731 182220
89719370 130203
361439073 74655
316120015 142142
273886467 144815
597098375 54575
328467251 29318
397239892 56352
124982371 49416
190747157 34434
747958748 66815
225738008 161392
808104440 30999
342853822 9435
829868223 192348
61678673 188807
72628320 95777
744531129 40837
327084485 95491
143257466 2267
658374194 17577
5352917 132613
833261594 139936
668220856 147786
147923563 153956
444981183 173903
947845033 93813
832798387 179326
109905134 7030
562626089 175814
598346217 15656
654296737 38217
122027787 123540
37148315 124877
408155698 55868
698741770 122259
796411265 7187
361578493 29937
384472149 97778
162264852 26122
530815617 134051
782488207 192377
33093337 98678
30751952 104480
909732416 16138
218075437 198926
273904247 173214
66921745 198392
32570088 60834
776392895 60158
226911759 112149
847187103 50882
903140952 61332
815728788 48859
549460448 129390
909065645 4518
198148051 136678
658952200 165381
857786285 102931
451104995 24726
903268490 58095
420919357 175952
925771264 38833
811035568 50291
703681515 141468
827561854 146834
892644239 79035
324527362 1367
640607956 147101
768016181 114885
230243164 143903
440002166 107434
634374248 129015
284743456 62412
622762296 171836
167892813 54447
638175138 191803
203686578 129453
361672772 175911
461796323 158648
970424288 31557
317514756 17951
39726912 70414
258081733 33829
506176356 180515
48240055 110150
82640312 64268
811028457 28949
956626579 94282
277447971 157110
676485502 55092
360040311 109127
515678816 125261
202793089 83699
371118510 167894
447095088 99740
562961603 121715
108309247 133571
729284450 24425
854768808 38491
147936794 51728
927002459 70269
43026814 65062
136450576 52604
62448626 43563
910115444 81396
79822540 23878
459310380 9975
905578223 76426
994654250 58481
378292732 127787
414992995 194467
591318675 29697
995405232 91627
859305769 89668
900109312 198013
146916229 45362
537393869 54103
86855531 33640
450502398 17310
550306504 48807
340499385 78448
819405238 63619
987632561 109422
739179316 4434
443683637 38415
232959891 122417
649641347 58290
720282691 182173
673989745 9464
942643573 6684
32150483 152263
479657006 28195
373231398 153635
168307006 162535
676145899 183875
723055536 36863
750872663 65244
500085395 185406
905543351 166498
846136851 146508
602386899 160845
725815592 76244
50498953 58352
214503603 193971
558374582 99238
965140556 101930
972963770 137857
263819893 110470
997842538 6964
749159210 37813
723698063 93946
705348400 12924
715521900 144648
133903627 127157
124510025 152222
984587913 143543
122066784 156184
741030420 99016
500756543 37760
212064747 1188
396167991 43006
769839093 155078
106031723 157087
281428382 142173
699104937 147301
399784696 88725
532471022 170537
84173581 180384
531782586 145268
402140247 63933
322859814 49073
843549429 88568
438763446 182263
681186889 43963
817328197 139043
156165011 29743
738850740 88165
596417293 144899
789716540 167319
772806055 71788
836773422 182553
45175475 192848
691960868 122531
326238366 35613
153166986 116628
89431193 199387
455880228 143749
289619356 175661
162255676 171350
410417781 178249
476040939 93717
978351411 27545
90523105 176175
24103480 55148
978701019 15230
797752838 90499
800602591 3132
14729795 66752
929490203 93103
511813574 134347
995785334 4042
112312556 147908
948936461 144160
21635536 8676
518392891 189093
135160837 72754
19854774 116439
962313077 162694
453641434 106563
722462131 162042
409621693 57869
451388902 36176
998029687 61656
269076295 93828
168075378 105011
966024721 113181
548446694 145041
294510927 125810
98660471 183104
803564217 135797
679766637 151365
52803353 60419
116318535 186646
217514277 180287
193908425 119697
775905438 138898
385212411 77297
118621923 173526
679071740 16386
625338861 115035
887282644 151874
626366399 99500
133561431 22960
448625833 18410
657234373 151413
52914524 88253
76451215 3876
433297094 19858
910813082 109975
964778797 18921
639489865 185712
572040332 83006
154198806 61679
746177443 50445
413522706 13956
229009092 127838
356757657 151745
611356173 129023
243263902 69242
530818722 28289
680992566 170534
578264861 19584
726982264 198048
960282034 134374
939059623 179911
19954255 34057
908004370 13635
273790336 74638
367102027 108799
561739653 13140
593287951 48409
452081701 192852
789917771 102437
253944943 98667
40822042 38438
500925504 75824
7460186 22955
675710360 51664
625644632 109861
934741597 22966
405568759 163317
274931708 39794
882355179 164599
978755024 19271
710664972 9464
511653753 64972
738910513 49733
77444964 66292
133107450 118589
817808029 141242
545494757 184855
830443583 180859
847205625 148238
603766912 29371
535615639 14165
467867666 28027
579477631 134323
799673858 80419
724831302 55131
471866437 146642
433185260 89814
400706033 140364
274918657 74230
79341113 142445
535476730 43852
776835545 28303
705214558 31517
385319063 89680
14681082 27824
708823896 9287
315528067 72587
387797690 168637
813911280 116528
764885155 133011
15720703 177054
429025671 145743
597111405 5649
569462700 141171
602758618 119381
493115964 36466
906985969 117877
425975168 111900
750885346 81787
99639459 4347
755974 75631
461443294 107266
825848386 19402
874109301 20084
138785755 151714
689251435 96179
856222114 2978
669100894 187734
895934481 73329
406715902 63443
58911708 83863
310132255 134946
978182576 132955
257774518 121453
938544712 42389
502762464 97773
567601550 63818
786180879 118001
280616694 153713
352291018 159960
837282683 102476
598768727 140888
137469589 106546
992962621 150728
202662823 73132
908978538 184226
491388458 167228
439477122 190187
54668329 15597
9632633 158961
891449217 29568
17584620 170966
686981662 195347
98104274 61711
265708423 198635
733792371 165418
965055585 42159
279698063 49123
686362498 101485
293122736 55281
281122762 18878
280307741 53191
28069272 89392
957579305 65818
839979340 39878
983906586 9513
217292602 44330
113361798 134726
168030919 163373
344575359 123078
76676747 72954
406706800 176526
852697199 163968
835125404 8784
264060055 114672
500275347 94894
366827594 123629
910788968 161424
157875437 27652
956270601 165386
414643455 74803
388678376 108027
773870372 126889
38153055 87815
795922143 192146
470296715 86207
819013866 123622
568525718 25730
832477773 135704
336819026 32650
156027236 15053
312999684 165198
86376076 145160
925858261 125418
369172640 116298
443326806 129392
885386252 55084
770572730 86870
197511162 115977
981864937 180390
81527551 87132
463863277 3768
406656044 3641
402355077 5916
894339146 48893
475971552 111836
98799357 27778
251463372 105096
916590914 98898
192542058 86166
772005280 58400
945807602 199845
25229653 185554
246135941 87918
251142499 41707
810840473 178420
344273313 107986
404842882 91098
216746276 90865
373178973 61552
606478753 91606
973060704 11396
717160673 169975
589392224 186898
862413786 101531
908949357 100978
911537502 38107
442895676 102973
402821057 180418
324779935 100866
57391802 188979
385057027 50215
531965009 93040
873637036 184416
688966873 3295
399789457 40791
538845321 148433
980356214 94245
17909615 31160
676004021 39825
477116305 27098
139676037 59414
17849347 40999
886688322 142196
527548256 40084
175268860 90612
837326911 110453
848453231 57079
506354397 141454
208564010 183810
894709723 80340
899620519 96576
138750749 184089
331263127 19310
164385146 60944
563300957 81211
858753583 94090
852638634 156726
532918508 51196
470221966 148131
794275935 88474
794474040 43422
801147114 95711
823317650 101192
716669869 93201
903377752 21986
432338095 132682
426872938 77576
605971707 141963
851009184 77757
683263777 133751
481442185 122233
68077197 67854
30542361 66919
321518289 77666
147455731 91288
311529468 193759
191968715 167273
611100251 67545
619810729 51000
391121768 41751
395850109 58259
786852058 39000
879345896 40479
204587492 199754
988067519 96853
683882359 51287
215593419 75591
132637122 61492
358215826 196297
544245018 25454
58458585 177488
158128126 65495
812883586 127080
380010169 6348
338880382 176492
981893245 144451
480755922 88822
634731550 108320
11454309 31833
724434754 179321
519911209 135843
336443528 28927
840011224 193551
934853527 54972
596710102 128820
8301532 16132
141674291 42878
63191529 92550
500779888 89275
745199814 119916
631662379 87731
952296418 92277
877190330 179472
873837755 166048
793745196 57619
82324896 53149
747728687 183476
542202533 26019
738667572 17411
704145024 103762
651808472 48720
613512967 126036
285835589 73003
345324633 16405
785071658 59869
371167821 56206
9401585 2235
878885665 28797
312767938 114402
352288395 41269
759143091 197721
84242904 109572
549597428 199396
606532394 104214
377220496 24844
437217631 103502
580481057 59590
701038221 95813
476416042 74567
740459547 13509
317543244 123809
929902944 166458
949059790 123647
110731476 194242
555877386 178413
377057465 75479
523699072 16311
947277457 19058
295770970 92934
973506597 72416
868877929 183130
47682869 101780
991125524 26513
491793730 142703
450042318 31380
519592106 140429
458795673 49537
255477323 88759
255568273 33617
923283703 31491
124832312 170909
756430737 198857
235186430 61049
524521261 122288
559787661 116860
267976832 114277
149500015 25102
380551511 105442
307620827 32796
385427170 129363
705762213 78545
631759279 93864
25072377 108506
98349967 26427
483486783 133323
286630038 32319
574400070 72912
710406648 188451
473503804 173267
378041575 64067
852257821 38137
887025506 92807
418292550 6886
428295411 17376
434679068 84033
859132798 157820
271328960 126076
960184572 145797
457264754 59192
208477298 68073
488076379 194253
297124410 90718
907701798 124172
665345388 65238
927216855 40538
679727622 69904
361013256 167257
422136022 177673
208498552 67809
128600779 8521
519594510 36759
533037068 128309
495085849 73660
847884019 164158
569937287 18144
794028274 18583
820637541 111791
692378335 192539
957481013 180832
165093767 172575
752954934 110329
769004556 154807
196329863 96209
643422987 35594
547702640 154210
116322068 82580
301313634 79300
895300179 96093
918279921 182234
338792667 158332
378289354 175795
707277463 2335
561151410 21775
285804172 70071
778080703 124961
960477173 146707
861402621 131350
196986366 161716
209354973 106357
231018368 186500
897292010 159991
166393599 62422
916679421 41668
992865031 36520
256267814 63889
620314977 129016
383144163 56061
668498396 56357
315716305 199628
421024307 199331
489779032 68257
334185271 142710
746196293 188167
648667151 69882
675670142 28980
364143311 126065
469595252 51756
940668642 125321
595513101 12563
40124188 101970
534948307 157428
303743867 126567
298687821 27901
530982748 70174
662214509 18569
552958118 130449
170717014 197143
85269544 108831
813524938 51951
250201998 33889
19422593 123322
413465408 121290
614634240 58804
134431299 35992
252660966 134713
626213442 168721
45839875 27844
124046431 80990
126194104 129143
677057442 186176
774739895 75459
209506507 177965
949006208 106108
699236523 73063
544158221 18001
617686358 153155
564849251 192434
525519426 3349
503170337 154435
994064699 19684
323159626 105014
436533986 135562
406363564 169343
519721733 178742
613747446 36427
248372847 177657
899413332 199675
552405124 20642
180166181 177673
991107162 44813
28142887 19323
223872066 99637
805380388 184964
931350337 112331
260384067 154447
669136825 50355
713655556 106263
986094736 197315
356680584 131848
105896247 44977
199401661 60156
298125841 182889
879184084 19211
123884560 15417
992653621 122258
550302750 109348
420740083 93637
310029413 175487
895568430 122444
229074238 4261
103947477 36052
773415753 144129
231964666 93531
799221010 22823
892738273 86171
266809107 5105
367173422 176616
222210694 20454
87371845 148189
29438055 106215
442152384 93757
499113403 24973
117467441 55432
323311540 186498
412550024 20470
218982637 41873
772495296 68506
531631668 94726
135549859 52506
401519861 143134
204390260 175313
230581026 11818
777265803 191340
104659278 20389
580725634 151662
171894000 94207
654820941 191225
808713877 98254
296745071 132384
339472308 85182
507047523 64498
10593894 178482
562297815 87919
30636402 73344
866241955 1115
959699936 83211
985372501 139152
80465938 22323
402844450 187718
578414333 30100
806590583 116443
69183749 142366
174902056 121290
785800578 89727
359590528 185992
851495079 21564
474451545 197238
701120042 33078
541700033 152656
890883540 27513
325487450 12507
157992487 5111
720331135 24524
702852733 186349
232108246 56589
836788064 140705
938496188 190239
283332713 85367
775383706 118637
308745525 146417
249491466 162258
637416205 84964
757786675 93300
33282669 25505
501412999 169440
461150726 182864
963716014 38510
284317710 173643
900044638 127482
353780752 16087
128889919 1169
767785087 95024
201259640 98688
181258360 123972
985189302 21387
469426892 188550
503992885 60724
300527486 120051
477364816 162629
215478943 18212
832777421 70759
376445130 151398
420168718 100373
639233891 99946
964581853 94980
478512572 12810
185561125 187389
446334299 17587
360474663 26247
214028376 182704
13054972 113495
980885697 166123
608318967 8521
986282205 189609
436721764 187252
516943806 32192
372204330 84189
593863026 69843
518190486 114689
88653728 93019
640675822 29233
865270029 112149
340630932 127520
29469015 4033
793085194 163086
118736236 160147
470471896 153114
625184529 1283
297810490 121237
980153999 138355
878813586 66418
182442845 12072
876466344 116507
92346224 4022
285494211 60553
617849320 59039
633950262 41508
97182665 69252
542413692 79109
454057141 186921
667989230 43971
649563551 94413
145253073 127043
314156190 197306
555404464 84984
82467 144758
713635552 104010
410558060 173206
645364944 43115
253010089 44572
127891437 95804
233237826 151827
599027475 110273
248359146 108549
600617913 85514
754818910 68128
363807477 109937
623194800 84299
459470283 151990
515876354 187724
810111082 115224
975145304 59777
51451594 25563
523153485 134423
369442189 28049
473380511 2526
227838645 113589
971601782 187617
569465346 2462
344703664 23079
808362289 154165
893824284 170517
384445220 111922
876728733 32716
350703247 79365
185096118 199285
336540531 70947
37004651 1350
822336470 54837
311649190 81822
420211436 50191
88573642 49537
594282216 169696
14006969 91024
664155988 136288
229696442 114522
7532673 120140
388480547 97562
538975507 26002
827431919 168630
64078557 163863
436381434 60382
479574391 69632
395655179 46216
829510134 132211
575783657 63900
720149944 128661
214724222 2943
765253885 29415
372885553 159479
770207592 79657
213960232 112994
831977722 130402
788437103 82379
825164132 177722
152827858 97997
373584488 160558
244182710 119148
425465726 86791
662301005 146635
396563451 72398
851641707 103756
776435764 99072
324792024 24890
576567475 167859
188735352 20644
175722499 89405
843425613 127772
153637820 169519
583992600 102020
795991185 166867
799912818 36122
926247425 45124
402354508 122050
391090140 194829
722994962 194550
645210963 103803
88764583 63471
587102326 12614
204772162 138565
36023313 148188
476419649 92702
637095017 92534
395512363 99792
297962860 147703
318261476 181564
820513203 63868
133761347 169049
272125282 26929
395248110 120321
404475634 155541
226306849 131737
986043037 100735
938810740 97325
214511207 95999
454570152 26510
912457317 33616
841692409 12227
136817545 3137
478588648 141078
676946288 199316
740254938 139209
354044138 49017
525273163 161272
713404814 29540
141979899 179502
129503943 79014
366202910 93246
783710193 38544
190671273 120484
929391782 110942
358963600 135052
49278451 58918
680424916 182240
539988544 148379
803096770 180550
267344918 94138
713908455 79274
974565285 114719
147120855 52280
338994615 4427
304360705 77977
579369826 132060
876469736 121244
245294659 150039
388358649 89768
187204620 113793
769187944 23588
386697552 154066
866003776 165814
440479190 2831
490034189 122488
206104663 63252
650672366 135508
447657769 57403
799793062 124356
742664494 177171
203739028 182142
134077913 179721
183759152 135343
302199482 12607
974493553 67573
120079683 5895
726891156 194222
983177297 16789
219514072 171640
221658470 182754
744896769 73805
136524522 4901
738163009 58278
854795461 163048
980859659 13472
592343980 88445
480891818 9305
126998808 104882
885458343 104343
236265975 120718
314632975 106581
1272813 28141
247964337 129357
814104650 101582
313999379 183156
687945889 14972
164304764 63503
4721185 166585
759730215 48501
147902481 33505
712984642 12169
334920885 149663
952284332 198665
562370974 24695
120759047 98965
304243699 142580
364398146 135558
42952327 64288
508022489 14318
190917888 43784
887645004 170617
749712737 117388
678219106 98467
421331391 99808
454424666 32644
89653478 32654
857600013 49061
115433253 121639
3652202 7526
867766650 181862
491873944 113254
910916706 80930
495763268 35441
812953441 80677
327854856 60963
505300856 28036
161784738 139463
301416837 8650
679397957 71002
288788558 175612
628837482 95311
692655750 10783
960534457 134827
233230750 173435
747518 2067
850269932 97593
843624659 91403
144952842 191797
306230096 73689
348988963 12984
477567480 64703
451299651 103186
846365336 31806
406945342 41956
309591329 197094
565396290 17675
281050325 134835
521969200 13738
306370929 9562
630780431 127215
899336511 106578
99423975 148196
464659775 133017
595591050 137209
655185931 94260
443786422 796
496932452 106071
497287773 69948
774632004 140543
131689608 70999
452280950 159841
201598862 126786
993978092 94457
232315308 149415
205990580 53465
728982329 158349
436270931 171290
171560799 38245
923508032 60191
929490859 108151
539384470 24575
388463411 83885
520589470 56643
274133690 105652
506173669 5117
193966455 190097
971897158 61569
127083 168849
391062318 129610
524499489 86558
943473096 109585
816581 101250
419567634 155753
547005825 187705
565069359 148729
243347055 26178
593212102 21226
287821515 35034
552195846 139497
995906254 72153
477390597 13854
397275332 23637
732693440 183469
768428219 188667
684099364 146280
309750357 83182
447577036 51514
300017388 29306
149277586 11968
217744411 32860
331792338 55449
385966888 112324
252332955 34853
468638551 191375
222457216 94575
131641639 10889
878714253 46637
220214770 195026
98529479 58331
252688933 137977
709163934 167940
77626874 112470
931835494 17261
356766230 126289
599417027 193021
203938499 175996
574617461 80211
472648654 38677
367341362 148095
71820034 85663
998375516 68549
469555511 190144
48805524 35476
594972465 66619
664189220 69534
447826734 159474
405428496 31167
976335369 128725
13711401 157582
642422419 47532
939938602 172811
704761724 64399
689108719 49051
46331378 176241
655374715 151691
300476308 122526
254167643 176704
215783174 89935
356467170 100852
252068733 198770
72562542 73419
874710086 53537
546168828 127812
5068139 58213
255816318 66421
978310740 139143
171779337 154740
643473044 176076
102443782 110285
237933586 158998
629186319 45450
973392045 196276
822217786 150331
251661312 8243
842801799 108794
184089935 135339
462352339 66606
262533632 184400
226442545 184207
548263927 157861
63108947 166478
946576592 62337
159582574 155784
998887261 42572
230732978 1151
515689760 9726
462238116 171056
890170942 72087
65188572 105725
664678177 194439
588113796 65991
894770214 99501
985641059 183402
179385345 79653
767769488 169829
251264495 50083
270019111 173954
789201927 171620
785800834 198705
944473440 135786
123805949 115577
365723238 90336
912226357 48059
518619166 26720
891652632 59505
286775877 40788
499778920 96218
694461874 29912
308658915 42283
837725326 147247
27137877 89949
205777933 161370
794819276 56567
805891452 82444
818613113 110465
464120973 97071
862433117 96938
185319521 77443
228301790 92044
831008693 21404
77544129 95094
619919194 189626
270944730 10658
73878496 60996
326492780 48545
300210993 24814
970844860 143066
727637819 51564
302287234 119599
986923976 83955
758534181 182225
731320385 177806
828007625 41726
432374486 69457
891065267 172379
135890273 85412
204192753 172781
462576569 37371
647868747 140188
348857515 69163
618207315 145005
379756645 50709
412341751 43525
720779934 60914
69913592 66456
240721126 41029
216860381 93731
574808898 133294
551640673 3186
844556974 51774
385231268 191104
688172626 130857
193206977 109317
523844618 12062
820921492 137471
187315502 108505
451935598 188039
186016872 133497
349489461 45016
87403838 118629
887460230 34517
387474560 153500
432803877 159508
842093752 87804
663024992 98836
725097919 167081
838942328 60762
146839928 170332
338976271 4794
639600916 5832
875493360 161992
908918348 9621
848451823 54246
877318474 120097
289226775 63253
277167613 16590
932834031 94361
634507432 415
454699894 68093
917120602 197788
779320634 48471
834548757 93719
394457324 190626
581485996 76943
473001349 16496
354764078 142028
328311312 108163
839973773 62034
197266258 27005
803407386 164972
604680859 146028
978827578 137938
265424926 13002
115393840 199368
111882652 161208
763841681 30911
828708754 183194
341707485 163428
749874248 188672
733702544 49361
938917896 163693
248187796 97662
963555132 126118
41478077 181820
718741923 108701
453500335 69857
367242932 74354
458485893 151834
211621405 190144
601237447 185857
98419095 166881
831484693 102353
590714323 194891
276797427 146361
995436904 53478
524501608 56047
987409696 66790
664109115 17173
821422365 120509
710177542 180006
154576317 63793
517045615 62250
49944910 102001
624350712 127884
729135747 84005
911095185 199823
319736856 122248
461002734 99261
63096944 86349
248438651 23879
773118730 129260
638191163 154523
753558161 73996
999955365 94731
226728540 146925
248599121 140317
578561806 146214
268180594 119579
48336127 55522
960188780 101231
823266074 140993
144213116 44727
922203339 152617
98823785 20265
767204669 33117
997928297 113801
333708693 34435
368335091 148013
305220819 111013
617862104 82774
679518897 164142
99663280 41472
975964592 172733
764168591 194682
47814761 70887
630922335 26694
423987215 152777
712641218 59818
735270387 188832
93723501 65300
757954843 72518
573401875 188936
915903137 167035
13175085 95055
98682189 199455
654658692 168970
238926336 81655
310527656 194647
852567559 119321
273575378 55183
320489596 14522
874126966 101848
763337173 124726
918384023 83357
190448445 63203
836930607 115023
189484897 80974
973749855 55624
839300789 50143
143613401 182451
534121017 45555
506586195 57218
576699391 58987
501992696 21199
559388242 175757
569137147 81143
512491855 85940
225073042 7155
935829950 184501
413948864 53948
242634546 156165
999617102 55655
20867574 111027
491221361 191085
353185505 198399
824959263 86393
444911554 196633
460587161 65586
972816825 181119
58145132 49718
507322323 37266
11321192 181967
929182164 81258
103141594 77889
514036208 23447
842585359 48698
515956533 169072
293386671 89218
139189373 17839
789189964 89825
690908678 173193
632411736 199525
997752919 139379
327378399 51917
26583277 116019
318346277 63015
381298374 158045
774240186 162464
756302127 57069
143525423 2360
182415041 106629
13467807 29992
678618747 178322
94881174 141023
366184432 195405
36672058 135778
22044003 114148
303648731 34593
234822962 35711
414772021 143824
298570621 125767
236488805 87875
419763993 58579
295705148 180053
771353679 4650
8269403 153673
337625543 4108
591527578 180530
96145495 43087
497148153 188360
493192498 141275
826140119 194311
167357258 49284
181746932 163784
694879503 134998
513250914 3094
483543004 131067
152774098 15551
218320513 60919
863986700 13823
705055081 119475
700760950 55319
442114891 63747
476742569 14694
816039507 189060
355721836 97139
489647279 52761
949775364 37631
999044683 86384
904470389 46073
706642186 109461
243314610 99458
182402980 124504
112229806 52700
671726430 92701
534939663 137823
190171760 30949
684310874 177039
123664669 88786
481961055 35742
358180216 144346
534128985 56229
237187200 141211
269069263 137023
257092678 154549
210017546 80250
304800992 184906
243005609 174356
723641128 183137
627175956 106813
807697560 195247
332324527 33944
706544187 70529
323888998 11456
718970855 35111
583069740 157152
718526628 131795
920799431 14435
937473304 36093
440887538 11570
575668659 142432
535404221 98365
864200485 47823
906578630 82116
745462387 66345
679678831 92406
921560414 46037
385598718 124249
916792282 170272
910432555 175163
398326653 36629
112679923 25058
564202737 145409
150476406 169224
684167179 53425
755138778 149279
116325613 157569
381161527 69769
13364233 137605
115533621 22251
526510688 196358
820679921 83728
701788510 156530
599054989 45266
680294657 161180
31977594 33752
60804425 80503
193438309 151505
808861681 150799
118651501 26770
394498659 169769
553565578 41931
606015149 68434
593884677 198961
670534938 114155
375542233 185779
143910154 181381
981544912 169218
321913053 83986
588401353 112914
705741103 93458
445915321 151179
752187357 105242
928894905 156469
205390836 105745
824246914 124670
62287998 18563
586746390 168634
385052319 130616
861980151 166471
933093176 36222
124632892 80559
479299451 172380
962703234 25436
790428013 123578
108106318 43448
232702692 182219
969991209 73386
20716196 77159
767278653 2100
809526536 145632
856590495 132408
880224955 175941
652735772 1353
646824003 9992
166935222 13440
304900032 89316
265232166 123642
793553437 197208
216293102 26134
376474811 186295
957269634 45620
869767016 192594
756733160 37647
218055692 141389
56183218 69482
84093923 186841
622725464 156788
244361739 72355
780679896 152165
339721876 199605
353834749 130951
321143223 31582
566114822 109379
477338122 35576
860884445 112308
770775344 103296
774625432 153587
800591917 131913
73152550 153869
910116767 77470
191161303 120026
672594616 80751
612785746 97108
263677916 54092
144968742 191991
784731750 43776
704767014 134612
232332198 65086
766077792 74110
970963363 191019
241327740 163022
149152835 192709
238414565 188770
624571806 136904
366922276 148292
787622641 165658
384729647 118292
35910662 52779
301231515 9059
49806767 54621
451125939 103486
241399012 86918
192273112 79415
459420222 194420
740640665 22539
288039219 140633
724696160 59521
429086301 148257
764280869 97665
836360640 188443
389178955 49676
633733217 35986
673024488 123534
741973130 61972
924002917 9236
411888967 59576
183330085 5182
403311569 24528
746865940 32410
414644435 103576
294183216 4126
931229139 191645
880144937 137789
407239620 19673
959714535 174044
77903495 108092
390832445 18088
455602684 60546
689806119 137899
731815599 171525
173432091 34438
316063520 146226
871884059 34733
712516344 123666
218831842 164027
507919228 198585
31465929 80880
311840682 113070
121823525 159969
832252754 16849
436348530 117237
612393145 141399
46732447 156553
391080699 123664
387791430 56562
613986806 20155
782945188 182379
800471423 64137
331484427 4488
129402388 135530
855963538 84750
686950433 197170
6593519 46257
304024638 143653
112048715 134156
776614497 59804
328449632 62300
348730864 197750
580203685 143201
217748802 58847
34717830 121258
569554950 128976
601417324 14053
986385731 150927
885614774 108549
895547584 46226
265013375 104129
637390204 38801
614570180 63226
223452550 12883
682258617 14112
734274004 108516
201874982 162816
301521259 181113
395120 73893
48034133 98993
34743667 51510
466184298 108980
484001747 45102
760930947 169289
641660517 113088
970243968 164966
796648010 69525
632609019 106866
258844208 64573
16516345 72609
624863043 67927
453294652 159743
981046686 116915
751375124 668
618370956 149715
132623247 89470
220233033 90386
696802939 172265
358033202 121716
785200462 72431
332291294 56157
864459085 127411
660875391 144834
975064939 130865
915265295 36041
573479805 32983
6786575 89699
795509469 28791
132568219 3959
888037454 169060
630992599 53692
472710993 168569
645162578 154633
614793280 98677
44585054 15774
741826687 182359
995622983 172518
280631842 22516
228781814 130100
122925455 128778
803189316 182099
55208255 165958
336120721 194700
585937239 159983
511598009 12970
125386783 45420
611259954 985
595775467 79977
568469807 147116
262083739 40245
125234960 97281
866329097 87619
654419302 193867
65798260 197168
284580964 124547
949374687 114112
547973180 10741
495623644 96053
270452125 121706
709659690 91308
129731634 170533
834439372 195861
870444036 197674
629803096 132118
879406175 40136
887372078 29585
899238914 180525
358720930 5838
52348519 124251
106209937 124518
433641774 50376
502173903 171449
6335419 110411
927811994 110931
963414804 167692
103178223 172704
708242126 32387
194514668 22877
699644659 69825
266335384 150644
184095026 185864
621635728 36564
379559928 196231
404387674 121728
709349430 89256
598502479 121764
481326470 159349
513917942 108406
559763723 68792
84914174 92137
800896115 188101
734561716 174839
323603888 139264
422540484 146197
911376836 188814
74960093 14313
187861972 195827
195537447 81194
389441578 28521
849142579 169392
636576549 175604
904069975 135568
478156497 148188
972165841 91518
192218492 57967
787918618 126346
805536303 36951
84027677 196251
825918499 29881
949642694 6193
442373783 138259
268545570 38509
826511959 5020
420147312 75869
951121469 168347
151328539 22543
136436020 94061
153378561 14033
81637706 180186
378836765 16426
484735615 192106
9412207 32128
347481134 145784
122406278 44853
367993887 113492
882612554 176823
699709375 97627
582945189 159911
777744383 31814
520678005 182607
837371192 83366
380933372 195797
157933097 15405
76580252 167223
153824068 16247
656646646 25862
850162134 122959
408956281 123740
125045636 88427
647457997 134136
387087725 173462
771807278 184699
937951199 81388
377408440 81443
918203382 79384
898944066 78697
341374239 180595
262834242 54203
372291681 114970
724775995 162541
567491909 186103
778438099 6091
282918996 25436
423636453 119675
199738739 118717
931042403 21176
690178846 112537
71690901 46809
110098850 16402
72180887 193123
231153008 11493
858779918 10068
754688877 25367
714426904 68859
238744945 153622
333734879 164613
162963701 185816
241777540 95136
488051742 39158
92032734 7607
31904794 63018
183752757 171936
736093105 6586
825691218 106882
895511672 194599
607105015 162831
216301871 48974
26387625 130597
284715043 39319
396894350 33219
612096604 86463
795984505 153251
665346108 118595
23551534 60958
683498077 34567
513667784 35115
42972154 47429
974201927 144947
789515258 106664
170218640 180742
117758711 1967
248532111 65751
462218138 109497
836673635 120724
105043238 149740
150741574 38085
594000043 101579
541316159 17910
264205921 189637
127477785 78976
620618547 120081
54869677 3183
736911323 5828
343493830 154623
714493335 61723
263294143 35100
431098737 35833
668290406 15193
977843197 181587
479941579 55099
132245798 187250
435813276 1286
170818800 36098
81315421 121455
161604702 130655
494628178 102191
110661313 167830
890023305 40926
842166712 134142
277265250 33352
615148155 105593
154611582 20923
944871756 1214
390073404 194671
21125600 12739
174860607 62104
460799341 123017
435746094 148809
960359533 89471
2475108 91623
154066568 29008
82714252 6142
994777107 2788
365355091 144884
444697667 25134
642878264 196088
249942034 34895
878672848 64820
959279133 145097
524338841 163709
390287978 87117
577750541 186361
880703130 134529
376116279 85337
52414012 58933
935279019 4642
111525928 2497
749295702 182929
796115265 162484
422504470 31981
822816521 195306
520517381 163703
932472438 35776
331306522 96529
271139106 130240
45457819 69574
866037572 151202
182914720 111949
256975329 141904
258489340 121204
415924372 31180
68885990 73691
159932490 91384
427949627 26424
230451964 102232
846134971 113281
619353287 112068
244341293 25572
454256686 195111
746956488 156994
625106697 12353
274249966 13705
415652224 47810
284493570 128895
848793381 32876
573034071 31903
435432815 33535
319621519 116298
915494607 17021
512673183 153955
969833189 114996
776069031 35
763036037 10965
299600765 6937
463006246 188542
497247353 82769
649045763 59965
432480592 59738
340556344 139873
504847968 147336
82509873 42668
642526680 122916
465667274 5751
186632134 41773
635086845 86679
633070603 111982
561633752 98702
848050188 87889
122918698 192385
772590203 2659
994078232 121233
205985466 80468
656955984 46734
915624754 72658
974175405 155870
763816908 94462
573014341 182474
47363051 91849
655904444 138112
281150034 72388
4122083 127438
672553870 61807
936791081 41426
291443374 184256
198197233 169609
3947025 56408
918936147 146504
422271447 102353
518455714 97686
319827615 15511
647866633 159157
117348530 145140
428164037 102325
88554467 34458
277415331 18133
227910389 21917
868587770 73384
132310356 141477
577925255 114582
407738712 18934
582106012 34512
112754418 19782
125826292 63847
72634350 74767
597415397 146761
260211615 149790
431298368 135808
403255966 152826
182139979 160368
847579228 100241
504521812 75860
797565620 8836
284670761 180386
392903742 119112
28313796 105623
349128297 69982
574533862 36919
777708771 90764
881085248 90428
313127441 177845
778500264 174029
98458262 165934
294040330 70970
386027557 57766
551430758 30079
974052265 190094
645755906 160533
79014373 102895
298256027 45262
665074363 98892
807207196 164451
967863429 165003
263535356 39706
633185627 168149
108158546 25684
302456709 2938
745553411 111923
369151149 132267
933072670 27164
528032167 151732
303025206 14268
908716929 18796
779616160 145664
387529985 174632
954964673 118899
439353564 30315
20412156 61765
558277115 105277
663689695 136191
964965472 97701
914494848 134328
791821697 142342
715079978 18602
377078841 107620
739578785 61260
962505553 149372
563967804 126995
386893897 107866
713730102 185676
424337186 110902
845454002 46053
549326598 127495
316307921 65130
284280265 155964
92906854 113586
410407394 177635
268382948 191730
296730096 29218
391824091 140939
90160670 189638
423840273 172301
821955147 123410
607382320 10850
521380124 6160
113083204 56569
496203623 71547
42475807 53295
15580590 143204
248436222 36746
274564790 109150
176544455 117460
459554582 97287
557748058 167489
192897666 19877
509264581 196457
4003591 146629
185019525 49822
95627435 45243
725880379 155386
4178395 36558
228458631 128274
944180671 67667
575755257 120776
791120454 31561
312629130 37042
417659991 145046
39579474 118494
590045341 5141
937173515 19928
511102177 153083
672221432 6558
874238708 34738
926774552 44304
488357557 18639
239382069 134734
839492639 128423
743792986 351
670292996 132482
568750640 170246
933080432 180897
677790586 5206
317072952 59897
1172715 152225
137883312 60539
438585820 44549
490542603 85028
686985984 167650
239668224 51544
89664668 115850
602535892 134839
904847607 159673
306539252 183328
546871496 157471
879170752 197913
847416526 49293
36849438 8327
903715783 170460
731343622 88238
399907093 20778
12134859 102883
814050008 144902
6163627 125777
329503474 159143
700767509 27665
452622776 131751
412819782 108390
370782418 13175
837948766 88516
64192526 29817
80895717 55790
391667785 15789
1925268 57548
852716219 143005
963818882 122092
246672792 33672
832891138 31068
218502420 98585
704996466 63844
535139532 777
714318769 3370
685691547 157658
372181361 24775
230619632 73843
830442600 151217
194000658 183469
688214589 52337
5950873 112564
513341930 133903
145235563 88857
279313312 66502
950611006 123578
784217415 141560
57261082 100434
99623385 141332
941380849 118392
535698153 182583
53659699 140406
472953692 132136
402552989 23480
628823650 89745
908060334 185617
959893173 165095
698499743 34882
662176808 56564
752189994 89741
926708167 181041
467216586 47237
747645042 194499
193380709 17028
649968627 190718
604721680 85397
568424951 98677
512368604 84245
530945074 94105
587495786 17532
322585317 159574
459810268 84681
281564029 2145
48220696 13522
849864625 70966
436984034 162967
307450693 41189
743071195 115190
41059646 197851
501078116 101328
931927544 75640
743184378 63523
610459835 60711
241381023 103467
622884512 160363
532523892 178354
510644737 14145
594708256 154195
491838152 149222
768860336 144415
4374249 71516
185584934 36175
547014982 187043
719676147 199489
651055370 170826
349471622 169435
508220209 133792
173711912 74747
917750353 138350
955579431 72935
634658021 132057
251050078 41912
1681669 177989
265686555 83186
297851900 37274
586611288 172518
455673941 91309
532036516 171737
485499788 105455
554041849 87904
984084630 71305
119881500 1489
188628006 158543
467386716 32485
130168675 189915
820799744 7951
806634047 191813
515188813 42778
821161987 54532
617193529 155160
55070002 92716
67838301 37747
962524277 98636
187221010 136872
223481041 188842
958785765 30480
54915903 174992
897465691 37904
410383144 29956
8583348 133081
457150114 86316
854491583 88433
455480256 148030
449772732 139130
193463334 173993
599522782 166038
964084775 159284
870082823 78702
495175940 134766
697554292 191516
61566543 93439
472027409 144999
790251523 145356
78484017 32716
793369640 87758
370296325 79924
969523210 174824
524831470 49099
158400654 94288
233548236 73535
294183614 40924
590418768 147253
338204350 136368
54625212 112448
530015462 52576
453361634 179234
363299429 8356
37297484 58363
676180896 145795
407307625 29379
722375323 63818
868888714 38422
816381408 133395
777794763 195840
723703617 114431
918962200 105851
493111378 101048
296618502 5647
173220051 83120
428111157 88962
872006272 133465
374074527 88866
352672775 61925
302911102 110007
13955413 116296
211509741 189876
319180152 74539
836111356 22112
749042163 107796
255016324 70361
720302136 69002
493322529 175865
200243885 116465
951622800 146312
335080661 159310
649355696 119364
766601579 35229
688568675 9451
416139058 40870
932438557 130701
226465434 50706
791075957 42502
146480647 21827
362481241 21455
149012648 187599
372678733 163471
233581122 30099
688707763 10969
144026223 19012
918758203 107533
858340344 126924
100398846 80126
504007393 113808
434608155 66367
810451612 131971
247074096 153586
232013953 44884
94081163 187504
291953232 55632
633799543 42773
796226776 110045
202816526 163181
670315897 41808
652488090 70906
261550928 84101
514021247 152318
261184882 171944
147421748 139101
710664170 179662
840707288 30538
395062195 66276
788344687 108490
247950027 25178
469858022 149105
220027031 167453
747966342 39200
782827598 149109
530987130 2961
97469497 97067
729861483 162244
4586101 96225
717472059 15461
123054810 21250
16104059 146066
269839785 116686
383713137 102589
229441590 58336
236808599 86902
367835956 46655
981675246 15991
258628400 177281
940245332 138861
922100583 175126
602524892 42134
899916136 39213
699558477 179425
514883320 109062
587119839 108688
144079904 85187
313734754 18141
874533087 156362
82795395 138551
535921260 51456
941963802 72755
871935079 86246
991477089 85543
994680565 33636
209208679 33404
776250430 22967
894785459 61306
450970103 183573
712731025 26161
331663690 61635
665231981 96160
314937168 160107
383942010 164443
540224615 107069
154239161 191724
604188353 178931
856326919 67676
507877850 71381
494992741 123777
160376484 37463
799666688 198793
746340243 116778
570847724 137695
668519454 185696
244944357 16248
189706146 47376
923067671 83319
143856391 106584
566506712 196284
317683740 54494
435651741 94979
882073159 4958
257510794 29815
532523751 114766
888950580 177296
116981649 136523
436574279 125229
635996701 130544
448759119 33752
468357843 30713
845920098 47105
899485739 93415
550528793 131908
919519979 152333
210125633 8980
880082794 58512
699915636 82454
851199544 197345
107946361 79246
628926628 188873
973443585 77563
784474790 36402
634463384 127747
509649713 86714
548059237 134596
497955979 194951
495247816 193395
760401834 34601
262220121 49653
672520328 96581
350862473 85924
825423601 172263
456390384 161210
249692783 103427
330254246 198234
478085885 195742
285977341 109783
537438191 147909
289508052 73028
648268278 146095
474363937 50990
511022805 46263
231039199 95023
723298413 84767
92246959 74456
33690007 161441
93820154 139911
76960470 57976
401848412 66886
276685297 119808
36188620 58304
856977577 172777
468301463 42482
247705582 95306
253306447 17431
346723515 91237
117906069 37525
869827698 171301
638999271 61356
745067798 71672
948132803 106437
127186977 11670
846728658 142721
98067081 7578
165070030 187678
869875830 154617
614920063 133598
454732346 27359
727311946 142523
176462250 86189
765022876 137485
523626576 32188
913297426 118719
55043721 68833
256862719 182021
535997867 127783
471092468 128696
576653793 20701
62698335 131686
931086280 151928
913600882 179707
88863753 69601
118394620 168084
408282722 189278
135769430 167541
769727273 48044
847228000 108562
262260784 114055
923381282 14960
664386489 74279
558551514 34874
371209444 145923
310535643 135056
105457421 19858
490747314 69800
378029283 139989
533672632 54325
6062446 162339
324800163 138626
945529213 3098
30875087 133674
78772980 52836
700970051 190316
600139658 191973
844297864 194554
161745854 19237
799514455 53571
922630372 31410
181667580 56947
47516237 82046
866455852 103413
137726003 170647
400829634 178764
378497181 183695
183475293 88044
111984120 157592
477855999 26268
603399315 152311
223968016 192909
232213915 81681
195687195 144488
710098597 194160
630143037 9698
323257703 32300
316023629 31276
848924137 146850
813114548 140460
444959638 169328
225049876 59471
510228092 165874
826896363 128334
284766385 10738
646166350 136997
269334242 35027
315969029 88441
323792100 70171
104718250 173874
202904731 120439
368222254 186294
59388122 140187
692540447 36482
715647860 103637
198648685 41692
213484501 126408
543133718 151777
303392084 115390
496547026 194453
184501275 140858
229905790 136055
164232923 105622
662043950 21020
175440026 38058
30898597 122077
242988780 96184
21489807 168750
482257942 34267
515714673 43774
476343571 2850
718757164 20244
21749307 172892
319157236 55558
819065522 51012
584265270 112749
424876507 66378
473903981 20015
841132686 137094
502516667 105421
314297831 121933
148900505 30845
608414116 16531
883277825 157504
132182701 94477
140700512 39548
243112505 162155
308157224 29340
254240922 134595
157118875 37427
889909394 15025
957386974 130449
667843075 73464
540871956 188271
752661319 140898
910564096 174236
391579099 48862
38601012 86278
279997661 184759
833546497 132957
912431578 130187
159798368 30318
743736781 80209
717054291 180048
936541115 39466
77176237 85719
38689664 180953
904535844 148773
828076402 81686
336583144 156380
182764434 80985
752884451 64434
548128194 100221
250506212 11092
296028883 38822
223762810 103397
666327333 136661
390681460 46739
122030000 121571
640739036 66214
223372290 92046
939847077 49452
789776131 111043
602444838 13207
897832121 191135
705689803 130362
399472804 111961
278829304 184412
786791272 62916
655066060 103720
563504913 42897
286714181 119413
914724556 57251
969417835 13627
757113256 131708
744550837 55452
471124178 156719
75807815 98597
715256340 183658
318808515 87283
776375612 134677
474201912 31221
24793463 91023
627435016 80602
868966332 142655
625743183 172766
578171876 54744
549092526 116856
35797412 170291
222565709 138000
756989287 115335
326902134 4335
179641692 115687
276778240 28130
384681568 163072
125117565 5605
24002444 40562
363901941 143429
893778729 68503
851759381 183381
686213753 113973
269006854 38902
229227261 57295
766237721 117374
398954713 160078
909587102 115329
161359374 60230
639264105 141313
740364934 123542
129910493 148760
802417635 175519
633556562 93319
538751089 145546
714729631 68141
391380950 14969
812331140 30541
842827719 84645
319051896 30299
249172901 185151
973279923 135577
973470500 18827
456140093 23936
570456751 22458
890955701 23777
132072926 35814
425661931 4879
60703140 81628
422898676 110746
499841200 122007
124923783 4866
727242683 74816
73070191 123565
265171141 68077
963305322 57405
987184905 34389
931175727 176943
208367133 67962
627607544 175163
958301227 25036
632791379 195202
502647658 146591
910712460 47607
793661437 42025
446420113 111549
472661436 50401
210563571 4421
783192973 143803
48420736 27731
286085456 93568
549169051 116885
840174839 17815
427421771 136536
5707707 111639
459383855 92129
193790130 24960
145518006 125575
60575743 92987
69229697 45245
175820976 50324
127405409 61171
350056054 13699
519867484 164910
49274301 38517
393824714 191658
951851985 175830
696778956 157789
159580941 164430
646858890 133552
46010373 190011
893302304 26188
714218817 58177
649041452 182393
762282785 54083
987918035 85437
565960157 84990
78549827 118252
475141418 180287
603019012 16348
825667825 103115
559917574 175108
299392099 92648
565426483 178495
489783395 184885
730324450 1090
137310399 182555
870858049 158056
650293439 61785
856314899 63729
452260512 50264
708586674 148181
940316146 90510
831966151 62192
980707343 129299
705008677 194864
229561371 124907
808884761 140441
731685623 40452
875823834 91388
357731411 62459
869389448 60133
546388776 130065
734316883 191718
197043153 28356
297376266 100899
800256845 146201
691110318 76304
478710145 56346
623151663 67361
62613911 91727
771765791 51615
504753785 78393
21251967 172576
516579479 31912
685472009 4438
393582696 126120
370931989 165191
823524899 76883
146361373 80336
370963131 140234
312740929 152901
342487266 182599
887258204 13713
796376729 76151
422243646 6710
915484246 176476
207510266 74354
968695373 4291
41053742 188255
344719950 146202
657859847 72680
844351159 136767
135091079 123698
268470976 72786
593386239 118957
687328258 198162
130101466 143897
652269009 167417
582049931 103807
516724422 107342
207072010 66290
901898545 19930
349037680 82780
277417690 129378
347138914 85037
666587879 54767
587249585 129898
580545180 148344
684647018 103280
602840662 114115
14324157 71501
689323757 133308
198163482 116200
749487812 189431
854497712 86116
29060896 33034
379788255 168506
935180976 101397
370900017 172129
450453418 149366
638968197 95049
826576386 105984
79453498 11483
953891713 35256
595011520 124320
904928824 131336
315063730 96104
781246255 144052
800018518 99694
988494141 40569
198147448 16591
578586752 192812
52141993 15291
407000830 129544
890782913 38223
729639295 97789
669354134 139686
82124511 51268
453357347 105388
687751157 82491
689360304 163474
96081776 78432
690868117 118951
181629311 83345
467334609 127431
637142488 74910
497937275 176073
675469918 196200
827736004 190264
946963027 138045
853466206 136684
87997363 32094
633978582 157707
109557746 53999
904487174 34944
285363474 26900
111248185 63884
302587941 166500
794474579 29904
381437188 140547
871009119 156803
435831128 40683
486919099 158029
251599431 142467
12617999 111174
84873459 164971
595014722 106404
504985206 51520
309800105 37455
767415486 71597
570166957 139012
643980380 371
925101637 89071
991631009 183095
894967873 127850
648161905 176604
336549055 104402
666194939 185049
749769584 84639
148950551 124843
242989088 72472
681173038 163538
866943914 132613
721302551 24138
984406156 161099
666401410 166188
875974495 5741
22922417 82676
103232441 192559
569069872 188302
509775448 150844
304879346 187940
834135352 111396
654125296 93977
922199212 15462
988537068 94788
217525689 57558
63142453 181312
790544671 143247
149422623 187421
619100132 165684
454326702 4081
147256778 27896
234079331 35247
672733935 64016
51839297 123491
86650646 122570
342072145 67145
999670467 60985
941165355 117706
275503366 23430
618295824 188381
742767727 163292
538283436 187508
482172212 68507
262290091 153082
994900703 107649
223725827 188378
518620161 22235
729511954 135643
669115019 138120
544839347 170606
468079896 91170
807903039 18340
495730334 19252
875725756 197710
739783566 4302
454042370 101759
904591723 59015
137771149 177848
358401284 151389
878313492 1617
129027969 116369
697656514 117679
289283960 180491
983498417 57991
859299700 102404
390023326 162642
692446434 79721
436786485 9651
777490615 189087
998143814 83116
659358102 168870
641533335 76954
297281053 13252
934818585 144974
640053379 39825
408886079 152786
853549858 190864
773383988 113039
544602144 47272
809488116 160080
979942892 59474
379738243 112260
43378663 174768
633476158 90204
589974136 97819
758870516 47389
754088507 141841
607909175 12059
291966875 57626
465562591 147452
626697817 15119
328647287 1418
371286466 197524
793091997 4790
320622623 179932
556847627 75423
793165410 41542
122753771 88221
875463509 135318
996025585 194104
644389869 134008
106021439 120230
350616450 58397
591381810 187528
459948767 105449
183457162 60519
126453728 43310
847626211 33951
267073241 110870
362164440 102636
832125663 10923
726222866 142303
335739764 51384
991810334 161133
880520285 6564
532693959 145618
404942333 29901
627541305 120302
693141429 6925
818599195 17006
186511604 104643
670725114 103423
427428930 26779
755798254 67340
834503329 153835
746989522 115652
997509140 91829
685297185 14418
87519385 14826
714701075 30852
320952164 85587
798416324 34696
178537289 67827
764905051 174933
625186444 22623
900681049 110477
263041586 96912
644153688 120191
258518829 94532
419973175 137587
680286505 93200
398245832 58607
829558272 69661
225280494 198159
907125185 24639
782121541 40344
505607410 186177
629672660 195321
338595866 83096
132039691 81593
317444297 37320
960156580 44256
654688734 52727
877004768 163121
596647079 97625
760256191 7836
909027775 111575
471407453 140257
118171211 72233
884588359 187573
733631547 122151
964890483 12660
887593255 179000
756288790 164194
578819935 29117
432247253 85710
732528207 83784
155925392 43221
982664297 20793
985302838 70209
656547232 22607
145648547 60486
893135865 153535
177796656 119465
603305420 135483
607297907 192085
761691104 67898
535417600 103053
851361925 154715
712712757 144085
621191817 187688
357269608 99653
23242145 73723
701865138 11182
140818978 53917
993582359 21581
586227976 181986
491091539 41779
965167392 8834
365325313 133999
867824807 25664
30953896 151466
911408787 107895
427161695 32307
853358343 136626
137234391 178272
379350630 116027
887014497 53857
275399188 2517
440277592 35642
213416776 42568
696621357 4094
150180241 49871
490928863 195650
53834253 56554
873735291 10283
440619689 180274
342499242 116479
552929477 126787
679886620 105500
318350496 71941
442287623 141826
988110796 196443
622308823 130555
817312189 186218
539382103 115878
343200012 192042
690100527 40488
668140048 38377
823094097 199645
135634717 1851
925382227 127028
429896108 166491
164957322 190401
449376730 35517
122468011 60493
388178143 138902
598332182 191041
844011783 106548
608371547 127297
988348179 126568
10941660 51493
473222756 87694
44243533 132948
722016541 23497
624437681 199286
340377025 112024
962940192 184639
408697081 187262
435507463 118839
346666487 156594
591942436 50661
692065314 42437
690167858 153058
560075877 143489
163369891 176429
481676758 134199
830937079 169343
363080390 161294
951888870 172943
366539675 10494
476830930 35581
232199998 29773
254830367 168624
716906469 166166
85599230 24171
837560698 128407
925718489 1199
281413264 100923
653066707 124015
607491298 49958
958856931 101065
471952577 96636
407258386 6589
719570495 197908
215092905 53688
223008254 68471
673076830 92546
751244224 120473
168595866 82906
513228490 114539
208512941 33973
540880594 1208
758026608 192806
801912782 16475
435380765 27037
999047669 171197
642893202 43604
192387729 28534
398501017 26381
226875926 8454
825920700 46349
178123409 95910
549084972 88011
841665435 153817
210709479 196892
531407044 68137
305836487 80556
480245326 115293
803604562 86183
494355210 192300
982957116 153265
192592049 50725
535676140 12136
400684858 175212
104509876 59309
606881898 139922
370020891 102990
232168098 26298
264870536 120293
942835592 137816
630912105 186056
205034865 68330
990032730 48317
436440503 179485
661366089 64605
164504531 27955
312336131 150080
998634703 6290
968651259 55559
368417435 159608
426108005 54469
888559562 97270
939226419 7324
495167141 16588
62609603 129889
460309775 64507
622574565 96956
875927462 109444
743292416 22816
740363833 49844
936865817 87337
408583686 38141
495539577 171372
567012003 145601
319471879 82162
694844468 168953
65857213 114052
587798104 159899
194279654 193867
131401602 82971
51213932 13503
633489419 188082
244706126 116342
724931575 80355
605202105 127265
592228906 141412
825045000 20804
579452466 171241
666786510 41341
742391503 106724
800430080 127642
752562789 5840
606523544 165962
751459830 8473
385317476 31676
287968629 80360
672433068 150903
923855659 88237
57623922 180449
590351887 94394
644028568 108383
58319475 66016
844621783 84934
72235062 111021
910474536 151600
536418018 163450
38827067 172884
303539134 65163
661085449 62537
584909362 120145
880432690 63571
946969408 74117
881474943 45036
761460332 65924
640543690 39503
35878132 180029
989972848 172498
959732020 30546
681866805 170002
348274200 136469
450979522 76866
553221150 78167
278150329 145889
69662555 32809
717181869 106479
36622753 109863
266941203 30505
919321829 121850
919842236 45469
260209973 116107
448310814 187151
649800232 197764
363922906 63795
713314361 172784
248340298 1653
937773482 96009
379025038 11097
330928246 144530
410073728 191516
706140452 132468
363325529 166824
351500542 113526
164375624 109372
251445369 66990
205339116 151500
477444423 113913
391567146 41413
367129116 89821
965734343 58267
201637490 87479
319536792 19097
741887245 148665
13282772 74383
770871518 64917
614906216 2007
125289427 107367
243154542 92218
485862959 119331
716797619 149027
182662174 20373
576333731 170977
968729196 12956
572479288 159902
286625209 16748
647093596 187049
688169353 184930
732519700 143338
677399801 37390
722789707 131776
43503804 24202
907817252 100044
141752205 185604
870204186 16722
428363548 138876
532574376 198827
631074358 19175
576245616 77786
441905233 100886
837187493 169211
535539792 135479
283592425 69427
302116650 36978
218522872 43379
999695921 159385
613447301 74386
445710636 50178
829435054 158146
714733625 113389
995309383 50564
554523343 154822
442868896 185595
544060593 128753
286916573 134633
127401583 56213
679655759 107570
831571216 19343
561832264 191934
158154694 164027
250298798 180560
59832387 125972
43429863 129339
975591683 176496
721157924 65822
693454597 18801
272708620 32674
51916529 60261
199127873 154457
503493994 64811
73144944 29816
52662039 59927
370917876 47711
935514530 123365
993660808 95318
809418315 27040
530092699 128927
703861796 18678
768388841 139494
572900803 64701
194565393 94080
238007562 111491
536669638 2150
325917942 170909
158167521 84647
869821163 4913
907330168 186999
130832298 132046
625436344 183173
621942826 192830
355600296 67980
291608806 802
923411892 17587
419428629 87360
790128761 96520
710056908 89213
19340343 3520
907767606 115011
27120247 8537
254758218 142171
444651891 25939
933237513 98272
539809615 55986
860111343 120242
612786880 140990
328719238 33037
164104120 181660
518637882 84990
233105047 84601
159532398 162543
398742783 188585
264959970 12973
868556721 4477
634417316 13896
244164369 91190
761492704 88513
565789661 39550
888417528 160561
506384033 178306
670302587 97941
931074034 181422
79615041 76259
339907709 44058
908094726 79725
893999949 25718
721068871 22198
512963353 20870
629295551 199251
605171879 162006
34751395 101738
934924146 59319
129375233 92513
66545537 7267
4350736 73374
499768966 172092
422575257 65252
450607813 135561
47892393 78898
340321461 134156
338341059 81768
123070541 111839
612977786 42220
769290266 111500
896593598 96159
635119394 147963
815177836 164460
396045382 150595
142359632 191004
689883485 144639
513309106 146821
583139462 67012
315302964 9342
576849309 139732
137016024 162983
192493743 55584
485075544 107820
442022596 145777
372769620 31801
953980140 189937
495915239 96755
427163889 73225
844677599 107547
64455014 168557
57217923 180611
577226533 114050
381892857 71130
61847385 151941
953986817 126337
270051157 96170
577388170 197662
588558354 74772
468228771 151860
583536943 115896
260135480 73690
105881053 72237
981203959 42418
26010999 115861
425810001 140358
794310255 103350
842716399 118576
850138322 29715
926595163 140723
507227497 136656
541871515 137604
178029642 157147
632217672 148574
964996876 27517
840709703 146355
223174097 87119
855054100 130861
382655830 181957
682391980 9795
139213789 178657
221095215 100802
221922440 149408
819035768 67647
174362078 80674
93179215 132769
145114812 90997
79378359 17100
920465558 140592
414762132 2647
367423088 64167
97838979 120108
191069540 177270
557419961 186466
128857997 5115
347715392 110303
992017651 146244
986967517 86515
763051765 90790
736518353 42530
69299831 52426
75784089 87977
802695975 176828
367054499 34360
639835639 66807
407892957 139710
544966335 32791
79641334 135281
359389798 165823
81311424 155656
933482792 95729
347378359 4539
147546731 5372
12236817 2127
991919748 151366
955791247 173557
144790940 34626
599779136 97949
503363720 52047
71608547 39182
877978465 136019
628970384 66205
103220184 135787
463445957 68003
22484086 63487
705533645 110593
829241702 175018
827823279 79023
897100884 188549
77251313 194350
177716884 116613
373532183 100471
109632866 134410
992470634 188069
724994865 88121
619421427 8814
916533114 135899
86045272 92737
199780966 100043
659638050 161937
405474485 73281
712126313 46328
633895441 28359
322009038 18399
925135111 156240
646204343 104811
424441292 49214
943646473 35892
383131445 144376
70346041 48691
105551916 76899
679542057 116556
739793626 126056
21981744 2129
50118566 110118
27301677 90918
195684556 176924
532343842 157732
727229282 151284
592674318 29568
989501298 72504
329160834 79765
182893759 42435
371846830 184992
715931024 107525
643184619 176076
917257984 67121
530062886 48991
443826512 161208
674203126 191123
922780038 163055
298943909 183598
989181520 38156
114799988 150125
147255787 111188
48548479 171139
900347531 29660
189487563 105863
336805226 165075
481067681 54300
641073696 62356
944300532 49919
516924020 176354
671053770 104580
71155675 149915
834678830 178578
10681088 112134
865692097 20798
823512522 175722
241161543 54779
945632251 129401
140120613 27397
112051952 39495
151100568 10686
496970156 113913
805756230 62396
931060146 109983
797500169 50985
825586591 123433
44085937 159940
514697075 106935
16406145 97451
33211225 88058
302324314 13171
518968358 171727
528229502 13221
314841337 132124
579329353 42680
200877814 33409
601596611 180899
180543332 164928
286005209 88076
782760724 196997
830474306 66623
929409197 12282
520966642 35692
158293540 147482
482904184 198661
959017560 12188
424628679 99049
987373384 131161
92675115 48297
804762647 147913
404522408 56900
153040114 146505
459526650 52104
18031551 6035
394922988 180225
12951856 36313
191400578 111480
783863561 111621
746373048 79914
254400294 83775
419208275 9334
804181495 13086
486723541 77043
245929424 95995
318632709 28892
702736328 120516
657455815 95958
739928494 77679
757276840 9384
461518990 160823
44231435 27970
319067966 15069
50574487 117588
767952455 125991
363795147 111325
654126737 78767
635488601 46073
802826479 164342
617161348 79668
473011877 83594
683045469 191956
783072253 189803
851640796 194214
38837318 121997
358345800 144637
239147105 9073
934954750 178946
893648267 191471
443005007 57435
440224927 78107
472215403 73168
664564077 72148
932546758 104307
608157584 138277
791335759 190781
219333827 136624
627949983 150339
272049297 199096
295090281 57553
650937515 184106
456766696 100365
825030405 71378
547407157 82740
874669838 129336
68557817 151601
536643244 97174
953801337 56812
292935414 62553
931926781 179688
835307406 92638
458876065 66870
4072155 49557
464221546 161680
820247842 40298
951161999 61478
565257792 27402
768335260 199444
754444170 193782
655013514 23762
957236689 74157
852595407 160410
638032873 17983
467107136 166916
682678091 104923
806225842 192107
985604690 73178
983338139 84441
819680083 153396
19345738 121969
720822263 100376
789560024 120294
76288832 4015
405210753 118303
999792703 69676
547690614 79046
3993564 103643
404907128 191483
810372527 8722
557639583 164384
198774663 56125
983073266 18902
534051568 76771
228811680 126552
724544013 193226
895866442 9575
359648852 196445
567490971 33955
277335296 27843
168709278 97556
519597098 49467
301769492 99268
526327967 45522
310704498 167379
842808815 154215
834373512 154243
204525188 8907
141336896 125022
537430090 199929
212271164 123265
80257348 5902
511399658 116866
960085146 20372
294802673 10820
158849834 63910
382779112 106171
24836603 101958
687821136 60151
214803498 20954
2088997 192524
639883254 61585
566183194 63356
532948378 166422
906569012 157414
26559083 122950
55604641 178904
834524392 72327
278860981 19741
770269373 16823
279430437 184360
385230850 97142
803533868 115036
257670627 164770
915142137 53140
927775774 22328
727032942 187178
63903625 86254
694602793 23734
363076933 166648
694052439 199234
911976267 23586
811697566 72267
420843690 73319
978741692 124081
187565745 96594
736151966 5568
505706121 41334
826430402 33327
612888026 16804
767774221 74867
650260996 199006
798726716 45757
915455785 16693
738789809 71149
703947232 64496
960092528 127537
244723714 12787
729776005 197621
789103180 21841
815034483 162286
740786943 101059
86364553 161580
521672884 190993
358634372 194310
463345622 81452
668404777 139648
928888438 137130
946000551 161116
675524689 107379
280922765 98979
633964531 35838
371183330 42389
445769578 48296
859706711 40930
367475144 182749
799189896 109686
363536058 141307
901020602 18212
735633161 46096
157484973 122864
812224528 189523
387877682 32090
300895988 78356
384559115 143752
563769189 28642
64735671 176744
939672236 80547
362512847 94100
38955142 163303
797088636 45689
232117461 179384
599614711 45418
526109419 186055
268175179 77687
757590393 161611
933058062 151683
866069732 65959
718491531 96848
696601986 199822
352683355 157253
510021777 165551
470117935 24548
324327861 120924
975385963 76588
519669556 155195
378244134 149835
464107151 24863
972405518 143239
490902797 144775
682380136 31630
192668750 134619
283572030 29505
748545778 78997
747062106 46543
372245558 191641
163829326 56588
809287868 31438
202713625 130029
420929038 150722
543497845 90924
461439831 104263
109458307 169436
81906380 145789
906149733 31
921498123 86382
295829138 28755
692548687 14376
513106267 127659
812949691 166386
632145907 109207
148210844 160467
748636925 111212
270290454 86425
733736295 60778
83103300 22088
192549008 145081
523753591 183773
761472729 10702
506310265 22204
859140155 105914
572032791 58616
847181671 26605
74697615 611
318112289 103717
462354379 192169
40673650 110227
892071412 59513
310284809 140438
490317120 175081
985371169 143427
95556026 70100
745679462 149952
657201620 168841
946883230 100466
608446844 145968
788717153 39491
448827254 96551
266826899 67175
712710180 883
506746906 14579
244838348 115766
908446474 38288
330185872 84125
354668828 72889
50042384 96185
677865983 92418
661413841 191885
497580988 112466
76015366 86595
378561555 61638
784629432 159531
413196813 136714
485534354 76866
608937420 132116
884162594 63351
724054480 57960
628650960 13761
288684654 49251
698211803 89617
585813089 169857
123602794 70342
120780134 178864
516207705 13203
440416708 141065
875324513 145715
923924839 147308
649126095 31423
585385520 85788
68109850 78354
999506625 133933
772034547 144042
571340922 102665
605979367 94109
759941704 69652
605041816 82737
450405585 163606
153470394 95739
643008509 177967
704694793 191438
904553503 180451
479102404 111794
761351153 115887
41389735 41729
622176835 76883
111772799 21997
93259733 150434
662998491 87374
828044662 116930
844745930 110284
219891265 30163
920145533 197758
425849844 97756
657105308 18887
93659443 7761
307552964 161105
67605850 36005
199813284 32336
74954919 14630
856548558 17909
840883322 89046
985674860 87899
612232346 29689
470569478 70039
294185765 91610
488416712 191131
705569029 4912
367725418 73093
985189526 96372
618118607 175494
540690360 85213
890440729 126429
501510505 157064
40322305 4340
622735009 117535
205345199 67194
524170073 32204
863259769 193525
996709901 87265
603544129 133719
552924397 36512
553294406 100742
534630709 49467
811126635 85658
999643779 93273
163980995 80719
888849353 117457
833605972 21112
174131983 117592
285161730 33506
704391025 174719
613094410 128153
288223092 176503
244167028 184265
764948770 189412
1716148 189985
269410874 22673
202266802 185994
126799846 25633
52955895 100712
322673903 104512
664970512 124344
636544563 2493
966922909 22815
679254974 93634
87049939 160804
157601526 11058
784561046 1652
780994667 383
444837852 24958
53258919 157411
462332482 122507
827098824 159759
753664256 63930
266043554 39984
233277886 173814
308101289 13200
605387873 169262
299658283 178658
981720968 119842
448757218 156070
601528671 86010
15626397 183652
475132753 157700
635746914 121146
362394604 126567
911275789 72053
480305101 69988
44422802 49941
81194097 15394
832438346 27562
956827985 35169
84627058 79816
816902512 58719
295887933 191584
250817816 8765
102921638 150979
110096255 92774
859212159 21524
749920509 98851
618824327 8826
866908156 80667
883833524 147305
322149578 158415
483470933 161077
800288506 96474
844980656 29069
125999734 99386
664556751 45040
258555072 155802
671464455 148961
371568074 61414
204303610 99490
874402230 18319
866744413 55056
601289651 91157
860893002 2241
950766095 122713
633473078 62711
942749033 166601
602310005 130222
965756065 168280
52950675 111615
900488636 162416
772877245 109031
484078814 180370
189960081 38781
124730578 88130
900278149 98433
210107354 142875
248002993 84244
502092203 131134
53023705 186292
523632564 75311
712038335 63432
431115830 24539
450519718 163110
219806319 49957
201954582 92324
903399925 63701
360003599 82380
802856063 12598
10775109 157295
900484166 189601
284891932 13158
25402443 75590
517564706 92845
312183526 127755
537033743 159671
907893774 27474
437952583 35729
118796814 174011
434010786 80921
780940601 112470
532109697 30873
554968987 139264
614051469 160112
359898132 40868
928010581 81058
538633599 124903
228538055 178224
816003234 26122
388656915 110219
286359937 61930
983804554 145003
346013888 164840
533876488 28526
572378843 110094
606440387 51199
575376185 108017
163900914 2475
424555728 111808
838106922 156704
623802259 38809
757737932 193555
72270135 192530
536253255 37969
945072485 69904
192889075 130110
133637652 119807
276240302 5844
523077200 133104
45617756 181351
599721195 162438
894231141 172753
917426763 167738
795721785 123577
489964103 98871
724092757 54957
211164743 126950
72082627 6939
123397062 54117
99550960 194535
351446814 47799
366948552 186567
125851101 27214
653489886 59004
615182349 79911
549562036 188829
297619735 42733
951559079 13874
924861496 62971
135435269 187196
754719604 21247
881548803 163448
923483343 8450
141415890 75547
510905871 65497
262831439 131536
741258274 167562
351686922 110356
995561932 32989
420925134 159043
818537861 42065
631282376 4907
18555683 115428
76033526 113326
270396761 161292
432343754 65813
735947539 57078
854738225 102462
888191015 7702
610919208 143555
861366750 51773
912021718 84051
260469754 92347
2973720 109848
421528443 133629
212962559 197651
167275858 177405
191951111 133883
265586595 127388
618258078 18949
686172675 86485
990627901 163967
552436024 89230
543175032 146523
782644817 47633
150159695 65960
211305813 99016
343513637 26966
916309273 81332
110164163 56261
81884204 40276
394070145 148685
68208545 160206
763877705 53112
674429444 112583
880386103 137887
987050499 83817
276369798 12000
300914814 54204
868286658 34210
348471137 154959
91324991 53091
12687835 159680
403789018 89777
483861343 133250
679062799 174370
961938320 182252
867800593 83997
2563173 128617
982052480 71477
609749546 192212
869769114 99472
717300541 98204
438233523 114790
372817847 4963
712545084 187747
498481624 178343
391311375 108602
793013859 115183
442432184 86324
403656794 170087
827304373 199493
96468313 176026
197309894 134110
176390321 147312
370262648 66102
548215980 107999
933315095 91516
349884075 9062
492377885 169952
741084039 173275
463252331 145525
290485206 103291
997611444 125710
575409595 111503
70649997 133175
513391363 108210
793142948 178623
226901463 142759
864649574 118429
110941518 151512
239933807 161183
17945235 53427
938137993 149093
632516376 68324
321931627 159331
282395831 51846
343881557 100125
434912431 138641
259076654 136204
232466845 182031
476987113 111310
43867892 186563
375552590 132617
83743077 71070
349559744 178721
786062277 72388
217715687 17873
736600620 108825
133398615 58683
491377395 35848
708455792 181830
604980439 123750
579464589 167735
550373302 87270
329776689 59557
707810089 122349
377089782 183388
103324974 127420
42032596 140640
507103386 80539
954279857 137084
605759883 102773
689764907 147810
490532333 176232
533272523 20610
469586853 2485
84878694 160450
934104199 166688
332113773 143391
215471727 68897
44860836 32780
507891531 176519
73781237 134571
99458390 24014
575083324 11335
123012838 56214
450829258 13934
135157239 137084
265306216 18337
970201012 14650
256075370 144007
561365861 3578
760337908 152974
313418127 109514
62239409 196343
381665274 71811
529343106 89791
148101340 31787
66815177 119952
933446685 38870
693795545 37211
840403075 68216
301126215 126459
720673214 176677
838577703 193647
593434548 161455
247218745 158815
235562111 161798
271642910 122627
767505275 156689
693473645 40435
345177483 147785
963996840 86395
747890036 457
186024017 100391
494514517 47784
378538313 78342
689360209 134993
645012965 157000
616031012 124580
163311552 194172
130466697 69462
380432576 140266
507456991 89783
741979259 4390
60434833 97436
927102521 105372
228896732 157534
860220656 60888
128552084 4046
220708040 161096
120817462 4328
44014683 35358
281370640 70297
669226654 18358
429036148 87154
540454062 128162
840354566 92065
6698329 96574
545722127 63039
80980740 78735
895226022 39319
2379550 34741
950109167 51909
563345858 107826
8633549 125596
809339553 108407
620636216 155469
385600151 34024
778557297 177560
271233360 77759
937522170 91484
108653052 179028
288696726 151977
11633489 98076
666735031 153846
526354952 162918
170440549 86098
27707663 40425
216639505 17967
906803643 122872
635142211 54608
992712428 172302
419068119 120554
438361878 157800
779474507 109413
314261110 120617
247603193 151843
897283180 42308
730993925 190822
719661434 138286
294606430 195085
212850252 182675
99566987 108139
360712392 166611
26902367 133368
109096755 12359
282478353 31707
281864687 44632
387827449 130244
515995303 98431
121187608 55375
362810354 57317
55312587 12503
929626626 112755
956999990 82327
932884626 4138
521055340 73580
444544471 140991
228329490 89158
267626505 97282
498413671 178675
136312298 35140
410627242 105944
995163334 92299
107165601 139476
496578579 130491
268009556 87172
790366667 36781
478205967 100529
835176616 123943
361912693 178537
321377217 33693
792586143 48446
678083607 185589
627674996 66619
745861737 72134
909988700 8176
101970672 1287
341489146 122570
92188348 110603
202951920 181591
265650483 167644
237829897 74934
455283613 132433
571644311 197924
548333399 75206
512425642 63927
45414050 138278
795650877 16373
606163014 88610
832490329 115552
910468453 176422
772946413 165474
425223430 163058
613124326 105695
562167950 3379
186240177 198968
691735249 146947
305806402 63711
489876213 199009
192053805 116288
573712485 185147
203083168 62696
962386922 92171
885017151 173326
79774311 85215
599003315 67845
457145969 10995
335359582 4867
541925498 40822
833876307 102071
892136668 102832
543045105 184362
672220373 136301
299019398 143330
177054818 199275
327522386 104158
900643160 102779
869257304 29564
99522512 87856
881338950 149788
791235923 81055
933250708 44081
730665196 128186
991852985 182703
182313981 97844
276876929 147829
375340446 59860
306594630 189717
189237978 125771
64542757 154879
508041827 129400
656985172 138368
187765381 61325
462223694 101211
879581792 62359
476453552 64465
149089462 28278
116407780 166883
845199289 77762
218460326 94565
875318744 174871
993902834 56360
638677871 19501
69216406 12890
276909550 105218
221846037 106653
622458341 144820
864151123 98936
602206462 30105
421449404 133115
382536821 99306
769550679 141266
377409127 171220
152813300 17748
685570019 132752
713734652 23636
948063715 82402
186790646 120258
911379165 12560
815228755 51170
972093834 58800
476619714 117104
925140938 189108
253500698 73544
433494630 168852
683953743 170769
346969538 146240
646357744 184906
937893931 45473
402172599 96387
442305773 66050
238419471 156550
995114527 48948
306996787 52603
879596725 164020
476241299 112104
200499182 72909
505596112 47047
644826989 52603
790913191 56306
867608879 34866
989163347 12711
954550915 16228
381378560 44738
485539447 194588
456094332 63669
776755413 151612
368222270 123366
184903245 154246
492131841 69325
309791807 172759
559871681 196896
275063489 100464
163315694 173833
736594323 179193
957087613 26070
952652547 176997
451495017 157253
148346107 173835
234081559 78727
558113321 50927
338438809 193112
372674301 69042
109706604 51180
61225412 150253
315269410 175880
797499507 372
420225511 175863
314233078 54934
455298791 648
318382336 175372
801122948 166423
368529271 148037
723140981 35518
95181113 39735
437586259 168032
752584219 147493
799428140 1866
971955150 40079
48344948 100447
332485163 12
564566193 78099
375228900 7933
543277147 4510
945197492 9233
250375939 130536
200871016 18691
656672672 156084
379800100 155341
697354231 69430
682549034 128397
64730 145592
981818022 183002
308072148 190753
646734237 93072
4084972 12400
526330494 40052
32521653 5902
73245946 63558
413194091 59620
401127096 115894
199772784 95707
513213449 24422
895142519 168419
481778018 56535
662747323 74017
466487548 40543
376977073 193604
885704185 30907
808075696 130168
915593228 86411
599552045 155613
52753682 164208
32713728 26404
590771365 66595
901767510 143619
666228292 101750
255523610 123610
763877711 163948
142614999 138712
686337759 181009
58913211 31922
572472874 44234
309773496 71253
154846998 88730
446382250 114086
696461781 24070
783932901 60820
470275455 114998
934064393 142659
901716684 3840
646573816 104436
245504447 110028
727845 64442
578892861 174231
991004784 161855
802455028 46791
620892867 129107
29199747 48769
827692476 136064
115265126 75879
634689809 123515
262464685 67753
771951140 151673
23202396 144976
106623297 135870
301781805 173926
888968107 17555
749641894 93071
584852757 169546
617432426 170929
516778643 75556
303605185 82003
611441450 6578
131480968 80881
237690343 69449
525109037 37009
537027653 51678
377634265 158057
642116943 152700
624491468 136497
299609747 85170
967531962 104793
773663905 54160
895678309 11721
879457874 102319
952201819 1926
490640329 80171
955757334 126427
41960429 46887
496657754 130348
503746867 157569
899380969 83713
467544483 99860
380864579 54315
203691162 185932
966067006 166887
11992315 26989
930091899 129366
216142627 7952
86733726 16407
946691573 122732
901782271 186227
494617493 154792
777786045 58312
477274327 188183
217319215 29168
906324335 187727
949556705 12201
407378762 36809
858449434 175638
104797749 123017
603124016 764
310766119 181360
50760876 66345
626409736 161464
64617157 147592
716542151 103042
856498107 73084
64173935 49515
790370885 88189
578189859 13670
762489779 188982
38041086 66833
467342675 14959
137638158 35819
891901536 96532
270621808 122869
721615615 153737
933075717 104453
633860945 120708
799627667 154351
484608506 71750
272955395 186456
256572939 36053
563230748 92025
262864510 38517
11609033 48606
110879030 128462
849675553 37805
244925678 8961
799766508 147075
363842224 69923
83485880 49579
250363208 94264
788435100 128265
559162845 15551
414255860 24290
465983259 193647
800165460 68513
594345891 136503
157549866 152272
998363950 30251
191843435 67984
408373035 77073
526100729 35611
787468780 16074
19179582 33670
381650978 48006
974495024 69878
807632894 86192
506976104 69126
390240587 39428
674191651 165126
369224369 176805
221117907 120362
157731292 106364
210091413 120948
293222643 30054
380119889 130393
40389539 165493
777023692 124350
858139688 29992
97194838 91414
377759159 123465
543904872 13983
385056750 46735
195130626 109403
356456860 155934
451457534 66590
454254043 72303
967427164 47027
71492037 100046
37184174 112330
325067950 22898
265209402 87303
137477775 162531
448797089 122109
319287164 119497
943183603 92931
767601955 10170
683945314 56219
245126473 187770
282819086 25169
427408323 76770
848433284 150371
709553599 191568
6404827 86088
445168234 177438
826535438 106522
457772786 1202
856790736 124907
290614593 124472
699305646 149357
731634377 120115
511427744 180629
964427579 90385
814745678 50570
261206791 96386
472814372 97253
938316855 125467
716639201 138994
240324993 165672
638185001 149291
728233567 74846
135094990 128650
85884609 71298
314459272 79593
72786282 28172
109854665 109750
399535208 141658
666262068 40206
341566588 79970
392576365 150487
845668418 163740
195659206 148061
609729227 103387
711232218 76706
492335170 85047
893868703 95310
450118925 41478
465939215 110976
669799694 11070
839054383 178033
190328908 76411
205532777 30158
275589770 70403
264345530 5186
373432949 122390
492910223 101654
839279401 171210
501683865 34710
88796452 77464
550819361 144439
11005374 62099
69439709 170193
74119271 148835
546191760 164146
303786414 35304
817139587 2553
672897266 193290
809025966 99268
112764260 180362
521502531 138555
557434757 123838
270582288 88675
671686475 16423
478834976 190491
879353667 134139
446618805 29456
265077946 115586
918220442 13177
635842747 134851
565636269 150184
804320687 26844
535585150 23653
709280364 4668
40970014 60275
45591579 95878
480775193 68645
955984467 53343
490819970 5885
594585057 132903
709917098 50640
474604310 126159
646355814 129064
771357634 115522
180061304 68846
59228377 133418
357784644 164706
311794731 69988
62193946 45977
368021252 15399
465057399 40342
791665475 173934
464743086 97248
845199856 107266
940471846 37481
159733234 12192
760746123 161716
17035946 197090
298139473 97585
909970353 25253
807976885 183831
380594842 71230
413166883 24787
895076207 197542
40803077 27466
164974179 110890
941771610 40110
283093751 33826
990743879 47412
887030792 199325
781080686 45953
298756911 133935
596644241 152408
654221051 135375
405334975 69629
644451084 113825
789998726 161987
878923454 19580
894089593 39144
358658564 47810
119252184 69083
797461901 50515
679085800 96808
494572100 54781
116341743 85214
874269223 78448
592794971 172725
168325394 163942
412357126 80213
854204754 150274
962959973 86061
834818838 48826
967831915 184205
54593393 115785
502562947 1714
90834033 43559
501939271 134271
226462048 47822
22700732 137464
503597148 192509
318046729 64971
813721554 33354
828732192 164195
723515982 75438
248465603 6990
410440354 98132
344310793 63871
207787769 67311
142876887 100852
934867988 145060
200302531 28716
508652476 199735
928331140 186682
110586467 178202
477369751 107017
384771885 16290
715677332 140828
162412982 68757
550562722 26998
547842170 184693
219655083 20343
470950280 140111
500827942 176645
872166461 74702
838961343 13686
778406874 17414
174274562 86743
431560142 45297
472112954 48907
224611157 13997
202056077 47606
183482155 168738
423056966 184791
443835303 63217
784022942 113594
694779980 129377
200545354 194605
953982351 191465
171929221 127088
509108604 141663
490012839 60220
182463270 174235
83645857 95785
152182762 28264
895014123 117770
305466893 4294
11751496 35423
223527265 7223
34939925 38509
335872217 80593
935153389 63074
896883374 87189
491037575 35342
186565849 147728
73754268 46986
688784098 8875
166158975 67653
566094659 171783
860283297 174322
104191056 59204
449654291 100481
571597109 109911
822694399 191295
776633080 70763
417993658 21118
866518239 4942
503270091 109650
532691693 6105
537151649 97406
932128533 40337
136327948 149898
59448737 155252
363767866 155336
731978784 37714
859520068 5682
830066048 163191
279867678 63869
753761233 157679
183561052 190565
721286483 98964
915755289 192376
9551407 17090
672576341 181352
888046324 43490
750709102 190569
834152556 21126
933826997 154723
538832822 83872
799475249 107202
718155043 92735
857961897 191141
172053970 18649
106204322 88256
915720998 114183
558762690 92186
606146127 141894
572729853 104336
333630382 137048
893869331 167781
234461702 172528
673191279 62109
367739144 127190
468021884 92347
737249341 80160
150082902 188256
97943869 70080
496257364 169275
844235303 111195
131467287 88319
961781013 149164
540413590 179983
996774744 111055
734516028 9086
670595331 178371
637628469 167180
203219680 72589
839056548 10024
320490055 184909
321553991 95184
376326726 130521
111415538 143328
692304542 20688
426599403 179339
473172631 9740
518896604 128337
842296845 138602
717233052 20973
164095318 50799
999701464 156972
778687175 142608
559536011 154187
8509672 183851
68402233 183122
357911060 65982
683847368 94391
440415324 1231
387611108 23339
399749835 102002
618706336 191918
613325281 160493
778776063 46070
651852951 38717
996807253 112521
323256849 141861
961909059 166399
525652192 70676
114266298 162823
474006750 66045
667223169 32922
498203446 36972
221376852 26043
356550663 87678
624208243 70304
701550574 123073
257126226 2119
190390818 91788
209099357 119488
440285941 117472
359862811 11723
334703527 83900
94040657 142038
955151381 110938
100379770 95047
323519924 96162
865283556 4858
307975724 51118
358097130 123813
987852256 161587
930283349 18589
750006093 89475
755940425 155500
885362688 133982
864669122 44791
367748994 6462
667049109 58709
964482172 58727
148968662 172777
495245562 154405
84197213 57850
512067843 188083
783581235 122591
348355119 99863
439754603 12868
215822720 144262
735681617 100271
868541080 149507
346758380 16766
745249719 195034
726851612 137066
892096955 71830
983334671 91365
844302498 65013
737866535 12989
631188294 32312
958751976 114417
641531410 23194
624496688 24368
954578764 133045
836889232 117971
130867838 138735
828128106 25442
76655360 34508
570532378 150500
661061309 195041
743796419 108009
237607547 68874
791343356 77833
896124486 89733
430934353 109996
894895827 198831
353130651 49185
350566277 86373
922143291 110418
696268077 196969
670179839 149791
376758209 87540
504171476 112547
485927053 15633
204680879 175529
496336390 37205
845590651 36268
467364744 140326
461225721 3791
113907226 168668
803402937 17658
527453138 90951
221443769 156162
434814619 76202
4618514 134757
459176022 72916
917929893 14107
984958586 54770
960519704 145242
497722353 129618
250727778 130349
741279167 28705
183656822 188803
661741583 117308
858217103 197025
558429662 38355
589309955 177289
423934370 70443
88227548 133689
580723363 12650
49536892 76703
847966028 199687
976960995 24840
404093399 638
460373081 177018
197070566 30084
345668250 130484
100755845 46227
822771028 185683
250403930 156068
491302030 185356
970331225 161004
621362298 144426
580422290 197791
84714789 120899
702310157 121783
362782229 1249
959475141 106717
606686293 179822
927513340 94502
437017274 156203
534099021 178000
528113832 52657
297551118 6898
395094731 93096
307943705 18656
158897436 197378
468730827 115028
670641535 124769
630664817 190684
62088246 12865
856418356 78832
280013098 158033
580965109 97678
771467444 138004
278592713 165230
153222933 28265
681290275 28126
912949740 34356
694730331 41892
235089559 141707
335459383 5708
897753657 126097
292437469 74181
602469572 141321
333675082 22141
585455191 13749
620115482 173422
789459062 173826
410111682 173144
700409459 3931
913362277 173625
549746964 193100
15500652 146091
58230365 139402
99787598 102040
895687223 133337
690907472 25726
898584084 163239
947395758 180858
650797206 84512
161756566 61531
426942538 187595
602626061 67933
608445986 27451
229191860 189380
210958410 188204
520820265 129179
437652481 179837
797943653 199613
622654358 177710
573515353 25083
444061467 104106
835792294 138110
633691563 59382
18535169 37534
738342397 56114
735161923 27659
464824837 183510
897650762 67810
274343687 105679
754958987 72840
749436666 789
293594836 198810
585727370 132951
775274729 192673
722600585 132480
562624979 132956
432322588 6055
96771204 194584
188380676 29410
614382660 110
481619207 18013
838534038 70000
821072098 768
183565067 42973
663671357 1109
604450238 131182
127937143 105759
201978173 70687
922396284 75562
494010413 122874
478558145 82354
865293908 128093
304917839 126831
43216182 191399
89056353 42113
939072292 95261
368769689 81501
140555399 92069
132001319 170013
973216953 93579
334957952 54009
977708653 183657
393947706 68168
981298422 37354
800046975 119241
800097805 28578
789272432 178547
960367811 174444
421360312 192946
452545331 133531
988421645 76795
720282225 44365
803100851 116107
39710182 12439
918099381 93726
215866710 135933
558330252 58995
433189816 126786
661671701 193213
583434305 27578
761475048 60798
296250796 23466
774500559 115586
562765893 142960
311661174 151831
674541832 104000
574531452 149230
53912274 190078
702984944 65741
722384278 137995
766276306 105126
577674408 37885
224622441 127702
502133269 180522
974959652 154969
518760867 75478
85629392 61768
207233247 100729
336358795 901
803203436 8026
534728912 17738
777898083 49046
289795628 123982
697409422 179546
730721914 41391
72724467 6181
572397402 184557
162062025 111782
182581636 192706
27150553 7770
424657264 22113
27196954 123406
733432325 180845
743250538 164703
796218868 108377
885707813 185907
254631205 167207
809498740 174440
323929749 192256
473207544 70395
134598480 140232
135430492 7756
642800066 91955
893212254 89442
733844234 186376
297209258 174689
361551280 133407
39542258 190157
153574733 1706
519866086 101061
574937076 143143
934352724 68912
420583107 193919
966848604 45339
4694015 100945
254798494 45429
242759168 65333
742858571 16395
806137245 53105
868358320 99866
773945482 155334
809378203 151505
84470899 110457
931884515 139173
342927750 61884
487410077 26656
580435 77296
778207825 60406
10170552 114217
755736555 97676
663051893 157444
120343245 146359
929097674 153348
796038472 126170
686352449 146653
677770096 61406
767732817 11063
219006854 47058
693320438 191308
723423406 144117
608120689 24379
178658014 38845
494497308 29703
91962396 40656
672878393 126089
588381622 60154
97824626 92521
846711182 85349
344032016 173258
150463616 79303
474180789 86154
299458731 194021
128927994 20439
364757383 111797
489015544 59592
110551854 81142
415508150 29552
85728651 36453
559793660 76843
939921057 19789
812821594 124485
897340196 180548
783556855 70888
513131440 25183
927384596 28321
698416573 131307
523965163 63754
665085918 170505
479421188 31657
269405449 151601
679102908 29584
996088953 131143
69007863 47050
493915041 71661
929580613 19197
438170761 101818
877834587 98466
625792290 57993
79998222 84895
960751594 71251
441142215 23478
434948623 153150
177774391 100362
98781180 23562
834161670 15098
486124218 160231
333602290 47620
590662754 194189
777870237 2776
115409217 187149
883146827 154675
823904689 168252
792015278 164068
532889868 167405
172557903 65749
421909531 124543
213417403 112374
302133978 141403
256162900 161321
148365487 82002
644622011 4958
552970985 171253
31628025 65017
739776061 83558
466563265 27956
229035999 68220
879912918 22340
75125246 110739
869267539 98667
568451304 37965
806130068 139041
289941865 175576
284807793 145469
896746777 129823
715716841 188314
110809474 150686
124591651 178338
835766625 194520
281198883 58823
892511173 41345
796092349 19193
808563306 64535
37414709 104562
755017320 63344
792803007 16090
125053298 83845
205943038 189215
358103951 32533
955167357 116956
948089116 66313
861223643 39433
203379906 49065
524520132 42834
243267323 118015
118690765 92377
861695921 173477
314690243 181719
822505434 40813
870996983 158525
231376133 182298
566623898 112495
614719971 191447
338765726 184360
51280336 155347
289661827 73143
830488234 49216
756996048 153217
945448675 99087
251131867 8090
720575035 71561
586545436 19255
770342112 196874
386129129 163261
754009301 3499
710185366 160851
779188593 4881
863973234 39088
354049404 52029
540865780 138730
316113119 103235
161496659 18550
818050622 158421
49474917 60809
826023384 184256
85688770 77619
507483251 110218
612135596 187345
801557447 97412
779257897 195471
792254122 166433
453328893 126863
43061140 80578
828774659 156046
651901315 169907
547070553 97784
72551967 150887
399353348 65739
865248443 90561
728391169 137301
60624088 1965
380594763 35253
178028707 27410
606977052 184558
584655829 196198
306532445 177637
650130242 152527
879852301 42903
624415090 82366
809753407 5595
104032605 56156
939044947 182870
740090858 105145
376797665 121235
874178647 79811
500993104 31136
271098145 126370
731412071 151487
65489194 143675
634035057 160245
987478715 12673
276685574 165705
987707935 130445
486060858 199131
497004243 82194
565131491 147625
483092122 117610
187235884 111456
507434115 198727
524636936 29318
888033953 93545
140201327 63992
737656455 42504
576542416 107114
544675539 133116
600501992 172033
371405540 169235
489709494 197123
993701250 43200
954170895 148641
208614725 155529
75851522 7658
526513068 165285
882404588 136575
626156565 129228
270059342 150705
21774556 96987
764259870 137088
646722825 166720
800979306 104773
397515138 55789
939796491 56005
878716064 98224
324520418 66891
90840128 168657
907904726 63190
360378966 125763
274510073 123530
743459323 31727
362050033 118345
670031315 191793
840539895 169219
395896766 68253
193804718 9706
9390155 4089
57042401 23296
251295627 192605
330167058 193563
972167900 8794
411122455 73596
871155826 105597
396153159 172783
655758259 182553
464462641 144095
942203883 173090
700815088 34437
591343078 74275
808529475 2216
29891349 119671
76412240 18761
675064421 11570
25647477 102990
97304253 43261
980803637 33277
99080098 101411
228517003 131118
61476968 89629
834653111 192392
409316533 167532
919249708 161360
795234969 168418
179411730 126226
777374072 149373
260246970 146669
81700021 190806
145807984 161210
201367518 136201
319410417 141243
994476122 144460
504378181 148780
326547676 60700
800058741 193240
110337639 192153
108676301 46756
801203832 26414
367781757 195328
216018547 159161
620618640 188811
466303012 191685
878433874 130810
970897138 107295
746020369 53242
293382632 161892
11281395 11152
666893594 58744
652849838 159583
636676530 177194
638398270 152237
683086424 66924
266292149 35508
296503486 35895
375062136 132448
494143484 182202
968748508 193805
988355883 27692
942167992 127285
345695092 143210
299728731 186135
378244891 105635
964454128 126338
763203987 176428
618979757 76119
798536314 72321
45536701 193998
223741009 116693
539748955 111555
567999808 67671
89167187 167392
754746099 120849
109951908 120689
422117550 28525
48289254 124844
791826443 188189
389532150 116472
373897410 192444
479764019 188079
524092731 183167
219886928 16442
24709044 175545
611844915 182217
297672750 98769
222836331 76936
571966756 198772
447086554 38572
291381342 50509
564479763 4028
31536491 21965
904020921 78422
398014462 148668
206130411 179569
635729557 40882
29389582 54872
478437225 145817
127760213 143982
452265313 142088
48537083 91513
894175209 176354
997836057 145533
610609305 34835
315461971 66592
163165128 60396
905921150 107908
583426948 35160
570155402 71940
530707843 148266
915777233 95724
56309451 160053
349459598 156086
642337381 17291
332425831 23447
578450367 193089
769354279 74630
831345762 1112
8045291 175651
337837120 97762
845277420 44070
224335188 26227
303192535 31562
65791649 130997
469341110 48319
740721883 88783
990152491 120688
275181838 167864
821448414 190232
824918680 179359
946775944 62561
579532049 67890
592876510 43550
904843355 66727
611105985 47195
479330462 26448
933392954 59729
959509285 96531
789400520 93331
749284189 171381
894523516 194895
651695081 71366
759947928 117132
325495788 68551
59517472 64597
690178459 142488
60520730 181970
776270784 11303
110998760 138465
972172638 129801
756771179 9826
821694329 154589
108417924 130182
628127782 49297
933201819 148738
609965091 52597
356911764 183279
444241917 139408
70782806 62993
780173115 111340
168502574 192858
8419646 70265
65384377 40161
760292486 24921
339393727 92965
561317599 119103
654325654 126204
802694301 113822
970609844 121186
294022951 189488
467796850 118967
762034923 24688
51393435 62781
783472676 100033
416382365 12978
895785300 150091
22719324 79928
454547386 162475
917172233 143188
471315889 151135
828505110 102534
136832523 170988
946203247 29728
28572065 168678
241382704 52185
531224725 170870
64511029 87220
487890758 197301
957316856 190061
980490437 76399
779819071 106523
102963676 183160
280776180 72104
773259259 50023
517708335 9901
465405610 35798
463959095 20577
149808865 105463
123884329 27026
436265718 151228
940340183 77418
812741299 15295
587192364 52285
980172689 83367
867717084 45106
951115079 15484
708065653 192774
94383313 53662
154721462 161743
33533196 7008
1432747 131555
431980412 191202
399369118 117861
211691789 35052
266121921 100106
226690415 136548
126950441 76389
804542994 119514
255435164 68761
914711031 18946
100459191 194160
755039216 145018
61572341 123177
777926155 55451
858252372 188987
732132491 48008
529567035 9263
572243581 59033
845559114 79977
953784228 121471
489030551 16251
282905144 194484
579412154 19646
997619130 161735
647416731 37498
847701290 109185
692647353 170966
354396502 88573
493282909 161065
214773309 75713
245102785 100022
79883312 137126
765786905 32011
690368077 140642
8189179 128192
909898571 167977
550460564 12244
199843103 131128
53900788 143801
747456767 196182
204853217 14870
461166715 92451
471074245 123570
118702355 23241
981840405 29749
337646531 58336
639268412 129604
635401859 8216
645047238 102410
64807998 102988
414990422 66538
902866736 49304
542060265 113164
988612552 50396
74021047 196029
254288059 102308
71826202 116883
64724728 125465
392790869 98164
991776303 843
973104706 39475
505241035 82734
564514461 10551
215147127 84227
219527091 1047
277729 146595
472673250 71579
139633518 199843
274683999 126094
347612714 145182
564822442 25168
626986186 37694
402597027 105286
897045074 131914
120621898 138390
760703873 26851
828647664 97247
130609521 180383
103604699 112058
254693201 188867
917540994 58009
311026552 33852
604992371 104127
197174963 129262
284522172 20645
931594496 120146
766723116 58085
988232109 185221
963442792 174399
806599773 53284
933108122 184880
33377483 16884
227755583 30336
400860940 115494
970594732 68402
466810805 73726
183695478 100093
890433016 111884
252929626 80743
483838741 90778
432144243 9136
930924541 12365
482037301 99442
735273946 31739
895934189 109166
348252556 191017
706970513 76894
420301754 63110
425545394 186782
679634607 29539
4709108 104717
26083684 169961
735100965 9562
10544965 113241
24564526 105314
954549838 169677
15968784 90419
780968851 153293
923667851 158098
991037655 26291
891144644 49766
816101926 17056
874869284 156626
829808314 67416
867733441 90207
136448785 116254
116743875 139517
256851881 51313
302315520 59828
824363181 40041
591196775 93992
550413551 16871
665259349 188080
291386504 149864
422771191 33534
252865433 136905
114679882 134679
202634403 100044
351451564 60588
446137838 46049
737957437 74464
600636184 197283
633336072 192457
43173309 199335
299871504 196896
593566799 30794
364034259 98352
628395216 190736
706265924 85033
399504754 65592
557506708 110176
119417630 156310
100870432 101877
485972302 26638
636756419 174673
161848481 69739
152179433 104035
330888903 153595
168618988 150684
956566605 53732
780678986 115906
135822781 38164
581375938 14270
744880451 107855
843800246 189889
636787801 164340
927307219 90447
428298657 75918
962856524 163221
537196352 159308
121000854 174810
361871258 50084
806388958 178254
816294114 22632
785011519 148359
681609190 28345
598413559 110873
899549617 53112
721385102 117650
613323946 37611
586475249 74767
19509738 41111
270581563 139296
175247813 21080
126565300 163828
195238710 131570
380485950 167958
733827883 79304
857586576 3803
571498690 45193
563766038 65675
310482846 150566
25105502 35205
603358655 83021
393086571 149851
859911009 6347
967066760 144999
281285850 104760
251756252 54322
83419944 35451
135209991 190193
613343529 79748
808585393 24344
284724681 83339
216008821 148975
943819470 179277
661655455 951
207091284 61304
649301476 91707
649480392 82349
406616912 176777
302501501 164233
632553305 108794
887044188 38666
61327229 77007
370396610 135794
423599412 196017
688564011 112677
189068738 54279
713181918 133898
26209887 46369
923287989 74906
923600621 127503
317618886 106370
367639140 124702
799985223 40814
750065454 66255
162551630 141847
415430483 94795
63510309 166687
72836261 189637
703971014 96456
872588825 18359
406403130 150954
224529460 119452
660796027 71393
835144602 80582
936005609 73723
956627001 138944
506575108 45675
168954149 137351
828871514 57514
750745098 148547
850802575 36847
903333206 100484
429532361 25204
3526523 91963
392165774 37055
599340076 52144
14567327 54480
788770339 68799
375952439 171255
9113347 195632
346483050 146360
693852884 158228
601773623 36024
873304716 151722
669929214 135811
863693553 68295
691199790 67618
777835885 88543
521589979 122420
79686457 35055
59038485 104409
652711021 39052
932493127 93579
165579028 132914
732779806 195024
963452861 13419
237002132 9738
36638131 27136
810235589 4297
747017730 150163
929877150 76275
12796400 190667
821377692 106468
469853936 131249
144067200 183525
515767379 25516
985027182 92007
700770857 15914
804870885 22340
831631519 153896
109057094 171669
566178425 199645
168053772 135814
469977519 92330
143215143 72462
796276888 135320
359060996 173149
898071805 18837
744664624 137313
265204340 53040
523117783 42708
554544212 184932
121332290 121902
402870939 66023
389810944 46945
333885171 3307
903539168 107501
12697696 49752
832487704 178786
267181489 31695
877685130 167789
450476064 183820
758974070 42770
38329846 72485
317838118 192285
225976860 13253
58673211 108630
119166005 58036
484193110 122872
713595671 184667
888233105 16100
16001650 14603
193352567 136376
802627871 147291
451820935 161817
383099658 90543
773387919 175112
922314924 113107
50824626 192027
794353392 73258
540318630 124011
663789663 55992
398658102 57098
564676667 4119
429377733 155376
285247313 97477
174253625 178731
18855599 180355
566919814 168104
708400917 195518
245718861 49883
252257442 118142
154278925 38021
760827865 15210
800749130 67136
512340003 71148
389500434 32702
322036064 53707
912267526 118113
496843623 69628
527262073 100343
653811614 159583
440799879 115745
567076596 192095
126461336 188020
587058320 87581
894086909 42226
156857983 63266
21037586 145666
255414744 12968
611343828 29598
135855341 109439
880818986 54429
682580530 18282
126727928 4563
707299807 42541
734703799 56686
817058736 128380
535353189 11744
280485088 69902
605927791 150282
543390271 198658
906589200 189849
134134022 92011
852796067 46764
24746821 42098
240653150 169745
432303615 108683
421346099 168138
977921058 110868
565500828 94943
759180080 155472
133125334 190375
611866451 128109
618383336 198484
709639591 82042
721523198 119463
345378818 149911
329793432 180477
48416044 170411
824040717 58883
838710643 174709
697861963 155138
511917981 4514
25393001 123023
851986487 156328
229832544 196745
867731472 153535
415854504 120526
938531274 161640
584521817 101441
927029598 75086
26240801 44697
36068453 187047
81139623 5327
991048643 146365
275127759 169307
900109317 68958
551521577 88648
931682821 54928
644523046 153107
19408751 97504
407364755 111128
771336431 165558
891027904 27470
577107065 126264
799547186 194429
814586737 110446
888298323 183343
770344235 117755
291403204 121294
416299798 163365
427817506 174229
622541492 86255
496932147 130218
61651441 91834
459402774 102705
999904373 178891
768083911 181059
246306196 21780
182928813 58358
157771359 29684
935146974 156373
589102202 148850
889965709 101066
615309060 117620
775152766 3912
335916528 47254
362851624 36028
509628211 36514
553076633 116591
65261769 42349
232752747 119863
178070388 81065
152551117 171425
886126102 199444
115628992 90378
543585315 17006
771401131 191134
850793358 9262
618491800 63553
75109356 374
678060140 171383
66188724 99140
392977122 43548
224177044 63871
798438998 134945
794178809 123430
639474366 99450
65768350 197826
855726060 169059
693142895 107939
715785776 191610
342996508 121768
248740345 190219
34446018 60578
317559066 66431
223923535 145864
495474345 101897
670686182 35575
967388621 6346
572824748 134553
551997915 26195
73944418 152245
254212164 170731
608068796 155080
994123182 149623
498578367 105785
243602925 99537
421513682 182732
99815779 169573
100653815 145285
459575374 187052
184253287 2563
444994924 96989
155779025 116984
209783782 187893
613402186 77584
355028333 77903
453360483 81200
797151661 193216
330389828 129746
879651723 29286
955795324 198541
45497947 136795
214308553 169492
545237499 22045
803100519 87484
934563852 31001
948730990 153905
402033639 144399
813927607 159111
759484796 152234
148553168 15926
912568124 24718
471286171 166386
336245448 117166
60624360 19361
561712394 198884
624954093 188875
912059982 45029
858759174 167703
342720009 142097
820110358 173660
544272461 77423
255516078 17070
320977858 157075
542807134 155619
322633791 54393
335966495 60007
651197630 76044
124510558 130356
480018601 78685
878207088 166446
815788519 78882
161982072 110484
394611587 125075
72676046 147445
835991765 139959
69479257 153951
402297282 152873
124367010 129989
343344754 199998
695519689 151842
316082870 112802
675536565 87309
191652447 111237
861578436 33740
238050023 62702
713702896 8421
840533198 5781
259517754 159254
381166692 199685
618350601 44989
16464883 27829
673688465 100461
406498090 190519
80355700 65092
294920211 10629
473930694 198841
229419887 115189
652165601 101702
447547888 17912
347959527 136401
498081696 90275
11593316 184857
867007606 35746
905164786 135513
303698154 192045
65103249 67563
45852054 141560
461761931 181173
665328257 118471
894249457 180352
934417618 108553
922712883 170721
343551846 2814
509525535 118544
93075118 10976
308910257 148264
367014591 75309
374641628 164171
782787602 53424
361075346 60697
457854757 16541
952119914 125888
54062232 152851
932098783 189624
481649665 36522
60994589 152247
860759755 140839
795873780 13391
611690338 102061
404044978 63899
983061614 94785
324962478 94226
408218407 76395
950324268 140883
700009752 101436
851141555 45953
662731959 65352
755101157 14040
834071556 69987
371638241 72205
279616775 151268
557349021 4585
365063378 139300
10162794 95478
392611747 165166
276584282 116657
299586940 83155
750295068 188322
377490509 16967
11629990 121599
488107488 86540
637597718 84478
446345307 80385
971775376 55892
55520131 115993
486145336 81005
77213163 189175
598110674 165702
254124669 172696
620494707 53349
544869550 14468
980570842 136311
204405367 126232
446297919 22478
682673966 100216
516428529 177948
982795684 8576
73523650 84677
140602316 86967
999613774 9077
708735617 44141
86837683 42349
890916220 199472
515781779 65607
68524935 17780
654724039 109474
535670183 108365
113707021 192464
268724283 127173
63339633 59849
662828407 59279
333934720 44270
802904559 141507
912353031 152293
395442757 86702
463418180 51652
630169622 51658
622986271 58565
149229914 109453
181505383 89014
308591611 193710
10908278 169888
178063670 122622
270417054 114562
313627628 131088
487235753 1618
720050844 174642
503274108 109625
876215205 27073
684295874 113397
302432186 79818
842173276 76272
444410013 141000
396021542 67422
466713847 144295
948322633 165216
972028224 169421
864059401 176514
822075407 32725
437678387 22008
635172220 188527
866870664 90001
605593197 35347
364212963 56876
981159450 73295
717090443 60228
185335812 14974
209968448 142557
683007580 67999
367386225 65567
164052660 122482
306469545 146302
184958243 193196
508844029 13767
935196674 148519
805302925 139833
437678132 22239
847865104 197390
474223849 107434
145277696 163220
132274085 24284
47490187 147581
135959904 167258
256664835 74117
860068093 129723
572330161 72970
431760408 112836
911429579 97222
172019211 80544
301230121 112109
133997091 130090
304700392 180860
342379381 61181
848358698 182132
655018191 15759
72250545 198610
814261350 82538
598336517 52527
207698001 112919
474457373 175725
174102178 138288
604330633 47550
101861976 197580
995390133 39730
838716031 126589
311572083 144052
197204070 97259
544046851 15249
481894824 54543
17882816 132765
767172801 142034
82873894 119393
253512212 196569
703237266 97740
592406927 6244
708903056 156505
610231202 5241
288531548 42206
495812675 75413
996653138 134357
147552312 58885
557146496 189472
274438773 172609
687540561 177964
26711414 75656
112046399 104189
513271139 101370
183898750 171997
209311410 129250
148248908 27905
912042605 57403
672088875 187990
759295484 148184
708146890 1986
941821777 25213
949150280 162605
734585456 96281
63800583 37063
605678559 79201
318372582 126056
846729521 73110
945170963 166009
913170412 41194
730204376 193393
382626126 4284
923787415 132691
54038197 80653
881778918 169570
879905389 38690
610923797 96012
900905227 82460
371204601 16003
759942560 11471
718271870 52414
121466774 27820
31223340 61712
948635795 188228
126974747 174213
754165642 30642
457037505 8963
788781647 34878
441595198 140997
695732947 64273
668259855 77552
332305958 70123
578388478 37551
874513124 18524
730427791 198647
197236964 6100
105364385 153618
732551177 59011
742519256 172083
502052890 7345
785630775 99799
931874763 108666
746719535 192437
278183972 169936
887138731 134710
140654749 185538
657951934 157850
601877759 134269
674230275 94583
743033438 67035
328400908 36272
116787937 135292
223871465 39917
786535992 195330
407345892 84529
586321197 140398
797236249 167001
629642318 74309
913321140 168209
276295235 92858
580458621 187809
471414083 119239
297978991 65155
113042234 126290
463804892 42656
236645673 95315
102578477 26615
144652419 75012
681549014 85858
472975933 109484
853862768 94094
395661905 12109
730338965 99337
675278002 29172
400251855 134883
578833060 91001
558585758 144812
256418596 162145
279726350 179988
605522024 85693
291269084 55551
513429422 117549
766903725 164755
544695588 76029
128012325 115304
253158755 194854
53500259 112108
214846778 138623
197385835 142726
665462063 27926
994899357 189433
821922337 115032
814178981 15817
879801558 189025
335113350 119287
929525297 35926
955109340 59023
525079010 84760
62139690 38305
777652920 22312
248192722 114901
423755206 72048
980459607 141678
199297654 159777
554819502 169000
682107579 65751
443567362 96954
902484501 81705
117839655 80510
42992041 140405
46119104 175617
959629900 89750
658428292 55015
542138317 116246
425922131 115341
832002851 150664
228467314 141680
687353674 173338
785233277 132937
156771557 118898
917632178 25727
591392165 32994
627727338 92317
757052052 96804
586798760 24727
233226777 10074
294443638 75989
929811799 39208
775196962 54628
26552613 29477
97867350 89747
351340684 62446
82905274 106145
640765158 180851
734265202 38477
864051920 78263
658233884 90722
853221592 120544
143924744 181214
681325123 191594
310060523 135711
290172834 161807
108434308 194465
564731643 52026
479592842 155463
177586024 144573
304347550 148309
636857488 37570
404126436 158672
796046918 178841
920923557 17877
300159207 38661
931010530 142098
453354448 87217
507684382 160769
786586096 121350
162299274 142814
256771172 24486
238850472 25838
999352210 127460
772292448 65061
967809854 175052
657780639 196672
217529258 41748
502936236 68250
879801865 178938
167494548 25953
459018564 199210
963129259 160825
504878249 5421
900056387 94642
874036480 27456
78433420 108747
908039311 117394
982855360 3248
788651122 152213
847071549 11841
249827727 135542
977605621 61601
53168739 160212
528111105 10629
877494398 29647
471130553 159911
365190442 189859
536025201 184007
125135541 64083
61254904 161473
763439561 40240
94052089 22291
117315635 60785
426986967 122837
281484589 29170
434981165 107450
536538249 152196
288128170 20088
935099318 125036
247554727 80701
240883798 130765
665316833 162645
600324385 73241
921749005 33165
982200332 30001
946426721 159250
412783731 20243
201301915 8431
739757349 27661
404268170 192537
652338168 125292
474462043 176912
258722466 46253
445689370 6497
875065779 152648
474792457 76542
47497369 156906
591567693 119833
402815472 105089
844685307 140240
417944511 59653
634721758 133516
736812932 87980
552283127 61505
57699014 46941
683130244 111112
453455557 125924
617972733 52698
438714847 61619
176357977 50174
405565712 187401
220032228 2767
110001448 145106
249930165 61154
651072249 71517
214213191 176782
107114086 62573
852740137 73655
914582914 90717
154642389 102424
190066419 23484
440744136 72538
969945392 89458
385884803 114588
963702750 24809
490721072 175568
314741042 38171
974756709 146005
290886138 78753
190015556 65753
653032195 88781
791713719 143301
620745922 168946
217561762 123612
715684964 4368
192414637 18610
328421883 86219
438003540 172589
63175404 43793
295632624 98554
754635838 149158
214527061 157811
704420199 9913
51732360 13593
389866072 113130
632852558 145293
92462579 160093
799503699 142939
893344400 129217
677940284 149828
866131525 150480
690577509 94955
673820994 88317
802833333 90095
378056767 196985
827231802 23041
758085645 105652
159115845 189360
18225652 80784
806568994 89114
889789620 16354
583688414 93568
156447078 172352
764221892 15654
775656972 81973
547792056 83653
632873340 22290
548062895 176601
696969686 106711
164733384 143881
816267021 84564
674457204 42932
413939030 12109
672048358 23187
824080686 53880
291736087 194747
127956393 74646
822973589 198250
328908659 119769
905828383 59936
664098586 57816
761444519 74930
699382706 5734
935979709 127354
784706817 51152
473819261 149364
135021611 72406
517770220 31755
201066340 48020
437977518 30130
62545167 61883
907373881 127431
502377036 118756
337886401 42374
394851244 129649
295111938 186572
851581933 147404
149485871 4433
767614734 54234
136931112 4536
496376722 93861
390095883 89286
374351543 187153
863711395 160452
541628002 151256
373900929 16970
822763323 141270
671929066 45696
553237814 136485
29876247 197787
407086933 54911
583910551 172450
447047899 9882
317514170 89210
869915799 6585
803953375 150029
431798737 16079
816686845 148818
41649826 132006
67694120 154386
773003398 145949
406499779 111729
148749301 22595
496631124 15987
842147705 196728
579425742 48514
337208852 83587
246128481 22072
232093519 156903
400111647 194050
557766278 125620
785131124 80773
30288275 61837
110578812 4696
815156958 49377
989126991 112391
396090918 43920
526810456 112948
120112238 12707
865119413 115215
529101996 68907
501096957 13025
196088265 101564
167531757 170114
169032926 199629
780462070 6137
862477637 193387
822420582 3155
167020158 94070
984213462 162197
556068376 153214
958802010 110541
981320679 138041
119681637 151123
203388488 126553
851688012 155870
909199500 88661
360075703 157065
982752726 165752
691633177 87284
89178875 4583
198829822 145506
235015482 102967
736753401 5070
824434353 2304
757425518 68518
12919401 591
332698640 193999
513132688 44244
116663322 148469
802724951 112082
211415683 37154
68418772 93418
315834561 184726
68553361 17897
588536339 136368
757963350 189483
755204935 192851
508978788 25753
195659533 51788
259533518 43723
983696948 169989
368808607 89935
385464910 5129
195605045 114557
349051036 88157
6373242 40307
331907443 92195
293514812 53804
862213272 29176
335965442 38805
314366666 15783
930041386 87722
511750228 100060
490307052 32175
889289638 28871
476897604 100220
331210466 149464
449074311 87147
868618329 28601
108225888 168428
71914152 150957
370989733 37756
335299423 131929
266202971 43198
370211495 77482
833172968 79310
707241455 128927
584370823 65415
464202444 146535
891388214 184371
625753639 187280
891925769 87334
591693852 82022
472146917 187966
226449851 134601
691578802 85057
130948006 130354
894484602 154462
414647051 142965
796683447 138197
453237253 112952
271208268 187217
12955289 86166
98143760 79645
58523629 124459
84110826 94271
740590084 198367
893006537 122957
709666293 10666
154861990 38235
520172065 21041
681052793 140719
850621239 118990
76175019 102309
735399281 55643
839431748 123351
131302094 89369
144591524 46428
61975281 14015
894869743 87431
744354025 33942
748914718 189840
806113959 45906
772816881 6126
292361131 108464
664818871 7396
934309019 37732
939090471 168281
495776393 151757
92418204 94272
878644284 191071
432024854 44285
727113935 198579
204738776 118291
2141625 110246
980596648 120533
344356608 165161
587060738 150963
211020821 144469
165713014 155514
435409962 95010
131765539 51198
135157754 72203
602832611 19804
250433502 50319
992901451 2410
864941294 196544
12751930 153954
637514069 16709
341164050 145853
519383513 167205
539661013 56657
935966826 87604
211796677 20875
94646596 140932
561833346 1188
86294998 88303
304496673 43910
824262719 30827
989825200 159678
998457608 111378
279417312 163866
82245889 116751
262869482 126950
724079702 148050
694858328 49822
728447968 142789
977759009 31678
900221356 42246
197222219 33595
955466311 106136
40979842 156847
103210762 36071
494001790 65731
824290872 149411
562219293 182815
95593407 152103
958432357 134135
496460928 177310
802240549 35569
975816276 88359
531308653 60711
473075873 24093
343445480 138290
983519559 73705
186376760 38131
162530787 188036
64139454 184254
868821293 125269
471772136 54620
689333945 169581
945813975 192225
196090780 92664
892095517 136953
498826139 3825
472840703 68071
716558514 85426
844917967 71911
419295864 107315
130804943 132414
301546791 55691
424908348 191307
210887776 165754
586092799 103011
993449740 139501
123336678 39003
778644677 96374
450892336 132876
646025112 115037
153877449 150919
226461146 48810
671007810 96354
542012910 21646
304241497 154490
328435593 107996
738119555 190101
305079806 145449
191488822 1871
240072643 131384
616960835 86425
393683110 174154
68977513 65789
50137105 15306
399385534 70906
484154377 86809
641373943 93501
626519724 77991
203678976 154262
668814118 2319
607009861 102141
768722321 172917
269991437 83130
221242768 63553
606294727 10204
148417159 16191
566784149 73867
262316113 179715
932022374 43146
76406783 37033
227340092 24083
360064589 199751
635391913 189960
306262033 83763
140600728 18108
566228256 25167
403816448 145337
307736021 189318
528944217 158380
963607684 197461
883564476 174037
985451211 2440
911862336 24913
66880221 199028
399097992 85807
407826894 161501
431292417 94417
658502475 4497
284727623 63357
159161084 24410
772635734 51749
921654726 148372
593041720 183503
481968886 104129
910536781 68008
648300411 148585
32701959 73104
380798880 147256
94050206 36533
275504013 103516
877727466 199721
881656975 49569
535968669 1452
491324412 3411
348086437 132953
74299603 98571
510520221 125030
235121296 195026
729111940 125372
311302938 179860
234862931 121634
699099910 77418
545088590 93135
636246496 40938
257623514 180192
273556997 77391
938514018 81094
232326935 3725
362464882 44764
322533304 54956
311859377 140544
460458587 162343
637778123 117670
151962850 73275
239217395 18188
511666780 174986
806829431 153498
715110079 128994
455124678 32962
860133429 63664
749921034 6253
663897672 182119
693571201 78791
854818763 79510
976252624 58934
169000579 77971
742546073 35603
373447443 75555
953796743 168820
199637354 141847
761770993 181185
756929608 72041
30285692 14781
450828195 49149
450059673 148802
747997795 119999
360576065 87048
613667093 83216
403624419 134137
116394119 91254
56516218 192779
174202478 184623
405692750 24716
969410568 110526
16457267 138514
571470422 19026
78071958 81450
404319121 82103
199130194 8416
354932678 137904
132820051 73405
286845039 107573
13770901 63217
872086411 66841
414464057 11081
23615367 61005
876810031 134927
951240582 76191
646468095 80901
169084148 84649
365340083 112133
257182568 87351
861917904 13770
318252480 71571
982576711 167088
240323524 100233
898159039 87225
444853839 115871
446855116 96047
38148521 91272
579650834 6610
183262701 161089
986935240 48202
542839338 8446
280375398 18174
561078265 135317
921542532 157852
658768938 132910
753992334 128455
904802562 189562
997767111 151446
723457007 103738
611210586 95207
454162681 76368
200966151 109370
671281602 98892
336380559 101133
317609469 78249
327245741 190397
741430631 149533
159788837 100105
292457041 8687
324306482 93148
277527581 38016
487748630 102676
530158655 63567
706175196 101068
624166318 170047
822122276 152726
277391256 1203
656698697 108259
369855931 7601
380271923 147588
299085344 146802
636377000 5525
252032739 109192
141508366 69487
898752275 194911
1149279 151713
941265251 23510
272982617 30930
401839039 128173
653706266 34879
22048169 199561
156840089 172322
173361557 156708
239342822 95413
761845016 60857
846166240 147908
24898194 195044
76192958 92187
281058109 85077
908754341 136763
708380504 12447
812988318 99926
207915597 70336
532463891 114051
546842236 50517
707177172 10518
615559055 145043
19559348 27584
133417006 152429
751138905 147713
373004784 85110
801921678 3423
616775209 11679
473301429 138359
236694094 104546
728319246 24411
220004505 108057
617611599 173287
158497601 115890
343138955 108708
676597501 103119
844581563 35564
830553090 25060
684009125 32873
619409473 147114
816992104 46423
663196698 63319
335656048 100106
439747035 13793
585028909 11488
746137101 191156
135975444 39528
849035480 122122
390236300 74212
756492873 23166
300693034 116192
429620913 143879
884809044 126846
933399855 193691
799078577 129234
671865990 163923
41413220 159618
314001316 139442
464582833 141186
774380015 98325
778762601 26386
774448705 90468
763725039 80691
319378292 133524
767672918 41819
319285877 147811
779836740 89159
429851230 182220
126496409 179004
807501599 2685
31184825 7182
18569593 17041
615650460 174643
658889625 89310
373940013 61666
750010725 70591
275951364 30736
871303981 165550
749429309 166344
699686023 77230
902206947 97353
254822988 133877
566829102 115981
160091580 133619
842036546 61741
659350182 196649
911217121 136493
167428879 47915
304711401 8571
683758556 81970
182808787 76801
372583651 110197
738773218 169519
212006210 109222
857940320 167246
998725512 194258
271773386 28926
702712874 75698
189033005 111472
266454971 69721
843674623 163492
160094589 178970
875302408 25025
311658429 65331
553310509 152079
633565605 171457
733157096 37714
626481113 7456
617681739 57427
158249030 28227
496819290 199028
528399398 58105
347657297 130558
162229320 8918
272764960 68857
380512586 65558
96303766 71475
466932022 70621
857880930 10793
586592393 171864
883273117 7371
124522149 167816
203459306 30338
897950094 90214
36357930 164172
999194047 119532
452000684 105508
136158422 127173
53779274 121584
641373997 113053
707371708 104551
537671813 130124
973210847 18272
79577285 21410
850412505 59083
350339853 100051
339917146 173932
774139604 149392
466111136 29724
238322738 112557
864890219 102658
997075670 36425
18545153 45667
278041473 45247
13818664 11736
134163021 69504
854051223 2781
919009075 79332
370902320 76738
474680199 146092
633568223 5726
755935118 157101
430429375 131570
653324661 152383
557088531 174834
180001227 174206
813332569 157935
963795828 192223
203589853 121541
949084783 191420
273722989 197013
160019297 141809
826323792 198542
350807601 92334
882434932 16916
328643040 190028
818095983 28807
317680464 10650
276922877 158364
556632396 133515
163086345 153507
916663212 5970
288752756 161263
41519412 62040
360389115 43998
390028953 8970
685391428 55265
804798558 67309
352791939 173517
169849136 128956
649448994 24875
628445251 44107
233129774 196667
591238950 40696
706305283 155304
623144718 57438
211386519 79345
807508505 198787
404534600 72658
153837005 27196
931998983 45051
272854328 59515
646830962 175674
969031455 32932
410220060 73308
342675931 106111
640927369 185566
250689381 120160
346397194 133839
560144707 27339
71481694 118491
245998389 102267
318488212 157044
616042031 149571
897456061 178349
812561697 24914
846845384 93863
943806171 73602
682503166 106992
275443166 179049
456395810 55339
470164386 101618
94185167 78169
504472144 78391
814919672 184610
637390911 168354
832230617 124774
479626475 32276
112049179 128291
297284403 4421
922687105 16503
662568146 94243
634672412 69242
624627857 136495
263710374 92704
315292789 170571
385272179 103956
129747752 173415
92051547 44539
635223591 192970
604309678 172639
913436102 145607
771386582 62223
84528272 147110
97464420 2046
171198596 13171
59802807 138542
595283438 195912
295233767 125768
615809587 60406
24493763 1430
727134377 102613
205844424 55100
980950809 9359
312632236 147821
240311544 149257
567837830 174020
229979869 112343
283570111 185973
913020187 180440
163180503 42024
898251474 106981
530630355 17589
223528368 109455
932805559 157198
728502641 45010
382422364 101042
152881992 120549
592867632 9785
813164834 121851
161622046 173994
269634823 184545
154459431 32211
495337521 127446
777829042 191498
103228238 120345
113072637 116545
550016561 35590
219001126 3129
992662566 129854
915005261 48904
438583778 143909
823158721 33169
267735039 98658
900293087 2650
759817861 117988
739524905 42907
214954620 116142
928901729 195637
375600999 139146
159226017 149830
368949124 26240
805349557 37866
261358748 168887
590991100 13197
54430965 172512
129480962 155746
314308281 151406
611378896 56245
266453517 81848
378897304 19425
747667144 107409
338791003 69115
209668035 108865
531258448 15874
400407685 161506
640621718 184070
226604069 156642
948136223 47384
883411504 37351
493134221 68674
205021888 186541
669031582 2873
954372796 91901
421485582 51612
240764843 157406
974700453 88104
876448840 54769
433753789 195013
208236392 117531
289566310 11056
512275673 129206
332692085 56506
914856410 169384
757892065 121909
928265690 84663
449545501 113142
428620773 133675
801779877 132858
443885931 153834
283204762 88908
922685468 2679
772083718 123354
201768310 53867
151681562 111345
153680751 46984
960669091 54663
930226882 59341
976538127 195685
905230093 1284
687339549 47352
564779232 154290
874464284 23091
838040919 151165
617510680 126262
467612180 183962
741472630 104028
820090900 176718
860512050 73661
225212237 99810
240140406 153136
282076505 184692
652760076 157796
524032480 40487
537126206 195592
744027193 36165
743952835 195693
515511237 18024
425333918 43784
523483195 8104
252419773 87677
537292327 36511
80472267 18373
580054797 156007
569838676 89808
553217199 198670
162088946 186156
900645020 192111
476568571 180716
902159556 45938
598105983 107315
293510233 106910
367914543 33335
704119268 132594
838551978 15848
39857195 140932
837370979 4239
26349173 24497
269056696 3277
231153842 100634
872775083 107137
211956102 41813
968658656 17283
119861582 39289
891042993 189369
251595969 93226
3454145 170167
887667146 138792
420626765 77240
123604879 75527
693039749 145419
630538334 66521
909036329 183272
766685621 23427
119345390 30503
690319990 8487
885004704 136301
370797227 23104
267539300 167764
531636474 171596
367214690 188512
367649928 42797
651450402 128584
416118109 71166
755866952 140528
251629554 121883
230440271 57874
573583114 40362
376455430 136670
772092142 59540
262014654 101726
405333802 128683
818753966 45177
741725343 26481
500346001 48430
141016851 165144
29291080 118494
277561346 87988
334849316 74785
415271121 195367
579891941 173511
376991535 34234
979200938 161641
981389066 28667
253964985 109670
301825058 178190
438104168 31778
942422447 16072
754132008 169989
268583797 113641
896738994 16960
377013844 22184
567026028 156445
362973802 113889
861751331 178796
222737471 41607
770032305 195521
976376172 139578
27869113 92928
839346769 33363
141147028 102860
255865553 124234
741814213 4406
616288350 114448
823122216 116164
941797456 101259
927194150 54412
514226277 190290
744972981 173425
802956876 88284
992430159 74274
970803189 148508
251741586 82550
45596222 94555
471789678 146280
701600750 115732
341974153 14962
249153602 183210
342000342 69436
390494183 195203
415493671 168828
327600103 70049
275464580 107609
977597738 10403
3926637 12314
892934360 43489
878412720 42390
661524034 182054
587098261 25200
232489220 21565
199543608 181654
754845619 24652
612075328 57383
699695315 65592
319539327 191719
843177140 141304
871147540 169251
798200311 73816
92232104 129527
428294188 8692
342484671 11549
819518183 34778
656048796 48460
766183179 123882
215608517 13410
847666967 188345
242128094 106765
784369704 175389
634825818 105715
139204687 26177
850795838 88224
663570023 65612
84529187 65459
169767216 43513
55851309 176811
152803981 128608
736149611 147445
242773758 14559
297307036 139429
923643982 97991
211289693 118776
306818168 131405
823144164 121627
977345824 895
629195131 63935
63107565 66896
733805184 132920
639758417 132904
155314467 42344
927265660 171079
392038462 180551
619147461 113945
746812087 67513
391576637 74579
263097460 112260
726907916 161809
419887640 196790
478403263 105644
66743728 98638
556186146 159072
762272957 25672
393712786 4068
472547941 172249
364554942 51583
333150334 136540
216922279 41565
137652495 151656
728071689 196243
617439819 176165
185383323 92113
77903548 90079
900832868 127581
432721556 144672
263641065 63118
736079230 83291
388319515 133255
704233153 130961
532722087 27845
163928481 76299
830057659 94247
414605156 141433
588335070 174718
416545905 3667
17277607 77873
603112390 6115
201975689 183774
361186787 83252
540790616 175812
11759526 1116
990042768 111366
262735492 125156
288471104 62517
118648131 20543
961219275 139302
702797107 92611
377634415 158012
182726861 32658
329320040 125543
819950601 108535
698689506 170886
974296582 121909
481347436 21627
729354555 87982
316750499 123455
948141219 11878
766885343 97323
602037441 121825
291571763 26623
528734281 27755
679525455 194779
550035283 80304
117834616 119355
323439111 136076
468295465 77329
413326392 56519
307254018 19002
139648578 50303
153104330 8276
904983086 194161
990087853 90546
16406348 11991
603246544 62918
648742408 195980
635986099 146495
112737677 197377
450903101 28868
927544188 148463
679357122 180183
101180228 38980
139058714 103542
838195042 81504
349905043 11880
468910606 186195
959733653 130772
320694544 102261
325289008 17714
520092292 25666
729024025 192791
492876881 107108
224895205 61065
373120705 112222
714813996 107698
662500402 160113
616754014 60536
489320262 154828
751283381 31715
785649775 36959
517656501 80567
155319114 14581
604838429 59313
716642006 60637
675832172 109375
553761299 126961
712292808 143111
143585960 156106
797255662 186734
172034452 74144
838054417 150360
484529649 39657
201918451 132441
915108127 105176
197548405 88589
70997026 103142
520682391 140978
85872918 164254
80475563 129322
661133488 85745
149567497 150251
217346074 198600
449308917 78545
64404637 142005
801056871 5311
549426433 184958
167308103 5726
159956153 95330
213007406 107813
107405065 32342
210899082 99659
498643419 108809
813053057 87302
743827905 93410
380348791 77356
427777413 141549
328530406 33291
821394201 125765
221657647 184295
711128790 84238
124926850 101827
865065011 23897
193564766 8193
83146766 198715
845953714 147111
979302099 146367
9858515 30921
545584133 136857
395416497 170426
104326447 188895
568321523 63825
344671471 148121
523927929 199795
806053197 103873
693679183 15817
199610999 155252
10789081 177126
203667141 178571
61877758 159891
193000743 21362
320284327 161828
156720918 197048
334735732 153143
672106407 62826
557356673 83087
813847552 3908
657751599 71723
418101687 102479
379850757 76035
154650313 180593
595115646 54325
733407441 142567
662733117 91709
768265084 18157
848830169 36011
382829863 169478
736125264 189927
848584241 21478
662107675 8606
952944886 116694
211728287 45281
665395504 171432
625587979 9140
28525357 144613
750424668 40578
537799370 171430
67307036 189899
449304806 59622
148405117 124931
858744203 104922
278521023 89616
780835866 32411
142383501 123908
23072592 2364
522772783 23487
180841960 123471
462089333 68730
51796305 192367
697582827 33314
627521803 12235
972140657 69285
106078824 196337
176640943 77951
329861709 38612
70260930 158725
759567628 13861
784467704 47235
860564740 15859
925691206 56428
870124734 73479
983784696 88697
238060115 139124
534130385 28041
648093859 93442
876384662 192293
453250901 44754
165319989 15368
698024037 147941
798968106 81267
933371157 115132
94236220 167814
5836995 125583
465522678 36917
967929497 57465
582059021 106643
590664681 18885
314553450 46769
913818871 57392
236254689 111078
881823755 123454
542104682 172200
772739343 104868
621740150 24405
818144870 107544
909874145 177064
769194597 114033
789762201 39671
57280425 116914
896137546 147966
673694371 22362
706549057 82533
307481385 167496
47745666 39574
667287441 163431
352609811 10278
882395798 46986
676996318 45140
214780650 140296
924575698 47687
367447418 178416
800586551 128143
115579372 194298
950146656 165923
179943207 32474
142749106 79012
561601079 92637
506044423 105331
187773962 152975
108663759 172362
65347398 54484
491631690 185557
607887041 68188
347928455 17795
79205134 4671
769647794 22712
82021446 156763
465732387 83151
136286914 148093
364724579 56832
2149714 146022
563289371 124324
522318087 98163
919673610 193493
711642029 153745
270908415 102318
185158919 132127
941136426 68967
354007495 177555
60479028 140700
99300153 60045
45973535 29476
441701376 147537
442338855 182664
653458234 128888
21351515 188157
962681485 167795
6695620 126463
813984552 88255
367234295 189148
902223244 32091
116853435 111734
915823479 175697
203668829 68923
161801978 18742
782731578 106374
260691041 159275
452023197 64627
723408664 26602
300421788 92399
481855939 181518
746080064 85019
831921303 42080
192356450 157247
197906672 21166
919194995 138123
669951402 140396
233998718 104068
707911781 11673
162280654 99811
129346316 190781
597148595 31388
101113307 121658
960037170 31067
341239334 163358
886167163 40990
774632010 125923
387062563 94476
325950665 37259
795377210 183749
562878552 12147
549869064 120982
415488210 49785
536068030 121783
451461780 32811
592615655 189743
735660077 183726
376813617 144100
692047692 3688
448453610 128610
617708981 181520
933494631 90528
329094576 94194
200847635 146992
11812951 189500
43184973 16916
625912624 176151
220224933 37597
444178659 68156
828196878 74966
693646946 29032
11168029 29521
899318417 134382
852137302 85479
482104541 2152
357825263 120442
118536261 146225
78844721 91795
580893436 18891
262053437 151152
46875569 140840
968429107 144123
98706497 167580
815860265 134778
286312068 174105
984419466 128948
50979994 188615
336013780 61551
47835515 139126
955226752 129549
897758034 157251
914918522 18032
453329277 123220
297401532 152720
176321217 24138
669406283 4324
17361879 113362
374896245 103769
850311387 157127
452059548 189838
436937107 153314
826386621 133579
59086971 156638
441766055 110180
96098236 19487
376759804 7769
69183513 143929
392056233 176425
490782931 140989
700213126 63019
222239773 30570
855908066 168207
386113346 2276
905538375 36735
93444493 123709
651352353 31862
293329647 46485
435847647 91923
937482617 168765
459883242 33402
517338204 937
673461571 116167
993499245 195046
813960050 27804
438239596 27872
440416657 85378
545408165 182597
206031913 49006
796100045 186742
758818989 53635
502008043 143117
909054412 172396
819590446 138202
358617827 7909
562051407 140913
613931081 50465
134584454 54424
179236123 169085
780365927 195599
791596990 82682
818723043 97135
386486639 11570
551505401 139291
443108037 153572
858703217 142379
582801952 122540
644062413 15839
680556313 65027
207132653 125740
377103694 179576
243506764 12657
329325415 136552
175546854 182739
88504075 17333
883234919 87995
521591472 100838
326769095 111399
971874033 86319
605891294 194221
403681651 38361
314255341 57080
970181219 151625
198930414 118093
381526469 85676
672046181 84825
157046554 91393
583698740 124077
636377928 103666
14117878 161377
161106140 83206
438839079 53280
566656533 186205
114378392 180988
86451547 41178
834082833 189524
765202962 107162
901075607 106139
492674566 124923
441994115 186895
894521572 134152
157840582 27307
815614369 67413
229507229 173345
885792588 181821
383457782 129133
364326189 65543
532838165 186252
214270661 27592
331085513 29101
949739279 19798
781652486 162672
753618040 165019
973000999 56158
274227365 188541
769930668 29839
707196839 56875
283481396 119270
274678466 91657
423331695 197611
545045395 72621
928664568 142733
94314511 122264
441815087 16673
238801070 2274
800401293 11043
504819038 6542
134381420 21648
217683423 196580
731578084 35596
300134811 53682
934283633 129255
47599711 81959
76635794 165817
87058128 156959
767072201 31801
761213655 75694
48568410 100403
137860189 173728
484721664 186906
409672590 194850
29619286 46795
878797009 196529
715109877 157413
155144173 129546
564604599 122559
891974869 118113
528475392 47503
838590368 119065
625786846 170446
781052332 150986
491096679 29531
32106986 88345
906675993 3283
249951519 188143
907389496 10233
807828093 166854
608498941 64513
239063149 5045
584690663 96371
946740461 16257
206406735 135639
3024696 61585
523081205 63423
616994176 175432
403588371 82957
599785898 45769
687262572 113871
247284513 115436
582954809 185832
191691531 174122
787003148 45989
271686655 185849
339721113 69539
250244794 112089
362307421 117725
69236802 16709
978636227 48447
848160032 90237
630220550 172401
659315911 195512
614520545 127840
475283788 193822
695369888 177789
384982060 129194
370036668 38798
286626775 163768
689181876 150511
391032687 66471
461122138 83080
518327993 35475
19136122 26363
657516806 182966
712345136 78637
609485456 43687
428894999 113817
504878634 181921
438450427 12869
451950394 127208
834462652 193992
873003391 118283
521624300 117496
570920965 85616
71494525 43698
230236210 78823
121378600 103463
610988121 122001
527093858 53861
755689574 109380
581396068 47782
285260861 10779
628724797 96754
184359640 139177
274418890 168595
192693968 96536
999035052 84625
871300816 167649
228101852 180036
491723719 126653
356546591 84386
920372867 171985
383085257 66890
647544911 22052
14649344 107506
580858749 36723
202327289 145126
454503462 37091
517212668 81239
899823558 180725
763858384 184889
639022167 113348
390759407 129302
375041110 27462
711894672 128773
263953938 130412
785857166 148581
930390852 10183
112581013 117939
375511655 130486
239566396 144667
101513834 108022
831977886 186437
266746143 166233
970797018 176264
262760535 145389
840172619 177488
753142387 95970
712962021 174569
862337764 158466
323541558 171795
273317593 11355
955005599 5467
599256409 197355
861274469 48383
462634897 83336
177546878 127565
470551706 12196
555126637 99707
845126550 104498
82518625 83339
660240621 52764
518574986 41935
634287572 140446
580370414 140814
943678784 89523
903348860 134285
784098901 158032
929025154 100758
319713600 186217
698403105 144873
778916307 177267
990342681 135668
563584999 149308
46712096 28432
467951402 98871
723155425 41861
267595934 185418
993005843 2017
693921159 37568
601527403 4129
224591628 16160
225668608 65532
214701812 8144
228671286 175147
783686070 18221
605444614 40549
688664438 105454
141685088 154054
119136389 139424
524526152 117793
995601662 90550
587748237 172817
750220469 135775
946468711 66910
527717546 136473
484165438 28272
363842776 4586
435795508 123453
627248572 195565
544038132 162718
860611786 190283
428412711 131814
328082002 11597
728698742 184325
365683538 67461
492253759 130335
473022750 101900
165053692 69099
291911701 170384
240667602 121037
992677404 125793
252870101 153753
433999123 65456
577870573 23028
346782309 128911
878094978 45457
709805628 41759
719547631 1725
107778874 147035
814047528 173772
168322272 40768
600494966 14130
685008605 78489
37812141 149168
274656580 19255
405655486 18320
84604841 94822
283927697 109368
269863341 127834
98346904 35970
97910399 14089
996600689 174030
264621557 32798
927487123 61341
528901851 126598
300283343 185481
280339235 7262
51685108 190340
547159024 179624
926280078 108703
193474730 18655
878816045 6420
637238950 110421
183043535 181073
2995679 57295
565944251 76646
313226646 57260
918729035 44236
185421050 12930
249241788 54407
602455967 144182
377924743 23489
361871347 190353
897139736 196716
283813749 106430
967232360 73817
34134250 99588
584179298 180815
508934247 19613
528361258 145568
245614194 41505
157198891 91635
956484966 63217
199830670 160612
438077879 60856
600481153 105441
229707937 39631
62157485 39297
151851560 60864
536120459 5259
376888067 19204
829325579 29661
470348196 88703
23395906 74670
166314391 133317
386091043 87252
974201833 158747
238840847 62598
872949305 96118
543499195 115729
572527500 74298
838595669 182096
557292985 81898
8970994 2195
19646264 139123
537112097 7140
688520018 43374
274919868 128990
825098777 94195
36919801 48638
488051936 132544
146054903 108557
280937799 38937
372772214 83815
940940328 69494
492716866 185835
358928171 96830
561350329 14184
823305809 164290
395132529 131941
538336437 19670
666186082 26127
977778559 195060
416766486 46259
181290769 45777
152248169 134956
676142571 45956
299193957 19227
903768212 100123
355831720 161879
650212892 146955
645406652 88604
930103111 55596
837661127 72233
200104214 144526
451692001 182696
929324399 196952
594078681 74242
215958495 51224
468835804 179504
72486579 195887
434277471 145297
96813971 23202
420846028 179026
467779863 129820
560387619 178036
165936073 104565
660516817 19666
668299225 39552
665991014 185222
352130637 45119
740094163 128140
304427634 77806
940631410 199474
567370895 149571
754123776 126419
234674092 187722
556509305 182141
591270129 116988
691786920 169448
321385412 65170
245182203 176414
461841118 119072
231285253 199257
710688582 103247
803692351 5732
273301163 47043
881815055 174296
198790463 16841
300745971 159474
459062259 133754
151679613 103600
666112736 140858
284181041 4832
310840454 198310
63562875 83412
377775552 157101
847202153 131553
339223814 31621
546136445 20700
810387862 15340
838896005 72855
564982978 98234
486900919 114025
790179909 182860
965992892 28862
769329486 184499
913980445 155038
317852645 85508
102415187 39081
213331763 191548
681681728 20060
112747082 48694
853997577 162044
898112571 178469
940878142 138842
851702662 160382
53361301 189138
149912809 63151
925660480 148854
12305237 130753
20216711 66745
253694284 122717
174398450 112833
369466282 67228
947425049 192011
559946071 138815
484208876 170543
131535721 44555
53383457 60711
244315826 161246
331379905 179934
380165633 21656
823336479 24791
264074571 4735
734181315 105818
344360382 100490
955046857 55987
66439825 20357
894604526 44098
38264112 11784
589894732 128021
24226906 166244
379209651 112117
294219953 46696
331636138 112055
429192729 18551
403433970 68637
711374080 107601
557196629 122351
90186633 187882
300919997 85115
151083346 98828
614427721 116672
596701495 128143
577075527 4015
99894237 180854
911387556 109161
11160610 102803
695298133 20456
902447799 139081
476492632 64599
120241469 199291
981710493 103074
828339165 27150
945315609 15606
833003378 9754
500920184 151118
397558539 38563
845352196 104340
417804371 152121
70193609 61417
660268393 145411
392804258 10267
751964498 143416
383662382 199756
813369632 133801
496504963 144127
791643255 9277
417787363 164031
363057167 73333
534528256 180186
46349911 57054
105485778 25876
807675203 194187
803926951 82416
370549793 156323
914110802 137868
148381413 112601
513383851 199033
218829675 73653
120902214 152126
373325777 149317
459004108 120229
985575571 73843
803076571 189832
482859538 49762
931749341 195331
843394463 94979
907349641 144768
327288938 70440
163247029 27117
984774409 150058
864014969 77670
412000875 150046
894372756 77960
734473439 114856
824534100 105829
529902685 22035
444281282 108703
942972793 167034
544742410 63446
757126558 95075
70906683 88800
989306992 90904
875179217 131035
151743453 192202
173633316 121005
506165801 168334
876130169 86658
513326257 102159
618883342 48286
696261547 31094
338965644 79529
569844208 73905
194177135 132316
390784910 177720
343122335 167069
395904366 98756
845892373 48599
824536464 1417
239791595 160478
464110976 1347
471494889 76434
881222782 92144
701383766 65481
591873392 198205
40151300 20615
598724903 123687
62369977 199766
757787677 191436
549062881 96578
658751519 97175
838948201 14553
591031008 138939
896840140 48571
85960726 8316
754829168 110620
786141385 147143
820449258 68089
189769624 110318
543563078 2894
328448026 110290
589743143 43338
238217068 139915
215859861 3125
764989151 114331
455894016 193739
617704857 142869
143588260 47769
874411609 189140
343236781 179987
272622245 159357
701157041 146473
438336624 2647
646461517 174183
257236136 146106
400474124 2336
768903437 34911
503874103 176160
950024559 182762
760147871 12508
497122721 88441
983806675 97155
131379461 156417
763456428 167688
722800709 104890
646485847 117904
471734724 23369
88224289 184075
415290097 4102
839974399 94008
424276786 92422
5883585 118368
977337459 192321
871234955 91049
287989512 107132
310672343 196531
95194068 63829
277870139 198581
146122793 112758
319108653 116735
930063672 17572
929965684 147216
587839285 39610
378805075 138155
314384518 54273
428264360 64294
795363938 149632
769786781 189949
45800067 132626
594769474 163719
60567464 54587
76838242 45020
640607525 31928
113892813 110848
923447880 86916
63128284 90466
152882197 177147
501624609 27386
70157072 31393
39264418 35618
889331841 156928
689947478 137768
268524590 30202
999670119 60811
948217773 36806
886944346 10380
347653739 164212
407848338 166743
467419097 164589
26369910 145587
45476704 162040
736509880 20194
709924822 40759
475371562 183138
497727673 120279
42237844 44848
382123115 105801
586475851 21522
32408036 192780
970209032 120807
466090949 158735
820738985 177897
464634183 177154
240498653 24401
694982162 172106
137468947 72452
297138260 80831
140196213 78388
674297861 167272
504857114 1344
503732404 70277
199217687 172805
737641341 166622
831667945 177922
834409484 5821
256775615 186264
383953381 4898
614683451 163366
75035852 95193
427363185 106084
258321178 110887
753220569 128958
987048297 192334
857377 73407
215585971 49978
846917431 159091
653728974 183776
899158549 189510
690597783 132880
318707214 15964
124504823 34379
788017924 129506
349353842 86848
442449369 147486
471168386 7218
178137963 10441
720563664 116102
874329993 14087
864503869 184171
582007052 124289
130641457 51194
548146843 96446
170330412 166203
804213075 119938
362348513 131860
329776308 98439
835912669 40994
491221618 42004
750975991 957
365654053 28487
643959549 82538
569040971 151641
131899807 108116
874086302 141704
392676373 96184
480309280 103600
120207064 37292
818855220 32977
145378430 143887
15450895 4165
958901273 116250
360610955 183548
808632707 73579
566462026 160037
604482570 124257
544977347 46157
835393913 64858
746129391 14590
664872653 43576
433254606 69537
583035253 1114
851777591 20269
840915275 68906
334037848 191490
464450376 92768
738388698 82705
908418226 194725
978795327 80257
113949276 33364
424569920 149032
669254412 122108
142726777 67789
109352341 67240
855314491 78579
610174635 75179
554175779 125310
778600485 126564
765197523 41763
758309067 32590
146406580 173275
402882274 187067
338899731 65035
769634991 99390
799823797 27369
278138647 23177
253052030 8276
543498482 117269
973065738 47263
586400920 130984
86578373 129491
447284668 154542
789099093 57046
860348551 47635
181282525 96731
68069660 111163
653688482 174374
121790893 119080
255032319 3780
49799973 150019
406552515 44986
579233568 145057
478444335 148737
477065653 146779
185953283 66679
626083352 151658
108041441 177474
301392786 171395
347521876 90808
302030666 1162
156040349 174564
194614259 196316
185915541 168459
900008620 174939
119911276 9304
518271341 95551
328291575 125184
613058341 177332
221901294 64055
550812275 31700
271703809 124798
918043644 48118
774481700 156141
985544618 68748
878838250 159966
791902703 141496
243954262 196136
935674571 66693
68383065 199833
80254370 85330
50432150 166184
428896762 32538
271340597 77799
911782787 10195
218999701 59540
166900167 21444
522664923 173943
848929606 166167
676509824 73817
33675272 160166
733240723 5997
315300503 158239
354184974 192600
928942893 184263
677077273 102480
543590057 79474
822894731 18349
100496250 197255
728151656 180846
41008088 147811
468450399 172529
98804391 197250
323611590 120947
47715614 86322
311961340 164127
587428992 106121
770848264 57081
782318348 101848
13402518 88564
113981425 148681
379991052 115158
821460824 149641
387984513 27254
932424348 34900
615191659 102644
402105025 144433
64833093 187516
594668017 101432
316532833 175115
950294467 94024
516469584 146571
309350710 19750
326469204 172395
42725385 34219
706422140 95160
293276296 4543
414584568 93457
227269449 10993
735973433 134238
573206684 154069
826739023 45435
776377613 13672
864902716 17949
431139222 51610
499792502 150223
903041270 135267
192397974 117429
952733398 182623
110380041 35777
608541946 120200
12538306 117746
956825335 183690
481480916 197982
649366953 161825
12889195 188272
680666284 31445
578225316 124059
720437250 39830
581280703 27107
469250643 80840
938646356 175689
440886547 45209
558917526 40973
213087987 169383
56115896 59896
720098648 169154
206739668 175083
95863207 188118
702090392 11097
544716386 32206
876569496 124807
43710785 25151
970440980 97168
12789024 122838
598089629 160380
978201123 123251
966437580 44232
253035604 64952
335980287 6607
617794083 127474
401174985 26044
984177427 27711
755395246 32882
395738903 181553
179669470 157130
571974568 51453
288600993 164592
49973367 100128
339908669 125250
639643093 142824
663658148 199003
964201203 12491
418079252 81478
303663939 144134
740321118 190149
173429669 14833
121515865 25812
113256286 16645
298265331 77068
476097043 22363
845122510 1178
729493384 186822
46217966 40013
644989278 170030
710473510 110157
436362065 185881
882288766 150837
605902887 183030
198020490 146156
498252306 48231
611512512 108535
155843147 121907
872698773 167047
589033585 10774
57209920 135258
183648443 130573
647485566 129335
893922322 186706
606446289 175687
322367942 138189
100048729 3844
411615757 137082
91258988 48788
189254378 154721
3175208 147916
712705392 26040
879541850 157291
665473320 59798
846349961 97093
458005381 95239
943677216 189510
131458585 11668
709978564 128413
30914396 121070
199920685 98349
818405345 123052
339326614 108740
579427394 148672
520556837 41521
281790409 161601
433315369 120992
332013702 62230
122908521 131485
927477548 52764
735609844 155435
368653244 40118
242065126 196582
770764108 185014
527417979 86493
299949338 170524
607992512 130587
974535268 176092
947155320 151114
634028757 14877
336745004 42625
14976798 10327
767198592 7172
185600714 152267
211304606 185480
718428239 129256
66904537 174795
600838088 191242
612552702 6940
476327655 108979
771785463 64334
258188701 179895
111169441 176310
790442473 102741
155355473 151010
383402706 15109
237266638 90011
865246493 14624
377320615 177704
266462584 49529
742747078 163558
957074388 62186
782091888 153391
119732829 69339
767495179 23168
699459530 2878
548313917 121198
346444230 77499
636709921 49087
700070207 68379
642325358 20700
159400386 27090
279642687 35198
943990458 163743
426407732 161329
875219075 83699
341583835 112802
741049758 104180
495632298 189291
954505993 145414
909637535 21363
376486792 92250
899304911 48318
672835570 44015
679844225 178458
82779971 140880
681870810 64801
400694681 170796
47392194 143869
307399744 118355
4510442 16547
416603053 50102
141756256 125859
327224211 176803
427346153 174637
146620163 13991
689717463 76623
793837136 121429
190141656 38733
963009451 46103
876127683 190739
607553944 167850
829863403 194195
84275782 6866
486408046 75432
812911976 150272
182313702 113766
613338638 194716
608530291 21927
204809282 150928
514716213 152864
10319117 89249
617761369 26115
366111260 7068
74896735 85376
902863464 6173
400665913 146460
49707143 106565
210648111 147236
460687939 190782
360601412 52894
908263715 75035
960686846 10858
805745834 180375
435079880 84074
872155888 156386
404506901 13906
799952836 43889
546464512 20819
264725365 17308
169106064 140989
755563620 144298
144649198 182986
341197500 102739
105122196 667
89954492 156668
817421669 148458
103285969 64499
106850120 164207
36026092 78678
799758218 75745
301080335 106110
497517812 189408
382006160 193442
913180944 96158
253315277 77485
144626757 184918
373119868 50439
101877485 107415
949889083 24387
15460005 146901
265499137 56617
648302002 184407
644735293 61838
423130240 93113
400130264 53308
3150156 119570
525034002 99769
123040939 74706
112884750 89567
542847682 22239
883661763 142229
967532914 21274
952414066 52567
95200995 48143
220089917 148055
163057982 11019
42932094 82406
801113554 18626
876251784 60292
462374423 177124
159707639 186076
727298839 151990
691542536 142906
24640045 47909
257277972 198767
6877904 32446
466919137 71292
766631492 171939
826350778 174192
572349546 48483
576580825 66704
395243179 162868
85464666 86639
19504782 104098
148084590 97574
317402153 82667
579799911 15010
861904763 160847
432904780 73955
511899011 199184
54746533 82736
406264738 10077
825786614 95703
699659083 45405
923447600 53981
944770924 164825
634019101 125890
300388941 74706
579490487 125734
530010434 13223
105868005 110893
953411589 79715
42072994 40116
746525851 30736
275917533 145374
991698970 43360
358185725 122231
891202202 25193
862750506 164226
525407152 25824
543406913 128966
208740391 91104
549609732 180889
414450463 68375
440833740 129720
50221388 139429
743862402 94372
211509691 129571
725153059 123351
345191675 151319
442082 52026
166081183 183952
45508146 81330
310319038 38299
442064113 50935
659110331 109992
340239749 411
360420013 114991
986861063 126098
416674480 23429
990072251 41247
670049405 184931
208425567 156326
680301366 86707
958072607 114000
381247844 10963
943470295 117987
110856648 51261
381500013 26
409555170 161412
524844235 9968
849206025 152093
628419284 180733
724358122 54665
747013836 99953
632123418 105868
856610591 196132
782084414 40067
792516301 155907
496788827 133108
364855191 89138
735800221 164327
873827672 166798
815584344 90206
387657571 38035
7729322 76039
898773583 126333
800405516 167105
366632495 170196
412834447 101703
88917726 131717
233950033 173030
313512043 177652
428909337 170992
699373846 139180
942274843 10359
751360722 65767
393080398 82638
91381419 58095
553305335 87332
460400188 186605
175022467 25781
782176285 10577
286107743 104837
170269195 180943
854473689 181441
345840728 84186
135443272 186825
492867077 190134
42760615 84551
60798398 148931
765855124 181695
813167916 128028
877225864 15184
495896195 101932
976357437 15557
450433641 77363
128787422 64122
883385285 34485
436202907 18109
210258042 136305
424758328 146253
914105973 54609
228162444 65290
473072087 99236
983803088 7463
230540696 64673
537493531 19124
24116306 19927
560006233 23913
402228092 51656
96329829 80873
211736346 85847
381536388 72410
669067176 119325
161689047 106396
349953571 61441
164068533 164121
816094780 53584
821026973 83446
136512778 47423
669290173 33087
692850500 50566
666375892 194543
468941116 142273
172123151 195543
705224187 117706
762800913 87169
302676560 37836
164834864 54785
942549789 1521
147770740 6148
54329743 172604
756284431 85209
507520108 87676
442012055 39520
736131531 105181
481497594 53537
413239155 109355
787666164 187717
682518416 103993
606523577 826
697006719 197041
281153819 36644
155153612 52443
901276858 71588
316352243 74979
915861527 134392
992176404 50094
899661807 109368
595570592 180196
40348151 159459
34864386 20953
696762055 106670
144940526 170545
726381591 73435
149324147 198361
245461374 176055
845517104 34430
797028024 67743
203266630 34775
536823149 94112
616498336 152926
578744612 125092
392926189 88971
72893800 26731
646177338 153997
653419566 94119
3320690 85279
29274607 143747
541683676 121863
764188499 16427
80407409 118848
154852677 77424
130667423 164851
234813587 21740
691814747 33585
272946948 31919
606904906 13789
799918385 187601
783576403 11432
200539130 46425
621276437 7147
254577312 111101
337880092 86435
83790238 108534
117162173 126837
585129608 12466
847438410 169306
793151232 132939
361452085 13224
714345207 162955
212758090 135933
665729294 97353
33386499 166404
199322869 71611
855722665 191844
79823903 168965
900356012 23827
923368698 95144
185656307 108837
693511879 166805
809097720 188951
682593915 164185
613834287 118796
22472429 57724
581549679 110470
777810624 10077
179785765 190938
346835055 58303
376157975 4691
913769263 166640
537916708 171341
706121134 90313
420530856 193074
347016764 68570
523447816 18383
242036174 16963
734655189 113382
282782002 28243
108070718 91812
972416060 191468
483751382 63291
808511804 52212
785100406 129537
277936144 51512
900172975 131826
521810843 94633
586544740 71871
424620968 106183
473799859 132802
463353544 62806
282388622 139233
9352902 85654
669608443 22442
628559565 95870
547989846 115007
243013636 127418
593208351 117258
769479029 173941
8852362 73671
973123904 182126
876603521 20663
894980538 112675
650163510 17894
990673957 183415
228434500 81099
473539658 155587
964019380 51179
408722880 175524
139008443 144293
657913478 6065
914205369 53053
342692099 98892
887267589 30985
354215349 170990
44085816 37223
693808241 136449
854661462 137935
863418010 137170
746319199 76819
967874803 45481
549337066 105399
910867387 25713
802654411 127051
245193085 135618
984347517 176945
105785583 131473
553860473 10861
466244805 78345
953397190 122412
457730672 197131
515209595 49138
619803468 197429
215190143 27483
147471125 186842
211933879 172759
405112386 34564
929962123 119196
402283685 96388
451713364 93472
85543815 1809
150365977 158586
89910536 150133
912931255 103308
822431444 148157
289906863 36845
747173304 171625
375876903 171932
72137698 38825
711580265 159288
475908612 1527
486717424 126080
552109811 139099
494822804 97453
679762114 13402
460971435 185153
144126354 108333
31904577 98437
607240241 105436
141675794 153256
133957255 180744
385422829 86095
514396176 148995
69637275 3525
195561979 105884
349796117 409
674307654 153842
150544583 190751
94001048 49513
206724082 194411
273083500 145440
358839179 162588
820204967 97453
227683865 94252
172960556 98996
956378644 126567
422572382 170296
619698248 102999
95935894 175401
643503441 6684
990868791 104358
809944551 168662
806655599 27764
189673696 185714
133928986 41582
215415518 55678
575426935 167867
653011801 179405
386667071 82019
672252484 126360
647995820 123752
421624754 45208
764309734 153818
548264948 73426
210503383 78502
853098550 41603
439510646 170571
331658376 170923
255516274 58054
200477839 164203
937536110 21281
553130844 103949
697129904 78852
480969948 6162
739713054 20149
454151453 15742
464736691 33516
58324034 185339
387336351 19202
996982619 173208
920770412 55546
946564183 167481
236799991 112087
247016512 128982
103193167 600
448874513 195935
629115104 40442
408023228 84384
832150307 77524
881520873 181019
531769681 175800
217737380 148408
358264256 2642
741172347 145816
989207571 62570
416463896 128974
349194080 165641
867915906 52265
63816475 62709
78401471 125625
988273236 22001
843343514 146126
905810004 83391
622309 30115
964060337 111701
237825766 59188
650007475 138147
457087607 79199
811644799 198069
353916928 42008
30570681 6803
146945012 80067
505807822 18687
585984761 157430
254925299 167509
605806200 79063
709919626 66925
665593375 118562
163749414 135540
97243505 104790
420227859 129811
846180982 128069
720733655 190099
327554872 56260
40304717 103604
126407402 170096
915932493 34835
370233384 165714
512690542 160401
828589658 90845
568680331 99163
146751353 50403
743350656 52341
369889630 84400
286526438 120616
156386166 150441
470217811 11259
385863104 167513
887270248 120821
720357991 27349
645030136 118131
868296065 38231
130651923 38115
264847535 102519
341416778 169848
581490141 150305
43958519 94723
9268526 103827
789958350 94141
791759462 6595
68151080 58414
955136780 3344
6068061 176623
413372623 177681
19904126 39352
148134905 117158
309543253 136553
700587242 167652
101010878 164015
797388590 173567
229983651 23094
677631105 183897
472598848 194546
880742889 21259
831496771 154947
937042040 172203
933649546 126906
52585562 32934
350607684 98419
113334058 17334
282337885 108195
362537512 32304
97559689 99035
582411545 125280
827904280 149976
367863315 134302
65256108 22944
770229932 166085
608000602 78088
372021619 119736
347206768 6870
200130374 58787
476870850 2613
412951421 128771
555345308 103583
769122504 107742
68160870 124180
786020469 92020
484698977 39152
572629056 107275
418257587 151234
53115053 167637
776697102 121678
212488807 158350
446947298 120491
391549609 195526
908631933 63376
226436943 62532
454656749 135379
321231192 154142
608667920 166412
270853256 157663
424917365 198926
626362509 66893
905236633 174784
958108745 137306
38163424 103474
303207326 89585
813471153 11690
139495790 99111
9499342 28743
43038158 57017
561526354 6789
430596434 111012
435933039 14855
404529132 168687
78349381 32078
998172226 42155
543223406 13497
112048515 135034
513370267 12196
979151949 188661
848963303 90241
739558693 115463
728889068 69936
399264824 51999
497477111 3796
550289349 107690
274792176 40943
768565790 177811
877941886 17671
510751196 118236
897298672 45552
68848862 5901
732753702 95001
752619566 125742
753950899 123622
920815572 69192
587103829 134316
352937666 196010
466348486 137096
442732993 52722
188324814 147058
703984306 59952
581814524 108851
492161194 175954
263227521 62127
452509347 15678
882376179 139971
96014112 129808
570720479 105898
157413057 50797
292927166 108361
542600117 109080
213452416 183472
331350059 43681
977132203 49522
275699490 51766
736710733 123027
774782618 184127
304642983 10065
584500454 185735
522540428 98846
817464064 95963
856362911 99128
705669704 194287
496057331 62014
854323663 6935
524384092 158774
376799290 126526
505831078 126588
810135998 131514
955182487 145082
50648527 178497
439087038 135652
243985665 11018
65848766 89566
655350123 183318
971475924 161337
78791107 174083
655939947 186691
790329531 126896
456143350 159471
925352317 24486
594691284 183810
892781241 97856
298235212 192018
126026041 181529
215146164 31028
622786991 115401
257080046 146660
994458254 15884
203277966 160616
247018312 130660
458564496 67955
782084764 140222
386053350 83638
404414855 61889
246849738 164764
374986999 195290
406267582 2050
641670282 37894
422177469 107252
539881964 20676
122258071 118949
368676175 160998
148954352 164673
77780264 112894
650122340 122984
121948440 169695
599606952 63957
716837159 165254
732092476 182856
66877312 160367
432755142 128548
848406122 99544
19977373 144016
72406326 111592
683540394 74124
549998312 55166
936461277 17881
789950864 26828
97483517 13612
447007414 71748
551512229 196022
306726839 83313
880696327 106489
652984090 173655
581196681 98542
91851603 10286
723032053 34759
552398810 57620
786356010 142734
19864977 134136
284267795 88619
367137531 120180
979120965 29401
588568014 142665
708783330 167195
345577117 97803
628181942 25629
788792180 3213
685824354 57438
70794498 20207
207881623 28524
849484760 83091
521309103 100265
312228651 194989
572723481 184557
33128666 150679
758091378 112088
959434669 1230
295190028 64141
547980463 125300
15047190 104373
770335011 133897
713701894 114201
708319236 1959
382371599 90881
286281294 58612
21257919 194321
236758827 143295
967436272 6986
132368489 94852
551898656 163983
912153573 112596
350016466 166046
52287428 9422
50570375 157273
67384581 108761
322244104 128001
371790632 110067
967572901 69197
752312465 149051
716592719 118342
534486603 43480
847109350 123234
784350507 190949
979167295 179368
808825120 53419
750847680 86068
355732805 31566
298961630 54720
438936414 116127
685103893 38615
962102377 190157
559589412 186035
222363678 374
720148681 45426
276899501 66896
576279053 189732
497920195 71787
654360603 40499
171231903 191843
44861180 188332
241946523 145201
697961024 90848
188016520 154208
680266412 136429
895377182 57549
391216071 79425
889680216 70890
285655280 79285
930220206 69613
568047938 95842
637722186 78076
638210060 33968
702690428 101272
393775857 105769
158954270 163193
157894613 134676
751216388 30599
728190404 182734
962931219 61922
173916241 26530
890348672 35448
312818790 180813
384145021 77485
656088368 174439
473926162 166657
668643518 4639
486439807 95086
404296533 91167
78210551 155329
442346774 192455
126719907 19771
176648437 82468
320761606 68104
516956223 94984
317054415 70844
101693302 47152
179628438 57288
434290333 67171
688276379 115035
368810557 177652
985456383 56567
723121526 33840
74507712 168754
757817581 102959
379039989 26131
730292517 156093
257525157 169186
114488027 157531
889581499 108603
943672299 5196
743012827 132106
72832071 137052
521999457 178003
954539724 108530
817436441 150055
866551323 193005
310010620 185456
736910955 161190
798100425 20988
223175928 108951
814362583 55865
108095564 118177
973636253 90626
653793137 51022
55053160 71650
726588541 6067
979083367 46899
878149690 131913
778822837 155702
473287127 146978
196467003 118691
410926214 151062
650658539 187827
824176352 15079
781081921 13844
825859922 187553
311783777 16562
520961521 86696
253778392 181382
170474884 98748
233739102 27034
90632449 172116
398275144 134393
397523794 62184
710942578 43256
602687930 43173
245112966 100713
286225095 191413
683083893 176308
942184535 176551
95302453 95761
726907481 155350
416562278 111526
510727075 58453
12950431 180689
99749277 145777
809461118 51407
403445979 167669
498730290 69458
351357665 44065
318174711 187136
814923294 100856
936632275 193158
976847166 164420
334451937 140745
594484356 85142
63035529 167256
221504469 31416
360046698 171989
323265103 39943
553574784 122006
627161847 39395
7293534 181990
347280390 33727
434333411 165944
694638017 171893
472860315 136838
901720467 175954
978582540 37869
116071876 133858
194301956 116260
272380329 38822
591941188 102546
895658135 131991
291367211 75363
999435581 99671
937001575 137527
31236068 174068
546714974 177286
953583104 8196
5518600 16013
475066135 87482
100378505 156933
98303376 109099
370955615 102735
347220276 75134
649347636 67964
198004309 101408
441351306 99909
799304583 67329
412891678 191721
86627292 177261
68676220 59140
427936553 44347
227233455 137876
401057799 35840
636385220 22177
183057653 143211
292865522 88493
133822447 37322
570029613 171735
789182514 107135
731586910 106127
212223187 83979
610046681 2117
123404361 156859
126273693 156423
760879138 101724
54063811 100873
838697425 133532
806005636 49292
263350527 120242
811522118 48295
377213971 60591
679425722 191348
967042388 18980
668442452 85988
349093596 83001
709656642 56714
13248600 89454
321364147 119613
295561715 92870
506197410 38670
15943239 67329
617518960 79949
246869220 155413
977171446 49184
729269928 72987
124417268 69960
764170254 91569
391754807 134299
719027565 29176
712770084 176190
536250691 50104
161224833 42443
135147491 90707
379688778 181412
970379983 139871
786643894 181466
772939991 81582
985335372 116771
738997346 15362
596239315 182455
264123526 106418
254748859 117305
437658368 86075
409489698 116233
528988426 143717
724904022 137026
328266316 48317
445719663 142094
172763612 148166
452773912 142833
801638683 64429
188727033 70266
936054375 5736
357729497 159108
379160354 177565
789075978 119339
738870661 130285
648405703 142993
306537513 159669
120881529 125538
451592360 122864
371319964 146766
959434928 149745
78888629 141690
55365569 46060
807760166 105923
452914991 165212
792199409 29100
168298106 114474
679671221 186802
537565500 155129
48741815 143393
60627247 182771
594571380 23394
338827998 167319
856212976 73330
703655935 169289
738389223 68645
468788392 118842
414052377 173171
759700854 27288
925786915 135806
616130672 70187
174306136 31096
133443942 148361
129743788 152915
865611602 170237
707305323 141419
670407093 4240
989904390 159958
341262192 46720
150116120 7075
892131448 156507
867923770 173565
409840480 104231
901696597 146419
984693381 161094
463413473 66075
818754750 24026
264341666 130611
722802226 110453
662292796 69695
272611472 71204
255279790 146992
79774252 87485
485245002 49398
313401177 183259
495300101 8724
456375851 88240
276025982 23506
8196603 66721
32774307 114625
478369261 35844
535159292 72143
230019439 36921
986144447 66471
536149822 68911
413752401 105710
414136599 127124
888042721 63388
218364184 105974
294388584 169555
700711764 126983
678123952 53739
791411553 155692
900982640 38450
552698179 125428
864261468 55603
304003654 55226
397795943 110941
922745828 16222
817521065 21953
848045996 72747
429053647 43330
739900963 107724
966966905 27254
796847672 22463
940553326 103182
310602706 163425
485832149 90251
509704477 18364
677238248 48084
278352789 156506
28839450 53393
947318340 7071
225979350 157660
303505009 10852
900186967 56647
933214790 18800
155243674 11945
377089703 186643
905025444 145157
677125952 128828
346285970 134253
665838752 85073
723650663 35080
464375670 127410
447269620 102589
253588437 12240
113141965 199289
180378115 995
745920113 149345
50807958 29654
192163712 189226
964752727 95912
96118874 81345
877390393 83675
267363402 83482
683675748 170604
21035620 185779
208575349 193141
709777930 188496
715924100 118738
714937081 183305
220900763 685
755615200 166983
158974855 161414
1254455 13771
137405256 109987
109439033 19424
210893465 70659
443280605 1881
475029704 165902
382791155 147754
502015764 965
538285698 34735
956407698 10179
712298494 143575
142605094 111585
691073669 120394
615264249 62039
318529282 132750
46569616 151134
507877563 46540
203791059 130276
336372081 106883
607763922 145612
76726485 15929
261814202 39510
944961788 57228
917187265 77645
968893004 109137
370009394 62202
187051032 50523
436576356 138595
553884696 194272
527706376 80321
403908166 175654
786881580 93476
641199403 113447
955148599 152424
890070820 179668
83717836 191181
722682161 167694
18697190 137639
85474777 66091
746307403 8657
487870307 182157
164954328 83922
978095166 26028
757235701 28854
157150890 115210
464208231 86889
717072903 128386
485272412 127038
255228935 192166
644149519 7270
186234642 148249
692086575 122882
867567554 2473
698387240 86978
881387820 76587
253800776 128940
590135200 68616
985908052 92682
22184475 161502
818574663 187595
202889390 139933
178363693 59639
359118525 126026
181532211 151992
123704315 66551
985852247 144473
805208270 173287
551865814 6114
123822709 77307
344860362 22125
228685352 57294
913307042 179739
85279303 167822
699921451 28233
265187384 112948
130113792 112840
563888408 18601
705203166 156056
515970023 102538
782312897 77028
358129761 68509
916034242 175799
80617008 98765
6970940 184155
476661136 184457
92676050 159748
610550249 68910
247513109 162262
5513977 133616
442409102 85949
977279253 15819
47940680 147757
40534662 199231
633590700 80431
123750101 147205
542280340 61280
869375798 86424
458455792 104296
59382758 1268
358959887 121984
521800768 96101
654341317 64571
358714961 108025
68819365 97251
883130074 180190
527463520 129281
682120625 71508
967971722 44479
239191254 111993
519955445 159342
334683119 111331
724761920 167545
826587687 104222
443692593 169632
807865327 182769
300715953 16566
479409486 65120
859330937 190360
820756546 94400
569086214 62993
803031462 102946
710705590 91636
441892896 172081
875337652 34444
658324581 178377
65398428 73598
944636064 33178
525389749 42820
515930298 39107
814426829 41732
818665283 3363
974719804 94568
875976838 189453
937893923 175956
838254269 94181
191929783 154362
533466770 65286
317594422 160217
52101453 54124
265350464 28295
808306938 158170
576648364 168808
944492515 37720
764397768 18924
230934366 128228
509587052 143417
676050589 101384
766100712 164804
477636334 50136
307191544 151738
105163720 112408
839406302 43085
719942937 21109
845732278 195895
372171057 53600
546999958 4820
657630676 168445
658560781 93630
697026659 88950
679214938 123762
395237060 167902
221829975 70744
59862754 20471
642985963 158980
271872907 24119
880947763 82543
369949749 3676
708797128 23392
960753353 68865
75210893 190118
639108662 89872
598463825 166803
776051518 35243
62670749 15787
976832368 45605
488394190 155613
185045518 162030
202183187 93502
250137947 147747
956466507 148241
689120374 116842
832616523 59880
179768768 16367
332521322 187705
983952584 24336
172167577 36453
602402764 17780
841085598 168255
559997262 78944
748724221 147974
545816979 14570
658673530 19153
639660796 177310
398481218 87723
345593557 145981
482075356 144061
521553675 10249
361242019 142815
804219134 171382
387867202 134054
128993137 134291
264463225 158207
535122746 145322
569368012 194995
86304091 130824
923832509 7753
404057130 35532
684267290 179046
72155866 159407
626933890 9976
769310127 138254
584937275 66418
825821939 155939
78925189 176004
284158974 186091
937781807 15287
876010601 177655
365540553 122673
982220740 151259
259646294 189199
945408949 99827
685220042 100227
648008979 37199
283315396 134913
282742675 111904
453206613 4372
126984152 171583
424620225 155708
806695070 42039
807354197 116817
307842609 121078
874155900 42694
541248881 97879
599600717 147344
814295598 196177
674251383 49181
721792387 112234
593170071 188014
24542496 153984
240233573 193802
303220797 29104
790828436 98116
666840963 38653
135002495 150248
939105852 62305
620321379 146624
925439959 177975
757433117 99408
279315365 67192
139214287 153797
943238170 135158
685802062 159247
421905444 36685
170396529 13021
884441438 135746
118984467 29035
753058389 195941
278557173 149450
628876045 95748
264404752 86593
69388229 74182
335230458 95277
722488478 102688
149405223 113136
778947116 150816
328794638 46436
936841752 41274
219005970 94348
193942479 69870
631985074 95589
618918109 162914
119589720 176093
901636936 37081
445923407 147356
35333357 165362
13723977 155439
363198195 110875
697041244 107367
910613033 4788
284867350 170778
877034070 107002
702350997 119439
508271075 125608
314796366 152946
712575149 81813
284854425 38660
717827601 167658
287257462 131179
517575837 82181
886456442 35732
925892273 52105
395258667 98449
27386736 39687
660404875 40867
376554503 98307
228505509 122754
228144173 110840
535620300 55471
925417849 72831
154868084 60973
887336439 117156
398350643 195813
665029841 51007
47780766 177391
222239472 42724
675925836 115471
253846654 141888
39676508 79494
1814127 178843
731593186 76095
777857773 41527
187769576 140647
100621650 178362
421240157 74896
103495073 36179
197897808 88645
569902672 77406
640637745 64333
942219656 116789
267161723 80803
100607016 91508
512588091 125414
777473399 117475
963799053 2108
252761354 136942
695086050 102247
189436741 169125
512440875 26533
775185153 5669
481529013 47503
486046015 107531
701307278 123025
978907491 162339
523428862 118366
185695900 180108
491587457 156275
419242103 142014
969673726 54393
30036546 182214
596664213 19046
831536593 21971
865792760 199601
545542341 89023
516042273 198464
497122759 127273
894710584 166213
704119355 199691
26614905 84752
146204475 150804
745228622 40623
179721781 178111
581959291 20750
831050431 91961
820697698 108824
325548676 137927
387991034 26573
298928435 141064
866841532 119870
43370337 6493
13255111 84772
10976481 169174
800634487 198692
196234269 39228
215233758 153242
75187505 163643
304012263 80586
31945482 143440
96737771 83157
554048383 186113
690635827 136144
317034900 33233
336871419 5499
88681859 100960
957099230 9729
884729224 122383
747301871 1300
598780653 770
682870961 160215
502289551 94890
303291138 123848
262584013 132377
855793329 25314
515808011 55701
178955371 84447
908511290 69827
637582432 193379
575590520 87009
17009066 18439
63145081 88762
864183444 55411
826770268 152912
281169891 100716
364515092 47415
184891790 75649
753908720 103626
328044446 114584
477001746 160047
17543233 150092
67773034 151828
690720610 165675
549523014 156133
889772984 135636
587739459 135606
42749577 119346
769582025 177496
577420875 196403
893703310 138291
892102337 11718
316046558 18296
343937945 180822
616409325 89471
297237463 182258
325762410 118281
795552566 77076
897605759 3212
205958380 30457
170913065 125106
176965283 67106
431674261 131269
248365881 155094
738438223 150799
763173412 131172
313760256 184378
258395040 25617
836556211 122719
233226146 67173
669902441 85960
594304125 109537
438982900 39264
730722682 4549
975330994 26458
610985006 50161
267336119 66085
79732288 192184
104084982 26226
856085523 1064
48752916 83160
992709357 131299
737461948 119286
531359364 133644
159209523 90077
61111641 159672
835934068 110570
740389422 122831
709891273 143642
660741496 78756
500637295 184097
812445214 145853
436288765 121013
527844902 73485
195407519 10253
809050250 107349
863828011 166391
284013289 33377
806401915 199604
742345815 3210
537687875 117919
636393805 29824
108424455 124741
602860164 99310
145955242 11791
479670244 144874
735564816 42604
614013598 10030
180474064 17723
524129945 113326
640998872 101269
152538845 4124
408318917 47929
323624567 112824
946147162 54818
916312390 14928
941605888 9759
512143849 84621
989465998 95712
924861331 190489
574664387 3915
401917504 169776
527207852 675
107793343 80824
49001834 133308
9254429 35224
543199292 17498
19468277 10954
8276947 128828
444013626 15571
845956593 186545
272878330 18071
739192195 139161
645863227 48524
728582279 197251
403839976 45939
444268771 128580
350104333 153218
586526251 150929
459670982 94955
957398585 126359
374851523 14950
298138300 29875
871013566 61535
971567714 166160
873545252 2859
890983185 72880
758640680 96690
904705754 142464
722937647 67461
121419648 62893
2044226 112323
22513899 91067
971835975 128693
859869811 21497
942104759 130457
239166915 54698
469733986 150215
939993492 128622
530317295 122762
482265380 85981
147259404 148086
133309838 58994
231073727 168060
551680727 163106
600540094 73039
562972038 117146
201199566 178391
322219395 88052
226183426 109718
695334915 135273
188777513 79471
102877906 191541
949341530 124660
313956444 70111
611026946 121742
298240152 85941
404750948 70540
342143167 22850
361035010 182540
748719241 75225
923607701 149152
724982556 122400
16925992 157710
879682731 153697
359383566 185028
40320363 128668
236265989 197575
190280827 126026
447589760 101484
385916695 18899
271362942 5355
159261439 149363
895977289 112084
207390523 194453
2213222 1885
306967793 147114
740368790 101080
886556920 142792
978860112 89899
600866378 111078
590242839 120651
613087146 124752
973260090 18338
956699769 42194
708872638 123337
102200861 138565
459135029 70519
654567064 135729
78726363 110359
696706435 70386
474275147 181839
859753858 175989
580237533 54432
876649568 113671
597985214 98804
72913338 187045
431032710 172970
754771320 28851
27321515 185099
69202358 50297
299027112 199766
504653807 166236
7658314 159100
659461865 94101
490768353 163733
943299396 47306
594802736 8684
163839608 46327
584940034 69321
931428893 57805
615296203 175415
816516478 199833
536680944 150482
107675551 194725
595561077 6720
904884924 67478
612465211 185596
805843280 106979
299318906 139651
153252375 21307
831852632 196096
582336864 79034
970323419 7016
303235788 95361
356574574 55554
121874678 75448
843570657 104340
783801345 125867
693822631 16603
895872653 46871
192770532 166221
187313572 97849
290382833 138987
439177942 137244
217226994 12842
416800530 33184
437494548 143060
927163942 107323
283201148 181350
182296406 146625
588109340 34254
41482691 22834
790978085 73082
985952402 6444
32253886 146019
397579055 136198
224102851 170505
420238648 26939
821515838 145621
893011735 182559
508062714 127735
777221575 158935
873871609 80850
657825649 87538
908911275 129418
935186798 68199
766195335 81067
51466013 5675
228526254 161955
496740649 178016
550523296 126653
971036957 99395
338347343 97813
617933906 115584
912523930 75617
782225161 25555
575817391 81737
779608128 7100
173567582 64762
275107216 61040
723358900 80933
487648926 6710
689468045 150764
523441113 84866
425448389 55684
498528584 71363
159992335 151849
310881005 182262
864866646 192610
91782528 99147
343127566 181899
750101949 111938
268373231 182065
88301040 56694
97180018 124991
229821740 43820
556811648 97803
165738901 72683
69910941 185819
505266057 136327
957953486 186955
379936477 104568
548949697 61859
839295919 168103
484076861 52231
527108527 38455
215459996 194952
521070672 26007
434353108 81273
531084224 48989
391276758 168397
237592901 85214
773261802 58603
967202013 147319
614989701 8244
487392520 65391
859668468 176903
372782052 107322
200850453 181461
396785711 26463
743542002 25788
451769248 51280
704385961 96057
301940804 194468
860327055 143120
891363219 149999
636198447 164882
3416743 77123
567311293 123120
110129081 141798
459335829 183444
725887889 14888
665010607 133064
543290132 27120
371382551 126211
165535252 72605
878096715 73689
222300005 177292
811218110 133805
465909166 182347
934862152 197159
827029398 85669
393761186 172030
836469695 167612
877727231 39337
780290806 69904
606652151 193408
327795539 47887
230748398 78188
944473426 106409
549798684 160071
811262756 54611
17362770 153510
374964580 187415
709245456 15200
416330500 110276
200624668 14542
130413389 169939
698512024 70924
349861399 9002
546622785 127600
517126892 113451
189278773 112757
640462599 2826
970698055 2933
897322783 106201
57354926 130258
209233114 109264
826396477 41488
719100819 116843
83423718 3743
10544360 60962
123153323 93901
977182284 142112
672992985 6232
501966038 184449
332537087 157615
899448504 98926
859805880 144240
282778438 39301
960269661 26515
560291734 78370
176819529 14653
62432058 85339
511824423 88598
353169846 65337
743614085 108368
812013141 146024
105234120 155187
24432570 14304
858588323 150874
409946587 84155
460617429 27440
185463659 149637
902065497 161987
539098243 141795
837717762 107406
740055370 52491
24675904 1708
584079468 46412
229516942 27169
878817164 99170
97238469 88904
118703381 19561
678653125 64987
792649223 143798
35614910 178197
548354100 75125
156277306 140351
647191163 195989
431344988 139338
687243826 141754
828804688 97082
428946578 22377
445507135 49879
633811120 120909
130253085 173204
599836904 110643
20118280 44893
608347289 144457
213990562 29979
812624898 149215
839905478 51286
248953190 69442
782168974 96766
222221245 43031
783836529 15708
917330775 102769
703729227 126997
736686646 111797
402492931 64605
9696706 493
430386212 115947
5720778 4102
896517320 86894
574683007 179919
210946698 112337
534761692 151984
67634900 51087
750731642 35003
413762668 62823
433324073 68146
456880379 198141
823798100 178269
891048322 75606
291072616 178771
445792600 32550
943414030 96248
574551125 155337
324255902 84101
922684191 17978
8967144 38030
821874565 107089
958814774 129859
864961677 139970
307142343 73392
279415650 169719
767839269 94696
73865626 44124
803976676 11008
469057681 63849
721107660 24130
958544057 121960
86607198 168258
695693699 38749
143321182 157852
358134655 32055
516926973 172777
285611114 29726
230817463 56954
891683092 23893
738749594 198577
650855007 125826
528402104 128624
979120478 159777
587877935 127765
779115915 134986
926373163 49121
847400848 192947
870349336 126509
896760015 37933
254909357 199950
209578763 127781
817267289 185457
19357152 177468
154921305 66044
216680096 22581
113803417 13270
240271076 59872
385296951 177496
857012595 76523
314945438 35883
254236691 114778
18311775 185731
933331820 169881
823160269 162870
678800701 173180
694410634 24917
445895610 86687
388065275 193500
765985392 130902
96500974 141702
39892278 155525
654426804 170633
403421710 104362
828835672 148849
348138261 72755
538464782 2232
693597990 39853
205157381 88516
954181879 192643
469562127 14548
554559102 158049
931161817 102446
755387817 124084
297021800 148558
100679342 195863
127813262 4364
738268847 7572
760988997 40399
629278699 76474
385610440 158299
308254750 55228
938180849 82813
691120078 96825
376152695 140151
235656315 110782
413706863 93051
484426559 29275
368024022 163307
923062363 96954
897570055 77365
115433676 149626
622155808 134181
753340740 117279
206888320 163201
938662089 69971
819684996 27656
441086597 69637
619695197 188999
819851274 156598
96698278 155123
487026603 97175
129073063 46542
474006324 192505
951544467 197369
871457909 172381
183043706 15948
377043180 155574
957416823 84662
345286392 116318
457037808 181545
228859803 47751
183543290 159137
386414586 183721
153085341 160956
729964805 49208
2749716 55466
821610390 108600
918027476 116252
403680312 102303
921522914 6007
175904856 100913
369782685 170265
389894127 82624
449896064 86437
692217093 114110
186695991 3426
514940812 19344
481690427 36647
47335358 12176
627323797 57221
837720153 85694
594389038 74060
812711624 109616
745334401 25263
229038458 158893
62180350 62417
940544517 190409
111818899 61921
498095622 155875
458320999 35710
914770074 94337
334433783 53793
538246696 124042
796042852 129265
29973310 49152
125921370 55501
922400061 105313
470199941 176385
225242026 39317
21410921 8121
573791759 62476
369747078 53562
257597455 181322
186299129 189872
159915070 74226
930146303 175160
797754455 129696
431417905 54156
595335418 37700
861877470 32018
971023734 37414
567368927 134161
327551660 152506
677605411 111631
202668695 113907
288791133 132144
274400857 3754
106857215 173404
693146470 103734
949684496 57175
952850038 73680
436645062 88546
642151609 131436
796320783 10359
259001200 85667
332027430 122688
944875047 13804
255280706 107485
744744893 53068
399200391 76382
974401953 41571
709766636 123881
960667426 47248
421768491 116913
194945948 134063
167964905 152641
932814647 176360
333615744 101228
593155729 112029
874426807 59783
663578545 27523
419229360 113590
838201816 36627
207277642 74179
706803643 28499
693877079 144806
97140032 115359
383076109 9504
357350150 167823
90895569 182460
682864043 151473
678623746 74279
423635745 71216
945122459 123407
474337256 120937
544552791 189822
264564788 100700
719504990 133727
675636706 31332
73506462 191302
440385510 150896
184447958 996
801116607 119030
789901226 120674
395558512 103810
345921377 184501
818569717 33316
556780982 60388
936608486 17704
32086429 79580
460569900 137723
41834207 129245
149577202 54350
499298837 163820
836295671 155575
525170816 42326
130768351 44943
493748424 184465
819298149 169088
446749767 176564
277093059 46295
530918901 9831
122946110 153055
223691044 51547
832774315 78658
29432860 20566
356929839 134765
289689734 33053
128185022 18262
364979759 77
375162472 60909
943931605 16357
573478768 9686
960219456 26073
887072898 81653
577757619 195144
155557908 104781
353864589 97244
776767111 106107
714177425 66118
342416575 36994
250045193 10620
91265276 11578
792674009 52322
620759514 54837
310058362 90413
856467499 183733
614145111 177513
850022724 26583
230622782 175259
931475320 178766
347333936 10965
722705921 37795
765004929 162244
165731575 177366
737130831 12517
481849706 21524
324110759 128808
401362635 63180
527364114 65821
667209581 63792
65798385 118761
559728194 18689
151409346 78359
513856495 86731
201884713 126804
481593817 164221
765881296 47204
656707981 186308
972250800 125273
174141819 44756
774258945 16383
884093735 22584
883836412 106109
381242120 22961
329312884 70743
887083613 57826
574949750 25582
923226097 30296
990627467 178534
920387799 192569
29794188 65935
263169114 709
799667432 182601
821290833 194265
987253797 194430
486262124 4741
284497968 21679
310961853 195946
187289752 22835
184173404 153509
139825036 49883
640326847 63208
687495119 9444
280198082 1364
860520568 106075
325277417 168092
471676387 197140
172303232 59073
476129586 68635
133495098 42683
760575717 119761
135644086 73548
457737741 69359
414896509 104731
170670488 147265
745952337 80091
163862073 69293
840385004 55123
343576945 117916
136368331 132703
287954993 74478
519118878 6787
141245711 6095
622932470 124213
325614672 164179
18051196 185392
382737500 70797
389052011 112601
314216620 69791
68679359 82412
601344953 21154
774561066 42064
324404266 172217
349658290 168676
301143909 62435
5534683 27915
818278826 137298
251535036 151351
343054073 15474
526517474 83345
352026684 126238
118468506 17727
331111069 40583
839065395 41523
695719899 191334
905418405 38374
647812805 117992
706455615 180674
972506448 135681
334583320 146125
819393567 145746
815081880 81297
774824240 34708
175345383 75971
6459329 149280
278316951 102781
149487042 14186
595668272 162083
722964586 101637
4663631 95636
303480071 24768
979234811 113105
653692723 165396
242801988 176599
404658984 98676
612306832 60988
509281027 9499
834561059 33058
58699700 50829
816416361 198437
47017054 156904
534457067 167699
858692737 78450
767807507 109091
489401094 36773
417163821 24832
897030238 113328
542035709 17946
74930835 142961
115532248 117193
187529606 122821
815418222 89812
327722931 151204
50423025 90223
751723399 162422
892174671 163729
233349471 74249
944264167 189229
404475824 59058
136986877 44469
743772933 47564
320414311 135435
720844000 53229
391612828 127803
873520319 48947
400957235 75607
607138082 192543
5276212 153822
449065085 59479
16314 6440
87957086 180456
254248077 69794
75397215 74328
771137015 46879
185290880 164598
893410204 190134
110116650 181301
444806693 160232
544239951 198895
595080074 75507
651171879 38410
977117749 154740
476929002 180445
70485443 132432
598619572 173298
411966448 32937
588838240 104226
668646939 75324
833593256 178068
117722623 187707
673364779 33410
276607932 192318
730202262 80153
431143400 143738
387896430 102035
597106113 138538
262887137 105774
982577836 588
855532122 128187
924642169 179062
723399235 43065
659468812 109941
415853075 1616
465805443 130008
911957084 59181
829837228 183309
423420375 164637
89558033 82502
747513350 102131
43000033 3792
119886462 172163
686772149 39179
796769693 45283
815722703 28259
543164525 149628
511580769 50707
750562077 143634
70917805 18758
316800085 176248
452829458 10282
83814558 119741
432111605 119438
774544230 43402
213360482 194401
161793584 183642
31781040 79785
609593236 73856
792053816 25621
889522894 101340
195963450 66370
374008648 168773
290163175 85289
38154464 140958
770541832 173373
945731595 142258
112068719 104855
1832679 170854
569032860 198512
679634677 51139
327385455 42489
680446369 24114
198721274 137614
799133910 186167
566427982 62761
807930042 49098
719132479 124204
240145174 149710
997339865 33205
117311589 109738
584033497 138248
186346128 18339
772054628 37447
548746513 38324
799878869 189789
216509476 9302
759935290 42267
994011163 69381
467101242 193946
260654362 19543
844757082 13317
770249366 43539
346627727 122398
301906255 109296
358694006 183313
294466065 88394
49582516 119696
818018528 189617
610507320 32527
287526293 31120
161064226 151093
390485418 122905
815176766 25648
2922946 19401
337196202 99959
409542153 78713
589342299 41356
347351029 88628
45485269 140953
353746862 99907
562433394 83985
735468240 150038
4312749 154373
951754257 43972
584290041 61704
605542241 178714
183742970 32382
864593291 99343
738364095 99557
834391738 44968
198792508 119245
264381078 65082
88615934 182708
386923429 75329
333474089 166798
716059559 154204
501388446 92492
915278483 15663
141784453 158633
947041126 20513
328649336 163026
721722555 159982
884167329 77200
966007690 65114
290231312 149782
119837640 5165
515538234 28409
799651689 152933
291053372 163019
897962120 168058
379229279 180118
966213433 173367
226558511 29040
738107370 187695
993638131 122422
497039489 58410
962414478 45480
599535774 62174
236894966 54949
715960658 5870
723174692 115045
77966386 5983
932095141 78106
204013601 65636
867478261 153156
469152032 44204
708463330 189506
787355385 190305
362999449 46841
921144558 51894
856026507 70974
455336179 1885
29671027 45643
386894147 113778
523695798 180983
841252079 115699
285758388 181000
132044011 25644
612724303 156059
969517264 190060
228576335 29577
289462836 112075
516256932 135564
187213025 24501
939336558 33633
789179608 71563
525441320 34870
569866282 10397
890973995 72156
330086853 122286
640712049 66116
137340262 147091
171565451 154523
124868559 49564
852228198 98075
831979661 137379
791735165 32359
232316653 61798
498534953 131392
59957130 60453
756477985 66926
987579196 115248
535225501 181045
781199910 168797
78399216 161765
768670366 113792
375524321 77858
995115189 146486
812153077 19420
76298476 191403
803676503 92095
214541086 167660
109645105 23277
544308550 185267
709837104 182735
661482357 19742
826830185 4149
846873900 64251
816205024 97187
658384944 94370
133469065 196207
710510197 136892
918987953 40833
204466218 161520
256095649 81517
19949930 72730
17033636 85461
598160925 149499
505647251 129237
350204814 56512
714004634 59928
247472761 93748
405981351 102290
387429154 39537
662529236 39154
199770734 10263
148351626 96837
631379233 163086
134337484 170223
270701127 42410
961865861 190288
995138821 168596
698667763 154859
770733096 12458
508686615 141549
421486607 131154
645612194 186754
806811816 132752
38393028 16142
957700964 127363
444337217 159215
728391705 158390
32136299 99019
5050748 14296
816928503 82935
642701845 78000
996551638 190308
54841543 87889
153759885 44705
846857493 36879
224673985 28248
907532809 77276
89248942 113598
68967952 23629
221591287 37117
288797949 193978
996377718 70619
959195203 99813
802276061 135222
698305285 199239
110598599 148580
894634966 30770
570208868 29506
949186250 14614
615708961 137341
965355590 54681
980076153 53539
100643229 60622
240826084 113663
609847264 160623
157582217 20119
91590252 165579
67114412 136448
478329970 62119
535282970 185978
682054175 33500
120548134 62668
311349724 123115
468376957 52609
964490853 162151
767961888 65069
718473963 58573
939363933 125729
427804597 136895
96761284 92052
12441880 7719
308859519 188203
548415871 127254
863492776 162874
220722526 123985
689994152 38718
46770055 92712
227085181 73704
819605768 91512
62130554 42465
916717901 100226
498012573 110052
625999167 125620
576057884 172092
775115902 16665
410580335 170346
470795785 135279
659216034 42010
384583992 191599
861748825 179957
199677144 187571
983704648 164752
425883519 116275
150053385 162976
9929345 186407
184467576 167757
141661522 126701
676292610 167843
403977144 30639
45612884 67521
515368937 167168
805679970 182627
230298194 14781
654374769 2981
598837107 71003
294783979 92195
65457404 35582
924644154 54306
467659185 36825
367026282 131776
550855739 31757
426970954 51243
477790917 19569
574519845 487
840483198 136512
146933444 160479
326480209 93484
399298560 101613
402778525 183286
391818216 151521
788323494 184464
545299038 83256
204815750 45858
623541360 107863
164317204 138175
603719631 47451
37844244 84322
346419221 79147
695892908 176691
497236183 79942
736817354 121252
271618898 145930
284522490 42835
478163440 195772
198024427 28877
247428771 50055
139550253 65224
14654702 165693
138316307 59827
947317614 12111
955807163 116412
713182772 44482
629280993 50958
369153594 62146
184153853 169224
225969791 89700
472477676 75222
762989248 106015
662815016 198156
602595811 48359
854325168 65987
914552782 24465
619461913 12124
784655723 43981
903036472 137145
416107347 34948
231326190 28456
334075454 131651
871222287 78538
320563081 57537
867014374 107770
366105187 2719
676669283 69887
622150563 177102
397530888 138181
430510774 170793
334606660 124620
214537341 22792
680872594 173595
428100653 55347
907356205 30092
603801417 13491
179070356 107731
278449861 68564
132305000 130286
333059972 49782
717350274 140001
566194750 54845
899907779 32041
658964275 159825
362954791 157816
167913112 23017
790767316 188505
513278299 78886
445697825 190575
114775458 94108
393125482 182182
624463711 67626
76505560 25725
483227191 104723
299597355 93526
522360226 169489
567969612 160014
783115968 175233
521229239 33329
763008612 70959
292189290 98412
586257209 13935
32764283 76307
527217905 151344
72544674 70502
741286236 92995
776258007 22432
553782847 71405
619812422 142941
512181574 41779
793598430 131302
247302399 158839
279254983 97110
187816224 184282
198260987 114296
43891800 71351
368270612 87688
936473673 108467
91476835 17474
856584283 108271
636967603 182817
216398896 137058
360328793 13565
114201634 156382
667414570 82613
174548107 40301
25686996 85493
311191371 73881
9510388 85043
487365820 115897
169788900 101203
81871438 38753
96569971 163948
734614224 124575
712462285 12501
424287265 174086
16181190 66067
308087299 145147
545230594 174457
87865857 143868
36295630 182505
640542901 121669
531093351 31408
823897337 178939
219852784 179719
509517361 192184
263905410 176288
938647783 63323
161519868 123835
287427080 144919
635234075 40927
827052429 194445
932966576 44893
188053663 68722
177645311 7464
171744014 120724
429051353 33221
96505737 61304
927805370 140235
646481339 30199
107847096 195010
154484058 35169
429791356 16207
215404279 157141
287509603 119978
917163997 45264
41863422 136442
830020099 91353
62106148 93238
721977385 172920
843237034 72319
424663828 177746
429615740 69398
656183503 84806
410154322 106112
580402894 45461
213550990 57251
523305894 168142
453288622 85767
249736270 125308
564161894 170099
872446489 176715
120181414 90508
488521029 35013
990389694 135455
765569753 32142
492778478 101163
705237469 178793
706876338 36979
314187743 146629
644624077 64679
725156839 19891
156787507 152316
963934374 103318
507915608 159968
834238715 151179
688374393 27331
343524326 15904
267129571 177599
171402805 74467
936900771 184104
51392131 157116
73966592 28775
955542193 10365
754029586 70558
107909635 50199
845282726 5161
175739440 182930
785426452 134974
385052055 168340
303979011 72538
566507808 148386
649613178 42260
471801474 73502
512212710 198062
49646403 172628
886520850 197861
613100999 181144
56328985 35427
854954293 178030
734645058 32233
84549080 2466
723949154 81868
570980487 132779
469117976 149618
22443934 59555
299260146 158080
652778669 176006
605250790 178499
275481488 43312
366269320 87010
628462874 22551
908944243 28628
440206795 42823
393386628 185615
34541748 83774
808392581 63391
369808852 27951
711013339 177096
345013245 34358
355509289 102955
827330057 140821
921193645 45128
787312476 45424
551530312 124987
700307884 164736
418291112 6664
672746138 18909
72063449 32642
449876267 44162
601693439 22394
716008874 114529
221474873 9427
495587613 45255
577565020 113319
364575590 147698
361851341 27005
778599595 27288
830124829 195266
915554904 16613
232521876 191983
912197901 176796
684876038 139183
72270255 59196
29332624 193153
25912270 72866
343010193 186710
564072797 74813
726190278 88908
567771514 163614
372799361 90547
320790823 76548
557603564 140136
780488655 111632
629353090 145630
261658457 67811
524087071 68436
497971300 181767
617030558 105551
338578116 131929
733015336 13860
577789655 156589
580314153 162670
747749400 139466
654024866 153541
417520812 65056
958747025 105576
960183364 22520
861143386 30892
928252738 139594
428472056 99547
401830900 179978
110333549 60987
396400881 5475
690000511 81896
830885091 177927
189719512 171707
794320591 76860
232695766 159392
501605843 146497
644856230 58679
474501301 123922
876182002 89315
131357054 53703
803587901 186145
29097192 181381
562415404 9347
52670911 91567
809714402 147868
10146454 35394
206723276 167043
484717134 41188
74567628 137697
844431697 83223
708142712 10207
822887319 7999
881119037 196029
469628293 148012
619649702 117757
573190634 119868
184989964 50256
848720151 141161
552627817 32026
627757180 134603
746717267 32663
590273174 14935
49795393 143579
911461826 138338
561262519 47266
216434206 172221
435980320 154182
214635758 163067
556403398 89613
60203164 48087
234810450 176504
933168152 55359
248086630 155657
621373282 77363
149959785 103113
155139899 145836
636157984 181110
227608217 149367
42475907 186187
96963562 166705
999171379 33127
323086949 70731
980554928 44737
589648544 82282
771175709 150844
857037139 26165
748794705 192578
619429522 161851
480735355 16821
527045935 140895
790439652 133627
565307555 76175
655731853 110323
395853444 25374
140945941 168821
797579087 135663
554847675 165645
987384716 144007
938333353 97276
879044376 881
736635322 153804
241008977 154116
505659086 24546
30832878 81296
419385302 98288
639093422 196532
530319354 39019
457053614 147689
343720947 130023
152633662 112484
617530188 80343
476612237 73487
238812050 103353
44723302 164745
47090652 136993
677635827 68758
959923744 124501
7016110 187169
94862153 87535
921475244 188599
553331190 54507
688440781 124207
641389615 55011
432096453 99309
671650180 74914
68091071 838
212554611 34919
171862215 117812
841751682 117380
662601537 134895
299707790 111761
932741444 161750
294638327 198159
894398815 187030
375671106 12271
457227336 178118
804445325 39266
329201478 186789
66561800 42977
353253607 59924
554465223 190984
389377605 14277
789537411 88836
435521627 30122
924291932 19223
502744969 88479
60516869 24363
173395841 134218
187556439 65358
86156317 184810
246785246 97454
792081122 59235
728528387 191705
212562472 158913
251692478 164942
944849884 130997
505190579 145062
813941795 157204
776468928 14019
868801144 178663
147626620 113568
389550569 75796
565564647 169422
25685933 73738
726502367 115746
699531724 120600
179216605 115734
441194962 6890
837967300 129216
799670176 119077
581949323 110310
751056926 7433
176013620 120275
790364149 74085
229148210 82235
650748231 1305
6640162 123948
623853988 136293
639118386 20526
628051017 142707
774560129 17346
56259894 47826
510551602 188277
482512147 76390
85199170 178581
445282871 156587
319840314 166503
857715107 86724
488995253 38540
555584575 76937
757363440 185492
703157794 25575
479979671 58667
81951825 63049
264346778 100503
106332325 22879
932548817 39225
148907897 132311
83613919 170248
172476397 136706
814068839 154606
450805821 191117
158503712 117273
968444052 103781
142148044 133780
884294067 196820
260050065 147301
372220102 60019
386635696 181306
882218155 53846
538368048 110228
660003296 91637
214466847 148888
56637912 75030
171168652 86960
985908118 173885
773661066 191198
518285311 34683
832598324 194632
23199867 32217
414719488 190286
59673351 24053
322710113 79385
88403341 98604
329421900 165495
295679140 154535
760504681 41482
891187191 127498
274043971 159881
692644961 68328
991024936 71950
189817031 58504
157034782 22093
259963169 123706
88517245 181260
135369433 9402
815926280 69997
338752041 6763
541876215 79737
805518040 62819
633781054 109202
288433886 129693
340721635 154144
138610925 130799
434108084 54176
944292364 157925
163474620 172328
443262493 49837
209897283 85628
401623949 111608
861630174 181270
147227023 108235
292191909 51922
200285480 144830
942371144 176773
409201796 98481
123060059 99511
984547893 135616
607335017 83078
398026611 194947
814812058 58024
177059185 126888
642389332 74495
838579085 183931
694058884 64145
778226496 34127
930734209 2044
443024942 90864
80871979 131292
614765172 120145
427504198 156457
985420049 59598
937585107 175367
261896638 81576
390751186 131958
139968037 66796
447451575 197101
839706079 198002
363610121 107295
210102415 26656
554642313 12198
17505685 103312
623985011 179612
744025172 176505
546950238 63356
743163227 114091
656896274 128525
859285918 117442
24216883 198989
432256169 183910
970035626 148346
355584911 99916
427965175 40229
673393495 166347
669399441 155655
258146395 75237
363334775 126388
813222281 170659
574568599 75934
81996288 160692
272388924 6497
478663311 4113
716576159 138795
116219350 49459
321015788 65696
477411803 192736
207863216 55185
162807985 16255
795901920 106763
355125566 169182
651550346 97740
995241025 165022
745165469 647
46565559 178354
117639424 40244
630356644 151583
284215538 76021
399072383 90916
680411485 103388
447564368 26751
512690228 71565
930197320 44157
524248442 7287
470447707 155023
859336952 39448
713606394 62461
222562463 5034
376932719 168965
480959493 73853
433194810 100038
978565266 109739
724076957 71219
658101596 131715
398948418 57323
10369679 169308
548054871 88483
579891410 117098
974671223 169249
316918628 23026
154872300 4567
432140839 102143
290614781 155529
206557126 185335
851908180 139180
440273266 174354
547027831 103025
468381110 19101
173554842 145664
71445542 5855
863332639 22487
296311658 97057
710838252 58379
878085508 70144
436365780 194499
754369901 95408
665388649 46186
706480320 175842
859902823 166076
591019896 147238
143248050 40859
280288896 21400
432350889 120575
587602016 116234
764734000 304
584693270 183746
160891634 76905
502219766 50305
70241755 18693
920300221 17826
496932862 26200
903085835 21180
554954727 165060
106021610 125487
923885888 123655
942743920 112122
134087475 28612
120761280 199190
474029867 168801
640952323 158235
223981142 53339
154892245 97856
733688897 45491
85983873 82798
291748622 96745
647446671 24656
670932051 119004
844993578 103377
485986213 103233
133091032 129729
835327165 194813
66510168 68910
122005671 89190
119049651 189872
419312419 122585
956083871 82666
261752440 73026
920020709 106293
823075600 182582
7168743 160629
947855643 123664
99941591 41821
606561734 183837
371110291 86783
699643330 167995
279660619 11533
445918597 106818
976897021 96052
208855012 82450
563342006 143159
825658840 76993
805370575 69996
201040445 120826
695582407 146345
528633861 67187
854062881 68159
777886132 97735
770152845 18260
908420320 173038
631456011 171861
529857375 185877
800572360 63228
614353645 169052
506563127 195056
286207627 109008
806015310 195820
502557217 173367
788687949 122247
542352497 160531
675309904 196062
61899917 101607
661101127 109475
404322299 181111
998556462 6021
196612937 151385
221511256 155104
640401514 105296
530977023 176188
15922463 190427
74654471 1187
479319396 55262
798775531 23650
208967103 80895
638183899 87822
868001057 128541
946167837 142755
792235693 768
535287066 152578
708587118 80748
239549808 70798
163987141 37847
533686546 178611
653101510 93846
406346024 27253
525314385 59767
632445972 126194
690184330 84559
352758966 91031
504529594 59543
34527131 159076
571094296 97662
290392303 158421
804577104 37276
831364345 135931
401280085 26422
448994513 67165
721450489 79162
232458579 126187
975798974 120037
534216126 198114
869374160 144592
289542058 178590
977824689 39783
693963276 36205
643642130 191369
221788250 29174
411310941 85250
195899242 60383
47449178 40609
288954537 180450
243478871 51874
286485317 63873
654148867 14961
366814297 61109
58358550 30619
439007505 109334
513355103 73169
866897122 31452
188448419 121728
687218394 140772
934002585 47211
473566995 57701
272380077 199057
36668653 13541
961074022 73326
342779453 171178
997898014 124530
510383713 171983
563917048 127560
356795390 75655
139012269 99547
909297166 60892
774844656 76377
164136254 183225
480022728 146149
473511943 88338
414882954 99135
892267499 140953
631538034 99244
891796513 7445
696551792 96098
179870447 52641
851902070 59491
843036477 187578
618320366 121110
806582167 153078
718828865 188152
262822152 164414
272468689 8896
325328695 88988
203444876 5504
304421977 51471
143192043 81962
480492065 33201
191802576 91648
204971987 156076
546822238 45411
889220016 98735
248456188 27094
999720179 91019
685338469 110318
564605433 145450
424450589 99998
235558858 162434
240028233 171875
744768620 182988
315436493 164136
118137177 132346
830755033 20382
587655002 44480
646097494 116617
509920617 70536
875908500 33675
836280097 86261
216889639 163494
329884921 74850
121432614 69393
98862568 184244
177824257 146005
81088360 121743
73585576 119616
396999706 150935
186386781 60996
696787378 35048
275106559 147971
648187459 129708
747239012 37328
317176922 177254
1845193 11125
18750650 187213
553254848 86912
189547876 186167
577043903 85290
199409420 121796
561536347 82219
5089820 122935
77518220 10580
532229925 63422
29208314 131079
585826560 7717
82271770 157608
582161903 61708
773067815 189753
86746458 127475
885501173 55681
135298831 21255
149094156 53224
47772713 90848
19387410 199531
861634843 84273
656867046 95785
927331153 79739
946245862 49177
713852237 56922
584774376 148633
208190658 10395
953848690 21965
874719425 99407
180201054 86380
987457852 20329
536008127 23970
417042789 132588
43465669 107278
767177549 86830
795759861 136708
505106346 180774
481397674 151950
942827124 152998
804193165 113253
722204691 104735
632760385 145387
331106054 61600
698123039 14332
853867316 150075
673677871 11127
756320187 176854
681215819 168577
71426152 67438
186794946 83532
715979716 11278
539736715 1916
685009476 126799
287658762 51317
966001266 157513
513093509 138342
769141499 59364
607405476 134417
939635431 98769
941658792 52062
424668173 128834
292373553 169044
371057869 48650
563507345 157741
53332922 58823
784571656 30399
375361875 165549
762416938 65694
172255361 34755
331352020 145630
14079120 175789
715781565 148180
706939159 67199
73897766 10720
296476097 136986
455362704 23549
284093307 737
950175496 185604
411265632 5935
178960545 2564
430217178 196139
127387934 61484
262020091 153132
55545365 143779
640782501 113359
877708890 81466
537886363 132683
905752243 159212
375118162 24957
764445825 73923
706982437 18283
758943596 154207
729110748 195759
990181494 10101
728258683 5311
920829046 47220
733324697 115741
350843038 146613
654295215 150205
939302584 32904
358701872 177146
966985943 119994
597295367 131912
88021772 81551
599970538 118978
80873307 97520
575313313 128132
157064573 94841
375804882 198506
136626619 62106
206746924 109364
955760758 26994
240723953 27580
105250293 66744
662924985 194098
480934559 125568
866827049 43697
839569818 166610
742255387 116020
327442853 144469
721142976 26162
581595743 129455
187502927 11678
766233591 124581
727619020 15531
458216325 188939
966537246 123322
750051348 111642
534442180 14438
361024214 163064
894965454 56851
412353624 141367
779149436 158317
928427743 141252
398758436 112558
941135000 167528
788914839 1707
954781668 128993
319042907 141404
373744364 52569
56807863 179946
832427736 37065
306294200 7972
554054115 112803
242968669 99144
224556708 31708
774446792 187952
958857973 10931
672398910 106235
666022997 99564
937155094 50513
321942569 49180
47066025 167067
145520524 187558
686889429 96581
308327746 40647
877324387 40710
697166777 189515
993697829 185988
874088140 125796
126023627 25060
543182636 87999
976944087 27883
981670460 135816
235836071 18086
157974542 197121
753777812 169252
390045434 146331
208715735 182675
729337434 137293
747676993 75755
953641344 164485
293401054 90718
778712432 90941
745585067 182818
132656224 110195
626535777 5498
128995705 16673
589714447 124304
280323058 194845
60646645 198059
943754020 130658
789273542 16830
416113642 123007
435730582 20010
32073307 153918
858172112 2851
883111986 126546
544892438 147455
672082386 141419
150004728 152744
84310636 175522
900090218 111308
987279645 126344
679459976 128318
876292828 119584
313512036 152782
806903785 185574
380563056 171569
470260340 164878
728355719 193952
233229458 123263
944884700 61853
286931854 2649
566756977 158480
198431174 176522
811671861 93555
511367957 90653
758881765 139837
749669584 196478
239924516 158608
309743434 1312
911576059 93213
448357189 163102
914699538 76057
846134009 42404
517838649 87249
829412872 4194
330566204 136387
371230797 103040
424923295 158468
828994221 174444
858670053 189463
553131681 147919
881796940 81838
187671132 25164
754612055 85644
441475970 63518
691098287 189510
567391752 102581
160004659 156037
510237244 133993
636890560 121049
583824218 102902
451925456 108468
348283396 13669
32777715 57763
373665283 163846
836326863 3605
293075037 82731
121194370 150559
112741734 72880
67497410 111704
612081015 46370
105315811 168090
188365150 17076
508303748 113065
9912612 88656
600167933 27972
195040444 21587
225671823 68280
61621059 118347
830462168 33899
743067235 17969
235633192 119093
990058526 84869
366532118 158860
940932886 23771
793554507 54858
421455874 34207
538920599 23713
898068588 4705
80242925 86569
714526706 110425
274740389 72891
820172641 20893
308430558 46082
884168398 112121
824227331 166490
571073711 1282
563188934 146715
754094362 158464
2242860 187404
588544541 93290
473627568 186239
267225058 18868
77623760 137418
759196043 36241
811346428 187168
547304742 127690
945848583 118634
806190022 26469
214947655 180192
474497819 167395
678474697 156698
262055840 10004
165330027 186043
15745478 142542
605565418 19227
913495045 49422
139088438 76727
911125265 64902
686017164 62546
143125098 197316
270981218 5069
69579982 12961
806326201 84180
233429099 69095
343849869 39016
648793807 21175
491256138 13123
858009850 128984
364738413 125377
601295917 3803
347325730 100883
491715493 114437
187517525 166868
96200879 178021
681187368 177265
90473773 100390
100431833 46705
880297192 47974
407474362 177077
960598564 63270
892439570 150541
989444320 143694
959374145 175774
988526865 52120
802880018 128270
990360518 129720
613297456 46227
999770393 17817
420386580 184787
155827686 111891
191413117 22848
472390309 68239
691577751 41654
596274548 142371
537567998 130324
93733341 81240
186476513 182294
35225510 15949
589539607 155401
999770957 22943
883959545 165939
106939399 55456
386044475 156921
182680481 83852
371981581 178024
679651071 168903
29366556 163199
331714669 153838
867397708 178566
917972190 133399
350457123 147162
808979260 182135
144040510 110742
744287043 117755
415571192 161682
589079603 144414
314554655 188284
322875702 73549
950409046 190465
24636934 42996
711188516 164802
65249055 13871
559986758 93896
94692648 189152
806160 32336
273191220 88008
217116259 49858
286396598 32556
9789439 136030
442185366 114081
732325114 115635
839507317 21872
561935565 128292
836194866 10897
830355500 95029
494188240 111915
788172683 64636
373112604 57884
115837672 16791
400102386 94231
323990318 59419
243273918 55669
878857835 112592
325098402 67438
688416749 105629
898973669 65048
191203887 16945
964721733 48017
432620802 14547
904962196 16664
623647875 8976
560475145 197895
813806786 37592
464584166 186018
956348020 88988
632035407 145350
939781350 64826
931754442 140093
132395534 55688
1416166 63548
87156176 149534
652237621 141029
800825906 14199
547703573 178996
352117557 39020
704939785 31167
555219081 27816
372221394 29477
136428151 13159
826380646 77295
496378235 162756
802683218 108508
416600158 185428
152133631 2656
802457371 190554
765701333 126822
516257899 46707
840703412 148143
980671170 170606
552443356 89146
867121186 13668
82439426 50843
48467880 110187
179133402 178839
28773034 114913
197207270 61636
856601689 102368
684395328 33151
228368179 193591
357595047 114872
69098245 162181
35774726 157522
135223095 69760
531629194 135518
622770221 19458
415251876 69458
847076363 58823
692139462 73256
911556923 102358
454704923 147791
675736919 7976
237907979 171830
831472703 83182
970257435 32845
701868240 197209
338970208 174373
286902994 56498
609611021 79092
536348798 89383
711302634 178363
47074896 60034
951410213 86965
774766005 187713
713869598 166246
38207461 167834
208991650 28709
139446335 103708
25743816 6982
98706329 199817
162327647 134105
611254645 168478
532924718 13420
150490817 83787
730893140 98918
785890697 18487
540471570 124149
327671969 172039
647288813 116533
164950652 171853
449493254 181063
390708829 127275
158708704 104791
100389281 132913
678759919 43835
578988956 170347
707275112 19242
680360014 121083
710125633 110341
323381642 60262
367278852 135989
752327108 13073
5308058 44326
352720310 190312
278426837 102311
749273519 98782
846349705 35756
204242359 134499
819320060 175569
722752055 48877
786730128 165086
731548325 8965
682258961 163466
897183038 179384
310122200 139985
465952078 101059
932905595 198395
585465081 56126
64927605 32866
281298546 9953
836804392 171944
709644131 34107
498947091 42942
630120948 20620
206910377 112350
133920125 46021
925956367 38522
810033935 34438
773332166 189673
287496608 64285
131894133 196189
530289702 177972
868789102 192164
430592881 11750
949337065 191372
512101751 2771
743868694 47205
664820322 25869
910788720 5423
784351697 148269
550060989 125653
697448143 29329
348121886 81883
680664512 111652
735561600 25449
304493654 126865
516210090 164015
310185938 118003
333982845 155035
304978195 11645
782638391 21727
537485150 77630
880780687 16067
338364496 181837
515205792 60942
405557901 187848
777457953 3415
538923146 159595
151392557 123545
680799876 129339
109429422 94635
92777474 68250
945086180 87777
481915601 185135
604649304 59429
950121977 192230
424782274 50052
835189843 81993
413710071 76313
960078190 45289
800100257 156004
287791658 145906
206987745 36043
169607782 111192
892294336 39504
26552294 197722
646895167 56042
789802206 113906
426405223 128922
891173253 94748
301732932 12341
556073386 131340
15635511 185013
827625630 50085
72212462 34355
905191529 499
603890116 111524
636100319 61168
9766384 48575
695891451 42650
708375127 93414
639272193 115500
183019414 164886
362242389 139627
856019749 26162
660430736 117445
764491379 145261
161000025 33312
392018207 56788
116404113 9010
362787116 179647
889488600 83995
211476348 41507
539445616 54422
505531263 145894
915024277 105851
6707784 94266
876591904 63550
544097325 43667
55371744 45186
549684529 144376
387784344 34216
383685533 47514
334151307 54353
460790904 2420
406829118 18847
741626278 186246
225672776 181003
799708817 97482
541078391 102548
798623205 100189
232308394 199797
860360375 103956
299532182 162631
392510411 37630
21864283 33021
912671247 80878
357381667 131499
458714391 141043
324097785 81241
304178037 140601
571857183 48455
381324310 121257
317656316 9167
571560871 13573
335037513 166628
362230972 116664
307744896 194096
840294956 196440
934097909 191840
550988333 7064
406019922 120262
264888303 143252
146406003 49271
639263938 117086
709822500 156633
115851963 172559
815460783 157575
384190314 29101
222936215 61323
45271717 99070
901557841 141494
680833329 194169
384814417 144356
185391132 166638
888642355 105392
71071145 44624
199138507 199817
956821192 124884
275836486 143539
295504624 56061
611189833 134936
542624252 1307
952484582 114384
504265079 192873
459908807 24281
572935744 48276
434712155 108057
93741420 37922
971738456 100296
723931265 52875
764256058 143190
606207786 109827
102326075 136596
50583402 159015
586115947 50175
651491706 99107
66994318 149438
89912434 143490
264096793 182666
731612179 59624
481049398 101257
813091383 145529
637504265 114493
937631130 145620
182827705 109678
297757517 53792
393328571 97860
824142215 94338
141488971 81637
99745216 190658
291931637 178871
274246539 85664
236724334 32566
579264797 75261
820547014 2635
741987942 116219
256130086 39791
579923096 60141
100492486 1379
603568138 74898
502264132 122417
851532444 26539
584828482 66093
591865195 118658
14534238 35272
673491286 32047
707271185 11291
930488714 116862
862224533 4665
332543016 4179
935066473 188821
418080320 122233
829474666 124754
790767502 191881
972016866 192504
70433758 127572
131505134 29974
65873020 7967
58535907 160138
531376194 85892
352360081 36659
439773503 135868
24939220 20476
530724325 95725
867050120 22342
17547984 67149
880485214 199055
459565359 142846
401590251 122166
110957812 161201
481648231 18981
172262398 36667
511887474 19821
214464825 134257
825388603 179920
574824196 180153
407667799 59999
4575932 155348
540031078 58307
685049349 172241
929267968 59614
31365223 142251
707261725 51876
419272318 99060
515627211 148512
219090152 16008
604100587 34809
905212685 88632
158043089 3926
115641948 31190
398668857 120825
730422552 22806
619966307 171290
72016950 93062
786774332 24197
776840512 64844
956755398 172608
389538951 142265
332475483 21874
490118146 136974
583046145 52869
427392092 139408
623914219 167272
229631229 82563
787293115 23622
89421801 193183
209722231 32750
576325379 112832
438347627 163413
807173630 193430
171932453 74475
235608011 4774
897041516 176006
429533513 88149
12353904 65709
271360420 47931
810128766 9006
361372886 65141
277980470 148728
523677076 140970
916561063 70355
609471039 24351
839655969 160268
498655883 63024
798728855 120317
148542849 54237
52899620 25317
766419253 121245
601518943 154268
197363434 106109
224635901 100454
377879942 189582
434508212 129092
314095146 184738
296396262 121724
185220610 47434
525736255 143262
654825516 45674
638151084 30669
787664039 126923
338765008 88573
954526503 156819
325758844 155532
918053807 158206
705885267 46472
893435570 64809
217194760 58414
44919986 12123
886395686 108594
870368707 167770
68611876 158067
710911112 31537
150575567 73464
623127677 16389
313162341 80197
807437275 182431
114777301 115470
680070537 172870
945379197 5056
33247663 138215
458486631 60104
417916433 158709
852267475 94913
889415150 190166
256981900 153568
838299808 162585
408612381 154525
657321928 114139
16173753 136517
650105657 37806
952936930 161228
748836671 62686
873212012 46350
666330491 168055
409851924 117761
334795723 29413
353560864 171784
899761848 11503
961684109 157017
55750398 133604
330588004 119762
162223389 4619
174619079 91485
390261572 90422
599940519 109276
832775021 180895
231143990 89960
914795265 78206
713414388 133859
256208926 15713
786385562 62766
586098429 102360
176504651 50065
662884818 167266
614519226 132416
396720128 93835
233792677 110968
463995019 163745
18897252 174273
582980161 65736
914137339 48699
249313356 43169
904129308 82681
701680480 133988
543402619 142551
994807052 131147
427131137 120093
718948181 36897
702095292 73889
357951092 2946
602977453 168108
212863543 51115
201943998 35640
504445426 78960
690387115 12917
276909194 163908
607869385 21736
602897370 186219
930644219 73303
627676917 151
949961632 75283
315991778 53099
531279007 32052
499706746 110860
358872855 170577
855635741 8259
448785102 124003
745893674 62859
62169739 63754
621942620 195694
535127084 3835
395909225 13878
44260868 61878
572905185 149217
767110856 119957
442885385 143573
830497723 162652
988907232 40682
289254648 149982
902145062 28062
558684634 150309
877337907 25668
397695021 131868
548431087 74671
884687156 176913
290426881 172004
603733757 189983
32868906 61346
366984707 52401
986617997 9638
585743346 82282
563351481 1306
148816742 59646
192308358 97661
146296394 99128
917867115 45963
409275988 10149
52215013 29932
955011065 109238
707143818 74226
533583834 42961
470742638 40165
493541948 64643
680337324 160524
180484561 22473
469616359 32092
525065356 3309
448410030 113926
418320314 94080
743616157 22102
524168868 25686
101862491 105307
374566469 94690
614622383 71683
963528168 105022
916284584 199888
159893025 156490
491038876 116010
494045047 25473
388971496 42598
169087583 186399
950049268 128702
772758466 118029
609436314 147291
520595094 169329
772363168 58886
483957519 12804
904801840 37056
588679003 104514
725764456 46592
782432510 172234
312830426 176411
609424655 14005
388120701 129871
400352111 148184
402361957 126200
598682483 139235
612740365 171012
251446069 29061
777314784 126517
244512603 101120
795078980 69385
942410329 138403
832540952 141227
104291029 54531
657527656 174949
551069267 161501
629600865 64206
222561689 115355
651651142 47871
912423101 119307
267188214 165189
946168332 125726
915296278 72260
708811198 98123
65570310 55950
375927120 59656
743862484 109504
790806167 181061
291311941 148727
873283160 138116
485227422 35552
267162546 120863
746673944 62227
22982555 61771
10797027 63803
655761459 65740
11547235 75486
594024637 142057
680723941 194365
954812927 20200
117776598 78977
782464920 14981
694409504 79037
133618120 48917
16057617 8170
897295523 29666
434039242 193551
917725188 86900
766384960 150530
828454004 44132
950540716 155266
512938253 160501
668644325 47151
736541153 10280
76221788 169319
326728991 142167
616856619 95734
440301727 180494
287245659 56041
560208601 39912
868344223 28282
526797609 83040
278265552 167712
952342234 97199
980875353 134656
376536342 76926
681747399 164886
866939253 97425
5511224 150539
417520776 179325
705028799 148782
660663541 161613
717579588 199549
926608671 16453
389368913 147543
640235738 120979
181197109 136
382826348 169626
984716104 61846
641949235 92505
186997076 48035
795968310 184341
382484966 109730
960511361 20287
580198128 35537
105849897 23215
732207041 150991
283385433 74558
926378868 140015
813587757 14918
602659751 20170
551904267 129963
95483276 156392
690861459 126452
30380820 165832
988536877 95052
798420888 28751
112628007 156324
111665333 4931
304853687 59297
557106884 69430
765441525 106710
534423446 18231
393775479 9203
668901777 113268
556874890 13804
918606481 107976
176694134 86902
679226589 44917
561715736 147779
175097421 45080
117274025 65085
752905351 78786
572606544 171816
931527683 68020
942633063 189392
227644784 141560
186772481 83089
887230343 179593
331728906 94925
622993503 15004
609356444 66292
910188111 4301
949906473 52939
823476623 139673
5654075 106389
121441162 127803
943983011 54010
124050456 189924
389169404 95416
681115203 23253
167226704 159515
101077408 126170
889870163 5418
982265179 107733
742146610 106166
223001450 28138
542009115 118921
30876887 58719
798803208 106771
310755984 47760
716418904 133257
23389962 111878
885073690 48388
342386253 171256
513492428 57521
267447559 195162
22337453 119650
246858167 71103
589482826 177259
468077397 162522
447974383 139463
899432145 159004
429689115 7036
785309746 146036
162553496 169219
577127456 59353
616462438 77132
563560420 11763
312106699 115509
456324962 10498
720946430 169261
515686313 143369
69407173 43674
207227916 156622
165052878 54020
944715400 163123
382210282 125987
280981774 55491
4537622 116879
781574758 49163
411070700 27503
917469293 152211
260972998 27632
683954912 191417
963767212 86584
321754668 96575
898542279 77611
341897618 43311
85507814 69613
915380365 117265
93740166 84279
187731 84261
995506123 50465
810905141 8263
471047265 80538
583800571 41255
680318879 139250
922930631 187189
772658171 180661
353516778 136046
71259308 37473
800720419 61585
656250313 159345
496051489 136937
36053050 143774
360782621 15720
558008280 176524
370023540 189214
351988984 22647
718587578 34394
879641749 45076
532416639 105924
319173107 132411
984708751 176447
202430536 101763
699244674 145688
791871793 69369
974061195 179820
536452960 73309
403784123 178581
937487633 139668
579636935 178700
900497647 172567
439399619 138977
87679964 82950
236192828 104973
367865622 164295
955521432 46160
365067982 62577
42478838 28287
724925133 174551
266285873 107222
900738308 74264
984168804 183306
547017350 170133
28737142 131643
796736422 5385
271257055 120941
51311091 29865
647133588 87046
236543160 141301
321921593 34476
171927699 57170
821470040 37821
458447516 166045
929626222 8100
104724561 36907
146829835 58712
732130868 161571
355439566 156051
609751314 96346
223677804 78665
43417644 174047
702760745 149156
272816958 105760
237664170 53213
721749542 68215
741536597 162812
267996479 47274
19978208 151566
491593089 6823
170939336 116949
820614064 133234
361345839 129656
353578138 146670
192997768 92302
278101659 16248
329269517 123473
463890507 44147
434672837 168774
422701138 70147
601409380 160381
160386467 15622
965252094 196011
862617556 165123
378247881 135703
553525981 168181
212016433 94205
514797926 120347
28738369 1261
499329891 123276
988413403 39158
443197673 189092
203522603 72415
138147884 8484
461009196 107226
207178842 121478
45931967 199187
39648162 12202
255870827 94618
359271433 70920
633671125 2436
777054607 143443
622116535 42063
798757430 28745
548411154 81121
894092838 172885
45428094 14909
61223441 52740
16720070 90702
614192435 188276
710720635 128707
834924184 171642
315596453 176337
52423980 73991
192972516 68419
975431791 66547
536963725 163143
796757713 125737
371032737 141974
923462441 30067
178908886 190673
437844435 60287
609363828 127227
49045634 98548
437903516 64124
144952925 159065
814272914 87588
877986896 57543
567857725 141732
566515232 130738
52632339 160931
22063350 115738
666930838 114454
392505489 157669
469691053 42586
907310277 184334
30180325 158990
205066120 197162
349018115 128403
574734662 84044
263311964 58449
953716000 18352
837469739 93057
914520802 32891
820696019 55870
76697522 115282
479626367 151210
396133736 28206
607731472 28312
814509357 42490
509778745 181353
706499922 135291
49213005 96052
851293096 76017
473227325 70708
432879544 11333
590068607 54229
493085692 119561
670964825 34883
542147433 16788
32098895 1267
566501563 76373
244133071 139007
10042063 43171
115623825 162538
909603266 64822
785020365 77586
967272795 21597
947754796 162531
12974273 6998
987038941 65224
542624003 149701
832048394 153052
821596795 40485
48604810 84180
98769864 86043
954686663 63250
738778954 192230
993491728 72723
736856192 41676
608784080 60384
434087437 184072
464905064 5438
210807232 12947
45521659 3885
884931023 21992
222247832 78879
641278222 115855
390688716 112750
826802889 163429
290465304 65893
144688447 181181
52028550 19143
91758548 64507
1915376 8454
283495214 97966
707367195 123708
487432436 108531
871221647 50567
757629687 153264
382369355 142732
446159813 84192
346106077 44888
776688757 199620
728239147 174419
916986451 65068
504755646 146804
484707157 71963
698607384 75213
881498972 56259
438408169 145050
205555763 16979
645535143 36071
971999541 2916
311975731 63010
568583123 89566
152436660 121856
683000593 21550
95324927 85053
33232927 117352
681683797 45013
845360643 122258
327886675 136261
94686539 66732
487729974 191484
106180174 22205
185348659 55500
302030112 176119
926784569 85273
439652145 58418
296532149 38797
937284675 161870
467089944 104022
401958949 47058
893955877 107079
409454865 17082
410443820 32027
62821754 145053
480528330 94645
993084609 64774
352759919 44923
689045291 178127
458761143 48808
252965250 141036
882788640 1981
576434628 23848
476565550 1118
950369921 3513
244722030 137209
745507950 113063
248721060 128810
185175616 22880
628032314 112285
127755605 126740
407388707 81331
694763069 178882
365948123 104345
537081484 124780
732231272 159669
405273960 190579
158605773 19484
100819035 87961
31744264 54115
143567692 136970
474554752 169918
175769079 10243
34424600 76169
810892367 126985
3350249 35468
463617679 149039
323690262 170568
715304204 25910
2862553 191622
315750494 107485
305585624 32677
867227863 120244
449581467 18434
634363859 16205
282514568 92924
843317562 131908
731465738 115098
93712589 164886
89426378 68369
384136956 31607
535505582 116004
114010383 117380
443088452 53398
376338603 50377
124134397 45450
686458724 128689
268477121 80864
354734900 46410
841844658 87181
784170472 95968
51539130 32516
378105117 100921
130968214 92325
274389644 123765
769717498 32933
619656601 18089
484672183 40084
543622750 163028
204393956 39160
903242767 194570
353405344 160098
658373074 149167
767879004 116253
396458126 78159
848336514 36557
253464560 24266
160741993 13523
948024135 51806
957441230 114234
942037733 96669
305238578 85962
876556934 91604
713322577 84366
981945618 147610
206937737 11831
476973524 21429
213758362 135448
394346429 10316
464501225 84459
905414205 19184
712706449 11267
932457605 66888
445950061 196684
371675398 29141
248379456 87035
564850514 116197
624398041 152229
650482130 16686
538126426 25945
713806442 123274
122257603 17459
105952119 138637
888706382 140346
73164658 73275
918817921 60054
781819587 169450
419707894 84109
848937727 95260
575272161 136924
29663646 144101
644546859 125615
182928100 189235
84531237 151267
61031180 183196
407562826 113178
378977649 172121
58522680 80581
835994720 174659
306967869 97269
134793320 110960
471004767 6857
50704820 45191
765408620 133902
851014200 194307
70161944 36388
368121251 89018
309915722 36179
519938460 185824
404666080 140184
761063524 50818
957144179 84713
81996846 32604
188010738 156761
122984894 23843
100429871 105751
210654755 73386
335692244 120209
329439059 64339
854938458 160847
114778902 82817
255854075 171556
245262064 85314
94546199 125954
801959316 2210
698881123 155339
16775296 9057
342208422 112623
535229770 121780
211300452 172039
421000639 107079
63006945 20158
908769805 168125
467091839 159809
887777650 190061
492215653 52580
221480162 110659
142269907 24404
439846229 159482
353537640 159740
445225575 88650
643701536 58540
633351572 195309
547375931 188525
624308679 57354
940584479 142473
181121610 191
198016911 196438
16811194 46791
658904192 120806
191626301 30771
411937445 33910
500140872 5294
873704846 62767
380863149 94129
234874025 76114
633024863 71992
836674358 73857
431993156 80574
23491543 106388
956196818 34455
385149707 70632
312648803 45006
421079023 56769
640559933 46854
613494942 93275
679949438 31923
648527274 50879
920071388 55366
484984405 138921
832384279 121385
425231428 182153
253883119 32585
280697547 134632
619230247 66368
586178176 42262
364218168 196973
311575040 103076
647346641 61008
108411718 82146
930767981 38394
232462906 7815
429209702 120097
781220094 175563
586421042 183058
604864508 2160
341561310 63579
978235253 94465
784666226 178149
300379000 1287
151839760 181850
730843202 83830
506754856 44080
353409440 66762
129989738 91317
248028024 131918
926217124 76587
62974347 112011
11341235 199931
920629503 133968
153644262 182540
405573683 194825
407002110 43417
369077225 51932
362479672 17809
129241908 43334
11141392 143131
761431343 170115
810592502 126936
590887518 161485
161081549 50107
353755170 63322
215863031 106851
179842978 49198
505170709 87885
451032929 2928
209389470 171430
286220509 12678
536369057 92336
863019021 125331
305629469 6044
957865624 182188
831697700 106961
839935786 63044
269819273 73509
890110411 156585
647548120 175661
745039782 51252
353540695 99361
386530828 55478
773379520 120681
576647285 184942
3381663 125486
839783926 81539
528790207 121610
26355757 60679
348946127 94949
885204303 85462
109464216 125228
711880177 57312
474677704 93582
42914622 98905
684428741 105944
215330631 169861
27560384 5625
611460757 2135
791259310 86392
938506286 28157
135808685 28271
882056650 136461
743557451 1721
310311458 21026
578319022 116991
184318576 28944
400468444 110552
658745747 155502
74414123 140768
168974974 39696
896209573 185136
313357757 67564
202412294 33433
936108864 178281
305307022 124203
198447326 140913
822424185 986
506806016 47100
730439293 193944
134230452 34939
596997661 35029
869288631 138005
768462751 129891
206958631 194271
927371824 317
259812673 152727
151463088 93960
164864814 139544
740743907 86315
643556279 170400
16145807 73450
32800462 139763
636914078 198377
414726769 183460
966213420 199586
371240615 67721
465818177 34407
481417023 43157
769133702 157929
925128884 178964
150650544 76293
717962696 187997
68433542 198549
369492989 172315
560482550 159880
626251863 133272
693770235 150765
309120091 169927
245577604 177128
217244069 142334
302692020 57421
754862609 199194
330370972 57506
784580463 109396
503967234 55990
914404846 186933
917831610 164760
198443215 188661
493225036 3131
844464960 180035
235594615 174899
326735754 114896
390562697 69115
831033912 194516
903249052 189646
810061071 5729
381999871 122223
906734771 197408
795288597 189351
658813561 44445
308080819 87619
723081903 191569
284534936 58456
651564796 96061
281261417 37675
706975441 36879
510361810 77301
298558022 89863
515754989 157953
90280507 80491
870974865 180697
736444648 192525
295673704 78036
634347322 119470
583206162 8581
984146258 117974
626539664 113243
146308998 130944
686389965 67623
804670240 21100
197170405 69972
869290186 7499
369307201 40795
543623858 42229
253384287 158321
684870923 198206
564440423 122349
611343423 60037
617294894 86022
403327116 140885
807798007 127004
266695842 1558
379382495 108941
754295112 51058
506280286 74380
734239704 15654
962249514 102380
148108733 195624
208954743 190344
203302709 188241
704565397 45047
85212839 22382
918956071 172249
764444428 68486
878782873 165164
319301359 87367
350938346 96536
352144426 167607
514771089 96052
629561377 197678
710510890 75013
712197889 150384
992764519 138403
682405634 153399
503356917 15059
298336495 21320
706125521 113227
562372208 28757
279815883 105465
752127624 176476
263277545 134593
126743770 70681
721488598 6267
908729345 146921
201436698 29055
730292078 162362
133239452 142688
526672081 170090
109048982 23965
800130084 93033
924872666 8196
607165299 7948
939136486 122834
609299609 178671
564721422 162704
717562755 146562
783778897 111511
632918724 112895
901804711 134595
922303361 118768
936832694 17166
70097954 126273
359370549 114951
388102325 95433
656912659 125301
627960529 165342
310764668 105648
174506748 36940
693297827 165447
569422842 182413
65463248 64590
562557259 110631
269021149 11208
373728384 124250
612586022 94977
110738319 44658
740380272 140451
581305758 188651
186161151 7603
764969827 79974
40041592 64287
297274930 82165
406685064 106823
898796703 153351
554846647 91181
744557828 3864
435578583 33145
542934071 70565
640611483 104626
554253419 32742
491730605 59867
12330856 130031
533798734 52677
439840545 19825
561299998 171909
439873442 108152
572520402 195719
473246087 85091
892356612 124608
749786295 69892
988852652 119489
863486636 40208
477587008 113377
582707037 145728
852036560 134161
277350318 42324
327070566 38064
305398737 147910
185744919 80589
470367981 73839
83652788 21417
892854301 150127
770819549 74618
646234302 32092
456180053 162315
660080311 148715
775247756 154780
747981256 60357
450522303 36586
516430600 24980
329140781 90373
250652174 136923
890777259 119547
884012391 26039
638335554 173583
353046642 99295
917064939 158248
23986241 110783
688304163 145490
364950236 77525
48505340 88831
443935938 148799
720743664 3772
462407461 68347
579838711 6102
326316380 117186
487122586 58075
927829943 190534
129489041 98358
86944669 131790
714712109 183557
185459222 195723
918733519 182588
617384196 93564
789138329 22353
323989909 3969
739676033 24705
777625458 70609
831169249 177630
79073017 42978
241319385 62891
8938121 63736
330164164 143135
817310447 66788
188277699 146397
954250099 22883
683609785 61674
11304626 95619
545840490 131458
848497976 143620
969213064 159077
785520516 86945
395200759 64449
828879244 185801
493243798 49633
124863872 32974
436490957 197493
570931278 17499
145666680 171715
614767030 131782
974480651 108119
964458555 34865
440568077 160948
970492277 157778
988143416 103788
836783635 100239
765043105 19218
410371481 37257
640457116 168452
523657620 38448
329408974 92180
352407388 101095
590111312 54264
482618949 135047
597005336 125854
958446571 107770
161363416 145203
546693938 132939
164284471 50781
991240102 169185
561568001 86984
364178646 14461
873058496 4054
72076776 118427
298213671 74315
325501484 13449
27824232 135440
303683012 113908
62143260 69131
490796826 111802
337419100 18114
488214915 53990
14530690 177259
123952534 2796
842558575 59742
112627609 140063
452906887 56457
619545598 17488
693060529 183828
604760473 37274
393313141 81729
978413898 98481
798411272 84196
459036724 196642
680385436 126994
881935346 143209
925558789 188793
83793833 115131
517509211 162040
649282541 179773
820191967 36247
536059643 33541
488143948 38232
389154818 136196
207058752 158463
76044408 183308
278763312 164013
311288655 169118
318678 7741
399240838 123588
984324501 39273
61180395 3144
254215664 134677
496469861 184299
83961880 27068
629772075 170873
916796481 106389
968754408 140378
733472995 168879
800681754 81507
565410701 2105
96732385 88571
341848914 180523
822401565 99319
753872888 63506
711174086 162259
822609348 48703
67400355 167263
843510536 196255
623704540 163123
415504388 110059
315566429 35993
679511234 4756
728784661 191974
911498438 106332
502519405 127283
341315315 95264
1324267 127301
134205614 189375
275114157 185721
887730975 95054
283893103 111113
338207096 1377
993843848 178238
640397723 12089
71843371 10991
954647700 87398
330662921 87989
931312866 39364
592346067 27598
403526218 76896
166602982 84641
978039048 91804
792329239 35459
973185525 41499
968635773 67225
364960488 199207
735346190 78547
117958513 8274
256473488 133985
237274976 27515
619049593 184253
598013411 100182
391636952 88108
873041051 101877
199110154 121754
779982084 81485
342336384 14532
127677757 193719
276159002 121092
833855502 98893
938967512 86909
464371671 64933
743437013 175651
964951891 132951
294913861 135095
906273813 41580
835352925 80215
618130245 143579
822352888 184223
70782366 174958
544422055 51573
874851214 60878
549988637 185991
722286593 42538
540922008 12145
579401681 130426
84359489 145016
871321565 80789
173555811 58936
449558843 65573
821166580 182831
711195374 27927
732956497 43593
783319038 146107
760876101 16550
803954351 107288
578596048 108691
557048829 57979
746643618 179514
662201788 38415
531556571 91797
570613507 104168
783095572 90339
893277562 27269
878142526 153303
277867582 75372
707945 173378
372278344 61770
338653852 66659
365060786 104546
924279987 185121
202709388 165294
196724642 99592
750324662 75768
368106191 88339
986934292 2739
735351662 66277
278095447 124706
723617421 95387
485812421 193896
202558276 198273
504678843 77351
589632378 139613
796963026 90988
555890222 64391
865652044 40278
620841537 50776
889599479 158422
465880457 146147
758834924 157711
795682037 9248
942600311 161959
936062050 93531
414565779 179371
300011218 160493
303813701 155312
715094820 108220
996675780 83618
337880775 23485
436289210 107588
945717560 63306
982866112 149476
157185552 25054
168277404 130039
541364340 91459
810327913 28053
896395737 140409
706685296 127374
568425609 46125
658257374 58651
190277341 19796
716889125 124645
777552845 186435
728318627 13211
937835407 174935
761415019 167827
613505854 139618
400823699 152315
516934486 84969
630331252 6476
229866224 96110
346851400 77874
173455458 75543
304055658 44248
795549445 45335
914244886 173647
457073975 9888
908233642 73341
15839848 126165
327581527 141350
478888022 185104
378565058 158730
938911441 42666
147532535 10929
717816702 118983
813529716 52295
275251593 129824
455089026 147656
631802706 87683
464995746 84268
63389799 94284
367824210 179972
86913990 47466
684925025 155913
100458121 67282
18515954 118286
211652990 187519
338690424 158884
478025776 115203
465272278 126773
677063408 83373
446495528 199446
306197770 126000
483545681 90126
329573347 37612
902844420 186780
505142564 97123
342842515 5966
358244134 5841
154969565 10067
292651453 25448
947245299 86395
590928523 195255
39552645 40175
172320475 129883
258238728 125367
985485508 24294
927959616 104019
852168824 26753
895657138 149711
968488517 13076
983774808 22154
189160786 179987
432498084 164211
597194090 110858
111606478 41121
79702723 128273
82517036 61060
628629779 133529
501109200 151120
518666230 24465
358439841 160684
897632419 125113
830587433 145817
773192088 144050
60303764 183718
195761294 199835
83900508 141811
978213207 96581
382634200 68839
653204614 51781
13106900 87635
397901553 146907
846266214 65624
247124673 143857
532535047 199132
114749725 135416
513636866 195648
194286976 44624
526440930 198631
190495515 168604
920708243 3633
854901241 29721
470980943 27911
906594997 138
139793870 82307
467997890 28018
394356778 27066
854767130 118833
416866733 36877
260247630 56985
788320204 165213
26269902 49780
198293999 168781
669368909 88718
818144278 136503
539453588 105948
741447931 53184
336205631 7510
913457057 105195
558302278 13656
345489029 185505
204048721 172937
475211469 15117
991289904 44114
742902330 46261
356435738 135429
468553874 107314
708693713 89786
940155255 130084
482441744 28093
50123421 42205
72064544 161274
132485983 125127
672173595 74686
700615219 117291
746334290 52256
944117368 112115
207504170 79732
453455887 19641
743860046 54374
975256082 169615
351949034 32372
23010759 81763
15313197 163421
50395118 167905
583754197 198030
457117063 87500
848230134 55837
381678495 185169
636298055 59231
12722385 165647
186522514 77418
756675296 176844
796905728 192068
180592027 101325
228092349 187821
751307317 128435
385737709 83918
159668308 166452
837359848 102732
637463774 88327
537295731 15325
544704196 88211
993211244 155021
435473770 16139
532588019 10223
689814116 54709
777079651 79743
634055155 54938
462860997 87991
743412057 45289
773568836 61453
251664915 26738
527748843 63604
399855149 89137
904976439 157883
445675117 17979
492929185 55866
277055211 96425
260278282 182175
514463914 131117
130449624 84260
124094104 35117
792246103 88838
156347633 76146
89245594 161566
513812912 113181
434919421 114393
153657582 3611
761557077 37783
95396259 162596
354865770 147140
616972657 196222
251258725 34162
861600862 119125
26807744 24355
341173851 153884
619667452 141641
348819687 47990
334507697 7870
67822732 191466
580474677 83149
356136469 122316
365125750 184512
411029560 24527
530654285 28441
317144260 45259
366362782 131892
762432148 5423
523401910 23977
76650372 93828
569411221 194442
313092356 68298
840158279 9588
343870262 147100
332715816 151657
855508827 48175
817019306 18931
606051957 64497
144156422 4667
182018590 113591
974305938 191707
102013097 106453
680945459 108749
202146331 182387
278751133 82258
233407046 18616
474434336 154062
412490552 102087
49260134 109922
269696019 192033
33764827 121527
318469162 95750
382136802 159139
4526105 160731
699301580 71756
797846693 8025
185158692 42114
169082001 22555
23331214 196815
172944529 192225
725542688 37646
276083681 194363
157987622 31348
511842705 15860
245748060 29057
415568923 174331
49162355 156605
928663673 80829
988521423 183686
809001552 153394
139287391 166399
48527431 185522
779603296 170630
338771169 92014
372971366 1515
188352139 71677
970627950 59128
740731998 54818
227563070 65433
110566921 74019
639663107 167415
337688762 74324
473384540 101836
726834938 129236
569477698 83536
930560428 160971
176807602 109858
197387065 199297
922774790 120649
420417399 52739
919638959 77282
939899754 196683
436077048 76416
454241748 142823
876505063 183742
583525801 96088
43253502 141504
367531194 192277
205574237 30129
845571513 180954
216002706 30255
195335793 42776
322402836 19068
820005260 162403
728642684 114883
418042385 85070
613479494 98271
955527746 24970
124119758 8914
676185283 44572
987929697 44369
131986047 133501
815095961 2792
243332042 160824
140617468 17141
619340540 159604
250508507 35681
518470030 155160
453562023 88953
241232855 143628
917739093 78842
71961671 25380
23099527 187798
762413901 97630
411293327 82774
820691946 191959
481965517 155699
739735788 93507
517651126 122018
371815114 106071
940305568 140065
537714037 109366
243251332 46083
530737896 51771
333200079 44779
764730681 145600
846859434 166341
752079720 25683
503785841 58330
588926698 118700
345345311 158104
627577126 48206
726884133 176318
277857496 98834
797389359 142834
556158694 145440
16105952 34179
789686086 162623
797465535 176063
998011929 136578
612150625 12969
291341082 145314
744336221 189672
755036293 38380
284313174 117919
728106932 118870
642286097 91104
639637238 198299
255834760 126242
469825011 35821
172042043 73670
913359819 145526
236090501 125658
166451046 30357
14175967 141444
503222863 170724
841045285 15197
384974494 172833
811858327 63695
253313702 188138
722181528 17782
69040708 134139
820523398 56013
968553377 151455
911248385 96396
901466180 60212
677503442 115802
163377666 147572
639730013 90973
530337705 24928
234607204 198524
496812496 28647
35429202 19625
717228498 48881
811703657 187342
221932347 181045
783991637 176267
842293537 173060
813781871 65430
193738062 24313
618822993 104470
207158383 113148
780236304 75844
12827476 132600
973377660 34501
216415712 108192
135972074 145825
218913103 25355
908982983 109514
699360138 149083
546207763 136474
27124349 114046
62999824 85124
884670697 137154
533274179 101917
101997966 57525
173011053 106021
415895297 120666
935756043 16109
743539322 178980
391599694 128685
685027777 65370
735878649 56458
272303538 185676
995960557 131933
926649514 163180
199387680 141210
314127660 6562
919726794 196630
193901598 131746
879947006 26681
916696926 181308
404488943 29970
356533818 150023
199427631 9846
114636515 62342
910082249 43106
572176315 2588
292265817 150482
817055940 38759
182712111 82801
358675864 90981
821537402 153516
936483596 1425
152294911 58634
644778958 70690
655809937 57327
996949637 153325
389844757 5750
696406457 21089
106835860 152762
923150912 34061
165000602 124246
621254332 9226
333819898 90896
370168566 23694
551468101 78574
413937921 117786
885914709 98734
915411514 137451
296711252 29673
912054449 86033
909687421 130380
170704684 16160
313261336 186688
370737086 98386
612820529 51435
905679371 192903
35221129 24399
782970830 142682
387815143 16090
34490140 69565
227656894 161785
200945498 27207
607144020 174336
986625055 71861
258734182 108465
738042796 49530
483342438 106722
452473123 25572
244160007 182647
743246684 22294
104434325 76810
893132764 192625
846333981 190510
834066448 140201
348670737 63340
562827048 64527
120689589 160373
475561648 179552
431107821 176902
207446355 92982
121847731 108570
949602085 3657
735351472 8064
785194364 139607
168538434 81375
53189331 352
189389460 139913
602308063 63969
908327798 183230
385977430 132271
541920627 22060
678906785 161809
508081790 182872
556017041 159174
906905379 141442
908124767 152970
133234637 58315
312858267 2191
320838268 42280
318848451 167131
176360292 28084
535090328 61840
54586041 191157
265856082 39419
579134601 120825
527886509 92980
865954379 19488
681204762 74820
474679162 59579
320374560 89466
440781349 43356
121465151 182811
87355639 177889
863249555 135033
946178875 30842
424381958 106733
188929638 93221
179686071 164589
530417104 90604
185464744 92892
157938341 5887
952839721 167058
404442238 40116
841092237 172051
387891043 14321
50678672 125917
181936890 199870
783177749 44581
644421735 189979
649759528 158225
957027743 125178
884989954 192936
266442590 71831
346508916 121813
441248397 156627
837070938 110833
18393269 185380
212291904 121343
111833710 10765
30368528 136923
594999854 51242
195707987 76720
632744622 18862
494841068 85516
746105954 79066
231583205 102052
232076947 84938
193613071 118926
386907457 33438
248040940 28761
929513077 125173
870359919 113739
760944094 149384
386439542 102192
180423370 52654
578467322 13359
549237754 179965
269888195 167884
129300669 158151
968382574 75171
944323217 146829
705701200 196437
43533573 2684
779208757 62586
729179018 100958
964273696 70657
398300298 120915
272914963 18187
239076136 29841
369281387 11887
866630910 98638
897167674 86939
559634733 134999
997962206 197030
58793952 194175
80070069 53941
492032829 74538
23749646 192062
71701203 193995
821575087 81999
170270595 16344
154000828 125432
816904494 145954
265550551 183358
974378655 141928
779266209 7440
385358418 57933
131776294 31247
832636852 29326
333562224 27234
392428582 113135
587682929 154187
65403309 39717
328493457 71190
661783916 25326
673571160 143631
977734852 129980
741226354 112511
761765554 157615
709923342 154821
724962471 61817
324298945 124477
387412583 36257
164805339 12683
315116873 69294
330604624 88027
17965981 95449
325224968 72743
263158756 11782
944428857 5418
913003890 44470
713882935 111233
9503301 12910
660044894 103117
654251258 59987
673575527 24042
976913486 9638
307307865 184063
377175742 105742
285800434 193483
794855849 138267
132077334 18783
986737355 132760
290703115 39459
624645958 166773
623802459 150203
524529307 80985
490300025 163078
505887700 156807
339019895 116076
197395116 15384
917732307 67628
293920215 188808
140408587 153840
163839593 178240
492640342 79111
298295968 122591
105710144 21603
122655692 90657
657048922 112549
686425438 142663
866691636 56167
904953299 33864
306041484 116024
635020743 196163
920596448 113419
952188074 158532
611249549 133729
298582356 179588
727826676 5140
886403725 153855
532935425 9707
920674968 60534
47342176 98087
31115725 55775
215176986 191366
857484212 47763
686156251 91153
76838151 129225
612445859 50168
158415292 61855
689201179 34315
456181421 138927
813970298 21347
360256328 38771
240149975 140181
537268723 169846
62250417 15922
793222810 188476
430507872 120950
707617168 130709
728870746 5464
655127504 53692
728397857 78317
151006158 64848
183447453 27673
786040221 1401
677288668 110664
379532533 94081
978212704 169142
347316583 50139
507265396 8314
349146288 12302
95469608 98803
712487738 13466
486185165 107886
243240822 108737
661236259 130044
515044763 76288
631286507 149580
523832232 39512
874334851 117045
776649836 27340
323617990 194396
481577442 68279
570280898 95310
437598319 113016
363026943 8319
182955825 158712
387018854 186556
520815920 89991
375918118 79294
634184194 60717
499312641 36257
228501247 28816
441401216 10266
133040377 52741
4382288 39660
547173122 76425
537347370 168029
280456872 198118
511534915 193393
324160153 107842
220646762 116917
128470567 184400
208977997 69568
772227812 130151
881521618 175677
85196259 134181
814033863 131947
453149358 51947
824151761 181906
587696608 145777
783734889 124613
548370652 65510
827707442 47551
681111332 77926
438384184 125391
924786808 160080
858239870 42119
215911319 178279
198680783 150328
954146208 133749
533705813 15234
706062892 126851
547684714 152191
738504537 190096
300381970 45623
913593011 79084
206158327 167633
868644039 40122
612614265 110944
246671969 86428
157482866 45633
946419528 182904
221146599 91435
364034100 16361
408287298 132537
360993970 178738
606897797 36582
887974717 89851
544028689 195942
682632601 37300
819505671 107408
302640943 26399
824218030 174584
650600141 158949
674238132 90165
808816798 81071
816985479 161689
344279697 162643
941804184 11591
126603312 152064
649231677 21700
852590444 86032
319539779 5570
526172692 168042
407112290 2343
365560598 79026
314311460 61430
103683691 118106
85835432 57493
737305172 195641
494369291 101682
322384065 84165
769329926 67752
124262681 171637
796462566 171954
279265929 142866
566338434 132741
949788513 195890
664920059 87692
433942192 19462
668985574 93606
762748515 114402
611016222 196670
373406264 51512
881961745 153151
985949562 72332
754789177 12862
355649737 186313
679660229 59115
139903729 100193
927649044 44948
607387433 134572
108330742 6952
246314346 66927
294999714 30886
904268356 2077
351411511 81707
698571369 14828
383653921 14024
451006720 53660
448832066 5955
348213442 28176
21745765 40671
273121242 24269
3270160 53679
948552845 120157
324643087 102529
672119231 105591
498658493 106790
366979364 139675
287051881 142847
556419169 196834
641912463 151340
957865254 133534
264057869 121618
705311762 143373
9544029 38314
680849069 159508
288355636 64746
236459879 59563
53782558 183081
831634990 141333
795581302 74645
718868795 191550
854456246 180780
357421384 107711
279307381 105143
938709018 100130
380159367 174480
770977822 25938
349372905 82315
622326720 48286
727789182 146825
302048096 80674
323117106 122461
767842359 102080
692071526 78720
480513789 122046
74153258 62680
50838822 115283
437882893 206
225828936 54824
561179853 12134
732777631 105844
524479735 144879
560130220 5903
867301210 171219
811526501 24688
312427459 86667
540631975 67996
516622318 8118
640816037 5214
979503070 134394
939963577 31790
898460219 84765
394464678 84862
653935737 79702
314796303 67440
55958945 171572
521754148 17143
860620899 81354
301497326 152471
672258024 182740
999512672 35493
303182656 113416
458871405 119369
791586859 54826
865933252 27590
834899947 189463
401562752 80816
883278749 122831
331099074 80185
521092467 158466
163959832 4732
191718745 45234
669029641 19422
211713233 192685
739037182 111679
851062448 164511
221502961 57652
457993526 37078
85227742 174839
832999426 127776
473924532 169336
96053180 43383
874316886 153981
204945813 129440
525182382 36918
224958522 159201
912246145 36714
199309448 135539
631833381 162327
31720778 195004
378209717 26760
894869925 85611
783935491 138213
58310789 126027
881094134 17326
999368605 42586
396929108 16414
294449584 177786
528037978 137027
325687998 31291
555999812 104213
201786968 90849
216130228 11403
323302785 177940
662014205 145126
732441382 56783
214873091 147047
354319407 129624
773262022 193114
70060515 133796
945975452 17205
470115245 157032
376184589 157870
207276153 3128
525184409 198908
665718852 167922
805887518 116729
481474303 166794
326634275 60264
877077901 30036
246401186 138854
530692147 187939
839354055 159029
968000931 97653
791493602 153513
637227243 105647
673120175 24845
83222475 183691
913707088 63831
773598753 180268
342779184 171222
488412927 150470
117510276 144874
609147869 59998
111406828 68500
248069368 23725
982002436 143298
802001570 4308
435397030 58287
879970448 67777
72711544 123053
64074682 112729
282112048 39758
129669125 30380
12383872 8708
534774473 137192
630206926 137354
751756918 29483
869993575 88629
732599207 30075
451594534 41544
743225175 87811
821435234 32347
652833789 156745
581631796 129930
344787330 154726
164236864 17028
462111423 114075
137641778 7606
115147582 8752
805058733 151905
426537087 55122
756692732 144997
422390865 186101
71967092 16832
956350741 166057
565899001 117183
629155528 139763
570021012 99042
99499876 154834
588031446 196797
609932022 164395
273033072 187392
793115769 67816
627083953 168653
124296604 100799
690343233 41726
44766064 131497
312545790 149076
597695355 147364
84540397 57870
795926966 184023
486534595 175207
472389739 9967
312443247 172543
579972674 54310
348528282 88992
879379068 186961
355557836 153316
296262125 196449
363513916 23360
501633864 178713
769930030 101926
228415076 184804
169906250 105602
700851257 71187
382319008 121911
29959951 3855
161950598 42043
692433908 175070
738949743 83662
739553955 48768
873174424 72770
428444911 103330
225771759 111021
686511773 179104
284838375 113840
171551151 21238
126213622 4761
588409444 55740
754627981 90284
590854531 144501
912034829 126124
938131539 21518
762016710 1506
711722113 135846
469107159 494
515080157 140465
760003943 129543
105412828 151670
935434285 25274
459832723 39106
708864798 61179
319422092 32775
146794553 21068
174973124 42164
10861968 133371
482850041 82360
487069227 198126
411125852 178701
206468926 199878
504860102 182587
139727726 140887
2584261 90202
898146578 124652
597634498 18033
486002016 3997
621118757 132727
549461177 98127
601525573 13694
972830540 194708
793252747 44404
136153275 100219
719077106 82259
717428145 16625
738860581 59082
175170872 178034
111734056 104133
432200913 141843
151606175 7825
22699946 72917
181605612 181999
538841443 70139
826855110 118633
333995735 151515
832555168 31007
98374366 162908
817216981 119858
681643513 151175
318545650 148518
671527495 74720
236301589 62155
696150992 7231
867544014 69806
643694563 82788
268996612 122722
512615860 25446
228438561 52218
718874262 196953
488196177 37405
549418068 109875
299265663 36403
238632718 67490
497425823 157009
358609124 42
929302956 164447
667264962 86180
774304229 92390
207861072 197835
122852545 78086
217900197 78730
589543342 118901
380520874 197588
201064590 105563
401464050 46924
401231659 40054
16951626 156015
246445169 14627
195247151 115958
459905030 181758
286282078 102369
636694601 36035
470445364 39531
770623615 22385
825924113 35216
675005610 169773
569760700 199316
248964713 134446
738999201 184311
546844973 147556
151993097 70972
938348351 37415
404213778 101537
734516371 145531
447556254 56413
331711492 187295
565787020 199405
471977438 128239
901969982 52734
818402308 73591
612052256 129839
171641529 126215
922258316 146279
61882431 134541
555118767 6875
92978059 21551
865605745 83
607749203 9151
964306242 80713
118808960 18801
24412478 100317
757203545 154311
409478644 178487
331330166 177911
704407027 76032
635228146 89284
208881660 67219
513114690 163773
215177875 193975
124461010 24496
420569516 87262
378185123 45329
632549756 166868
129115171 41675
459771663 1477
128910531 150706
643715944 167301
788244982 52300
766094007 175710
683033156 170854
79334955 117286
458468418 187656
533539557 136765
300328800 125383
735492254 150147
726737104 75424
961476766 149003
58792475 35787
953470262 5692
496116441 44929
539534995 12974
607432740 23642
682592626 135938
299534012 75018
651175194 107536
958864798 28477
329014902 143259
488837096 172100
437276467 156951
160872625 83398
317181151 108315
438277744 149266
907436816 156728
257229640 190592
795023819 160246
749268605 70347
825985327 174814
889022187 185873
804976259 57611
566618587 79589
320633605 179676
554171588 468
312261571 93109
508089467 52401
204688633 199597
929487478 123876
426811935 38116
481362494 157941
412137066 71479
989570690 115248
943770521 75521
552078993 12216
12332293 54557
381226121 4052
480824238 198144
226192548 110500
553548501 53524
977360370 191439
798692027 39738
981131493 19391
577177606 192442
6725371 3074
2344261 128598
473752642 54287
66365032 180532
817473375 77187
577342258 47449
338871960 146822
507404607 58437
818130259 179977
102566584 21191
923267495 141546
174896388 11028
285073003 137021
826981976 38394
103596476 188157
590913410 24620
279672441 92636
168503828 63387
83293144 179426
402292944 87805
14638292 55447
914573770 76030
452139271 101194
242622599 16053
532498855 189821
790104743 161466
24915329 138428
53819423 178697
137454073 102754
657219382 60050
637374237 173033
91755447 182108
427194164 103715
721817661 177687
427945570 153214
208487243 149034
413838751 56767
204386210 155867
972946278 34160
753361803 128052
170183545 154387
583563735 38511
660196605 11795
175358600 189337
602805708 182533
444707176 64523
456106344 13410
253382430 140554
178297876 62664
93500263 127740
652430 20663
456156907 182751
432650616 173204
523720476 9534
484171236 197746
817704333 83942
46459704 187618
17259981 68678
927588357 164153
972808115 30540
344890516 137729
32483227 112771
569748817 472
114858311 153460
784385073 76436
970074737 117670
372327722 38784
602783906 32362
484730352 37158
563371597 153159
407738398 161630
221072552 23625
276522466 122883
722768489 124272
777650648 196372
87015845 194928
981130440 170474
637509855 121968
690594114 79690
781683713 26360
596832138 115313
690408103 194695
638807242 163108
321439381 39428
907710133 165006
207509346 24991
963572138 180792
941961725 103676
830481455 140385
208339073 88956
249435629 76243
270983698 151886
419838018 93080
538313346 191673
261749678 66612
417913140 149646
298455950 82778
111716728 116638
986409473 103536
961431295 167440
169425215 175860
606427036 127168
409901508 158493
413542366 36890
324661930 45011
603678020 57287
42427766 142024
78050166 108482
484623241 45213
627805191 176548
601686884 160426
228424019 116597
899603869 180841
988776285 113930
927112907 196532
842927238 5420
332549919 29282
810427326 78089
871084414 167594
717346043 88546
766105634 112132
187769605 53678
271282783 28233
420557751 110546
222875393 9523
406282973 111605
966605416 100778
872502130 177806
3813787 67280
788899799 166873
612172090 45199
931296059 80413
772170566 184490
726262168 89320
717471287 108319
202098125 152820
981889591 5739
491268690 68474
493044195 182162
605511439 65094
492806311 128523
983551105 52281
440326752 82677
4362172 50351
96206397 96731
651496633 141316
822716770 179253
555382250 86929
724362876 57200
488674359 54265
155316600 86408
715913861 48779
954968886 184932
262568709 177344
608231918 139986
274369356 4819
146649473 171532
985582522 149632
16582894 188474
774291263 166285
935840365 117367
476670388 157306
50435841 98965
711371745 106
560909089 179018
631395628 84836
744003601 123435
255789104 183511
934186773 156674
213841149 6983
602244713 53375
109430155 180370
142688651 126756
920329043 41144
566922286 109519
992304187 152832
902284462 81133
8006374 73322
894439333 33822
869852406 22625
41408596 183244
427479174 117757
884627312 33036
132074918 40532
577370710 25997
920353145 158644
546152296 9530
521968190 117027
261724919 47544
802257033 68403
249664764 66976
604706162 69698
229951285 86309
919418647 115944
628945758 6803
439079973 47663
964358259 25599
404165510 56789
318351968 124661
663659810 185726
984290382 114756
781174855 136178
789730903 182808
490997113 103031
586107322 74331
670407651 51819
346648370 180197
873940275 193692
101626226 60366
304363833 163580
672431005 53945
370005757 84735
386085581 93489
851400749 34799
510016775 139322
542547804 39144
197304997 100099
944582085 4178
295215297 93484
3661358 79620
928406451 21116
283261070 124220
417364664 64014
705578165 101519
118489820 97994
870245357 107842
621390064 23898
177362458 94999
927086768 149244
382242927 109534
512419203 11550
494919628 181286
693286934 86485
773208160 17726
53886533 21644
902513728 194351
725228640 45846
262423043 192570
965515264 34410
467177168 43851
68842177 72311
332753002 148679
449458039 12335
754680079 59982
681139287 196460
843451185 113720
272054603 82847
152005790 188995
324533324 155665
718228366 74808
998838495 78920
989501577 49590
723991497 9315
304046303 94047
404351005 13963
667961105 166452
159901960 194201
823712124 163891
752433548 188668
160430581 41768
116212999 92793
481963296 28916
759825870 99618
894300140 92656
816669923 175796
775751253 91224
807628208 157176
320232366 186675
604225205 191545
364107720 136100
767492527 83686
778581369 144566
806098037 27157
319298731 152664
803171113 26575
392925864 34738
254715399 119238
46579383 148883
851274317 94489
321167117 185864
351310099 71328
844035705 5615
892150371 13876
322273607 138355
457811220 185160
477941735 140063
74629005 24360
745441178 194531
295035552 125962
974764710 15929
510926660 74154
82737794 195568
959298352 176662
167737265 85057
246291869 155603
393742403 46441
758107801 39873
495966512 127744
489910608 137118
981614129 8735
325931921 123735
43392351 118367
818470815 86174
122894620 142424
134674354 191146
398165785 68278
21950409 177231
713722052 12886
424307982 147732
634811407 121639
622560178 36366
350043665 85867
910572526 163654
90540436 147005
520520455 52887
982438504 102677
234586290 171541
433621208 42207
825887301 64250
662918426 71806
632751408 176903
128558851 27559
222884489 155214
127500018 117461
779756449 188923
504692829 199751
503206557 45976
683229991 112736
252178749 12133
882194131 128551
340523141 55985
558537184 69968
75133488 75163
928585648 27932
976998725 157781
280871104 81780
902185407 131240
361734212 145502
278506821 140650
195200845 140039
505853954 32437
541441521 118676
180347833 197135
623092430 119549
690775995 36533
430909433 60101
885593633 178872
941449592 107181
382172248 61196
532461213 150720
610895593 61560
172458991 176266
859843044 31056
411516492 7421
177164338 173264
826044830 191632
554046297 189690
393297313 27207
92057425 193875
722166895 175306
92797726 179121
972640184 124740
79126246 154395
777248436 48519
133919929 74117
788818439 91941
423514903 144302
877323968 81049
907515089 62583
206801173 63115
171296480 88786
253679383 181576
872662898 61053
855371377 85046
835937914 106300
790350787 30343
141075494 20203
176599823 110476
323657035 125494
16067887 17704
647051749 182872
613237483 73278
580168695 6058
188482713 90003
723358797 54264
906721911 89144
614261602 181302
958293975 8744
46894388 197273
584842229 91220
937014436 155857
123478823 125368
731816652 124970
170627194 157569
614982042 51374
807485776 178961
818932326 109582
435768558 101792
774594278 27078
639774650 187829
218420469 37668
266010862 175168
388929963 146932
108829206 106693
473491168 117459
993077942 10109
345755099 114497
914749708 33777
873695976 78052
544282772 139136
388209470 58289
388138525 43184
872707669 24601
289557374 169254
118188359 73596
92981586 188962
271578792 11222
509749177 73516
240281770 5506
596487896 168102
614354577 156374
902754116 126581
723376158 65561
570869913 59860
534012199 147001
865260598 122940
218673098 146400
633013368 43426
671558762 23796
956352088 10481
98748371 157224
988627770 149015
233866418 166815
321596608 93983
729394615 86099
771961532 150837
456499381 35411
361380542 73826
9183389 109880
759769666 47268
589692512 69415
449176620 79205
301878137 90138
968283612 142437
87832707 114891
95386159 62072
469029256 179061
964434495 165034
477803651 43036
910654939 198958
510373356 199922
562910263 194838
866371900 83216
801483969 191900
882571805 31106
497674398 168396
786121477 75401
714293294 16046
553863006 65231
686724641 91877
264189606 35963
64490908 2220
35587184 28720
873464873 175502
374586670 155623
190082148 133231
56359516 71844
381582448 84781
782365211 11627
304376979 132317
176213265 37204
971075395 41239
696595181 29046
528339882 132992
623267736 52653
374222394 68443
469532103 22793
220448129 177797
71682241 156129
675735217 145058
644753175 133160
328220823 89072
864537193 84527
130735798 24432
544948149 9738
205466328 17422
722228623 192033
976079490 21657
117446730 155540
677393302 159892
486295425 125559
924189067 54158
43429997 158032
19697381 191510
250104287 131226
948056008 80488
90672063 111247
122883007 89757
240508635 40920
552007420 121050
55116400 107722
99371805 133212
13199933 172961
990058487 104028
937313242 23257
404996856 136393
223385426 150492
463399307 116278
207742463 74636
752275242 163518
235905169 108492
254244551 100202
953344623 143871
962416214 167568
683708448 165348
351715214 19411
782004442 16851
236567559 170996
843326099 119089
13269420 30053
256107894 166378
93462202 187913
393558354 105590
526570762 161703
441971044 170308
432793537 102757
664841853 92820
179841689 62557
391790352 157007
184706309 15498
2749910 165495
54420762 30984
742986442 124259
199143599 107924
244708732 68910
295456481 40931
507364661 102801
504977232 141462
720920068 186279
672267249 184006
734294490 148557
678677178 95925
726066278 26782
163611748 15999
495117361 169225
508574951 178279
801918158 77733
933219318 115793
840482620 67977
30110204 144191
904297648 32249
507362756 169254
593088210 11845
707764105 70306
822295941 175261
758827853 14185
292270365 118576
375316080 169196
765798011 59628
300184437 194295
831465789 88924
81618335 161515
722759417 99109
379228431 57888
674943565 152889
237229470 48467
146525952 190707
205238462 66216
313162507 196598
737754641 31820
330444263 149581
759354434 44393
651643491 70359
429007607 128036
202447165 102304
686035416 139545
107988878 80764
146916267 171544
548780853 45196
397650073 129249
480524472 166883
234950575 128091
593392031 69453
623920890 116061
941927718 177105
745629581 4258
896667763 187815
317940468 108040
161924549 25964
343998666 43565
323932354 24270
258288084 91568
515875420 177177
879579327 46795
922301793 67423
678618590 21804
418499100 127428
814858229 124136
641762359 98686
500260609 72416
278052594 141041
230508617 11481
393600200 190152
652842814 118049
713589966 25640
573218551 116672
297667517 5205
536319597 109627
867693648 72852
186340488 47220
913037085 77497
692992050 137224
37869651 88103
486353661 97817
970239693 16109
922435451 3676
355500043 90046
266189608 66678
642868700 20465
803024100 131696
532752767 189724
220275331 134835
212514041 44110
865388563 152705
818971490 95390
559213169 57768
931543445 92250
137997181 97928
571160359 138846
249297075 156538
527088078 106254
807601585 129816
967942297 80415
205516859 49833
309445116 22190
748708949 139173
584963945 29359
383938186 34325
832296544 163086
501293749 10455
368547074 182549
773589447 155020
653306448 113279
840414958 107610
354019154 18008
978655658 149986
56886917 197993
868843974 68682
690752050 156027
344785032 2945
381035113 125734
657180979 101424
641750719 122316
683761302 154821
854990999 94116
262890150 76390
379211085 135040
149474705 85964
86767964 58668
837861844 193183
990150810 164795
409815826 146782
337212706 154687
335460427 47174
682184014 107452
104239627 24837
590561805 78356
222608064 119218
601401781 40111
30793860 52373
488055773 17051
156815943 31320
512719275 47179
394425488 60780
640151059 165032
345485357 147763
364287490 177305
456042679 121964
479988146 195067
620803503 109644
251530235 195841
398321048 55222
705480237 94531
25211137 104453
254448321 156456
585016688 111853
768906058 21213
321975796 95290
222012002 10033
673927143 98828
570114581 187824
160917126 34390
307596596 63511
86484776 101225
448611810 153853
100424316 38007
359814935 73465
781178917 85284
494410825 2465
840544513 31491
564634550 5936
20215069 40683
430922023 56546
631713117 98458
63081575 102395
294513249 75811
857345466 15151
590244024 95053
26738591 48527
907625914 9681
261830304 185931
384079722 166662
506714043 178071
324701246 151873
41618128 105651
662478761 131271
798038995 126225
34904481 35639
235344295 180761
921115284 59917
950402165 50097
540464068 104600
838377135 122262
686109212 71199
707217635 20266
204374972 160904
157790586 140489
735823443 69326
277853755 136232
479450118 177497
922771979 46316
762598904 132715
861326268 66729
506679309 122812
483482256 48536
878188887 72063
155125064 156615
28695977 119344
353043497 167404
832776501 174774
881044718 23629
544753825 123164
91956687 70809
929974482 147029
880120450 101564
749993242 75592
428334212 135208
598151969 86913
95746617 172063
704895212 187444
351645826 103977
981808549 179032
669457731 5618
756166838 8163
399167749 130293
702630665 1515
158265838 152739
151758401 132720
780387308 165981
515562626 172562
828469164 94339
189635072 41533
389838356 6351
781458734 19987
491179421 20313
450773729 184686
815552722 160127
808937091 176942
28580570 165736
944665904 165247
68917720 69858
128822936 61688
857528080 125425
392604683 88834
571902237 51094
194390808 58785
485119570 46686
352609263 37067
264430099 179527
770198593 198833
776236315 39602
540677218 16639
507231604 59397
668893124 78011
816465537 12843
638129234 194298
830223199 90652
155417355 160590
565088728 199643
795323950 128882
390648283 158580
452782518 196717
998781968 131608
452778129 60339
286876767 129523
201667159 170264
431112349 68655
562307986 171376
478514392 115243
484686540 164582
384891849 161077
569222336 185736
388710257 111217
983110444 144151
467087495 56319
663381181 33145
336409222 95358
586186083 146115
855105351 170327
414716513 65693
509570325 158485
155220187 50725
46119953 74644
369256467 93926
245609009 89202
103209027 83471
400326194 196849
746576564 1565
437574964 5629
194634450 93736
715905982 35178
590909109 155905
648877431 82517
473728442 181255
503532138 185232
398145491 70965
403315695 97716
561466344 153661
172788853 4170
338892993 132268
902081668 37688
619513745 29314
843396689 42377
333414854 40015
871938658 64687
454307305 81810
539881072 188644
179282557 124268
273590398 123717
284986848 124063
669977774 143415
761713024 108098
13787837 131343
314637668 22048
545627265 191657
932883799 17518
442902966 174980
823147283 98205
988632276 72942
442463737 23397
102125338 144042
825704893 166977
470947865 142689
610072212 167067
831623472 43337
905386096 99426
332746005 42144
155489008 59762
565450572 110552
179674903 155565
887122986 2291
44193796 170393
184472399 171565
347388473 24413
531183960 117524
360637545 60620
603497728 81028
208584378 159909
172837697 68467
978611101 155648
350753876 168886
441139466 19644
124808523 150520
663897325 174028
582414808 105177
793651423 53309
918663308 180131
478149015 25640
585603057 48146
765274146 69332
586241664 86624
802510293 175863
565930722 55938
180614282 23661
670439490 21872
583567408 148144
65965485 90562
281692611 17474
241081334 47897
2023254 164248
263234540 197447
364979702 4399
628662250 195653
52246482 190033
942567308 2522
228607139 145851
60926622 65513
1355457 105542
787446700 14413
838536378 52725
949986287 117083
286276154 197137
518966000 11947
919045012 92507
905370070 146517
848371828 163549
228241825 39044
711311331 160063
283177673 33450
507490452 172678
729452371 64288
387428956 36900
77795823 152766
649851243 173929
803265929 70786
407820050 145671
644672982 148158
361506953 133402
393908143 171179
153574966 108649
256700231 100438
955137515 142404
890459090 178864
599483951 194406
546137207 161947
415699201 138723
359550656 32416
474112352 179851
512458786 151196
902831211 25766
325228555 194563
87244262 164105
873572992 94206
93878406 98480
252670677 41859
446866577 110514
697550177 54358
859956864 162259
3404544 68818
532228616 135857
516583651 61470
709454594 171374
224790285 160492
251354464 80662
780250925 121328
605485514 92054
956085978 170763
42319917 84719
23691201 69877
274594480 101224
471398278 87134
902466203 137926
422902182 130920
479380197 155555
11508317 174946
844216234 111853
680567213 104498
952999452 132342
722120354 185502
178598211 15972
354064964 11518
770398839 57350
218745258 103761
788196328 48851
159716618 168108
758128143 42221
689370626 56598
727020904 103901
252332417 136746
40222709 148563
693404812 3798
410633521 121542
331414127 100474
771384447 18522
825169551 87551
604655850 42949
438080562 73152
69606665 40743
636687740 121776
934724822 86149
559860862 142093
354091422 38396
371313959 134453
633371299 94958
120840874 151351
941730261 168409
501094207 196033
338059814 77425
375680756 115734
973663946 89915
592474195 140818
584980715 69707
262957983 150871
571206368 158930
967839304 89766
912009494 69200
623845037 40895
516246339 15434
231663389 112524
717837451 188775
154962314 84319
647873688 28369
615647981 98267
268451049 95215
396366291 115859
170105954 189825
310622146 138726
163129836 123066
898592588 110975
363144917 124001
562351640 2848
50453696 141910
433967554 92883
238879957 153125
488747918 126818
74347432 153650
664515539 133326
948929348 185855
590999398 62274
740265126 174266
160877324 183676
421235169 187958
637219912 85619
376915720 159849
633771193 172581
399034051 18598
453964910 20057
276691357 133157
737643089 108181
94150793 39019
571277771 21115
385009564 67864
284507908 3361
590518391 175526
412089379 90404
184223121 199186
795538723 18128
976369929 95015
670530220 778
745496197 121946
342198523 148108
849179184 107659
204845900 128726
227844673 154581
4141890 161090
644314173 53431
484982388 28771
181379095 112544
526996896 23214
632735535 57556
75437448 146143
244296078 159281
93997624 114412
692772542 149916
622657473 35426
186475414 171708
178800878 191644
603414545 116716
960274820 173617
226491953 73030
819207918 48423
180303504 22526
81423479 187152
310103311 53223
461099329 199167
91797745 51448
250862681 3992
854821169 32980
299999076 78590
60463050 72506
367709979 14689
104550702 163713
407612178 21396
537808957 58705
89022512 111721
650413968 149870
354791521 72172
669957822 12611
279506157 21887
7998225 112998
136954202 48486
812032723 101936
890642543 88564
845491992 9798
390254020 1188
552814309 69864
565877396 35820
567205085 192866
862700429 108200
971229977 19113
666042417 96096
595109872 184675
692997794 79460
985018794 3038
733473808 65402
226536364 122996
944047191 31342
416114942 151290
759038985 38266
365363721 139618
807602851 192203
753932349 35094
933762820 134118
755565326 137069
655251002 82377
317605836 54525
719054365 106413
349314534 185962
783471263 146290
71011452 33233
977152530 163573
4813241 175437
659042658 75709
851134236 139154
780952816 137339
988513580 77019
619369310 121014
202893988 195879
369880731 88545
496870669 106922
468593641 15601
153671541 22223
112989229 106775
497253280 132160
748189903 152729
89143271 31129
685166491 197481
223940858 5846
598388778 18207
329110076 39360
569310941 76414
314092235 105816
45013575 163575
881741496 10976
3987642 129671
172311415 1252
772716476 21957
262913361 36876
227008416 90736
292326150 66627
399238935 88141
914718281 82290
179175449 47149
845524892 10723
204359840 198542
853985466 64624
54502366 52482
190828413 161168
866728608 56392
850861520 74453
837087641 86556
13279580 24258
111901014 82717
899049434 181234
66741292 151916
512426165 103137
812699028 2487
38554886 81219
300281546 84830
706530727 42742
899738514 20798
7725354 117436
554313645 128786
756163778 75007
266219141 87337
660136433 143075
228294206 182802
619235396 193398
690105321 42360
980845391 111089
141877420 119199
432338455 44013
876297269 53602
932033438 22972
808571543 9069
698840574 55797
145691171 132132
78533508 51584
421495131 127356
702464522 171212
985263608 82527
736363220 125050
857159186 114124
138917817 177403
44346893 60199
202023306 169683
952785197 47147
344219588 169959
925827367 145204
907031785 94394
503211233 163404
606359367 22497
94353751 123105
542975042 38709
246122873 23476
348201893 128690
956522691 100589
670284310 158617
542880209 24044
865253588 180024
757925084 39398
242992931 78153
902732268 37886
480048596 186510
378721032 34875
656227412 61274
511995453 14364
582625507 1419
445267697 178681
829952261 41004
331601478 54378
395602647 112731
571715542 153866
217621140 142049
357892804 124290
32143753 89552
205010728 127075
634386233 130594
838891806 66584
934412377 128878
605713510 137552
591422169 58076
156002940 24630
455740838 185880
352393046 34201
157128750 160279
309594702 89768
580023651 82735
721757857 53452
821346632 199183
315914047 73884
476514228 100773
686365998 199297
431077593 133065
36491231 111284
49869396 78226
632475643 123044
316371551 153727
973416214 175358
342322442 36848
561823345 149926
802579418 112289
881143902 162845
97561680 25553
957746503 133367
922186537 26808
46683808 78054
741195446 83015
908910522 28256
74213354 70245
822146730 37775
40094366 86487
222364896 20947
155897206 107506
536766382 77221
121959140 182265
336509192 168191
166655395 165658
716446944 113506
541172578 127543
112021265 138380
718299752 107897
41155797 81375
613961611 64540
739597143 19842
547720923 196623
152872742 162821
986571433 84045
652067450 190345
910496897 192921
668889714 44307
684371182 15044
317030012 114193
935739389 45167
229045804 128477
644641992 22282
292503333 12727
859977163 112702
102243781 156101
445378128 53208
641137535 39614
578061941 23088
488485761 156407
262895919 137229
36592187 23022
53908305 94623
650026420 78204
351433669 170767
675211914 109521
331696385 173574
558739781 102476
311171896 86618
493900180 140564
817548542 77474
250861818 127356
982098449 62558
218089340 54877
956505478 135229
850585047 270
675029618 28961
581649205 75237
390369500 138094
23442099 12523
364536725 20465
827500132 65685
282885991 126502
28290950 54504
351185090 106851
866097901 37962
913858295 10436
217005425 86266
755535621 42420
293115262 183916
958484651 188526
607199581 23745
264177805 121727
227078835 2029
987346917 76115
848945604 28658
126886381 70782
416433831 194296
343442051 105566
62844905 120430
356955367 29169
186692578 91108
228731615 9342
517618603 135579
277675994 20585
836316034 159803
27605605 179501
218529740 15405
436076791 194454
174562976 72017
123425320 69407
432458936 66278
272549326 30902
974319516 118370
346729714 37020
685877527 20191
409977776 24119
281029315 129698
871229682 78492
563586280 187808
507527288 3339
473969821 116441
28061196 82063
191510166 168488
896903007 167562
510291639 22678
535022322 25222
954451157 33652
425365917 103636
800444127 107905
887889080 63621
863706854 172917
951950097 148562
665063310 168151
697414592 80915
446745980 169729
683327722 189231
611127857 79968
518751497 81931
386915285 77475
438267292 173642
49298379 130280
822533864 37036
719249374 83156
806362033 59649
941136753 78076
490049336 10085
204955538 150955
867641227 100272
858904654 3342
963700252 146975
651449395 129186
988320949 170789
584065737 53404
950151376 173785
19955498 144256
708020989 73266
350061662 156866
749614114 154516
951963745 150554
953229878 86070
393984963 174373
218993948 70058
239706746 75637
971537614 135146
896728578 76103
550109812 198904
756151658 178152
91768656 133222
236430012 94590
194088750 128449
448831082 129178
413928455 66322
215541518 75212
181118619 153053
780667961 50042
961504478 21809
774894995 186052
932563732 80755
854956007 47072
525898241 29074
905519151 147301
104633172 154883
19544815 160597
192178535 35222
602178304 80110
779591796 82756
215867496 73841
776643544 198937
304799020 183868
813661900 60955
521664311 66380
338809538 35634
97548571 125470
300820706 47707
318772178 41299
927791654 113859
194537247 169730
756623486 179269
398657880 107428
225456775 106377
783567286 124527
212349609 98578
108712432 190055
608528478 101474
13258009 56319
917942398 98526
841069895 74208
428991142 87038
543899271 116697
773272606 122767
865563198 95085
445118342 148008
750718931 131690
391138482 170821
521797565 91370
297452457 60423
479974506 192396
316367823 169092
38047709 193697
513041845 120491
853783366 51487
101474017 75896
914511171 79636
67892913 7503
364155705 4047
458337379 182856
745650244 46762
805632927 63553
985772273 118829
719966405 185263
822320631 156703
914541176 52761
540883222 10961
392981389 160410
457321250 20782
397932373 187277
779532837 2035
525304983 110151
831174135 46508
803294966 140988
690563149 175325
293590924 38400
302590581 48934
13547863 105080
77066912 31323
342768017 40764
161621458 93154
516531650 29623
102478650 104658
25022476 115930
147830651 190950
752194541 158694
512926263 56955
588324808 143673
415059492 190007
376648222 53674
171931147 66613
418126594 141921
139222889 146617
114057630 124068
852633384 76356
213691885 106176
332342283 21994
88079805 33535
792686214 174666
112584403 85759
727103744 54967
310677478 136370
874645464 146600
259820749 29043
40825892 53151
409934724 157910
170163941 69428
537182897 170104
560044880 47990
375642162 157190
59427321 92109
687170396 90984
425853790 49631
612763894 76238
787173230 56823
191463021 41555
987190388 78282
781350162 104600
444964650 195779
299488495 62862
557423148 150849
323520964 128764
253249991 93902
134618223 19104
229098862 134701
525163482 29568
242465336 195378
627229683 195592
442353053 125797
821865242 4552
780500956 59841
150781816 48191
349086809 5789
793161959 175417
751365131 32248
829750958 92753
757426334 80726
468982681 93875
125984521 176618
619922065 180890
5597544 70633
183357386 70028
481036733 70874
954333122 4052
866259719 166611
296608095 40231
657469366 116470
310607926 20488
764043177 73429
890084403 58913
844284357 126100
379652975 78499
594924291 179894
509340622 63238
801296575 39747
137193081 172539
232476016 133983
803550040 97560
246894205 137868
872710271 170177
218716336 68741
141634187 191127
98158984 122229
460312946 159576
403738579 5226
42474931 42867
60133378 122072
234124478 149159
168550091 123476
478699739 108492
368101336 97293
80499343 140205
309841429 117027
291002014 182796
219277171 94464
391454349 17720
732378202 115089
521216449 25610
402390928 179067
653528105 18289
39696419 185067
568575823 170363
616430307 6294
864478870 7191
368869168 81614
831102808 47841
508177664 114566
417720713 139243
243109951 26328
458463188 26591
729516914 108598
653775758 138792
400914110 90860
59823736 117715
766550172 35057
657893333 193470
38173424 187987
272312579 122754
509541992 43645
317659475 48294
855440669 94074
339702347 129605
333348091 176558
245622613 119917
511541520 173524
892947136 86140
967033004 163738
827822370 40358
345043801 25353
500013394 59294
697027952 57528
87297576 10894
337234253 183341
209225285 39941
787584150 192837
366492664 147244
391762706 105043
810046719 35001
959121113 34972
536418054 129138
553183426 5051
214950619 1413
597130606 117116
240391068 172910
126136638 22531
991842954 134438
31867892 21052
455845559 20569
885065440 60496
580194200 160598
276176545 182916
672479649 85412
936817479 116443
135466138 129244
611225484 134589
923399723 76930
502621693 122181
454524500 187174
127916120 179704
748309901 179996
666773921 106949
500118164 187104
377634477 125522
150103543 6139
108631784 161830
362196201 29116
558437693 102671
430707224 73604
664076847 142476
935024806 13674
936296026 51989
797062239 79004
600299356 70799
915894173 10873
720464524 132313
819234360 164632
448211282 82671
899960771 73623
420327332 133874
117345183 178575
199483310 160402
291817358 72293
214782249 19832
298806091 155883
679498653 134008
439496406 29968
168138959 165389
646283403 53778
478440657 61371
588108701 34267
63076171 84910
148440580 96488
902720422 70595
871445811 148812
625184653 60077
733235300 30360
13720145 2382
560941965 193055
390863084 54473
716113951 174236
815158753 42745
695028033 147556
395388887 186713
811058271 93258
553976136 81354
907993263 17411
693756470 164880
614278374 145096
421920744 187587
824945504 176292
684430508 122454
661711190 168906
853033743 179651
727494831 174992
693395762 12867
77799297 186509
836145653 125707
253346829 12253
280026302 40860
495100985 41140
253363341 120807
846694395 8456
461185227 23445
772681360 129053
195792666 198364
309485802 9994
167893909 199595
734831899 191414
185361021 80089
476562331 28086
135541294 48083
985208667 6756
146503720 87783
854178116 194692
683579770 70477
752874901 51293
995571020 138249
797492670 177373
449228016 139432
290511023 122342
199857085 21316
307422772 72363
882427240 21461
980463732 57827
344969629 110757
701126914 108250
991759514 27675
296213310 189806
782605724 142320
150612864 55444
674813764 82275
822454375 113282
986114177 106372
871767080 57666
532050885 175979
361072136 63903
612404262 169150
339228856 107930
479007102 148233
267790679 67200
113602799 37508
599901290 134320
64132168 14520
732206819 19480
572855992 182110
653929187 88059
225241309 67739
587943345 53350
289745036 7782
208825908 16412
75169442 187309
431002442 54234
919801104 142248
717837864 137030
757989379 55819
434124426 38942
105904480 79341
933715219 28166
563229962 39984
270124450 126911
783249135 5180
170290213 9261
595650384 155338
249645981 199709
831330969 48244
416372215 164819
143894683 103815
159237077 72602
713580356 86850
655773285 114323
421446533 95508
203455543 65197
212431854 26247
915092605 7877
985038263 132914
445790154 124208
494381629 42271
146694698 73728
395981258 26140
840176011 1399
30841157 147383
830823928 72689
742586443 141072
750945011 100330
787044175 130232
224250957 173416
503840948 47002
240498484 27013
955920186 101802
553360019 182304
369933316 66651
730663803 33193
156472206 56320
46773957 66809
715056193 110284
448708126 17328
896684456 166311
754170619 42442
656016702 59431
433760435 141568
289991691 47268
739649060 41782
639783135 45797
193034179 41946
529863152 89168
887805090 84850
166288401 22003
181617188 128810
995908488 178493
604083677 83708
451042622 130279
27443836 162447
204638928 96425
771024053 140277
953188815 161101
312030410 177935
403239701 133962
358309515 181884
55339556 9898
474684977 7709
601799718 12550
267743350 159692
287704562 23950
146885910 188125
868813233 191231
874060138 153426
41067874 49862
853113406 21387
931375912 152457
761204092 166367
482435867 44929
553374054 160112
998921804 13079
719454860 10233
177995551 13309
603365903 14428
989318854 9568
34163018 1012
367639795 167176
176121315 81339
392692225 25148
87937544 189011
61014199 197721
263372759 49615
632892301 14260
370805682 44147
876957318 107170
559123224 40905
680750562 63926
91593371 69332
889933257 177127
339528154 185981
60386132 158684
676186826 17204
584403846 12027
267091264 42385
867585675 191734
886264528 171285
465008312 26835
61716687 23683
382845345 148744
853005996 89404
582501492 42746
790266037 172431
909106784 69767
147325551 73183
941047789 113861
836359595 23996
165550778 128184
553054291 150013
570297638 47976
710537861 113305
409876104 89916
600962463 192626
865541846 118319
892931308 16189
677000226 63475
499069825 91102
887481650 192404
563721007 54648
215864264 8295
191278476 52198
489554745 141925
88699649 178049
2277217 118685
329566610 49652
737563073 164738
129639872 7184
658863902 62036
956809779 127966
592538768 165935
811969544 97506
227840921 157336
274195988 155928
22911719 170914
511471249 95363
664082982 93434
718238705 179696
232110529 75238
987138561 74437
171554249 32058
835481532 197231
383899389 195284
139194256 48315
30812413 83852
855141529 169830
441401907 190452
902689215 54406
407468622 28247
598377022 11081
164288234 179337
55892895 18936
354421580 182982
857935072 35070
47033796 125001
314921450 58741
629864762 39937
560162278 59483
77188181 183637
1977737 81029
664695468 120282
501425043 184351
430921763 160645
850781149 64625
789642140 181889
151842717 14902
285632874 77207
207664661 161137
505357380 94602
857173578 112286
329573392 125490
596704844 72819
179428744 150546
129230681 16826
201171504 101293
70792584 51049
785178499 33268
893184933 154841
983493554 151841
329362417 174306
469463001 11087
227115196 35965
418261801 56470
978962663 47440
855454951 48919
961454424 88965
761985403 124618
802850765 189613
343373023 126243
568333828 178446
534675956 82911
141589654 16062
536266551 93858
974757808 80347
220797818 10274
661475329 88136
622883672 160018
5362424 157198
699845653 62188
227594211 116799
401998574 47089
582872021 143464
788704214 163391
674924671 176
293772713 23931
239172261 171889
43799753 126766
608866868 108613
846240775 11699
620492428 60952
401434218 176812
653882518 51226
801817188 30745
274591261 158829
896072320 92237
984582851 97914
795795853 144654
479421691 171928
10803370 35015
860736709 181320
316524593 18043
78225384 194501
764961900 181466
439477212 29243
263279722 132394
186274772 25688
931166705 907
276941906 149919
736138789 73986
187035153 31099
15950687 5521
523265332 144740
821226267 161405
195838247 157853
31869049 29235
782740426 139574
736013778 31864
301464947 25915
347930427 121003
999868209 89714
593802613 32341
315300052 28045
6732223 55799
992228804 121491
773954534 142902
94176129 53240
971143698 64314
947264176 19514
177226425 77539
407036477 122196
593284297 158574
704395724 138564
366211200 120767
836224920 177606
660730843 26126
248468760 156066
729262542 22333
514708609 76892
753339317 107461
844364147 120866
861496578 32838
238730261 186086
531988617 133281
122011811 68642
441654095 52539
176038065 170333
696735858 56114
448792464 80273
428927946 92260
480568425 101834
559426615 170029
742556342 176992
381986927 74451
270602726 30898
885841325 103427
844541068 172604
183774511 18056
377076536 54718
114056257 140997
598424992 9860
542500307 125061
748694502 30100
483869270 140846
225195777 107686
138233691 41695
898235403 150642
623442421 24609
69300862 170453
277911715 131232
585336239 182536
904823749 171846
912220740 96856
309837216 124836
736616481 68620
2047135 145015
626500646 46327
278319601 162839
668439336 195902
6365676 75780
463185669 35466
937448023 114238
607645900 192519
27488594 35950
687102429 128247
469383417 103491
282893024 54812
988532130 51986
507188271 42989
596929489 98496
200369401 127788
712499651 170493
358991675 139940
142230273 95709
380490804 26153
776350495 36847
604849316 162377
448171571 144678
306255414 199957
738728490 92738
973064379 190159
459047303 191621
508871674 110903
975437862 151723
534062738 126408
944175227 52586
954296625 162705
541433840 160560
141714552 170429
283611728 169610
747525224 185799
614308163 45016
554949923 175461
396323639 73807
771434230 98809
936544329 22970
995664296 111286
342409993 58075
719910413 141429
131077695 84842
88693633 88380
645442936 92080
471224081 198079
960512609 80446
408099191 17828
223051008 137792
863797367 127192
713728746 42343
849410970 22125
330323064 102463
481329063 40175
370585624 151900
572504580 40849
513380306 155886
338534762 137012
991804080 78827
559172786 172094
740591240 26214
458452038 134940
339074213 161435
239126675 85300
732062493 119261
826668847 144431
541206808 124610
438129925 186896
320815431 56218
42056772 22260
929126356 59190
455272345 198690
763696594 6037
752638649 57832
457877195 74388
357926527 71952
107877343 31499
53233497 53369
485459135 99155
140416379 118526
759275199 154200
1981650 108553
272623698 113200
43749237 55373
933738562 37840
290176221 13090
217760984 107617
225051493 170112
299009376 98176
39703676 124163
319370490 77732
951935079 159181
402909105 146159
293373015 199267
654624206 24864
992845408 176545
297150347 113901
936156954 186414
452522415 122469
848522720 58085
542455370 125677
790271799 181050
268898180 189228
608122030 199495
73326529 194561
957788767 182837
194873247 127656
752761845 14004
822545134 62759
531394547 132761
126611058 178459
747698401 181093
483401086 157111
444246724 169770
273907435 90145
926678017 182215
474686908 8346
584903849 194058
175951607 102418
968184105 1267
75546699 162917
307257360 33417
976134179 127648
899499109 114130
503853741 84117
141323810 12094
764433952 43345
175077808 93478
195158137 32288
376963220 176123
469796914 112267
47482998 194288
731783717 47706
259341784 56095
113438963 62229
5118842 189213
825280455 143823
669622002 22934
552538184 160315
300443706 93971
670785709 116738
433061089 109170
821166874 20261
963831466 47870
864594177 114813
417028934 128346
845694648 192178
418818182 45091
901469092 84598
1576908 92336
52753310 96458
577259899 101787
744286587 53516
420541594 197314
714657949 156336
462711210 80609
870095327 86959
907132938 178127
715022360 112623
783318874 70599
659047743 14812
125649614 144432
840453974 162936
226166918 29194
800877274 26049
258917826 110919
486807760 160469
821538682 71011
886703726 120388
485305664 187777
889313746 198450
840842109 135763
582577391 123005
506090807 62651
418720834 182673
867173965 95203
919237189 101273
205395146 59668
744532406 85111
211292624 146121
69741715 832
400657548 86321
354393076 65093
181153718 161488
474614565 118285
212572709 197797
891068910 72106
598869686 105866
886153691 185706
728729255 79042
414399316 40
475119918 75620
274705473 126178
728140993 127108
342283639 148447
353410244 49052
104579710 98158
531432989 82111
66728286 112553
304692593 32712
115253845 1570
703851090 139594
451013303 30283
292915700 76635
873201628 28033
996466749 75501
203772251 110705
515348817 13661
257530680 8812
702525315 37472
782925642 145396
263401486 146147
694903170 127286
629507413 89695
528530746 109568
446249785 96962
925480317 46276
946628106 49163
692113314 165820
736665482 44079
137993435 48165
196036955 139745
615787816 103398
968833131 96417
650130565 150289
417255905 199932
278249158 154561
666147575 76619
44102316 103730
686103509 143520
301448803 60262
300371849 120451
347727479 138655
341554413 143125
745445838 96127
336474662 30694
401723108 132420
468471424 121567
295662563 154602
930212992 9730
75035335 138799
829450755 108846
501363985 115602
386936173 197092
924648635 189905
951054405 166102
60797004 66124
274640473 128784
405235170 35018
729699680 149818
210843581 30712
89091778 130695
773577008 181938
688616476 60010
418269105 31946
918973470 115774
721889193 7260
35347620 67944
169485745 140646
662081205 132560
970249524 49198
265114112 25684
500516860 171496
873399175 4524
776514071 56964
962488218 94002
587931218 84759
314087296 123889
509321339 87927
286355236 85011
350733765 162372
429997544 114191
855451930 159973
150499361 109145
1803816 96664
538195236 191484
308738623 49946
343941012 185929
498855367 16310
99312542 120095
694000807 70236
781607454 66209
142487536 38139
740089105 164344
787642754 79633
927442175 145440
242186136 57278
43510425 186059
474856620 60635
739197717 159530
61573081 118397
613076856 69030
275041756 46993
267948818 113355
6286023 29122
152512236 127612
612494344 192418
654016213 53863
142749296 42894
93068493 184341
724183035 83394
911391811 57473
187067853 21753
784346588 59671
600743467 124977
345376741 131391
94966876 108143
528738717 129877
475699989 34425
608748896 142985
448970507 70033
107774888 14535
611883934 60133
203604381 176854
58102246 25123
845816056 2854
59598809 154991
631447316 191071
811341859 46252
981271696 153807
761304151 13512
286957536 133253
89058343 124796
504308808 157622
519209669 89193
146863555 114410
128824632 131055
231050985 118364
37790607 118392
967243790 106989
629004700 47558
812185737 73867
856075997 32457
605627609 184009
530387604 38260
532320067 8190
377210815 102036
505179501 144370
419949744 191860
509896226 175691
467466698 166857
288408343 189621
557490650 47924
90808234 138195
134080707 132748
682671492 184298
430606464 98579
864300 196399
47303414 3019
268426314 40413
319281165 150759
715588771 118976
462990270 181243
972654103 30400
187720570 197819
258015420 170726
242760190 82952
952134718 119706
768315320 150659
779056097 178864
540461049 93508
152025902 153876
195797688 84852
109090998 81949
833659195 9561
253249529 149636
530971266 6366
31562693 139944
458410212 73191
499195219 98197
44548825 34886
243004035 25200
209643426 64778
46209410 56926
864182169 63120
179666421 33203
817772456 144488
99407908 59528
402054028 12339
799297284 20766
265366665 149195
525691262 120844
281216493 92045
440802828 32593
79633237 137600
215493933 62411
645780507 172465
572776262 185574
134031139 185147
100387065 65177
961669039 98916
616746163 114694
157531278 155629
902839866 73311
392938063 43150
651942854 50868
828417593 34668
61947059 53575
377557805 68363
824934314 22362
748772699 112785
745018799 172550
86249809 3850
874124026 70569
746646408 62782
337158082 65876
292564398 167901
373467915 108798
36612944 75933
353907581 197007
1168009 114740
555414048 83864
91292109 95521
812825994 171032
638791270 175671
319466589 162447
386420717 161419
867233024 73577
51423068 183224
478459070 125459
254798081 165265
659216564 195405
362274405 111208
742953109 18326
921189181 144309
578394303 110664
425112413 198139
157273886 154708
232161591 155936
577137507 122398
424945664 45580
916488318 60590
123536049 193394
871900078 82738
401706678 23843
254443241 21034
603007665 99031
596969258 181207
835275419 95710
153522086 126422
338852656 107766
176411012 43330
646530835 163332
509330050 185487
385360745 144863
698233846 60058
772131134 74643
776370460 37795
903048062 110301
205712845 3679
943895686 65897
895836996 150311
696277531 64061
303121983 26146
768630072 171427
893076541 198186
707275989 171391
122474256 110292
329928382 103513
656233378 144502
323189886 47454
661341515 125587
461367439 109034
655026302 72321
618343460 17337
723105563 80987
556642914 37179
275877270 24469
536883383 189452
334861297 97058
653880242 153426
657703544 97069
125745462 59813
58753020 64234
373243220 103310
831594569 143445
906671438 101655
297605770 91860
133911573 186389
279222161 97707
261633944 130176
334951634 119068
707364553 101772
820323466 22916
198254576 92381
460470681 54537
308248983 125445
197120174 1063
646862324 104580
411552495 198449
157922965 181832
830374896 189345
694466206 157512
246817955 196542
904333627 30064
722892748 136205
401448542 141058
889372316 13376
264112958 45604
143891424 11095
407796008 122439
864624223 110740
10177600 74134
397486660 97339
214884236 113887
809681869 54975
658458897 145084
437892367 19572
322184437 39394
142249898 2700
480722292 108187
93613344 196128
359527199 13638
180840187 98747
358962466 42097
686295714 44097
541166052 62384
455046873 100552
307136356 191121
650363391 178724
41703250 42161
753836160 51334
87142888 115529
998112295 105383
128459659 59094
551941809 197648
631086493 67070
981173303 195661
867133122 105605
850591309 24847
800679311 186857
174602482 145733
804751472 6788
400744757 106825
222595968 137775
308334553 25208
246294002 187377
946781907 191806
997187941 67192
288214824 44540
91974892 45849
711841708 822
835816915 11792
207361288 190384
868861070 107610
579925995 49201
592027224 119572
904747592 43683
759708603 102815
775836192 40640
54923167 8427
138480517 147989
792854598 90983
759344676 146112
860870335 145410
908222419 72862
246366349 195766
597998072 126268
335241484 5789
303516536 116588
507497535 178052
334407316 82659
517438097 164103
706031553 187578
105075956 83136
830038181 64549
786491882 131208
382113007 43971
950141170 105120
345358050 185735
384820995 175139
136460951 162277
949779090 128411
104734630 105842
14070119 62441
905291295 173618
316101246 187117
315454328 194656
788264899 89173
402183252 189759
668982780 120500
961846421 32403
105654563 80055
41594617 95673
45429194 122047
293943978 170517
969151277 124632
301824469 32983
592432208 195417
887889884 74624
88822861 11304
362253850 151932
435316278 64080
981331288 123129
858718374 21451
510638310 1353
509805675 158241
253059633 60388
465015766 160674
939376304 186799
825770548 4090
698397936 78200
366307749 87026
646801878 53592
897995512 193739
172048577 79194
253181784 136418
164872301 61731
450982703 183685
22723348 39713
119897817 45470
573113784 142665
690881308 196555
488140450 174785
177344460 116757
554669027 185820
697885970 2911
442299620 107337
942704974 5702
266787719 58700
141383630 17968
839381764 14845
31582835 181952
82211607 174766
213339668 47323
105594341 22945
404228724 192348
932774658 59045
101955320 11884
315576214 175659
482910345 19737
517162814 174212
166570827 164201
926852138 58677
69025649 73185
61961845 156924
99931113 174792
680450460 89219
833569791 58354
213381240 187454
498022915 78413
387074138 178749
742266295 123008
223041286 23355
237032322 165396
189113896 111710
970445569 160466
549753797 34513
325739818 123628
664939614 11366
288050673 1529
238425790 132930
657571879 88118
378779803 130633
682841775 137404
742016658 18733
266007448 66710
762354657 69212
720389952 97839
214415894 163204
977057206 136750
350955770 71157
57112256 26382
389019745 157647
435875140 7015
521299997 111593
782287111 13016
936656918 25418
449134199 140280
61689332 9831
919339469 43505
522536799 92687
572426391 47094
421234753 46650
837994209 173687
894302099 2600
662523641 120187
957455652 192985
660618766 42821
618323752 11571
30351685 130285
306841638 153523
448358571 121798
409180713 110186
467028173 42882
381273481 44304
995846489 29103
479119930 124490
341208875 122930
790209098 179504
106319957 74166
500090036 36284
510563924 86247
388694782 155259
479222060 150404
175357127 122856
966701832 88036
120435787 186256
995560361 81499
302286822 80689
275355263 187325
556824342 4085
370494718 72447
474158699 94970
352735895 5707
935056453 170419
995878974 189181
3193137 61953
555231348 97809
697077566 7874
427267930 76971
391392442 40823
980643230 106849
123739183 191562
522361469 192234
932167847 31330
74629272 124902
521554374 165835
729077153 198783
670514042 96327
2360878 106701
254733636 93018
181356278 173613
263506753 118550
114613985 176071
437957760 10974
36686181 12217
214546853 75410
92750040 100431
16678576 30728
887511231 64287
73590290 167159
312657582 188889
793535752 147133
921393805 127557
50339213 154576
410604031 145401
611067319 83655
335763652 65694
993683874 117100
122794865 71630
292881700 167881
671394705 146994
271726055 115021
311811249 104253
810575768 26059
174366438 126062
671207323 196827
49309749 45066
752106689 70133
649827394 44496
659122000 104814
411539196 58139
797685902 195766
119624192 42663
237017978 75410
924901491 20471
722626189 176762
860698586 190742
133206253 77392
861778248 168344
28618587 56601
519132748 32940
853455249 30244
941257422 111725
935604876 147173
164631862 63891
297304309 123176
277187 101118
739082454 52792
930286741 185254
132234845 135599
494900434 39808
23546167 35149
625536500 98998
805249603 110319
991785639 45561
661156761 157672
166883352 169132
85730921 45219
204087249 199973
358362918 85963
938451739 21792
475154387 114453
898972687 175174
252112710 181733
208574225 142069
219225437 54217
406005502 107883
96031971 113611
939977987 177795
539529870 177058
778126690 146690
816616073 32246
343661506 174548
292860473 32684
211768546 184370
659626111 41367
53430371 192941
348848312 174583
739761235 100506
269730093 153917
755053304 99711
650190242 119916
407826081 172775
695682435 186537
114861756 109656
1847922 35742
10418966 75112
526211913 87592
862008788 187599
643317474 52896
167338831 71210
435270864 2350
792842791 55608
987591064 9953
58169043 173836
505413117 129039
846638981 15533
826833513 173110
146730262 88358
332606673 37799
568071839 132946
828256696 94141
930158487 184658
417510706 153173
642585892 58355
225163797 99774
511163747 139116
494728551 66850
631992705 140125
934906640 89004
428935590 157038
843522812 139978
342173214 116943
819380134 111200
83093484 18457
800294296 186619
200590816 123859
482564845 124647
731763486 20756
53598676 58697
742268287 36960
621303242 136455
419230451 5585
393298995 96705
119059776 146232
204216527 71370
582531085 136549
383033383 53528
936614461 140556
173669879 134559
834815419 171006
767785511 148351
412655531 94392
885180080 116136
566856787 11461
763330616 50034
51587286 172658
600782668 178828
341866776 154970
695545727 61939
957570505 44220
607615457 9001
513819764 13298
376005082 168256
262317935 145045
958468587 155019
660991050 191791
555937979 137389
647584323 112518
234515367 8429
795545366 39774
224437429 42524
763050013 5891
74422578 91565
508881108 42560
737419401 75843
318916494 2119
885915104 154623
344666184 164600
9187716 145697
318169243 199454
468716685 31730
758494304 181445
329637611 160450
256205385 26342
554878753 94107
285065715 52906
410758334 56683
820057401 88265
112600497 173289
21980634 126541
68889861 116409
841501549 154403
9981267 126465
60524463 121675
484971205 68440
501231255 111092
846768471 54016
235931987 160911
553325593 1882
614505885 26220
846458690 100702
734175614 68187
808013876 58168
272444054 143743
371382973 51680
675688991 113319
140595213 99860
254048382 36434
957301979 91645
427998272 36074
469985566 173488
773804880 144239
982027941 30058
271979690 34109
695398140 106925
246359163 3312
653010235 141325
152419281 171394
665538740 173508
899500068 122504
53405007 98480
882286607 17749
163170847 140014
890702045 125453
803171045 193702
536572257 113664
867741063 51447
613706971 63931
254452129 172236
383129114 13675
152768210 139531
254631498 195442
426472363 42144
462537923 151998
927717280 193629
864360756 54263
153299967 101661
876297944 85893
893310512 93442
1128556 11906
692302057 36596
162743421 175212
133085077 135127
506941177 152067
210885473 109246
552025582 173348
55073846 137203
684518259 93118
449411796 68581
680465712 169876
10827875 186762
335160402 96784
730772340 6372
288832318 142123
83493879 28157
797013134 126662
303036436 58264
284425873 29614
195779539 165872
631511712 38236
340388409 175284
363232682 196163
969501470 89300
846717662 106889
473518977 112673
234854725 111542
731308875 156493
712330844 16501
911398317 146100
26827378 178240
773772917 127418
224878624 197334
784044222 745
745696380 50722
798635249 175690
956483740 91118
428497822 22668
543467993 119871
348251223 35356
389897634 50855
335134216 163840
315963275 85498
216683860 30779
876993585 58643
651392153 17850
520418691 37410
760073173 101494
14123102 182373
795699564 145908
30886085 180283
679534738 32209
44559700 198100
323151307 38350
593658222 44147
396007185 25680
402223212 37090
26180981 53221
30134157 4737
685124441 13776
472977577 180922
752699172 83508
476065349 73340
329166542 55042
926818586 89360
580743020 154680
569663052 111887
699109940 118553
936475804 157043
763131290 188972
292829409 175010
705892693 42484
46847406 119550
141362894 30417
101850684 180005
561990210 105737
316904699 73925
58025752 198021
974163399 30013
650452854 133312
565505827 103339
11438741 124519
405249643 90706
303441448 6020
402969885 137831
882904024 119896
583935300 80887
263102009 22302
961235659 115913
251500756 96986
343456781 102618
755919322 38001
477752551 89140
405513878 182348
745362827 105274
58280107 46457
222123548 181783
481348942 2348
605105202 6654
227858925 156404
838816975 18070
246720751 46343
80013009 184147
590028724 41385
252266971 181029
53084051 195521
860560560 48779
124248342 163679
763888010 86159
993452807 138652
528652519 106591
36493356 16760
592888695 123923
193611114 18875
352163069 160367
584908582 168479
865956558 105135
481501693 128138
1159246 189811
169771007 82386
255513782 94948
202276498 53848
70984501 39826
896413062 118341
825468399 181133
734986911 134767
719642911 30393
926439229 110492
898710499 32994
16991673 182560
177673511 63716
799152582 161703
775959670 42068
265663798 153351
941463971 18234
918883404 19681
230114565 57030
849255875 186021
660091464 94566
618356393 187585
515698440 190324
880730159 187814
43482113 160698
455851294 7510
969558842 57230
326171044 180380
438659104 178405
607043675 129032
614770399 6160
120928390 50488
626093464 145808
721528429 81376
749524445 106521
992311530 34563
527791494 187210
218478563 116927
610880254 6914
585681523 164928
4067976 41591
753385660 108618
986739672 198264
144188679 160041
462834258 22496
304391182 48241
199405642 181537
917530690 97901
164818950 92640
582256425 172539
751815093 39859
536004080 115027
275750044 11645
599843360 137741
123121907 32835
559339334 45285
216431919 44070
23474113 181016
31486073 3666
304936434 8919
2977631 197441
383977559 81502
79656994 116002
119657497 144060
723339145 15521
814483270 22314
70189354 182653
65811599 117167
766705191 751
741349589 181957
831010378 114158
604905986 99432
367090147 9488
756919187 59992
446511793 52874
669684179 140228
824819019 55455
932822692 72148
216728405 193727
502783467 59181
4322673 130347
617630072 55932
954625703 165662
878393251 7596
936626960 7480
962345170 75755
919331348 37089
375719462 74864
116261240 128507
471858571 171721
31325227 363
828278319 119750
428971874 15500
711090203 156100
748074961 152262
830294557 51061
561278181 156004
262956176 39705
616376141 167540
496702534 64377
796313047 91251
370767228 165405
530363080 130430
298969331 170400
683226829 153851
246465986 161956
112940389 162613
9721834 160370
313810583 148579
743712629 28967
574412804 32593
450659484 63549
877758217 91040
734539649 199654
187287479 99312
402011266 14511
349697173 134982
177455821 132894
243654749 44859
343657272 24813
604369760 17790
32994586 42877
667333695 80764
436634272 52867
337426824 145638
15702446 117282
918093272 72753
71911607 111445
112938109 191109
795755290 116985
178069051 135404
689972817 25357
969523274 67993
247685963 11083
969238273 71798
145425754 79401
748224937 100798
520088403 50868
913850660 109277
356494348 162785
547498880 102558
220509582 155057
885491131 105291
329193045 78053
52231543 89876
615441176 179556
373117907 110862
318021563 140917
423761285 50869
781508124 5798
440537013 185912
709567574 32720
477586091 83669
49796580 156596
174869047 16410
977946074 70698
646649884 62868
208946854 160153
948939823 89663
767582618 38289
195556156 182023
693800023 136833
791274987 156048
767880894 161439
653872510 125679
665846222 160544
775261760 100707
874864233 38952
499182082 30374
200118815 70503
374793594 5105
239828436 171241
532184276 24788
727674653 193009
643435330 88016
424887817 194402
23742015 610
195255334 57034
270482234 1808
629501529 81542
456198626 142688
694751331 123234
438497081 24268
411259025 113987
154958775 181955
500727598 82334
691481045 107656
58476006 188950
502857642 124806
114204379 142191
9996806 87783
296337339 33434
953933255 77003
388674492 19259
467033104 67007
57822208 146749
603466944 92100
80887614 23854
376610160 112650
442173138 101527
320103356 23494
405393575 53985
831349149 33108
718283784 185199
780247497 132932
47652960 26600
415539781 118819
183046218 146880
656372288 92401
117702750 138918
557409287 141645
47009778 73876
848900092 81076
186202864 106417
186403057 106540
893928922 104439
595354710 13186
233869771 27298
473261781 124760
907566306 23079
880938225 133997
332162396 105046
297574427 111583
999309935 75497
363419668 27909
29035283 193000
476027455 106255
846388715 76960
253133830 7946
199624274 150286
407513831 9912
308906943 59886
977134796 125311
621895530 31869
341750467 128104
852135460 14460
18223948 90753
84887646 64959
929584731 50733
733093407 104010
84761761 143791
477471242 118205
240051443 155570
22003459 76448
909655308 173391
859644661 100472
631044820 105341
990014965 602
467332742 180132
614329949 84504
292180024 186468
16954026 15697
327291111 198779
877520852 171117
770329525 85655
228212425 120971
815203026 71445
813990186 27939
937108241 175804
122657307 113149
302227410 82668
959968248 81102
838650171 122709
301590470 169444
503602775 128997
836010199 102137
89566195 110301
942660306 160255
493967980 64822
932252481 9069
436934402 135630
404538832 47692
330746085 87353
900702475 50937
219496446 71982
213331684 3258
823107416 78453
653517948 27082
111963454 27629
105507672 83866
779854156 71048
774123956 57498
138098394 82113
298043170 57777
491855673 69666
136785719 109392
955447650 157266
104383857 43160
954832835 30312
524013741 143737
549314062 60540
649919898 144135
373149842 6794
840866705 63812
833198337 170868
648840593 179120
396568936 143009
384426178 103719
892616968 131096
148003463 91999
12894335 81919
798474630 18272
300638988 153653
126694340 476
638932944 197321
735784841 47215
488432994 175260
357283753 149938
933771995 198494
149516409 196164
921654946 52758
628750663 150404
138387622 8489
38895127 38708
477671386 74395
82859988 125863
924304390 60074
792782271 98270
91233981 156109
117821044 141315
796674092 86501
299681531 8528
290227829 80867
118369033 99072
80346973 176576
202530750 190632
361653265 125604
767788782 83251
57824699 51473
518134663 3044
12892769 162655
185235534 194116
602281147 81320
357297684 144547
640640444 106289
396982675 94565
827134268 12620
274960619 112522
823274841 148375
339041410 2293
32805934 170587
427571558 30685
929285785 171430
783141037 41978
115876945 5182
804725746 23022
263684547 153627
692362483 52588
94750053 188548
356557955 66999
37632274 126929
932248914 54173
772931046 104107
102924304 115632
253262510 21135
817498176 16672
563784720 13542
203615820 197507
560253697 42034
940260843 58343
446327136 47049
966790986 15709
889308525 18136
96231704 21869
134183923 92608
982699083 137002
215120133 28790
363160775 18419
430874146 2275
135796881 12434
728822073 88498
600608382 120204
496280399 17610
146880626 131972
830368657 48231
291825933 50471
872513628 95823
802325373 18284
554025251 77236
248281234 4823
644276455 40741
496913523 157192
36544478 74945
457939918 77222
859028699 186362
913595113 9864
461186800 114589
312610847 111248
448321606 41760
801259803 184328
273360370 150342
53627675 106378
877151069 50863
426371409 60608
714640710 31416
224578022 95005
30964074 13759
317292906 120935
26076236 188356
77563170 16917
820458392 137979
923985574 115687
780225804 146006
974546757 63487
156605395 127066
617117922 78240
917860183 87962
132446151 83084
745744060 31286
655880409 29279
423023914 160586
616312740 129800
524807828 101531
723344106 102680
159452591 113888
699482009 19891
976177895 78298
167532703 73630
762516566 20426
999989405 54789
641535524 48200
594443006 7318
121645150 5918
758740557 175877
402780169 18843
187272112 48662
247306486 126707
500004041 124618
52366917 2457
844922535 85823
213812158 172513
534211101 117281
312823019 168582
743223542 24745
478843650 118060
490537544 134494
944228240 123949
378103833 140694
603302402 72096
643266431 34059
750850475 184722
722814507 96561
455933256 66660
857557748 70288
363046659 182802
486015076 157620
410092762 153038
764995795 154195
982048416 115518
274810304 140380
15838284 30687
364264624 131043
458524460 171044
707603563 54447
257492348 181666
713115546 36242
716657321 158683
649000969 165465
555662840 188181
975203307 118284
783247335 114844
665147390 199400
258634903 92647
983071213 195445
328857668 111997
407479948 136809
47476686 193501
442994379 198421
385507731 111863
42267725 172173
777385754 133104
688386313 138228
429081762 28952
502082368 84187
200273645 130204
468953336 160206
251606158 130620
574596548 102074
792633369 161767
215111701 113321
166432569 64164
528685082 49471
234219279 176200
64038853 96272
307644293 111523
777426029 109418
891950145 13472
666359648 83314
491225836 123354
781601740 186175
244699998 24436
811266978 185263
270512804 10801
728820528 153323
91960583 94798
654565190 69432
120262334 33576
558729278 50165
954691958 153801
33961499 51341
124819091 64956
383680605 178189
8722248 93688
369727999 82768
291673130 118321
850823252 5057
909454952 92338
542505354 105112
673716808 25989
152812080 140667
35622671 15244
268435241 78751
475542099 128448
304229694 102286
16359642 174558
569280414 196423
988817868 131872
776398726 140099
776122042 78928
897308453 103405
942419945 115282
746849303 154200
936995012 71422
948354539 143615
484882054 73666
568989297 183331
265732643 198456
859330329 117082
562256419 50629
233754036 182431
812040677 105569
673846271 10475
981060408 101674
773380547 198696
429592869 164235
736202558 57172
838099997 45835
526791062 119867
749817152 23797
192159626 94242
216405492 88288
490093824 189075
180256424 58958
991751634 70221
342734494 54609
197561049 85962
980602371 35750
562833834 85283
757750152 114705
349944364 16348
200006708 67354
642345629 178424
269636797 96125
251490943 179492
808299506 73271
718160132 174043
89893800 41331
313866864 114826
183919185 148122
484360060 107808
634472977 101206
991649433 79728
89633276 48688
636175016 197366
665646747 6123
239989572 33516
727510566 34173
461922407 116307
485190736 20891
225276036 120965
828355941 67212
731790826 36863
787497598 46002
210013602 77315
406810486 173076
7651510 42397
717539281 74500
845093079 17675
784570327 543
322510363 99938
627983195 109197
47717715 68837
809649757 39409
471347420 117900
527723051 130504
727919128 107635
370652686 88500
746714607 5145
178737447 162552
6920133 6603
84049117 146481
376009322 143540
410604405 72512
18604649 43838
350602184 12538
408663859 20015
806552035 29952
234304249 100924
865864321 18055
77870793 78840
213072213 123454
154605994 159512
522453092 134026
529581154 9788
455590533 173640
930789180 90742
687097232 183265
390421928 98108
448886409 189321
119553035 74973
5025651 83046
608134154 75268
533503739 164955
325678522 182370
195813509 141096
432874406 121393
923986294 58844
275831315 62071
597480613 91719
551715902 71270
499370296 50327
885961481 70311
712069787 177918
172929563 198670
198306160 57232
605916573 56760
386179172 98085
28038043 95590
7642180 176431
204788389 199999
532468058 177699
214942129 79970
842022250 166535
195614302 74203
429644027 35123
395743555 49859
423967110 73131
315899162 191730
72937161 54064
510359473 32158
148729789 194125
193317063 136524
276730620 189389
534128204 19196
818816325 124062
787281856 97691
841509537 162397
583652904 4884
399469291 100046
714586017 97025
608067048 79531
565799942 119093
379502484 92139
391879796 4484
701830515 75003
659556717 172817
959898898 175797
551166507 183117
969200585 95040
731766792 11647
676987784 50840
115660501 71857
97958402 84926
727115508 198696
601898357 192302
298787872 102944
354625459 179427
306777048 34963
733089057 135191
732899686 73248
584606938 87352
198136474 176174
18780937 43625
737599615 115466
277236074 103115
101937056 57717
664177193 120081
200106973 117198
265988062 71848
21090705 192724
739252121 105361
201355542 22363
584973812 167722
232892177 153537
984455291 177002
505236203 164466
300409827 184732
960924097 30683
365854503 94286
479967515 150138
870265004 140370
492811875 84146
941018479 143756
300413916 84167
670763352 178791
35475147 76607
346422062 139786
840633247 39212
581796944 76757
730513336 90721
346748287 50834
287605656 68546
494290371 113270
699939323 52169
94722457 154108
943836804 31759
901139355 121465
81688959 30347
764613742 159660
668992661 45416
952164362 23759
441154275 172283
366119472 25239
758562728 114519
175188417 134005
121156323 7501
283605740 157710
457272857 75683
666685899 61258
570155658 118853
645609054 29056
40715473 118502
775238735 190405
87401454 53041
806544706 69248
898797123 126895
335260225 144577
759866914 71829
313095338 85628
939188861 175168
532789768 35463
419150340 1760
176780943 113408
46059529 165740
837779387 120006
581769075 172389
262048130 124892
801312615 16033
771514496 188718
921558906 184710
30760031 7055
496998454 68956
516054369 148315
362356989 57758
312636980 36970
162142959 159438
482703862 49086
574306474 23068
195623146 188848
61198238 83121
440906106 32238
216673096 70469
770658086 39287
21432788 7474
711583534 86901
455751624 81865
999861009 78196
410388076 184260
868622129 62699
447521542 141225
126708992 197813
418606787 33549
307633621 168200
356422876 34871
778538614 174133
843568421 145132
949866420 178749
982748944 170735
253535249 110376
613054529 80636
452861054 99648
337040644 117873
371304355 104790
539727768 173792
940225092 113467
707281478 88882
397055067 177954
48582087 60769
962298847 114197
80809704 114046
143120042 109311
412607003 92202
393498977 10220
350297430 8731
662645458 181013
999231136 193056
311323608 41987
900173460 66168
921620653 127889
542248517 76871
776548448 198612
15952303 38182
16980228 124564
252318305 44343
762328172 60065
59447775 116740
218225713 42965
664694489 147013
468581303 89350
54102406 21207
872657184 60978
219783248 188408
90875912 78737
199667677 155540
400159057 25952
803473062 123190
220672540 158054
136550244 145171
805490439 104380
269495854 109513
369537319 40965
88298799 92532
827328229 82392
413052774 42770
269788016 199500
207993946 135941
834203926 43161
909622696 78124
531457163 12197
103186970 178147
516360659 25566
5090734 65211
68569947 116069
997070779 58501
654832248 101236
30240926 61808
855625075 68917
630849341 97377
319827858 138210
848429232 43914
290422957 144870
770273872 100099
268096068 168763
796273624 88286
315228579 10976
461630427 27649
603455329 16466
214029628 147287
459713986 146224
511950100 24855
354761201 174040
593714292 48574
831072883 36478
385429784 16306
542834491 110844
939204206 54629
261618368 24677
79184304 101788
637852709 166640
36638586 27046
480674936 14941
563833561 171091
861243503 65969
205059235 67971
467685009 146337
590991312 145704
398997197 68513
623247091 141362
262438336 107436
225081076 102770
612644330 138404
829791551 143429
127463950 59724
448452359 92932
702157778 46594
407439422 70309
434806028 188743
833081809 17197
244908372 34866
197469140 84163
302326612 14329
278635757 77072
981925347 23661
583733746 123750
224152815 357
897848056 193289
84118093 15398
700279620 194831
957531124 188487
683170479 179917
756876780 185935
814114226 158942
125259020 8233
96091500 36423
745347623 194789
618301919 160896
808777062 171349
162360294 2678
452044747 108259
82479335 49048
500836563 184912
37074414 101065
200011951 66383
958439433 43234
432194853 114032
20697578 118698
469121985 43250
599493281 38380
520125569 98256
201766342 35277
259379231 132899
352404070 84601
751908957 165308
767767198 104770
393947480 84055
720460995 125094
232952033 51573
67416217 93256
908788413 29594
781018149 90835
137026208 19438
584824929 113923
496197147 134285
486922211 2947
779988349 143257
640636662 28952
74279086 102433
519438877 9613
488312873 139953
799749718 135388
932218695 197927
13766367 88481
155951694 114524
561863920 132552
443017525 46917
310994544 164422
57488566 176117
560572500 144250
934999391 36033
994763027 123728
872625363 10420
829237486 126181
417800865 197668
204782087 189459
584363938 30671
475336973 94942
381540338 1548
381433637 162521
344814693 131335
862795182 159410
542657344 92422
776696723 133516
901589298 47801
275717345 139652
883258775 29067
219577578 58501
629433273 104939
903582381 82638
32422050 96475
384370240 117947
130158995 159440
114538586 58780
993435815 89114
379653763 150416
251348513 78194
926171126 103589
156678140 27069
413542627 84898
743936749 61608
955013292 172740
695643087 7911
537983984 46418
986145865 88837
718491841 151906
943643074 179368
825537649 101074
565131614 11744
461409674 157812
513565623 102099
125053958 176103
237576881 175917
92601350 53040
392272169 103807
876434356 84630
411827954 135722
599293244 102977
441893733 28100
311209995 179918
497473448 10212
20271622 182857
510419013 129777
448331041 18608
792263932 24676
387914840 54750
805982801 15903
130102496 39237
865258313 139714
574213485 165208
676058342 115236
825559006 88082
325028475 50416
811247837 98502
557190731 185429
748974903 184153
239894203 23845
552503819 70277
470684714 103031
792700329 55052
673383648 42930
176131017 192018
443513916 2715
347869718 42996
908507157 101050
576212785 112978
699252913 80014
197147626 166543
432592418 105861
60971000 51473
475597343 34486
30754951 64000
715436063 25599
796877915 90782
427175780 73052
112992362 166467
99221709 132285
316928157 6608
902621775 111875
315934958 85832
573659493 7160
495873657 163620
947547317 161137
476901325 196976
739517676 5457
588081458 37368
28164892 36562
371138456 133280
347185962 127573
389572436 91193
78427469 95553
272807304 137724
229635702 116983
324235350 14202
186317989 28226
142113034 160675
487287194 190321
291258771 21559
391335393 129323
110880463 94787
510376841 172241
601898386 23236
857588236 99153
151867565 114492
411385423 165956
117679083 176078
67392918 173743
101293875 64684
686931891 165100
711899664 123952
703750120 100071
677749191 125319
694037648 146817
851438870 48333
461243704 84242
31157371 194361
583421412 184778
660196864 3194
393500723 69316
339570022 103742
726397904 18382
851881816 189509
851419254 138250
540626160 170095
811126290 73038
784718344 76004
239064550 78458
341294403 188777
408706142 107223
967314896 69018
478509533 124156
907560933 184559
297442427 21455
640503138 189676
661618384 169510
253399754 143055
762413098 181807
646139620 26049
600364515 57578
606832805 135638
436667185 127606
799037190 15654
936876915 138353
255726517 190533
911380099 27670
640074341 190438
665926236 57794
368487062 184326
285099562 88711
557097540 113085
54777446 139607
978954412 187938
273702084 138496
105549389 193343
254598912 128565
50265398 28834
767864339 37188
220269507 20298
546836441 173678
421611361 96434
788033425 80373
136624845 66674
286963078 93135
328620113 185494
77141860 8713
638863225 10934
660009272 72593
32063743 10552
535398623 2727
142426290 92174
575829382 24254
826337422 148778
389995605 69320
104728408 106300
536596374 195469
256112350 69596
881355982 130769
386278873 97540
99165236 170759
721680630 142677
266903948 164282
999791948 4591
668576886 133921
782764147 76675
52515454 180368
494152082 81756
485409851 117904
564662104 199429
202007707 93580
803280471 174455
751832517 112844
11001793 117224
880191835 119761
240440100 32212
119107978 16436
142438178 93031
982445885 45965
987598923 91175
611377534 31519
923522657 38963
230534967 18979
24889321 44506
244913581 89397
122393499 141827
44349431 41198
58223438 81200
886256817 124835
647644420 68373
674633204 179828
697113063 186375
419121307 162020
261025477 87363
172544631 63736
412106538 84672
731219989 180320
614217982 24504
677601122 197003
48920588 91939
579441849 30642
302869160 130421
901719238 165417
325661008 98060
573490812 196290
111718413 177987
344197153 41320
73977777 63859
874299116 82508
38040997 99221
34379058 175843
935679481 19058
447341870 164517
205183629 60219
827896230 83292
845410721 164188
137767280 137649
950028332 115588
287136058 110168
171767903 180971
346894447 84234
710709202 49027
390208410 95205
152109846 106417
13019177 11299
205566219 78591
236748349 143710
210415628 158468
863020425 172228
900510610 101540
722996282 159878
681370241 57475
483951705 171055
242961522 50157
511809803 167719
795264826 40359
451614645 136434
890095090 182035
18661002 2916
887723889 94104
963644440 186037
271144737 126809
392031554 15680
32270314 19154
550589590 94490
261766441 126614
294750843 148044
926096614 47539
9979055 145173
167726888 42538
238062915 92084
394104739 160523
64603925 169099
756165071 187779
15259075 76896
988410962 129979
329246489 93205
609562668 157792
438848078 198227
546715889 180584
737444431 142749
384064549 170729
429924262 193666
598470415 41385
118866301 80600
28951997 125042
816637237 133747
616487383 11298
551511868 139987
430010644 176212
567072660 95854
768378591 177794
310716292 136140
950754473 177126
941166096 122950
835084385 82742
546531807 54542
304815831 110754
574328831 165438
902692089 96529
241195001 157980
384206144 102984
816245451 33595
468024319 130577
927424824 148559
138262285 185955
428692417 79919
502405881 123791
175088827 183251
903428342 18338
234040356 195972
968866839 194599
105584672 80903
987574564 174031
743001797 52891
801624459 196621
845556136 36777
792560479 197223
224071654 130928
771016350 198723
261862158 23090
218767659 11954
511425471 82422
988514307 95714
52812547 73340
305732803 133409
207344717 83708
639173099 62459
83000486 140809
770430501 136339
4927683 163444
557151193 86799
659685206 46855
296334578 169746
935265840 79929
700621837 195956
40602126 84601
335739215 41192
614821826 185867
161447599 192318
903520844 82516
560590951 70811
704863074 175242
451163165 41993
78203642 23162
417445251 40782
679736152 36648
362302248 25130
85492567 170862
848362041 80080
899507797 52521
701356433 116152
546438119 194983
926970611 35278
276170191 67885
179917161 58388
902229280 36540
17434044 150076
56904177 151062
409182594 176327
865093466 144010
775733819 21360
619597479 194947
254213909 187493
378893936 6354
328663630 91418
497968529 14374
570112717 96891
649909233 68428
875083281 97717
117234897 11903
330203963 35388
625259177 37292
765048410 54
639287885 150384
992280522 94424
228249185 122365
524478273 141485
754409713 33838
696224307 166964
228650332 6533
908211679 117076
281477120 92597
630609078 120194
4808161 92254
462608386 133049
921931313 7676
784770920 114128
413599705 140956
836190620 48620
147226409 157370
737469601 104115
797800324 96515
575611137 99308
495186568 85809
508369442 123385
962696037 177245
235704947 43896
15344327 113635
412424346 48701
267112130 24507
227202294 18082
425963031 73739
917438170 25150
613652499 166459
491889621 197668
907625555 24150
993101323 27424
257966752 129517
292306460 97368
103741107 100182
753805726 19686
253221002 26527
605120876 126944
262857854 6413
367919899 86546
65132876 6984
475811364 28258
439897439 197005
739251823 153573
524356810 78839
616903417 176402
474556356 188145
8531420 130544
56939133 139297
82985135 70097
680456077 9889
206567698 12397
305831580 86006
975578984 112595
263260627 44141
546886245 67874
970061418 57281
736143822 45003
607902478 115565
637116092 18047
704679883 83195
984641282 162727
811086473 94274
572648107 123275
188077131 191160
845404061 121296
122445744 143330
732895265 181440
253689373 110381
630469680 25163
586288642 50099
439962105 109052
701674327 115500
963388680 16821
750506075 167591
755327105 178770
452277460 164794
723364049 80696
935242522 37278
652311258 62806
517880217 42253
1497314 153564
578361705 159742
504408509 130166
949057883 47643
385803272 110443
16283131 163994
700377800 166867
321365564 65984
398243539 10571
180936733 32577
882504495 38754
48090738 82585
70208099 192425
918482892 187177
69890349 161924
912058684 70611
290878258 152650
486278991 86156
848718757 54592
327019033 101285
570975652 198879
321906590 124531
446299517 33220
122740487 86411
856460607 112326
43185702 120440
69021777 131860
654382682 49694
670019349 133724
813653579 9703
783597045 141904
217547012 79077
242507668 137960
533152055 105547
501753450 185515
265329145 45715
305141113 53244
503859039 140809
58784002 108808
698863360 139125
293433045 104995
888595485 191455
667894517 18943
558513298 181418
579327504 36175
476816383 134877
525829992 144666
777506258 44617
475535367 15286
137632602 144324
274833911 198661
888463563 56336
19316249 73681
629463875 192859
120647960 152737
839364387 150540
111311936 152574
287794804 18593
12710773 5178
277067308 140029
75491737 1071
502160755 11877
582326758 8042
301248229 67643
249454250 17169
862590013 30917
787016184 181186
878917591 57387
891079622 11205
750667335 11014
34133276 191285
808903170 127866
672858724 91740
982149854 121824
836515257 122652
500471872 38711
598461445 183294
598214840 156478
197247127 62387
30314793 175977
255691624 98484
646364291 103027
622400886 107639
483470066 159439
875915068 77388
904572501 161318
784408794 183558
352608130 2610
876383274 58725
951067084 198693
207394041 130157
302130766 177009
321179925 17363
594442065 175029
804830459 125640
219668316 141266
693758830 99470
177586751 156360
879144860 52663
834072429 176552
277777377 199923
314147094 161398
867389449 96425
352825960 128508
272247238 76880
666388546 125677
57426946 1861
451073624 57188
908213149 83372
471300624 87884
504648267 94767
637961739 42896
451604012 929
305265323 24632
294326576 74472
111285675 120422
431256755 65092
486949691 93033
278372401 191580
440762592 127766
939354988 86429
112993765 141139
982878297 774
164723187 189628
738383022 110367
118161552 190583
328321276 121425
941549480 128436
689513854 41950
68816146 117150
157208285 154588
414004070 109687
865737116 183390
130986091 185538
109172835 51036
587071453 144761
110517405 47793
237021807 192424
819618047 78079
82997476 197618
815801425 159356
840089729 99476
337068137 4549
883032233 78597
472598306 97140
656812433 191808
618409756 109705
28462113 55785
904167715 133216
125163127 96436
851684071 32783
130908403 155327
59863924 52312
753981295 118784
579663776 47801
297585616 67598
560705695 14819
577813964 25506
785258712 168863
808443239 141776
519957722 110
331865050 69201
291188642 90192
599197481 138746
562122300 98113
867470801 144553
308190124 4735
595447792 199915
522095375 71263
330369906 98840
933965984 10675
31025130 190522
808618741 121310
871223938 49203
243437473 199130
442248742 109354
333334317 109432
692809406 25658
100427993 30740
374864624 165399
40857048 98254
26209365 84066
512955333 183498
582356913 143018
672983900 141496
456195683 12099
152306370 155499
61880986 89068
428520369 59496
245012811 196405
64303169 89276
116849402 178705
808227113 137148
733004905 71643
649630447 89689
861335960 158719
379968 55913
814528731 20033
969357189 128120
817406917 180278
632843121 35522
586905675 122310
966378643 32574
669270029 1841
30916967 178814
864789581 4081
102572321 12094
826249963 82693
156354848 62078
665387781 93225
837064393 56405
863401568 177141
517221392 146645
863007421 17316
343145698 109243
902423470 32959
954837262 52562
510070609 65412
66084793 17564
158597756 162828
949512959 132710
302486070 139315
546684128 166680
645306296 53259
580272340 174971
961496522 152603
652099345 136133
219660697 75976
716768845 61196
685027991 133573
821836338 24046
140430615 197574
147593175 45075
4715831 115794
269181975 133785
102571000 24624
658937757 38844
996197086 149730
727666565 8597
714068045 130907
999271083 21118
47972639 39903
795697399 148923
50231101 134941
214295713 124252
306029841 169087
923793625 137344
403650618 159661
953441184 185220
623051286 181951
730972319 33263
388392755 69740
883112847 157542
108018232 115257
693901749 65653
460973260 29027
568975493 76124
889763614 47410
775106296 23015
36597721 142097
255179941 70774
609618693 5164
340111966 93560
517717089 140524
100233894 82904
958943316 80167
21098281 173607
786826661 65386
417004808 64340
673504590 71598
419466149 149669
631813758 127110
881765967 146312
668693507 92762
838168868 111171
71033772 47251
698803854 102188
643398261 147924
380223918 152724
305093098 197714
681224568 198809
745697319 138483
102825820 68612
139879762 62200
855872395 180680
228181911 162228
73126254 177980
574743057 139435
247776287 77815
332069550 84235
833709297 124121
675168662 177437
824482119 101085
782607064 154505
431187728 50927
39663790 109180
376534481 48337
519556282 171663
154891077 58095
266933770 168543
789485281 99626
22377233 87125
198702889 47333
868721785 58193
397689061 103191
3574946 166735
791974973 97597
941981884 198832
190594382 6396
813842894 55677
161550667 31113
673103464 191059
508660354 45955
864190957 57240
610391572 90970
175810962 45371
380442115 29476
714350334 89666
940633106 35753
910852733 197542
887284630 59254
955392239 110574
736196521 89466
340696101 133593
51938973 125426
585159862 97677
788877788 197636
455098649 6764
423664935 40794
713852066 183614
347641766 176633
464335431 147734
927440575 113647
739166432 101359
462090879 106015
499299288 44533
790103100 109760
989454425 69045
621094224 124335
555410561 12126
630881765 75417
875233882 19908
789359952 35008
618716325 22315
871589986 123364
518852148 46110
208682213 102990
807492638 170456
547055808 65021
891046250 182778
432814 13124
669193082 162474
547612436 11773
394792927 3807
955066872 29655
400676417 57871
29904193 116875
345873773 122916
70649927 27281
747607562 124421
836393545 77921
638897938 119744
881298644 71901
305826998 192201
899444843 81400
172149582 67836
634244200 138765
936796935 97296
326510910 113214
983791353 135733
826605563 148565
531566009 179900
483162587 2935
214273457 94541
786540974 194592
307610474 77920
301024916 190181
394082864 148837
627084773 80308
475448794 183000
534915849 148410
271147467 7357
196121554 160176
338508069 94765
290777052 164589
971193477 171376
335721357 90005
172251280 149792
384149437 24940
787761085 190344
938007579 187569
67553657 51402
820893150 197326
105319055 7217
738777972 176824
200259104 31449
308539411 150554
469643854 95110
154464512 69749
151069770 183758
260813841 152118
927569011 129088
321025961 60959
689893207 170306
558352966 94881
111786429 133174
88203370 39130
164654320 122158
741428186 63426
756844713 91439
11087539 99809
905310674 134049
30690193 88761
383027053 178440
531650962 178527
596932856 165997
796129318 6191
933425975 165383
898722757 63724
130692822 1566
73677191 86508
761385009 11010
143285848 103014
311784351 168356
118114114 29046
683814506 113939
508904445 120349
183470374 66213
503289517 137053
971864180 37354
191760652 73938
290116977 41189
194965574 161376
952809102 183613
469055184 68428
228626785 173261
604941500 147800
370406437 158704
59345712 21117
779665788 160604
157290955 118463
513851537 131653
302408395 140156
942064444 127207
666002369 103475
692897308 14980
763942018 171601
897332032 195671
129506044 149737
949653170 63652
32636430 192204
890010528 195662
969033502 50893
656035592 89345
362534973 118791
709278633 140125
232086659 162550
394309788 172847
211295897 129129
221097246 125761
711191001 51871
78273305 10569
848038891 31956
429464687 25299
683410194 146922
280286128 129338
644493976 127625
258597389 162356
93054934 90936
898139501 1225
93798956 155530
443763116 141170
492549089 55629
982006409 156501
188052880 82374
576292551 162150
751127118 13527
249567424 178617
851658085 7443
306559284 126341
314003462 90543
572066355 57296
711607153 47992
300922510 126
856641841 188680
281934912 5863
353422032 129390
454602396 76542
180039711 70745
483495294 37223
133512393 21658
805569068 141631
781238840 14240
491960183 3456
955781254 79865
434082685 99442
239058600 190637
203734258 27939
739101876 129488
314911372 35086
342804142 94180
147614518 72553
366506552 11367
575838291 88534
508913740 93879
419521894 96369
80016899 185408
799967593 188049
316439633 771
245675932 18075
253378206 38309
907053336 150538
950656316 122615
287644365 6829
32457880 35029
57483752 187202
157658143 122580
244975006 107656
103705087 74016
767904334 183450
710498772 81295
703604888 179026
487215717 26680
59668507 144190
557105978 10477
384938115 148550
93713897 42211
745067672 74838
478989493 42502
661795240 140987
880845589 22669
150148138 75614
770900179 170399
337567917 51805
718069183 142312
288288829 96193
907559027 112044
315890492 95961
806852389 87026
299749198 142468
110249487 192422
82403567 38041
340173616 89994
773100583 66667
841119323 42220
947150800 22546
841594436 139453
819851019 192896
422930105 63580
453384192 151453
37291492 45102
289804531 190800
640405349 54060
726625690 104699
151653685 99603
56323901 144953
650366535 25604
371190608 161848
159724831 43266
588727794 198637
193278993 62028
126579258 122504
674331801 184728
762345308 26362
19507625 105617
749131277 114090
954724508 109605
648423095 127475
351954733 175648
300964158 171626
586084673 123249
474350789 75742
290555922 91498
550250410 78004
731924750 111187
311593638 79809
505726209 176669
708992965 50665
342688891 9600
638834392 146670
868569247 40865
948135409 1136
949009642 106310
743023401 110489
137641405 7081
262394911 105115
283205074 27483
406759309 101495
660217198 63379
84111186 198669
428496934 19613
367020025 143391
472848728 98875
524165093 198255
914721807 97180
27940327 153888
754086635 164915
656889698 30815
552385237 174955
462491008 198919
197457463 98068
621889478 148889
582198952 167129
965014069 147941
934315864 152484
293020177 177530
713779405 58806
394303280 39008
877211194 140220
109641319 38365
423243450 37905
234585276 160601
638577932 141415
524183336 163821
131999792 34498
180626528 86240
863070887 74196
421404768 76008
219821653 131343
101015640 86128
757863947 39248
245949868 181489
263143593 166759
45117185 84425
485374865 174336
58565733 198199
458256936 182910
500556897 103175
422881187 144417
582991804 22045
470873082 15574
177004190 53942
502219491 44692
468987139 148736
359551840 128885
532767968 79690
126036489 106805
921890152 27734
276030501 14017
351316989 28005
858992926 141435
461886076 14202
201926454 21455
962913864 150281
67203689 131507
978954603 60803
565317027 157593
674931765 36505
68122863 144592
740322450 99292
702700819 61105
595164397 164277
162779580 118143
683774035 171297
989074967 139937
869258941 162722
199474771 45589
698354316 98860
923176767 8489
761978907 140204
163960421 113407
315831711 82262
411135278 29645
321132539 193943
720077539 116010
663057386 192172
55482394 85346
872660232 178897
642419101 57701
306926514 82869
923083388 197734
564341070 190435
109612600 97960
329802947 58585
155767036 178212
629269857 118019
734707732 188093
516932153 19789
842653776 91214
328973952 130228
297973751 46121
452738129 69068
577265869 54803
8872489 33253
235193563 164521
972694225 140813
437689435 22748
135386384 150487
763136224 72180
576147181 53292
988150167 149839
745623932 104094
851021848 35036
846675942 184703
288384880 13258
843208141 81598
434517283 192849
995591044 57639
411178823 88848
789784358 184743
518643497 199175
772732117 172403
701534728 59487
683914908 143866
225866259 130690
419450860 155784
741160799 186006
224680989 20003
194371992 132782
573297528 103553
712934152 89293
728538970 136848
767355161 148890
85249456 12569
828410189 129550
855445774 189909
446180969 72499
33834964 120481
717916236 118715
685126785 138041
838723412 146272
162604388 61408
237911827 163349
176204007 149988
332700767 120498
146709127 182139
499522974 108868
683442296 61042
862821308 138286
335768960 75470
485782778 553
237529850 13585
943650671 39340
281628968 174408
62691347 185828
670733741 152337
707927210 79232
727485970 133985
530792591 13158
629558098 192143
850430733 57625
718304952 82564
984666511 135418
495770751 171122
730793528 73678
103137441 54807
457899403 139734
617664363 129641
223254569 61806
423609711 3245
346471523 56919
824895977 137285
482929079 69390
303204522 164648
85781091 183643
487545296 109389
804610597 36545
389024113 7130
804215529 23490
179779649 177325
806320095 38130
420845927 114107
863802405 96233
938961500 104516
970746387 175534
776816669 188144
246253581 88561
673863733 130384
170548142 157371
432067175 39186
60208761 141255
889938568 120474
95865327 122104
135924745 54904
807475597 6039
274952831 120875
221310747 172611
229006414 138143
467747816 94510
704971368 58946
475190511 112154
595890282 168659
493908521 194050
932082003 66364
228209552 111358
91510133 143827
9781757 164751
27275499 138487
169425617 76681
857779233 123742
362831605 80482
362397548 65034
894134637 170225
999983579 44284
26899455 5614
966759963 80620
118974137 89106
315636128 35450
539877360 199704
831053810 171568
340490137 18919
539065228 18691
221532706 25115
954470440 168493
691346943 93847
704929016 129237
840371371 153262
822121824 57350
893118827 171246
981680831 75320
885138972 186966
343589702 37572
989228774 22053
724092613 80079
265401302 80945
990944337 56891
509426187 85960
889770080 98252
195823472 111426
383645288 196436
276059539 120661
156191442 156556
463318782 162772
755015218 182770
484077129 6546
414533200 126423
285074775 152673
822688272 103589
18443919 168404
85686115 86748
480347327 21521
681829543 9287
550589457 190342
658520658 189582
985552428 35773
4704676 69300
206630289 94171
93540550 165455
564639632 71347
638948053 38483
797600595 126963
442211780 150385
736454050 146854
989918067 9316
151165565 64655
276634986 92435
154093600 189836
737410752 199430
633490110 165829
185846283 145906
999639693 55927
942580010 109441
532488106 198099
841740140 146284
661171293 141493
959339620 68751
132862562 73146
346667098 185244
611555617 17864
393979355 50851
74733209 47472
457044604 100936
459725320 154681
616742590 2099
380787127 95075
833971601 192327
105553232 10021
291607011 96468
406112171 9279
883912582 126216
521313892 146835
384824072 178085
351500360 174150
965661022 127698
577883866 100212
972816552 154375
685590035 180164
259734303 186200
943895110 136700
491654281 23719
662633690 192964
962289666 87829
592248802 192248
881745084 186667
927677715 61299
486580621 108954
80324273 33249
586475675 111708
501331768 67759
687911554 162212
71954989 158739
532622853 37014
277184051 91866
867196455 100364
958699496 161814
744153206 163833
993196896 12898
661021394 6367
544295810 13960
421744290 167557
95858989 66391
571428912 186146
381741004 158976
485532879 165947
406212954 110306
421032506 187437
232614137 148217
637638125 116012
818640054 110714
501485607 123263
845751563 83806
800572180 171395
782540716 149351
287661833 152735
92086916 89612
160357170 176388
598915634 179708
44857188 19038
852614484 23221
182913789 1581
862377450 84810
802578585 14530
279631608 90847
893211689 159028
573682154 8261
244477784 110430
827952083 189994
283407132 69675
56291219 161207
863052357 43545
349176509 199222
854763151 194669
969988695 18459
717627537 61682
655945116 186874
374325482 98568
569240375 86505
23693390 183075
204512055 79029
561943601 177896
342858902 106012
651148929 100408
920040322 82373
400919768 69802
45519238 158583
690529507 13945
847687942 20056
13350699 84184
576744945 102846
155182857 186772
145554260 89029
429108754 29004
489806559 68225
866184861 49889
338226510 26591
535101667 196723
187626782 162033
116022655 46358
109361957 82063
441507740 154655
358707707 132163
474658933 79063
872287405 128586
130379402 86918
341116243 8396
148442726 5342
628357767 52417
813145599 176527
43493663 32253
64927972 155626
588516614 120881
520904957 180506
970276664 172112
816090003 156596
360269516 162099
798104904 76438
770375396 197035
886516006 39561
220519046 82775
124294876 35262
965789912 10897
94838412 163142
784572676 106465
310037932 149354
587349507 40818
410013232 9038
122291592 114726
320890497 135764
996127480 46199
653519320 196353
201653134 47116
462472219 122008
251200712 44134
152334943 120060
669331948 187475
741169781 113690
610080278 92446
157379095 168737
386412044 166302
165574645 64465
274199351 26271
502918936 92977
371639746 73958
947227839 51128
988913468 119558
323131493 116766
93705019 186943
158220501 145720
942309193 190108
44507675 187990
766744612 31240
780325056 51605
412785184 80807
314839950 149883
153837647 184850
751510801 27251
873939102 9869
918982602 183242
479284153 147543
107355205 129834
358996391 169852
473049521 80885
523231392 6089
486782936 133842
552532095 12062
865626440 1814
804583093 117732
372499240 42757
179768929 35480
148527320 4310
160227356 104567
982512527 6258
76579210 18061
176978277 146326
102481332 52536
431167037 136861
805177585 159691
188323705 139456
130233985 131192
84688874 122809
863612277 123610
783628644 135400
289097289 58042
783292280 87313
469443338 106340
284858667 72890
709696448 97894
304793929 112860
140558084 188903
537690178 171253
256950207 91895
463241581 145987
728767894 82115
208857479 186898
897790565 93621
754053299 42800
171780886 148237
767461568 43654
982994164 52279
125441845 134152
501755063 193210
53757775 85554
419648106 86935
709610073 179982
472011794 179200
441951088 97962
233270634 136482
969600689 111691
125707921 5411
293151552 98684
873054112 72507
239322403 121477
824926156 110710
532182353 88791
129663031 22947
426677861 156961
217328718 115344
309044220 188794
625459865 89371
557732536 126941
195255675 114560
632261983 30427
329849711 45573
968697882 48587
760178904 74383
377362135 117963
613368512 103266
226081463 121852
629033428 6460
720635366 159585
68346861 93652
621156376 168348
823316496 121362
252894770 108562
522792944 967
967499916 60063
115959858 199093
46356220 183093
163526897 112174
427132337 97762
800413798 143938
724411677 191021
884203984 117000
236220894 113444
405662246 21188
610813963 186346
201077975 54615
769929479 174760
159385556 103985
155793662 52002
102498676 11442
446678778 101983
872451079 33796
943685833 142406
330385114 91935
767113027 16921
926577516 95434
934427781 16463
177775042 194733
115258471 28449
170052290 149895
440402040 144045
79207225 164271
864585135 141256
370226835 48070
750917004 151437
758361283 25164
726636665 12471
727256111 22292
426730366 96684
337762229 30588
5273535 122621
294606906 11476
51793072 57420
581151665 169238
723335861 188190
80015441 168774
94396599 85284
643559238 142019
359478972 169900
654612508 106591
727249972 165875
15869714 44207
876175132 83702
668445639 85278
157010037 140584
412296993 51708
737356136 121014
796543781 41952
34473632 118503
307032676 173275
646796709 168779
478184510 182592
602576221 6695
973657109 9946
508872774 37540
208399676 64303
735259800 128856
438655592 20311
233730290 91420
511620590 181200
787819323 143073
56637931 198090
67204446 37749
783991118 174271
169011007 5047
169937988 92108
438231748 2700
707880478 180222
186076103 3333
960633223 46129
532360483 1357
452316240 125616
15322236 67299
707242326 153085
562536973 6186
738975129 86668
599650438 122968
498867633 23083
294206221 85070
14122652 25642
264585344 198935
573749889 154266
656628555 17723
885529580 46465
472679163 102922
337524228 170152
239917267 80148
871450619 59150
683192234 166532
640935917 109260
213058930 161405
368315287 23618
987710146 120941
949845864 31285
935534462 189149
509945285 19363
851470013 20077
48938456 69954
508618305 116122
487624060 127066
868696426 10520
820313462 53152
986983120 139910
696304205 116305
863542130 35921
971001226 162619
673831179 54775
423468440 94125
290434909 2954
757106469 17208
409438371 145431
647075896 35163
816452094 78062
14675922 193991
44582822 157136
496755599 193429
753535 180772
683650140 77152
466438367 135414
57962534 171555
410378406 33941
261906354 104050
499147401 20525
228844609 98615
178018460 140634
994214249 72671
713387384 79493
730232864 108779
703240019 15198
801014559 119499
827428650 73842
549442966 12312
371082782 160262
930239855 136257
485381711 114466
815865825 45785
19641635 41914
977652782 3458
199985355 53272
738085777 105919
61444536 48635
303564450 58519
242659388 198337
912338541 145920
679625640 166742
716187256 7120
754328456 124141
872505539 159631
166960026 17373
961820181 170803
471858585 23881
507826470 82953
821493144 104072
297750751 23400
868753258 133757
999714050 158647
458086478 151150
952404016 9431
339359310 183071
394073467 71143
695837510 14221
615082974 26288
31561193 78116
376317313 50200
183442058 182637
94077284 162956
487660086 71459
324596633 138723
755333450 145999
736811956 24784
315778733 17576
506364296 77411
746272118 14336
113449049 146182
125845647 96687
434087366 198361
149726665 194017
957776121 192452
622357537 101451
288418579 52530
360141462 198268
698235658 134157
140241927 120781
102511840 18365
294997546 5060
282282213 168563
14658825 44901
932087637 93083
254990260 139305
612284061 108627
26872536 133388
598141736 63623
313408577 65217
55425846 76400
503044428 133545
589324075 108851
703325603 73573
152091817 156840
784515214 75567
378433022 72277
493546389 191034
384386377 105303
749774318 178118
856774202 49142
560364789 20417
192971391 130397
971404230 173838
96133674 65089
248593911 122026
394018911 61449
954332509 183797
127521414 84565
401981146 78767
615249523 195518
862805509 169034
990625185 171784
352311195 114464
881042288 128437
11929345 82420
591612236 115055
843353021 24041
173853357 36243
628899349 153816
894521544 110965
595067734 112086
328189575 28045
659986200 31960
802667797 150461
543489755 155023
953907610 170637
241711011 19550
366745813 19810
889007075 82100
36628182 192062
450950837 24419
464269999 65490
47286248 47771
223624652 14141
849438362 12126
447026894 124344
861135458 171673
455547553 124812
372495088 181100
941728670 116173
47008369 91318
927629536 139018
306721314 109864
616398172 128411
109321076 77693
278927922 100335
779826542 20275
969949617 60964
934220762 141399
748603558 81232
410618808 22858
833877056 173124
47533445 186596
981029075 80645
431845700 163503
277137296 136912
634318015 136145
565754597 56352
424165272 170135
464693466 104181
537018514 21594
305695297 119677
917971685 141599
526931068 145991
453090072 143531
483052411 86225
243193297 28561
81314966 89879
361995494 52817
166520932 109984
978417867 192104
533319219 108016
917910903 167731
384504538 72289
511870226 104506
246276843 153343
329012635 177912
899712634 102468
310444496 117165
409400259 119089
414494287 61856
581954570 107693
493720347 194506
454171285 111477
524886424 92746
774899190 177111
761591893 31805
179851313 22701
819655293 113191
728374792 117476
931045186 152409
974814195 54668
538242982 34572
287899684 14985
500559268 63788
709815123 24508
958140580 13233
6397075 5653
923186391 183156
837063715 44799
855868550 40732
840808066 134289
211226721 34138
320306486 11316
666056095 3167
234296112 23689
210620591 51173
259912689 627
331207870 97438
949144689 34907
154467239 38762
211427634 16692
882940734 113423
709260719 182286
444345749 36753
285697145 160582
72233638 167997
706870061 93566
341873539 64590
238243894 90266
41544495 174864
597299970 174123
670125895 163692
313656463 195160
153448066 74239
808650077 72530
202211446 125376
572964146 159954
466509095 82044
372809849 95402
438666231 26747
849956393 156726
800836706 117632
257143512 94430
570215621 96262
104465945 67384
708666580 166416
480262274 163295
43626740 105938
229975435 10688
728385986 131311
683346020 174464
46644418 17218
889458117 29663
708199355 184356
359346409 124803
494176359 120358
690588158 168148
400311323 194099
252739345 105354
44387351 165018
275391110 41159
823013812 95131
442979065 31400
157670082 180346
380480164 173764
988533639 117050
344094644 162716
148900859 155035
651056469 140497
472912515 34787
929894681 14059
762995881 84096
323350710 69910
757641841 146793
411730584 143683
257940558 188631
700257598 85224
207914974 23608
606499568 79991
786341694 8909
697694684 16157
75388213 192301
397806213 120052
541311811 146814
706876093 94045
134170799 133301
460559811 170771
933419091 87133
470008543 126195
513039906 146755
172411791 108339
294366184 32277
921178962 97996
550838643 21339
727163938 92526
511356687 30862
560394781 50425
860125454 117244
21419627 157346
642469184 28420
312800244 196641
209623415 121727
236195457 101617
474753071 121114
83152777 61194
687017995 51770
814903309 122364
601726118 87042
333057937 126389
501646675 38176
121824694 1250
170732511 169475
702213585 106616
123552585 105151
529480878 77505
818567250 151362
583329526 8679
264595185 99546
103537959 38801
628337333 50900
165942751 199680
636039729 73844
159369146 23077
691032443 71076
828816863 2656
244866406 137645
214542978 10468
864201075 92625
237180927 162129
107675174 152655
659069236 102822
249686648 79993
855494148 78896
637955828 89123
984325908 137959
228684488 105874
427437736 81192
999463136 180650
478447469 70122
715121243 144625
881949278 130906
633335151 121004
676665291 31802
894537460 135971
690512302 65649
770906398 148772
623546266 80220
374352344 152960
459915722 110164
65388331 99681
927006081 7628
851667735 61196
508025801 171354
193583830 100468
291217333 76982
89123996 192596
919303795 162763
418030168 161527
282182011 156277
214618210 83737
599828170 136440
863374993 190434
386555886 79409
943962365 69066
525299809 182692
95723789 42003
566515372 41498
299571192 82406
598460874 21058
71150516 138645
402642326 54552
212134278 78641
826127563 153844
225514122 52955
786066501 13178
559123330 158406
368127204 181999
545473119 36166
540102474 80394
486018351 26018
955206936 45323
687598326 114253
574136968 108417
428745254 113454
740459003 122893
291785014 106394
852383614 59373
473940477 132271
436152114 57229
489156388 150885
522961704 99934
668674770 46630
882130207 186514
159794055 187176
840179901 118604
178474976 45725
728239374 160389
616835603 59835
332456715 165095
893857339 72910
11807567 80641
63824295 199928
149361281 113829
639332991 92189
668581264 70293
611064240 30000
790579939 173522
492413025 67229
639220758 121800
921223888 198743
86733040 118587
472415997 116965
344119856 70116
36798955 35967
772505061 126015
641597731 31088
977799556 76642
788126358 124754
573846189 141324
335367251 157988
234362231 147270
684989935 167032
470822990 38948
87602874 173272
168797307 87518
269047555 59334
674216928 88839
45899981 127986
473648965 192622
911940947 137267
845199241 97801
564936293 47746
672895755 58185
802534673 196698
716313480 158260
657687578 23699
214111545 133381
694197209 149013
186027090 180663
9436673 125477
275080948 3185
926455760 44281
630947433 30437
37548132 165987
534341143 192220
973239533 196809
634890565 97217
462936796 46481
245919038 29568
865194941 145717
782178574 106654
160391555 84338
4487950 17288
552797501 54240
71124322 165223
607539780 117157
839522079 62880
652096304 128897
508713644 28064
900676657 8495
509687147 17197
363440276 28900
322159758 37161
45780301 122277
980485766 24811
423440484 71247
942619865 143254
51143148 23552
280022909 35290
491902263 34452
418804618 60511
341334901 13761
29927355 119415
608872911 103985
674107400 61618
408302990 170840
502213393 145110
318859293 174416
791751776 96591
284227094 153195
98625801 52117
896122564 101480
207656815 100818
507065799 126468
149097684 194866
671772352 44573
596703024 145026
982794025 17741
893355910 25954
120569020 20481
798010427 162633
181006186 96811
597122949 120758
599684485 188896
63117940 123815
8740655 67541
406652481 169337
960047039 148763
256598235 106480
545641889 128259
517950238 73300
872660775 51381
308511274 187119
964716493 177223
380354749 44498
202032510 110400
840291483 43109
978399573 171650
708479503 31890
785175637 199856
936641704 164056
809592299 43923
73656322 181971
824070464 195415
651331068 77225
749581223 2818
713629784 155624
721773829 117963
675021112 154567
245157205 56548
16276970 133669
521285930 170432
623747974 94646
257820302 161659
605028244 37897
518345400 169387
21854393 114312
566292613 56185
230293593 88898
761603368 128353
719561504 71474
989496396 113047
374189864 152550
148035675 86953
268711895 49830
583696854 180625
53870043 1427
100865269 28568
977325302 108848
212188047 185816
506196079 75312
26566170 35940
839080282 110008
206869931 73953
577912242 131684
635949115 125347
411509517 88407
867858178 119651
89114561 106265
168950164 137558
787778696 164261
271439054 138773
368780330 67111
371283789 187292
210874887 185214
426467755 190535
290382180 144595
619218811 84067
970851292 154434
13930929 85970
616095846 94021
406322924 161784
610277846 12926
273636246 17323
107523456 132471
292488507 170260
986567932 18787
394956906 44202
662060488 184239
130056273 124874
356497970 136290
693945431 99103
612325450 23180
551766781 50490
608787559 150174
340040163 159541
425345299 62274
288081520 147786
62491465 196100
328128748 193020
7318619 41285
540694794 153705
498109700 9782
283261875 91
411528485 108636
496259671 194832
330038513 76083
343036812 55168
99748479 98035
252042070 188134
502564562 130817
601966761 65397
767389558 148493
193364353 53455
249242437 167192
348613491 67631
891397803 81083
844306238 6434
491155090 8853
16932098 84999
590617334 131786
704189456 7567
96310034 72346
978083671 154796
139922403 182904
846890615 134792
628075190 3616
297051746 190587
122380899 17496
599027594 97355
942140161 60898
151969726 95608
99760421 152778
250112320 96266
962030129 14763
997394977 99941
984423607 68681
84933683 176880
37097988 35899
183593309 189692
294707178 69311
616393487 38578
214364744 43274
38888189 39669
697921762 30235
890757401 188203
518286281 109634
434732009 60014
593296052 124721
937175330 105657
816593787 10517
51004090 172487
870840455 31260
706276303 7465
54355485 132241
901647361 106056
589386070 87742
681054179 170958
758410676 43714
780196521 64255
898932432 55299
873036968 138239
689805961 43592
668214710 71173
807520641 144204
367325083 7203
364257503 190158
350358955 183255
625498324 135438
980951368 110117
390482894 72051
929247283 23025
28943469 59729
313897143 127616
624410704 41060
800659821 175257
259227132 55078
61185821 97243
662174244 106569
381049177 198672
967194469 107295
108752482 85993
469255450 97584
770438748 169907
289396190 161648
785871222 181288
850156072 137818
982262603 165214
997730918 119413
922256490 81631
758554581 62040
908276685 20039
412329707 58944
992663682 130818
302704043 193572
225181216 114016
288079019 98059
432301946 96327
375967826 193012
489470105 7207
504883944 17644
203462035 48808
308124367 42690
296192194 15292
475017169 9859
257561308 133546
13745249 93267
79715391 112626
607723362 133383
690934884 88353
353990044 84083
872774483 41301
20323374 71032
488375191 133952
11839674 40968
622524792 125959
597406383 74989
570950204 148648
151098042 178871
67532700 86654
558644508 21694
300097254 124173
271317450 50972
254433773 17731
647876651 96638
454101033 77567
45440507 192965
972489531 39919
342419950 102830
317977925 177055
456445896 12681
327500691 78147
499800076 101464
667602004 197271
21564579 168025
339709280 31006
470003729 185957
24141303 32385
341275920 176686
202374484 128694
146875238 3339
197589466 117674
898578185 46963
551389489 98388
248498910 161352
320951980 33519
498686081 196395
458757469 17708
137764365 11425
99311193 1080
403610657 81650
85785910 10761
58332752 151529
194121066 27848
714747937 162420
514412390 140628
203176744 157234
796087347 38835
879740283 42802
204038568 66843
64012252 89322
943755432 20406
753879172 134864
436273291 133334
90513912 66938
649033800 137526
110405597 56027
704355416 93646
930172751 101648
132293993 114254
620015165 94912
602364236 62191
733972018 75488
959090191 30225
677897417 70790
872975215 199862
886539398 84950
356952061 36914
212416640 104879
761555281 135666
71514022 153860
631893458 56871
757267107 110029
380281073 163262
493952703 51914
28097358 142426
86218839 45606
408170537 83766
290252680 185894
563887954 117525
177185514 134985
945453213 75125
556600359 139325
815643384 22379
545163407 68173
579433270 4082
340235434 10228
448867402 105312
502647107 14078
1916513 120665
976017207 9792
125089545 27247
552583109 36819
919489085 95871
160081478 85139
828489827 147079
481618611 85828
810443683 179157
158458902 5269
385124116 47829
36098764 174176
159623817 193179
309803864 156195
956329627 130217
581707857 141301
591262273 195463
781210899 44239
364183163 77328
714047981 48305
388158388 133224
869499882 38726
940570565 66252
302894507 44556
567785440 142929
433331111 107398
111220713 45400
318689514 195006
3847694 176933
889484698 49666
971146842 11491
977721447 486
575074288 89286
375547310 186405
265191954 187035
910902687 136622
320598758 165865
204856879 11004
58605648 125641
939423576 171228
924640169 11711
957120011 113791
718259721 31656
194668048 36316
375677105 84879
433429495 105101
508514668 31392
716902499 50582
245493382 194800
204553218 172189
992836444 170566
344515718 115547
208372663 32929
874494358 91345
817494672 60171
922601614 138763
378903458 66497
19776670 96492
313311280 71849
552573322 161048
312018820 194232
440788890 49225
423627933 45845
282598371 123340
256568946 49020
715215908 72347
534322153 40234
414835678 168883
570508194 149801
514600913 138540
242692463 46731
755865540 26902
560670437 73862
728377668 197216
659126776 180827
995711038 48815
628310008 114995
11270291 120915
416439151 55496
215105684 138034
291231200 164990
564978695 115013
34997754 174065
149537804 164792
422108370 27671
640916587 140857
320450203 10308
704876958 40099
36251672 17419
771898881 92518
590132007 111518
35032350 170248
367701653 198378
537190049 100264
693184361 121227
318733205 154286
887638823 163194
750741973 117658
145394540 13131
476190610 197218
292912493 155325
919188933 194861
756296397 84194
14479086 72148
254485291 132958
477494926 100716
515108744 28500
408911591 15530
786608283 118378
979441009 19666
657668087 82166
928000733 89978
68565351 156932
190704166 129105
844278497 96472
928875951 40067
862358507 112314
82420887 22717
562685190 52129
581503489 59643
383109950 34694
40466058 156294
982717289 155470
498170683 144243
609045779 172416
560683871 113483
752665415 52732
957187043 172965
942147611 70075
453769817 166445
981253770 105888
462652993 15087
564517088 93702
331429608 69710
627927239 93358
594777429 83116
816332478 129493
801562648 41979
850384361 48011
779717238 190422
612130379 71136
136106356 13134
323126075 152429
347486827 197224
427308322 106607
116662488 97316
412703404 132124
162114571 38165
31697585 181046
33136691 3787
39698904 71835
249941282 127195
134275917 59302
81041847 100634
791275622 15034
109453194 24242
173681054 19819
295759754 111660
636427789 199250
558273864 169022
222709234 80544
986291694 148706
839943840 139518
651738784 69721
369293522 141942
642035795 14176
494949177 38851
635807993 121171
113966567 176078
852662342 140307
535958797 138332
404625116 190797
458518118 3465
984592775 54934
137281077 182954
559178624 171669
505825791 26933
767131118 69809
633699063 105618
126125979 45132
21464959 163674
990041621 33294
387217008 134127
483739274 59549
591751618 46181
194795677 41788
226787405 152676
345728063 92125
73307317 63990
838127211 153550
870013390 138921
939828046 159160
156999832 43402
388585121 14045
97368903 108590
85906907 3014
432590568 90275
578392047 90648
733784455 33544
911243819 52196
271646480 63491
32694166 26395
86882327 103538
363974452 83892
503528508 159916
994413178 54612
339246565 118130
369428323 96898
817895066 174994
165436265 111308
790818765 96830
655541887 107370
353699216 87288
411023938 48521
202884116 17257
763369832 101680
435345829 72259
957027063 133952
89271771 165045
913751094 43990
306614180 34452
4586428 92427
946789830 17906
602929029 75732
975985759 40571
636628712 590
723012330 182297
403610304 60142
888708677 188432
201681703 199320
942301995 64965
30762475 9414
635921868 110956
771063299 20404
710480255 94746
933731541 158376
940425223 171833
152258443 72891
572877149 43170
172495569 185486
59602046 29126
322804569 195333
604303536 129962
395688300 130888
575718867 7918
585930632 17335
219841911 184766
628978772 82383
620007261 43091
712576025 69783
584595659 62402
803650271 159604
471546427 118671
330865610 175386
829795569 11403
855841663 151194
96320568 171158
874385102 46652
232296812 162373
340999322 27202
612823721 96442
688417107 133564
175167353 121961
506246584 4076
108560397 90705
595879329 122555
435440422 23009
4451817 10869
712945035 16793
664686175 168481
381635084 185402
405819711 192368
36707391 11843
47114344 66389
99392208 84073
177090766 191136
382791722 27403
377670413 189394
54140603 85619
873920652 111613
903897449 159605
117665091 124140
297753552 19692
152131135 79064
827476270 8006
792614753 165295
346341960 52086
530716492 171429
132211859 81477
958023223 39154
458971681 116036
86338444 134751
310201406 35417
613306359 195451
392082891 24702
13478780 79409
178511416 140867
718849094 129177
637982423 60177
341801637 93770
139041122 79009
723589574 130531
218741159 38152
443670556 180585
355547347 49934
491341922 73115
30086837 26588
101500603 51958
349254413 82551
475087494 105519
5625851 89792
577669092 120547
329303440 103276
911847776 28807
707548678 94643
598833860 192672
298331144 59709
960490631 146919
285043494 10997
863164171 148081
354453958 100458
44582198 16717
525688003 26496
351059363 119227
578529961 93501
12029698 161957
809992004 125634
559481079 14936
193411096 72298
415666216 93740
29798771 151587
145879051 175608
54993357 130327
436230037 72468
154902257 120271
620048523 64091
166791569 30602
230146165 112634
321883310 175640
735519363 145367
250565514 25546
578132033 34922
129380320 121348
423225050 88353
403754019 154790
360237149 132168
262026028 179768
957784963 75660
325045541 114490
47252046 111332
974617421 105009
354263088 24760
589131072 53377
370284136 19419
163424422 24280
491472789 141655
24585271 101788
871289900 88419
906071516 171186
332478049 145877
91745935 89732
593585177 186183
813796984 144079
652503309 124450
445541656 175956
633412760 177863
761692991 133242
321218143 171797
93582185 81373
264810647 149150
623196553 43378
978223836 2265
176464012 103191
456508395 19243
640045722 146513
616356880 77645
15207319 42490
717220277 16353
329984034 158192
193796949 122830
237272673 181785
794853093 126032
355573030 18859
880674601 154290
573196750 153829
911111353 78131
829218119 150316
724496113 76703
971520506 142224
616814133 12532
471220928 126656
407229039 77771
341315205 183071
55384433 72800
420065602 38106
118889488 62840
535965072 167136
614937325 75427
395443462 182533
387599586 158146
497900788 110166
981882904 109853
581177695 23910
37877688 64168
126817412 124115
924188399 87055
78128416 61609
549430406 179596
191494958 95837
775460977 150253
616099007 122113
561202374 92405
44351659 54821
403034612 85625
571587487 59153
494140775 190604
373258444 180889
901573631 66868
72213384 178389
422120657 173209
93242758 74144
656459442 197354
351646534 86845
786522410 159513
409218088 68086
40093276 35693
603759752 169089
210550389 119712
462917957 78647
703153227 139910
536258122 3670
6226165 98484
342430823 147556
932083331 83447
237619905 110294
499472867 133615
346643235 136821
106555368 20306
402216260 187181
54964073 48053
316083592 185022
191458553 185032
280434853 43535
283588420 162828
769308195 166945
510131761 179478
531171121 131485
937370116 8680
312625598 134758
72680657 29128
9528632 95637
452129152 145456
809413547 160314
271140638 60401
650432134 146572
344563108 168989
983084964 48090
359431217 86398
796991988 128774
467332404 51773
56934694 109679
613599678 52682
519357741 143188
884182882 40644
243999802 34488
582629313 90317
391641989 117918
268714990 26701
657029089 139574
756264170 177888
904245622 130625
267672609 125785
630707939 119525
740556827 83939
876721968 178677
513579786 85004
936615578 69948
611243760 10316
51994535 21098
95105285 113643
823613002 56729
458745885 159693
961906081 148799
475133573 88772
766054786 34199
310755342 132113
415801496 159836
818924066 136810
141266297 64512
535726129 3380
534585283 167776
901654425 10145
221562673 85241
439443614 64787
162030860 73454
872892895 185892
507092668 195740
61388200 158297
492878480 197286
122339395 139708
668551736 975
617339472 69872
658092958 62746
787482413 165892
240659282 179852
229632982 68667
947047847 181757
474467260 63292
239447462 148970
209387061 198029
135101508 19246
952339279 30332
677963659 160545
17052230 190446
154409827 147804
920440950 118132
93377621 23712
978946220 78237
661789821 60063
543406721 12341
352807321 106410
985367809 130501
868360191 97914
791965408 194077
297806625 8521
116658644 153372
151489199 22053
891576117 56515
308176892 120547
827180640 165870
279376462 87883
758998548 2522
66197143 92613
551317372 159118
286506359 125462
502307135 15848
94392898 67685
307432165 2630
616728283 197700
254696184 94733
526991210 13109
437344570 80650
547876424 64685
534324539 80198
672465542 2949
326226558 139340
125622116 7054
537957661 103530
368382000 108273
13352763 76308
918229477 70155
929711409 144827
711614192 104087
275368997 75616
248294608 180273
119346406 147112
550097649 21909
537763944 192034
609196542 62587
524375598 34228
753918076 30466
735639862 103799
728292089 184051
166125209 51784
680361796 81002
143884006 6061
242635742 63288
200732291 195604
378947396 198400
547794288 156863
26756766 171330
965970714 81039
509868129 176160
910036582 86882
77398038 33402
137682316 66908
25835800 40462
344366102 18558
874297690 118277
402387144 31974
60246630 67817
406551360 177698
888928584 61064
720784010 111964
56560402 88406
4219862 35320
159237596 37936
342501469 751
897344598 109106
894225607 127962
936072079 11052
775212842 153920
885108050 90890
444310053 8124
7833505 169486
953687786 153317
568832109 187554
361240606 37859
59486400 127497
192286427 69434
247711014 193960
182824047 45131
902462228 162751
324425056 168628
364446302 138709
143873430 43695
347451953 187975
257410544 35535
795225596 158052
958182177 80994
901580971 73718
329458568 56417
280309757 181925
297915169 38100
856928983 175949
69095888 176613
750224114 129413
712101822 88433
389548641 199243
463492538 173408
38963951 6406
793444240 44609
780595624 114469
152757663 172835
248585458 53569
366673208 161653
649577001 192044
116175741 97514
170044849 93745
186628980 70129
664981451 119677
2425891 766
850499029 122627
622266961 84355
606142604 42630
444709460 86797
135615815 197016
51665741 152541
33772688 193087
589390486 186388
663755371 188957
650966134 187547
606564563 71234
462133326 77620
489188589 80396
824804844 103053
175171263 108650
106863449 125113
887528243 178922
147938438 191908
409937527 126314
154092881 129404
949139386 22431
173952397 12574
478226540 36629
578097379 35174
921823834 171677
86338097 101579
324363965 182375
73333040 61702
759191608 77944
803071004 69666
234242040 121531
646786352 66455
991789550 174314
672270954 137816
51175081 177190
632878747 22445
462963548 171041
439978840 92683
826302552 98784
737902031 181870
290048602 38381
578403779 169800
655050649 26593
313434643 142779
12719652 118367
300665707 176245
102161986 17765
743225826 165197
224531548 159833
388494485 152178
603530715 130072
498972296 197008
490291659 192542
966669438 33990
460205316 3464
141777045 122993
360760621 164466
814064312 75576
707847408 86641
494998829 17162
451317243 174
995251269 81956
898120980 1915
241952208 71302
472379709 26675
958846355 155107
700536437 80523
165343623 108542
206483604 69921
434172363 111531
719095443 34779
921690358 93112
437748415 145930
759860881 109545
884024655 120187
60214462 53350
662262091 52590
78700456 70241
455867511 167998
455009098 172255
415326428 85538
208810644 38565
427607922 126446
491550024 102839
154343255 42203
248485458 125731
394088546 78061
648667522 51618
718966637 66031
185053990 32945
150938487 84799
636989222 87287
260127207 96634
663666734 8211
617612289 85440
944732722 145791
321744366 173608
725561083 86623
56934323 155707
634310839 191577
756262640 126527
331172865 106304
695999003 39161
268464447 99087
24830707 63364
308175330 140421
558352397 20750
537345647 175978
57840653 8871
841857229 108174
935423640 117890
607535158 38047
545902610 67447
924792020 173993
587505412 94229
329730468 46225
55673462 57494
878022430 55034
736706880 177490
53240124 108587
613859394 51277
403883075 59918
155656903 184890
974505127 46950
354823397 23389
529760767 183300
882729989 166886
403668223 165105
748766102 57221
74308313 84892
946412244 53251
489231360 133234
867634148 128543
955388978 129609
873504081 193855
185992691 198222
294304409 75805
687949299 5569
42156046 195156
367364049 18428
718664963 123955
384389376 126318
904142920 20095
915114750 178896
636640197 47547
913745203 169352
119538465 114115
903458936 28314
704997920 115137
562375267 96008
329227966 116277
781836999 77701
330947872 66688
571274137 96325
651808886 73538
954283870 187465
865893262 48534
552710175 128261
732354304 60448
464677247 53415
402971558 90914
861265703 34331
911242316 142210
385796555 105614
390171944 106824
707026859 66929
7226613 131772
514623888 40214
118167160 46340
90000659 191219
43796070 24558
937376321 36918
637524040 43567
278441943 35027
968987249 42794
979109227 190096
927257980 194952
684927102 2580
525159612 21342
940309992 160454
902359622 28439
773880563 70466
167653169 195322
728639265 45119
119863328 194161
33173145 38327
222969328 37175
391217400 175301
552517220 33059
494084414 5042
100145032 130948
621204760 125917
728782495 393
818167116 96503
643080589 145040
686434766 188394
711720829 135792
595082663 179008
4934016 134059
984438873 78264
555743561 157234
793468314 114337
42096961 126012
868468638 193713
299105701 122452
501884428 40196
897045555 121592
128177242 36779
535437146 128057
756317877 79474
249317936 68451
30555272 162635
210062241 194351
71985739 52206
645557665 194179
584125714 177373
34670334 43750
562376210 21696
747072934 99436
276127766 102863
271718603 132468
244478343 47799
605249462 36596
683242989 63521
543946427 174641
838143453 157274
251308088 19459
308640135 151784
69467966 175944
528711370 134059
707148582 148374
948476432 90959
424048005 186990
967488796 89849
654140783 71865
222558059 88891
652837575 51014
191568413 187020
476080523 135541
455340296 40425
78797504 34114
722730030 166103
162323055 171533
328024346 1751
864592372 110118
833207545 130698
160565107 147345
406662838 83480
324961161 142510
510110530 127758
988747037 83480
263673111 42754
68962496 184208
876684476 65869
530901349 101856
187418124 195636
968945300 111630
418498673 62904
860899359 153503
495976265 22049
852785824 164924
233897901 141010
884950807 162536
945670414 150814
39955030 99399
446091305 5690
474035144 53701
153237563 38191
297305427 73295
187628798 185039
595313595 113443
227827455 30302
879827325 98863
542820867 33922
882467798 126443
542518175 109985
547353463 144800
82311576 22498
469004028 154747
702884568 166043
539453705 11547
432515685 155096
45194188 191829
436932362 179794
745643709 19225
264475140 82402
392227653 39622
12386229 174190
854886372 154563
531319559 25885
866745301 153465
716415604 115648
185470784 199025
117346305 87209
43309345 60805
49415531 76581
658834569 683
579563471 21342
141631812 154182
918254030 11717
929563914 179333
330359655 163370
538642995 155397
228941976 70960
336988859 139367
277631698 1065
524550644 47336
128009312 84246
11781038 181698
553682044 72647
388088853 77369
697993403 174160
850918868 173866
881607069 161989
285314766 160587
60947261 75058
153201480 61576
637221019 740
713895161 128116
438384574 92089
566713726 181789
528550681 15453
176983112 54009
894161930 157599
832759767 63556
734388757 147518
871361407 191103
8450364 62715
36822812 124745
595943420 19819
831857874 68525
129309384 133207
865273566 72507
412881037 4688
765717966 142586
256368731 38027
145074557 158571
479643039 26080
284253698 59390
529968501 55751
365970959 50647
214299241 32934
177734105 109844
338932754 147937
519712641 135678
401077851 80673
348044619 121165
897753551 187334
756700047 105112
640227303 75397
501024322 187540
873535137 141564
650090208 114498
47449666 30632
2006996 46634
409511585 135576
660856963 170501
914350436 48122
710522992 131046
672306728 118919
779220451 128025
32060718 64745
175034286 80205
774142744 128870
95821470 180754
113219754 6525
150090981 163169
315374728 55249
819056696 61546
422539482 188799
787248477 52890
493595703 196810
838903537 148789
590737180 160140
627788599 99886
676051376 99169
188773607 89189
866428409 126806
850909449 185216
15897942 185178
345144933 171027
907373199 179435
669766263 112254
815123582 31426
521194219 72711
782475541 48576
552968102 133545
889965601 108229
668644394 59982
699900401 120898
896241182 192905
686180058 94853
162215653 58859
863907164 184440
972296110 72136
841349146 73209
839041527 177434
971624703 128886
826897778 39857
591787778 12868
179049625 153530
927854282 169504
976229356 177730
629774154 59522
214779754 15274
879559361 17041
466404380 34160
467881801 72672
522402942 51470
750309336 48864
277093576 148005
185423317 193072
196725885 44858
557868966 93807
686707513 68365
386355250 35540
483650158 172624
705194128 50975
196537609 177300
68770607 187658
836948085 158751
947521740 46201
697095018 162825
537182994 180365
939277079 60981
326375589 185855
670584855 41123
339186011 175962
42110153 165176
303142581 14867
602573486 198883
3311675 137730
404955120 117707
751949905 119740
195320692 104963
106035528 34120
600398560 144002
261523643 116231
219170802 102579
900569059 66213
572522362 193937
550096951 21035
829927423 69424
175364610 114799
491249018 186037
311962969 92275
612940321 190479
718206091 151714
622156801 49488
589320257 118977
856398524 83555
48149094 18213
76572446 136841
374856258 181130
94843472 21801
830066381 101780
162657193 161147
124631009 121493
507150558 162852
14719056 138143
915475559 93594
422805228 22014
22625890 82704
323357134 181553
995938485 161878
804176023 65699
225774112 27191
360784387 36878
851009365 66156
975399110 68992
384518623 171043
373820126 80925
116201643 151881
343626217 61835
395113822 30372
331134155 15775
779621731 188780
839200592 104123
920835291 63769
476201448 198027
126640993 115185
492587089 144883
185904836 189724
25203806 18941
414374470 124322
447994846 123571
607632129 694
949887026 187865
1922887 57576
163709139 90299
839630007 7517
679197712 41369
197452484 116026
29809296 131418
777228912 92645
986934241 10723
402424824 185841
283278581 112791
777757008 592
442441942 74599
997951720 102702
879379456 179235
588412484 82058
755152054 4657
559248594 181037
3093474 71331
629005492 94383
340171257 6766
653347620 128404
369171610 37376
158972899 101328
880292908 84214
532182922 195
541308006 199587
588518537 69480
3232668 42755
830706884 75991
407928979 131927
512311418 66979
705117447 67353
629662068 38882
867786654 28587
229780243 198348
386933986 186796
871705466 111816
972601257 54083
63852166 56959
339480445 15325
988171570 96304
743093772 134752
360613441 141547
118634013 112534
676551133 624
510168052 105286
696581796 188985
352399039 181229
646147674 132284
856453986 52380
745508412 42953
701845053 98619
495824112 167407
115827526 58555
233208463 3824
348875787 33519
815082647 4148
964174112 78584
58637931 95051
299063255 122240
478750904 140693
271341434 156669
368868245 35138
498720447 195257
408729088 109321
645613593 88166
680164641 73888
678465476 161963
647812680 139251
621869019 131910
244590160 44570
323729967 3166
716948725 109857
126286075 111172
137356709 171715
518756345 66705
599407932 77013
703629245 160717
875808575 36499
585578059 124108
993144907 54534
118128940 51951
334963188 84314
262027580 67993
42743219 70670
43176930 45465
403993192 120669
229661283 168491
247916773 185103
876428760 29540
309299727 39416
129148359 46761
940192581 118095
330702971 160685
706954843 54727
115885226 136465
189080466 37678
369931464 144425
96966875 88040
507085539 148222
438345817 88370
145524759 131040
829171668 34485
622680108 30695
823608034 100763
868184191 51477
438656840 163851
95841843 157916
414231191 185164
217112487 15291
920103557 142306
144466818 91585
992447111 47487
309722913 70397
251461562 88918
309560832 56533
145200092 138322
255874374 44011
2579192 123906
141269447 140300
819114008 189459
608497831 78132
518290646 91111
423395199 34597
470271139 198144
262759450 89596
454730701 180637
916157350 19742
392338729 169879
954960360 150700
262751170 144590
786235516 87463
869947952 93628
824604323 56262
375484599 49395
889458201 160659
451379368 8706
375097908 140119
632648440 38669
840467017 99042
790704544 18700
451701922 90620
544103616 156591
77457396 167326
119840944 127267
762529166 13506
958573687 184313
740252290 87804
697536531 1804
299354976 101903
61240522 44774
160211595 155396
514321770 167704
614641371 175088
809622003 139665
652433425 17676
403105079 182965
262358765 85222
246693149 4224
744707794 99318
264930972 5455
323365825 145359
605763965 169409
810017416 23098
639360762 24763
966072232 8072
379280156 67762
808625443 74181
626075502 67152
137928066 90100
168245574 97789
47074625 137069
50319576 196907
762475351 59864
511526373 127571
461872098 80598
283934177 59254
517474818 2970
266226215 144963
523215359 77578
677344647 47230
671371799 118351
415637973 43529
95988427 195610
156775543 39523
45465276 46583
173077353 90949
754202327 114237
38579701 179490
710401972 55190
593919497 62829
772369232 188647
857706046 95656
934674490 90173
493571763 14050
227905543 48944
66075505 140304
983014512 71866
480681213 112460
474369389 130354
973166491 60005
998625966 40279
61760719 146107
420531471 32492
114539692 4864
855220627 183895
386314806 75696
164838181 157050
260515074 66295
720357512 182807
149614002 87938
893131562 175740
81552244 23216
735113840 66215
325498277 45735
876396706 64635
55691039 79546
82036383 181186
93561761 13287
936073282 35390
593279654 122588
153994325 67364
533073586 52129
961564591 131928
984985485 145924
146355085 53544
739321669 62671
131888586 5464
664224764 60332
110815801 155934
255748345 187844
401200674 63231
988138814 170025
799056980 172681
525544922 45690
275083278 155669
724447883 141567
992321673 84145
981500702 41102
215356387 57215
826688834 94597
364070528 88594
859689924 167994
512301592 195225
302075255 199161
156535232 117944
652273874 179442
423041136 146144
865920249 184852
346238195 86278
70159861 81032
578034099 8315
968976350 148332
330804093 61181
359105742 115811
936922837 15178
464175321 19205
65981177 100153
421903788 144940
615484552 131987
59679437 48017
309585475 56546
609459308 79909
307514327 154146
285147515 1270
704534815 102671
997648347 92163
730422795 65511
447939738 40026
359238152 50295
207092627 88619
104315283 29501
421512731 22834
581061218 111056
80389086 143697
56569076 160198
441474749 47379
195739979 162454
178771176 136205
617203982 192353
111572435 30873
459352578 149959
613476813 142483
63096677 31723
184388293 92965
616216293 99499
857279796 75248
711851055 397
61823512 65107
960427770 17608
52030506 155169
194173163 24872
167698642 130434
740237271 63788
600938690 107071
831000180 160625
941318466 158662
582084498 188339
437310017 37318
647956600 188076
910532630 16612
515470884 159003
136567000 89285
781802840 172094
330240170 154146
332275983 94887
875749354 11687
766051730 193448
779700852 169858
684043148 72533
789434978 182754
30241907 84877
221047423 109747
79987092 80715
321413641 83227
173804016 164332
29205525 35184
824221626 193494
889653507 135263
883056000 78242
611633752 79173
854888130 79597
345248068 98027
33815161 70573
602696005 174270
170613305 195694
483915072 30868
85123084 166097
946851926 150800
510046840 166082
950258000 114303
825462116 140299
545801559 167218
1116308 135491
822011418 51581
948843261 67772
761804903 132396
96566573 170128
22961374 26286
10160566 93250
484026705 39515
906732338 48250
499241307 187253
633407171 94388
720643852 157407
290824166 166229
232946143 65980
213407694 160749
312827466 106311
95945272 173253
759477873 29516
439809917 174046
206083945 188414
259776093 190049
165671671 140484
372072764 59259
206587341 12054
45489531 95221
484944062 168235
190603226 195864
519131535 135685
353262304 29833
32591248 77295
477684828 131071
284856929 131208
287235363 90409
307241116 164170
711931582 60834
166419364 108142
680260730 147498
161926088 57289
530142400 10916
854310185 267
286097830 140205
92894782 157996
507544324 137219
192027733 159612
358809822 168635
207966578 119121
495135788 157090
13403184 10471
725679653 130752
391648116 155941
596064826 27024
512118959 135824
391494890 9074
776738888 111670
653120008 10370
277065624 198499
526622726 131403
102627476 173568
742636405 19264
710756014 67238
778128072 139036
90139972 145273
731399916 98516
974518189 164092
354173138 63589
477847859 143414
522723843 181791
197425200 160050
476304489 81698
740106430 144321
325845756 4849
512664243 124025
717490638 69575
971661621 69604
78674646 19138
10432397 71844
918863803 46489
868236384 170319
412700135 49536
586236915 113729
604274980 9288
950629694 159279
565727242 76550
42102598 68416
930938649 78052
560866086 99160
268968878 171026
758560202 76151
567096342 27970
309510441 43391
355704791 147374
179791405 146075
902646411 77680
597643118 179350
720593476 178584
960152722 147620
442452014 45822
318897754 86181
118818638 64148
647760606 137231
83299424 57254
432126564 156687
879004556 80969
272324952 166433
861630093 141943
962467535 64563
434529758 184640
789000391 110320
127914295 114014
814730732 112553
89291114 138481
727795974 34524
820263552 16314
789378408 64237
463846241 26149
229038346 184369
466733642 145001
461523708 48290
909089577 88197
910809116 161734
762073195 28843
690309494 16830
274190411 157002
14275862 8707
940123372 119590
963325142 167792
203018964 63693
267711072 57037
454038737 87866
179208169 182592
854494658 136283
683647366 125688
933809811 51154
672727973 130506
960930337 89406
629385418 130985
862083362 41424
882010496 98603
292944293 18773
769519421 10835
213370621 137297
690681299 79338
453854543 183040
51319590 163692
786056122 38417
223422453 15582
936892636 92396
510057838 82096
366730863 108861
754881855 36538
298893503 55033
590011184 25687
976480821 150983
275879442 184586
774833729 24501
303493809 63882
980869086 191216
377948750 98768
625216334 45183
182509521 67138
281783595 99621
877372412 119638
891551334 21134
116408371 189585
644818523 5334
492729254 160033
63059098 10579
490145531 107987
745856279 124373
670058685 163578
590315681 126584
10216415 52781
921093670 42332
177843093 128033
739542318 163743
260128151 104775
765607208 79296
152260057 56048
990544784 101698
861737497 146801
725761037 141622
938819948 198821
269263563 177830
404438964 36222
791538408 68140
866568575 198436
639499624 187242
633992460 37461
555314057 86163
955827627 94559
892558090 11775
921425910 62368
186775496 120746
751245953 46394
91717429 142532
729714115 37669
654918084 65573
719742653 91142
222982973 54429
869976740 186999
381538366 184910
871783312 133250
549807156 153585
962353133 10783
666780669 127986
409622668 19979
378449407 73323
85680887 98453
777752482 93412
887484261 55431
359735158 169411
290783688 145567
323620493 199602
205827204 147516
203764704 158348
458105988 165656
429412336 161278
161925842 12893
681620601 69364
307883265 21547
576235521 158415
112845561 107535
211442867 49551
10268914 186625
53472964 99100
623544029 190073
204847331 89234
532501272 127917
869170073 58536
920782599 192508
875407678 49009
626885358 92677
204823094 187414
865270598 142023
133214309 164911
555562703 36456
110277839 18602
55381520 154082
874578480 60172
622953429 128519
836545746 85008
9528033 26353
879586820 165601
83370276 168712
128190739 164572
90080902 109898
446753039 76875
9912264 193373
257985226 67942
554798580 177773
790094581 73893
215976271 93721
302647982 46529
456576016 176177
603084679 90703
721752419 158935
558384291 41231
404082542 51978
576302985 79229
891273373 40162
859502024 31954
763766122 120591
495545796 64809
250888445 147219
531143561 137624
349892655 55539
450450085 118912
32745946 135840
549808835 139308
39275863 118560
118505622 126852
626580715 77147
397628094 120805
917641463 152189
880298094 6444
846528160 85300
66262417 95910
224870461 38782
987357754 99820
856372471 28777
183408448 59104
899578045 96802
974580682 26800
167891750 88259
682108268 171636
169374135 98244
691851735 34319
641347432 22712
565629375 8283
511564071 125162
156012033 169272
626273362 96173
6199062 109683
414942581 129048
316752668 118154
871306032 58322
868117376 122816
965611583 113889
824740601 17403
844570447 104732
81760046 96501
819798114 194718
901739276 158924
414565655 77595
860320136 119291
276936218 88168
691359682 145463
335670889 42459
297912161 64157
426799099 58382
419371743 75037
932979639 108380
457430807 24767
321673347 93294
574521851 3796
117630368 9656
53918360 148132
794429285 93292
823208189 152774
878440035 173999
455048980 117129
14471878 156765
518821496 31281
617299100 196098
357347625 94007
994596765 108987
489323496 7171
392003299 28318
764661819 86805
274013729 195908
852886683 184145
507317295 32250
161016021 64243
776815261 71936
931526786 176092
803995651 179396
843284009 41958
183272412 134771
556942079 178950
990687088 104215
282463599 136602
535995316 47994
948905605 181928
996335883 138359
361015795 108899
817693198 178940
636484622 53447
177171614 193544
815879984 162309
532523667 181882
335317307 199673
588196453 140237
671389657 193500
334434308 173742
845066077 79534
644656519 132807
920402319 67746
887971659 86921
910907344 174458
632993036 78198
660982710 36480
577404861 16364
606671076 157202
529043126 132494
784045150 143345
726012687 97960
900664983 108386
110950717 166146
905273812 91826
177616088 95683
693301780 31384
418034645 150962
999629214 26267
94863033 17920
71331317 121620
660283921 68491
580867322 39727
194508094 52117
618777417 158409
552282500 77556
515512616 88964
455705486 102026
685011203 127289
847078427 77924
793929251 138650
952360073 152692
425277847 64775
397397084 15714
587791036 78657
812469028 177485
655073807 167768
938025965 122563
586942880 68968
671971713 31160
276422068 123510
919449477 20264
767741311 90298
894156985 151507
177599864 139838
594030669 133343
21953699 131283
489883666 13698
764962745 171266
223921756 55406
361863793 155903
938371480 150519
230770997 56845
586603031 160450
159993083 94562
834929165 99900
369952760 115507
802063854 12977
183168079 122989
635066298 191604
115151854 14908
283564776 111634
806569706 102916
609552677 87347
844698568 171860
660236580 63607
278350244 187341
199327343 154873
995766559 161267
509418080 119058
543661354 194725
635898639 13710
812185507 175972
14204732 139850
305033318 82344
230891384 65720
657153854 158671
255830444 150978
727682110 67946
640518255 109647
464588884 111397
153327999 61271
413693082 64844
235889510 144872
561991513 92429
3760039 159295
233161690 113525
895932565 103583
983201547 57004
740612900 93443
364820149 135109
866151984 79898
632488991 143154
493630737 171223
507314301 123847
262632537 42833
194680443 112946
205621915 197447
733018998 101902
210585863 159990
312901223 133460
260005007 48746
25164695 154223
414654847 73080
370030936 113341
835393949 80772
668659729 60271
298572271 146261
875722894 182191
643945258 58821
973268716 40590
270751286 123263
676888304 24003
777531405 197222
841074748 199702
206373145 15232
900976013 167655
701337145 43349
264280502 120967
221987687 135756
918408941 44042
783840791 104144
689071285 124655
467166608 114379
118175415 29444
167120277 101429
92355454 93358
338393348 82693
993054675 177127
64569077 1526
758533634 57967
670244209 10327
921007059 50678
311104235 5789
99882620 131168
335160289 79225
690788212 15962
956016770 54204
946326920 193173
722108326 114920
147109409 9094
823332197 179921
28833738 142043
489316004 196817
144575366 15301
865737888 126258
369564847 74263
594893345 158564
658691476 36532
292137061 168509
280308246 187308
239157240 193741
172777527 183951
777539887 38674
490119930 168982
789475455 130572
640560742 161636
575166773 174408
168536771 122436
469926919 105885
642657267 170399
930776450 61326
29753184 68614
148213769 8240
355971325 22418
59746237 84727
758257126 30482
27434105 64660
440109352 17642
981914611 116600
514273437 102546
960517459 9968
373159177 60333
83624070 57663
792293852 45310
223182260 108400
362645181 83099
828855290 51277
324448032 51026
26433763 15928
783475330 138722
630228195 63964
846928085 94236
25635132 134257
425574582 136735
684699730 107057
64791879 44819
20326654 42681
156620250 87919
704985619 11981
431183489 146310
181387799 125130
419323061 53309
575741251 102472
874726250 75068
989474179 132036
210806808 130519
522606896 173311
781270588 167148
415924683 169732
884252958 124141
880865905 192010
712668827 113534
777613189 127152
257649292 92826
859218265 154893
421787341 26915
425558359 132119
196766830 92328
664003962 166609
792160083 7042
321182914 11548
199582896 166494
674208084 73428
334267402 54567
968446185 38670
256631751 140795
19997730 169591
698621293 13590
967706462 11610
474157648 136124
432413487 128571
345612708 162323
531023018 113378
149293145 124877
299127840 54846
437244819 63845
415752728 87776
483500834 101354
452283377 56348
466267598 46685
45765952 124767
73840154 59440
878161212 101102
758746007 163377
194833202 32284
435649012 145942
287088333 135636
188534719 116723
423444925 56128
594173968 102175
345866910 160853
907462035 138306
131762853 145084
182791410 110676
206417774 101342
12218216 29010
978290852 192620
98511201 101097
314843711 143739
970089348 17606
308146913 90823
645407032 87240
23265859 158277
653240648 197484
440805763 34215
494772753 15162
686655751 84753
779611377 162063
898941454 2636
24569762 61171
202602473 60179
60618878 147750
760296221 70917
594294015 90855
174062024 95863
823595212 152600
563312018 133472
356734312 49020
970666882 153705
961460918 8646
648636682 182950
881925868 150016
465175184 94242
329709149 139552
392860465 107663
700683948 165204
313604853 154197
571946130 63080
77199023 92160
363841149 100071
593569247 136397
725970550 93373
252241806 158528
165763485 91553
747178494 9395
307395965 119261
411406712 15458
501574715 88488
754192957 116497
31575409 141489
732615835 98706
310811384 165799
354123798 134525
162356417 875
268813599 87246
939272720 138203
981738715 163295
12084859 12318
169424191 24059
951845149 58342
171416476 113447
400415420 46795
681466103 7376
394381555 31814
898431036 22283
370319395 147543
897679248 129968
839688141 128937
986404500 137403
888359627 55391
540747587 19379
869052719 176073
256050895 18012
581324935 169450
31792493 89695
235250000 89071
20953264 186782
101789326 158103
155292020 182342
996186224 15957
155013141 105632
161615546 178357
320694861 181164
717439377 88865
953495065 157371
100840314 43981
827432228 114273
732190289 180447
425899343 71386
565484468 167402
407890794 98677
379279180 18771
965089442 24974
350693444 39601
964963312 168877
789606485 63306
289424330 50137
711289635 120609
325245369 74466
450427065 120323
528838722 7439
322993905 4506
993385182 475
635297253 78784
469878241 75397
907275759 54813
374594410 11701
374981954 180296
446118589 27300
154257415 147456
928517092 194707
201079514 39624
649507191 94749
619512354 139726
369549672 121995
590833077 15557
967305445 24844
581506104 29485
351921132 3506
654944719 69447
433262790 81923
469146395 190074
731731689 14795
677572276 135224
284817280 190403
643291198 199040
626004974 159934
427828058 66420
747391729 159644
278756731 145373
300179185 32942
732688829 115042
891701025 23976
487015840 134524
805709513 131205
704309511 23855
130098449 25460
449905747 96897
924098248 78460
259779307 138284
106295103 110438
996270020 138798
722064613 72520
644309737 29066
775505052 126816
111096381 189447
908680389 162123
426365899 102225
534183059 68534
461737239 191244
855397581 187645
639993979 22367
996245700 34817
462389722 143681
520036997 102653
118249918 61350
397529494 183470
962802090 83661
886227816 140294
147216970 144712
510282265 189452
328218338 13921
515280313 79536
322662473 71253
529487263 23747
545915695 152411
719278435 156120
925434474 160570
35976263 97001
936721977 158257
819151063 59470
231768785 52779
974874235 62708
565963986 104285
496403902 55676
541982048 150974
160608628 155612
31732882 77936
753314842 7670
38314785 32930
201555039 190609
328520324 7221
101777464 39021
157707754 45095
42322405 86776
786699337 151617
994560167 27126
300831481 6859
807397128 16717
967568307 44467
752477845 186616
934864848 172429
1420375 53290
881864212 60761
944896143 117361
984393987 76204
292128730 104545
59126239 44861
168657968 33675
528082272 138534
112484257 44445
343659642 178982
638988357 163916
692858889 62521
938235081 31789
111559715 50581
478013206 78359
457993879 175922
901228422 149884
458438012 137478
773648068 37800
921033346 123086
187682407 78569
492044801 56629
643205483 145031
190759505 14669
286443785 112334
938809006 186910
407457745 103959
811252209 162579
557334587 9522
905283584 171060
874446294 11327
97672562 30621
821010450 138612
957024760 174098
527744219 180159
354417323 8760
141150458 15592
463683145 64888
731599343 48527
126139533 157887
353811290 66572
495604821 142373
73825936 116696
132645936 182187
375141949 137193
560788058 23123
943142335 145302
747212137 101137
844305302 156351
56261612 61176
376526858 159564
218059133 24623
955752480 4366
42007492 86225
707977679 192096
625964640 124383
593862166 108550
792317775 126312
206911118 12859
185128541 145974
904751429 42435
649495216 125138
721304272 132294
206360924 175737
621716298 162086
587993447 179412
681874719 73020
216075440 102152
205497757 44683
129978947 174440
770878635 76111
793260665 15868
7517712 174942
547063015 145685
946888527 164583
909454426 75273
793835001 32409
16019186 159033
154712873 89671
373472554 53881
556036742 195961
864592818 188316
272847291 181921
980773394 128997
354514943 20008
584570783 184247
690750182 51825
625673209 164123
99359003 77500
953601524 113251
333794286 88196
185539045 114415
651191071 65253
77414289 4877
772452102 111763
23877044 174709
306740349 78803
462268571 146093
655130811 66058
921252644 90226
622644402 31318
641941916 187697
250619568 150583
563078111 191717
983638754 78100
521946521 158723
239987748 107652
834282205 64080
980369888 186161
614784820 197187
358164905 148732
226739445 105365
522071064 188238
850438107 40219
890672871 68843
422339458 124499
236513130 140098
298268999 4668
78663547 153215
938806912 128400
930441903 153690
360872699 34962
643012053 130174
841634623 176315
154516698 128161
286296986 124405
530423424 183764
245524203 3108
387846239 76514
750285721 16342
634815846 86710
880872624 45259
386531249 48178
739013522 131863
493562231 103778
165842284 172865
803590337 154999
986784491 196182
939570480 33025
820886867 87471
749615188 18817
558101782 103322
661867619 20406
863961318 109071
207152842 21565
506547850 84717
959471966 178837
281050731 187367
779176434 93139
491514683 146446
804821708 4043
331257040 112098
82829712 52573
985346284 38772
182120012 93439
446178229 37168
379235644 187439
702040864 16363
567606754 1185
769127134 162161
992464454 124463
651534962 28955
641648299 2829
815021093 148005
188133372 44902
907709563 19359
361059165 180856
503630479 53076
773713454 153805
921934641 102558
683894815 188663
118479320 58900
997992300 53302
698364896 99624
925341489 93242
582456958 186799
86118899 12704
945863308 3244
298560789 135124
514776493 193279
790536523 34187
976185730 77588
589131800 151538
307671468 194697
26333156 45777
153335405 106717
936203698 50859
699141519 122296
476815272 150843
107180064 119027
939940978 64743
601972982 127174
740535064 179209
894649493 84994
255661157 109647
779076864 85155
865038459 4171
745846958 170036
660022564 116518
702670717 56579
516168414 30142
545172062 106851
868109191 19271
156447675 119976
551030362 87494
987966239 140350
507483085 156367
906343473 167872
894051255 71018
887743269 102068
570304132 152798
366167037 84785
215431842 27880
180472069 185689
89147162 42746
27270911 18659
68230731 113912
810115872 11166
325217016 125577
429863993 146831
155990789 10275
641794059 31919
935962920 26483
786151772 193793
368956225 15516
208912022 110353
922264910 143741
999802929 57647
182313385 81794
249028479 137094
48971308 50243
715214743 165921
690898652 16764
735530997 147185
624529027 25394
977727861 17575
929214888 107691
373619116 194378
60218112 161602
92292669 32603
624985456 195912
773303021 140028
466800756 196786
318441851 181231
601316656 39074
347193345 7149
405898506 114985
981172458 155930
939060524 146049
214378958 127129
402158956 165104
177337240 141969
792498604 12552
978301586 48537
94897651 112594
742546686 173783
435276623 13837
824541595 33698
225413660 94742
147358828 186538
342352889 47831
842512190 49606
568899445 27780
300141971 141386
317674051 96206
906964958 7622
534927470 16673
275451078 58474
11094804 128711
575704931 145729
636787947 150227
461171765 30891
641639172 3054
754775125 110501
670021189 74047
808677459 120014
647749941 37231
934759150 172031
878606822 82302
934405528 66684
151100918 123236
600243624 134036
102473173 162613
605295248 191012
995803843 134636
958437821 29326
519288301 175006
62204539 182379
109791237 160266
311976485 45512
133477909 118409
851012247 52064
781219946 20230
650971754 154193
535593816 157310
418610135 178120
829142785 90937
187832802 157092
863062869 192008
234775475 112363
153756537 160438
27391558 27549
886846498 54253
942581426 123612
990711352 155860
603934921 125885
512524124 7205
196471286 135658
358206334 139425
671812066 183612
859185853 148413
487629902 59774
327512738 164179
718462286 134106
495712462 199782
853426760 144475
846395065 177852
903447557 95607
732104654 9991
288119097 176212
898684894 23459
615843761 141302
475513365 166332
878971530 33235
221422661 47279
480439685 73958
537704419 111010
819833148 22362
258788421 163018
460512299 83285
32251514 144131
857038468 179061
276497814 178637
235784380 173698
282702424 63847
466126672 3188
759147929 185728
681933741 114227
43144446 69601
551588102 184092
536993391 130438
392347912 96130
590570629 23223
568585884 191762
504573703 28204
539484644 198408
130161677 103012
275909420 29439
709468859 120983
558145803 105482
104896746 106224
208924452 183157
807867560 191883
180110137 84625
149552308 152679
906918209 199135
138908673 50134
914690747 141560
528156306 46121
371828226 184044
918262144 58666
418099834 189507
65026708 118733
668537142 33929
524984887 91182
236209633 178440
218557915 100256
299594457 79398
626042518 130861
83117394 17733
23174951 98879
871496205 178727
113687187 108299
476586834 7906
146933738 18022
828997942 182293
889944445 188225
234600209 118565
801912676 83295
384945249 69703
971739779 131382
733127994 140021
628988199 47829
78378218 129806
687024282 39162
728279392 463
823827433 36101
662859571 164959
660031651 115401
404659989 81559
306891484 95156
817958625 21232
906834916 19736
65467675 88528
521664928 166189
155158498 162580
716601021 175286
416754693 119510
119497702 57027
405338185 140633
188076004 123865
748617974 31181
552584922 115749
477499224 33094
357573906 141055
701373094 193918
883715421 154994
71674518 99449
525264210 123090
716299625 41821
788878111 15026
197982978 169626
407222277 183681
504037407 118781
70762589 80894
623755914 6305
268964367 58463
830132513 32485
218032 166950
789144612 34494
754585087 97748
161168092 156101
255601540 172550
221047539 145314
971583527 103357
969960385 100464
556017494 197471
785284876 71158
351853786 27614
498861108 115183
115314764 47161
655598719 121741
776015030 114598
477418188 179996
484050109 190238
552439478 77314
660346316 199121
197311473 173796
822613610 56443
667203946 46411
968427158 105672
22070306 174145
4362125 13331
264734453 71076
79575640 131803
490278574 109524
105254240 172746
170461703 185985
548155420 66606
240841150 16750
405193497 37776
571925329 113117
312313225 77189
419197445 67526
95206446 136727
46719449 66706
609086440 99032
698886802 31990
420757387 41741
869831237 137600
549783217 93288
817587545 150146
907941410 53948
109436844 94293
985780245 144363
658000182 20754
67122291 90335
22161071 146019
459012422 36233
19939468 148932
961127812 144752
50997851 89161
75364350 174399
688317790 25576
120068834 16311
952403887 57115
885516834 14035
26657736 34545
837386695 147201
460669045 131655
746684992 117320
5210440 141428
733623756 63697
249091350 1472
692307340 94976
844727759 4899
877950130 108866
256762684 107759
461229966 169109
178878624 171625
559345626 149315
731226130 18218
572669662 120391
251320333 168323
672384047 51212
779998418 87237
414783647 157450
914984580 61756
104166872 174726
963720149 18003
846407024 4666
465215239 99702
935699591 26138
230175915 103516
626543565 73307
982689383 19365
337702600 46714
380053026 185572
613091419 69126
169835962 85337
326978853 113899
400389308 183640
982351492 116799
926373486 77522
708566173 149922
311921582 160910
420793837 89249
375234882 96414
404614573 10791
103454647 183401
365188095 79411
981982018 74808
310239171 11178
514766807 141819
996779841 120849
805238284 13179
82286672 113339
956906182 137007
870720326 58072
179706177 75948
160919581 192239
114847508 73300
261416333 23309
926406283 172800
777100845 156614
378549287 111133
687450945 159887
699691448 51131
968014020 192180
773347044 43660
798029155 144108
81677698 84595
244923237 40956
986686855 42917
601129354 156240
866546119 146651
775446233 90654
657747763 78873
704980580 138578
222763285 153205
13180906 50834
393244351 55864
585078800 122992
826330358 133715
491732155 159667
447768862 18077
670760293 24127
65831248 175350
695631651 63849
196450009 132895
321091720 96993
940787516 54838
368553736 82704
713688664 146957
364389430 8926
736745977 61121
982345538 78993
832144285 39570
234468519 184050
450162375 118943
252584100 140199
338313027 149221
751106504 197532
207630685 184063
216854881 141699
396907829 130855
529255453 52013
606852979 50834
999211706 11375
820369044 125848
497037826 16222
482057487 132291
786738203 162644
155833636 189791
200162364 63201
360190963 174046
385429287 90831
160569290 172658
554273263 26886
794834863 106653
390444515 181488
456214186 22737
617073931 34047
400722381 170401
487365167 78772
433020588 47735
978330931 119122
348949386 108097
277944268 58301
436634802 29178
927317737 180709
167132999 46206
220654008 168362
519208155 176172
505921776 96901
155718388 78740
140319276 9651
370520932 180319
418123728 59010
906277067 79829
873766276 41865
841047837 93601
119667957 74897
80524440 75039
324496615 28501
847732239 50671
521573079 121577
167843352 9356
219155663 101063
500659069 100599
820287585 28552
771452513 105055
271429784 75150
315819186 153317
90611243 43954
543010925 59528
589648413 48216
919589871 156273
232095947 168238
645567735 156296
926428681 170371
748601707 114405
840333291 179469
579960242 11006
953362920 119466
341220371 90433
612408482 81843
189142894 196045
64411732 37761
860548185 196194
328747223 145842
760036364 194545
306632781 125627
364931498 186266
566588975 37517
677595058 143145
354758329 81182
840842548 38726
844698536 39669
430255486 43520
49431555 187670
870682411 61617
760592917 20201
316612832 164695
90955674 36266
180098235 32454
487831918 178727
339560227 40494
12303212 148863
870896316 166695
633948734 182685
742738957 191893
902928167 118398
24501519 140679
23749699 21771
329688911 163083
639822927 7959
287316223 97925
382553800 39347
191068608 72265
519449403 186157
39181569 134909
226836867 104299
474382697 50007
179456461 62597
805288261 20593
71366221 132231
840496215 89162
653324521 125766
820631739 53454
359714865 124541
765843150 134847
427556963 43614
517830118 60274
940322149 1631
402358964 112173
372856159 112105
655616660 20726
840476053 46938
358976290 63850
838983264 71762
55936907 191520
81016951 63042
344878230 39805
319171760 137827
616855291 100470
344600936 36150
864264346 76517
112294258 3967
85720104 6808
875301614 126572
296807161 99704
909298686 123695
293538512 76623
220669362 43618
787385519 79282
671788535 194060
725563296 2418
122049785 154537
201934198 141238
23261758 169293
203209084 37318
554946470 189014
172309145 44820
643130478 186147
211963433 73137
284031726 190173
303793608 44422
758216814 74707
724619195 82276
464052571 87211
874654429 142091
790483667 52525
404244968 199552
531889000 188427
557035172 152736
532178420 185155
126717675 5189
26831601 145374
466515416 74468
558879909 189910
577663177 75697
773436334 191014
784214639 69806
703512452 110917
311029802 612
802843586 69204
794054205 17306
487911448 63553
738993865 163071
368914957 190164
161625421 41344
161661532 50646
50091902 25950
869037851 150371
154101604 53662
125244221 118865
327795840 16725
900336037 91885
106746889 92515
459386678 92621
626427739 179797
36263676 192939
400238779 6327
526923602 123629
689324532 102492
488494761 183254
408577498 58758
996745509 178577
782067013 197662
458419094 27533
655162703 170208
251940361 127275
951654427 128545
41273306 123034
683298594 123159
152919638 37338
807326324 168152
399567435 25827
176019688 75576
399831628 43545
81368036 40356
629297390 106237
951098524 95483
926096905 64667
585634552 113265
492152062 78269
150480174 90618
980859771 63127
87927473 169909
994352475 58282
20540694 150448
123676460 64583
110302672 54995
760804318 116184
587901847 2041
97809114 3727
779118215 74286
366439071 174562
302765483 81204
416673345 116375
124641854 42236
127748712 11093
830758059 118282
846551515 80963
616760182 8532
725031729 99906
882809574 196193
121476720 24124
616012335 132637
462012212 84961
690743062 143760
78141338 140975
941313170 92746
405450319 43545
504901505 25416
648661235 37598
836655456 123677
521813563 26282
469885567 182200
95485587 88985
112958838 114243
93835702 26890
85700923 77083
180522714 38784
345582698 50615
224339681 9696
689292939 133180
727818716 188355
156082495 6941
171133369 53845
72645232 143692
651389533 56457
19526088 190312
19760117 102095
364274327 193239
656137361 14430
772899761 90826
11404830 25784
899135610 48579
820020943 130925
11878366 98046
191978865 19103
656691802 41235
998587026 26522
443058383 211
310876889 9799
532774290 84905
87030576 52907
604153091 183002
510783801 55933
914188942 83224
59201091 107645
681984756 158560
157852195 135075
945125813 21624
10123264 161979
71882973 182576
551555454 158069
870645075 76638
446118541 199342
503777901 155722
733962354 78128
240389194 156768
45249160 82808
361128254 87953
509736952 2671
201464845 87636
880382586 161374
869524121 163448
704676497 54780
931865344 96087
653491294 149733
847748457 60637
866547004 147410
242294589 189947
581584510 61515
614105646 102801
707085520 93078
277119376 129443
858077265 95799
255416869 36128
485356379 186221
698445290 157098
360422482 164791
298371455 181086
560766875 194907
688771359 70816
651785104 113246
721642879 18476
916922514 32696
432428168 165529
3085264 7641
366581829 91104
569855169 148766
5115290 169368
227964272 51785
100083244 101815
938647640 10884
602973178 5240
579049112 101234
377171076 53790
137564190 118934
92002800 187908
63964915 105435
718741149 125874
242471245 175616
833304732 16816
16530590 64090
469452297 98797
304489160 199471
596209409 75177
123501846 138907
385669874 190788
975238563 194877
393201273 101925
688622924 181617
355560400 94414
778175322 156283
553716015 84412
110277443 140979
891193542 153595
403209597 42860
584721840 128185
872826718 131680
374048840 151748
344211041 60926
836094035 161844
478792381 187278
552300740 141112
929286553 30697
20367722 167204
480311701 973
428103031 160229
473172039 11740
818787017 39358
451935684 109920
395518691 140388
96895530 169766
708622104 14588
472949330 137762
630078699 178367
304012432 13675
280684274 67516
183089068 191674
146707876 46386
580680647 88157
464955031 144811
776544775 177574
957967379 151072
106479967 113869
91579626 85069
838152965 12748
448910600 2749
485689733 85546
847381837 196870
716405510 114875
85813933 179728
401696625 89537
898300976 157248
3805577 2608
343970334 44461
616322795 71058
910414713 85247
233872529 196083
141200155 41875
48487004 7105
86916668 94554
898854404 173731
785782865 191402
809289450 160569
912813471 51541
198960299 121438
94002190 108576
537626728 31826
234805501 80057
235064761 106224
254666140 70305
68481560 7009
95487316 37814
507053478 188352
747786478 157466
518771028 127686
511785653 50963
717756129 167786
752618574 148953
342292154 141421
535395404 1922
273006847 68672
842324972 159483
434412331 47534
640906165 81611
588748960 53482
984135539 142848
635309660 110584
786444510 111126
472525496 98126
604505744 153740
991055491 5918
79027608 45112
990810678 121530
265588363 143085
412519589 104454
24065593 24057
260834812 83391
194322328 157095
273289199 132515
85009137 63974
804261774 172219
99210942 121080
553255727 191656
513519379 117231
787026244 34570
841231254 109282
310582519 27168
58336422 31318
450931149 31279
217980314 142412
258175186 47303
234837294 165016
501029668 64915
225183062 157213
813478591 83771
872717770 187869
398585604 39728
514613975 147731
995948027 41775
806050384 75220
423803664 125894
747492861 183977
94077 105199
863942794 140516
682448721 150300
984486300 145287
280332000 97159
42098514 20422
114020006 130058
714936250 168588
701410614 22497
596994101 187632
367752183 131490
173689385 185732
996230877 104718
25070943 115777
392505368 15972
920462069 85624
940933501 27781
829627353 50403
301581769 96050
951656429 143943
203534280 80522
169244850 94103
935959582 115463
973703138 31611
837295434 1974
441936059 185271
20693359 49755
545727100 88067
748021765 11542
37197739 127623
861611860 184389
939151455 90734
804368826 48032
938073020 148382
200507853 111801
333998591 49346
95911943 114883
111705062 93548
889614093 99958
728049419 75891
915809998 170563
314268871 133242
23008395 136770
398553728 138545
436839203 64172
371516268 170324
344852731 130023
507226170 51431
453021382 150362
826391718 118069
868078671 21802
738434899 125720
947548837 93955
47592681 192133
206689148 39450
158647166 125994
810306914 27629
81860342 114117
43698955 45259
942571801 161069
358638345 10193
579896832 147279
497631066 33589
231548445 44271
245726193 81221
734361891 129912
313208267 3036
640695018 10053
830177855 22885
6329534 88200
468566635 90471
690715993 127287
921165144 173472
775648072 65542
225222062 183095
935243509 187676
429645820 68876
306776447 123117
416116229 104069
504633799 8614
760708123 175122
551717108 8555
751006239 187070
383533082 108358
528564203 113177
679272936 114672
842543368 199602
617883572 107174
684982203 146146
954348324 75822
481574225 35486
936103917 103518
234230667 10453
581390925 106897
762218751 126901
957959353 86424
745066667 36653
929716361 1393
412925343 147357
238351250 195645
850727231 183891
924904525 1806
770724989 118701
477584582 189152
837004553 42036
304938414 172824
323047681 144354
719753961 49913
992618973 193678
17561367 40369
925012283 161973
595529874 122129
777521316 199395
505836790 134994
508835078 4981
542038290 41759
395263480 4748
164550791 350
346343897 5041
896226271 108350
214641700 73696
85311586 4716
874537916 199516
228547654 42533
884333277 93299
833207531 20592
648391846 46486
877177747 41209
444907325 124045
5460278 146712
911310305 192877
477317381 2334
984096434 197243
542318496 180018
835096241 78976
334329034 125530
609575522 47012
488822340 37266
712191645 185428
168054298 80683
375371686 360
860077337 128522
503042051 115363
658260469 184069
431664310 73786
977795209 114033
545059168 105624
757687065 183340
810739027 128071
992701393 13894
714761863 88620
59023078 106335
733638660 149479
378710372 191806
612343321 181772
693882523 167517
503038364 61382
564046545 89767
667801490 42309
976777701 52399
514346862 56596
864787219 10680
568369030 57834
945997858 34566
380170918 178845
88505098 114440
226976928 15918
863471794 100075
121741965 63424
990125425 4373
315978036 147932
166675897 145078
990706636 178800
296552424 50543
72801113 117605
922085685 172840
634204627 183635
546789139 68536
632850010 142276
790716444 161766
740873048 191497
873984172 173987
156864689 27220
370088891 73337
489964248 189836
717939087 148958
752211232 154185
680341507 154465
38538762 51076
310001407 64640
874797988 183264
665592663 89263
548190874 28619
19764100 161841
896566954 124372
498021289 20428
811325341 46477
496659413 129975
30931208 37131
954808550 43565
570356773 119039
965829727 127219
206078117 119454
593314504 199486
450705659 6731
246521787 101728
233087761 57089
631807666 165425
968380227 139099
668829453 159746
258698612 50500
271111583 37493
914542939 77873
192095912 138410
342702252 20927
434303803 78493
371752419 34415
881268765 106408
516211982 139777
536794056 38772
995710532 186415
648831226 106398
652383234 190797
318269407 110613
727668746 48594
614175063 17912
911338475 152305
866605759 88334
220024830 122719
717709185 105470
891274466 21379
673629355 180869
949375708 7557
704077460 75206
382852710 11272
924876173 27127
361398610 173579
161722778 198566
130872487 162947
952707412 191582
691399046 144784
672261018 81883
459422971 96961
448400238 28682
728487985 107241
939626665 8597
513299489 180906
645226914 56871
985389360 22990
707107187 151542
469730575 121724
952561935 130049
4586940 140457
947148414 134033
383045067 140526
833271272 161015
6485576 71764
12273784 133395
347404623 39058
139116901 197440
539165915 187269
143928189 135227
39924100 141229
837015434 40074
572743172 176629
274245749 59034
836779626 103204
601176637 71071
507450573 27975
906781603 58584
557763057 156315
98522543 52260
138035998 9605
208757133 82119
269603283 98895
591670976 46081
680863426 37472
789614280 64317
949048795 183227
503207747 111525
931702642 111348
106150650 22270
186454563 196577
374372158 103174
100740258 97418
893700732 112098
124673341 64512
776806346 147234
451415325 99594
944138338 148288
809209147 105999
120927151 92974
721364794 7859
582625257 71446
635747004 165009
315096378 154822
536235097 146535
501968227 154398
816529841 186655
904799595 45478
269189368 167153
701847404 27879
632825657 102715
627708140 6100
587044079 130675
32145043 180627
57600220 128090
722115528 27610
22666148 27831
766781412 136241
435005900 179142
269797052 79230
76222966 21931
113068785 73933
880908701 55662
118707496 89642
150474747 50116
238570646 10690
638752915 150439
921267866 11507
87040968 75384
504101 58475
66365673 76270
96238647 129259
202552385 107948
937116573 130793
723161065 63156
660502700 111958
717846736 65177
131943917 20855
115633252 157099
785853651 137842
272109181 192149
76455280 101053
922155220 126350
884222366 135388
409839650 129589
937948248 12934
732365485 64509
358442473 57418
225653080 133404
614243127 7990
47331997 166215
746678716 135803
764568003 127708
908464679 21214
792114054 74143
711556673 155781
287057287 193363
604000573 111700
348133077 142010
18973555 136286
468791991 146320
883307576 141168
486188049 67440
145634253 161339
722098931 127155
819967198 78721
706931625 23928
868789667 111961
502879301 61784
493343036 179391
212593054 152756
400743226 184998
191660487 112890
655570593 25940
689710388 146752
820187098 7861
368226195 152785
854339756 25131
489043584 15481
603362003 158863
87894376 10428
543197346 173074
506109795 46677
605384104 103408
19796585 165074
86897281 9118
367266434 7038
637980308 29942
704618373 124016
595352612 131015
873515255 114078
132753945 185908
35120395 46156
656358196 177544
173696201 85937
996558665 35374
42400788 28034
667034641 9735
87523439 195647
237462355 54119
297863712 191696
124874709 148007
47042876 51784
143624897 68806
995123073 110744
689860130 137114
56719076 186540
33657154 172533
98285878 97240
409915013 19449
592020796 41960
908885830 100022
968739119 48144
696476574 165698
311863168 120521
807389588 21672
262912464 174750
568180339 134691
339188224 86887
352560143 7881
920352982 113066
759422923 40179
229220965 66453
722066923 174402
209738625 25652
408961389 24171
605847838 29780
602544770 85997
801375396 70164
523518277 148590
863108492 74036
199003397 153458
590634365 81779
964832935 40809
194079238 194471
6524106 108840
673695327 176479
757095847 159269
618421682 103439
782371899 102398
557488117 153455
712452076 34642
648506067 55232
547694456 12822
211821809 100365
776705506 30386
601379545 145376
325569204 58275
330768202 173503
760494690 177346
148958881 114163
491863115 195143
243358904 194099
473656937 107440
993500434 79216
45803126 136873
683936662 144635
848614931 45475
221226540 124889
374042254 73565
659757481 155766
581962777 37989
746644831 74186
41914528 192196
4160167 135991
640859699 156127
333601129 16323
634255559 56672
615731499 81559
53725317 190708
982785918 109684
44440818 56424
252559748 85978
467491868 40506
396371742 4685
845445803 191076
453418738 84729
142683123 5434
314409021 196871
384393376 120424
892422429 155041
603180720 27952
97971809 43146
566344076 74808
201804056 179093
583824185 140307
736992035 49581
20883646 97323
900329128 107040
875310761 72448
394445902 37668
997590550 59441
228027900 150900
423553291 13537
333018537 51550
313784396 190836
821978407 163178
722655308 17928
910496392 199007
919343819 127770
753624576 171785
256500841 118653
956828290 24286
60838505 164227
668812674 177858
672189714 42929
853348417 116674
758065423 8548
845649354 102641
466000266 27461
284575304 130321
864334867 54758
775320652 16439
501572437 91796
246973964 185553
697947493 67010
951172741 114810
599341363 26176
931595011 164506
409268378 95801
686343738 13359
467729827 70368
86292415 147001
77746329 178303
560898596 100966
310416534 177042
686091816 199508
863950483 129808
771915762 142406
418835437 31015
652007671 42791
559100040 16910
796567773 183553
297999436 58834
810363407 149472
567930568 156691
123798111 64517
149593749 138502
529001440 169026
27111650 111811
29219572 52129
865960699 84125
54776557 122434
51697171 44994
731318318 132045
278197823 63676
826184900 167346
352883070 141807
289644388 123381
32567338 114531
9538231 167176
466970361 95040
706915133 21631
961764915 156675
567037769 103718
332668323 67104
165196438 127854
184884242 88480
765205656 191179
746492328 144582
261690242 100054
285788159 42455
598238760 182718
337166926 23748
126097835 97511
310014928 76006
145090662 35789
231378842 158865
226227966 185631
602527298 145683
133311045 162284
577971219 7710
632871877 120342
857514581 56630
488372654 77095
802341462 144921
434784616 16146
495052690 61828
127123910 74300
815617143 178257
972155372 181589
593036862 179508
84276648 77824
14166510 38931
383574022 79281
543845732 68173
936297434 18115
156505953 54496
173410146 104404
669955937 112670
775911713 25804
776672058 91803
179303274 160810
375596748 152739
659123627 175531
993483153 54448
117500412 161504
697423896 22458
108089121 60809
541300827 92855
626003797 71523
581551458 27476
927234232 78804
481881388 127766
111940740 77627
265861144 117173
806876139 85484
969752637 159083
52199737 93480
589952070 46674
322462642 159451
181604023 147036
81259119 112010
785804367 22403
36744006 2409
861511972 53384
179045312 40159
478903308 76598
492551336 195844
31219517 172326
254883626 29311
317520546 45228
945233449 11343
842930343 41990
9167067 173858
502183612 132256
892514197 191207
663891664 10014
527790382 80681
939764856 104197
9669930 62181
373546673 52729
554984175 169904
161936821 90057
345394257 45099
953655513 61858
118480111 120174
553259277 198243
198838265 149251
249931122 26141
243501525 3371
561426846 94942
843679714 54609
107358072 115657
431662462 26642
715034547 111852
182593201 138830
281951205 25102
4508393 116296
343702815 140164
396171039 103417
830900195 175225
991351748 121861
170129029 62251
881485818 58606
777687838 3556
122399512 116053
451727642 83218
594714423 161439
267684838 36298
487478155 160366
711072884 153308
44340285 102625
258179611 68699
189078303 52756
80091682 183310
81782375 6915
726406141 91605
905809650 152231
292146052 152237
708190700 147616
360644196 28264
455611093 139170
951278496 198822
888356116 140591
973933065 22159
923614557 126163
281765557 118596
159817275 4272
593798899 32984
18456136 154514
694011203 104337
609596883 184184
868686579 180581
24300047 198732
190904788 140006
650389131 5010
301597157 29147
136525491 120869
530672514 3057
305929465 147932
74989637 53554
249691487 186370
428789457 56620
211274865 159016
583070278 161485
582748892 17855
733576925 153871
523002590 125444
511385671 105032
401522579 151132
544326248 95329
240726222 33057
26519394 61692
343142053 45372
681989094 162349
119136698 27031
22366056 74025
669252064 107880
173846363 190415
309581685 161228
279910480 145169
268275130 53275
239248257 85817
672608260 22192
258859407 187263
580756149 152706
998863727 54463
682487742 26150
273111313 50932
238886563 117968
330764135 178448
684552908 80881
715752213 52488
535289248 16617
855460271 167082
57167025 129679
955479010 111573
708415673 187886
441913066 119244
321265581 18113
133570556 85511
415486880 7422
251650774 128683
716896420 169739
186804350 20843
894902706 161277
781023987 109741
263279128 70506
258726870 32162
383525792 90698
460498889 36571
387846262 12954
923069185 105417
262563454 173038
721998975 36042
494678750 130227
151417938 64133
101711238 18506
365604096 84303
524705007 14467
940550850 29907
458781748 130401
830906519 19409
691977701 45452
259766832 63891
566873822 160726
995698122 40393
578189911 143801
739952027 11100
194601378 78768
479526143 137527
770829559 21107
501069643 34365
644102622 181722
506597823 114799
958836250 160383
624572506 25703
545018830 175935
676589035 144639
811393444 648
368187522 9400
281009510 183899
527596985 74718
249741409 162018
367546461 34844
10057921 100143
125967924 54551
994632178 73183
864378744 31338
297012694 80755
647188834 191762
429186338 153118
927163546 94434
306246023 193240
173690814 35844
683360736 70369
29162251 67319
396509343 173068
2201501 38111
743378067 21244
336506200 160946
178159374 171464
124063202 121531
595179901 199870
419887235 195184
705273519 114098
669836641 131184
804137405 16008
960417176 125654
733141947 122411
437970517 66160
237454574 154353
985057597 167397
333250064 32204
23402070 166285
278261455 136804
555163810 178887
994547339 83810
78845636 60747
420765989 105841
517335105 65647
653026621 79721
454999596 69509
527107361 189667
159702529 137550
51901509 43734
65498556 42130
606456345 161028
671087129 2663
635798656 189863
914126155 60417
688062469 161010
768731021 105050
497480532 6160
965653895 105519
552977915 188879
592903778 109362
873898465 101137
919714400 130263
531301128 99868
945694828 135626
862451084 76840
842579731 177806
77534645 100873
935298034 45310
939082707 88192
733275483 139358
512098940 71444
705004167 101272
452145525 11531
341790722 93754
572352619 99500
263387067 55888
459396999 4922
26492734 130078
828133204 32838
573606065 59640
961597679 96654
920774474 135398
826197423 53698
98126380 51403
678714698 64862
254142945 39386
474817722 170940
46365467 29720
399718238 66467
590654683 153130
670040517 2108
426051152 179877
490497978 113369
313483189 165827
822029646 90735
950644078 197044
798697315 169834
638807893 93923
25791580 195768
409594643 77546
938007809 179589
141535104 28427
801620079 160075
893300341 19833
89729095 9979
965729570 156336
934021903 32910
678412596 146257
640154227 100528
385215453 83953
945807019 57304
56324336 179296
650376311 74694
166303084 101551
976037920 191546
376889441 115205
533619854 85362
462415621 184720
688060526 50603
216440407 48096
132157565 155815
915300562 82301
342499682 56882
309017615 56192
360398899 151912
765559094 38142
565125765 150358
892683539 162557
766501328 145986
555742590 115890
700825054 153976
494877042 16232
234107819 17199
669214055 118849
721964624 101832
118304732 196523
99286283 176982
685891869 147748
323488831 92399
550157515 52912
659033402 58724
572695466 28871
980939417 62692
846539155 7784
419754647 129836
23088942 26883
156604794 122501
664696000 22588
84905616 11811
759461928 123490
191041213 58558
7149519 96250
87014578 157914
155918073 142358
234089262 86725
425700097 986
16566619 85113
688193335 77013
797680269 116390
395903440 86084
901247433 51827
911040616 56726
109368364 35663
512583823 128392
456029819 95429
480576796 198204
117056938 43798
627047429 169192
145905687 94565
348425981 95672
752870044 89752
26980350 36910
364939369 30123
104828296 152654
679264001 158244
956358509 44531
224065006 89668
258992319 184124
287793328 14614
111504046 101407
711759019 159113
589250634 159608
592985478 42333
994343245 79915
348925365 107007
835291213 70923
228605773 144044
40445619 49379
610856205 149891
473973851 180637
950265440 130778
494964059 104305
735735358 199697
397059251 62431
88889161 186701
625108853 89842
887102248 22806
527954399 160898
258721808 90197
376029774 76711
357559058 86649
462879590 50275
550332730 87904
972996020 141818
359133182 98864
307613336 73294
846393619 46234
114381370 80756
213746980 179495
71656536 7166
850136246 116197
188468352 184181
574856251 28225
310047718 41809
441193835 151342
267372381 29876
807897392 80880
748533625 126819
998383279 61158
627268601 139141
45179659 3113
330885713 88827
472257585 132835
45212302 183873
590765317 140078
702754477 15887
955302052 126990
504820988 32735
954288600 98795
486774634 146708
983388104 95854
913991585 54858
318919114 187200
164857332 181718
617812530 197778
87606837 123201
388381064 121374
511390823 99139
908600003 154123
197048756 124202
470495494 82611
296486377 79575
544480299 136041
85433117 72267
473696510 109333
131535263 77195
121820569 114473
955152257 60949
154332204 44123
989333920 24650
526177367 168009
483013732 121379
177433483 9699
940923806 184619
683726284 190102
914360433 134203
470895331 130917
300875368 125780
195188393 128920
346652531 61733
771472038 57880
226725083 83215
294236828 103504
456480991 186057
398395673 18898
223885157 74900
811785551 143313
454250085 30508
846534205 138019
29412271 169474
476879956 80315
440090225 150227
384535735 128535
710740031 188219
361944046 97820
61731276 116861
203002801 152520
674643341 109933
368489858 110739
601235726 188084
473353090 75896
88623714 116309
350911563 89878
124447919 40103
165599386 131615
946593192 170983
731809355 160221
537459664 153671
287134308 28162
678052557 121811
184890698 120586
989369837 165758
34716191 23751
592712824 94726
849715021 90220
395957164 183127
235090622 174387
886378363 171576
631009803 108727
251605293 150190
953602328 177391
74528959 66785
981516875 124832
712695061 19966
998179324 23553
35889459 30142
524941208 59817
63109566 117231
240252876 150838
365974533 74694
718318823 42747
749618996 116336
683006894 199742
137913697 67965
493895595 40485
72191830 61349
442249000 179597
219374982 80850
315231764 2356
908307229 47507
203233135 98248
4660143 163584
856766156 9361
504757297 132786
36719510 162481
47423318 3791
410413268 175958
159814669 74216
812737039 29388
708288308 88798
860326877 75652
586088735 172604
478066299 185166
807180247 3278
667655862 167417
457492940 101021
479669404 91432
858413658 77390
817147440 197776
868756829 8011
715100272 128195
257434227 75662
496450239 155038
238578317 12261
878488780 42582
694658367 188903
415842317 12179
485823037 23213
831154348 147953
905571838 93525
638020373 34234
948773326 48825
295726854 158748
741850596 84580
567538108 38953
984965579 5612
378020206 19460
209833757 83386
236317146 91957
713132804 4337
631290979 47076
578683478 157728
617119648 38009
51370479 157761
10137448 94920
763332460 135701
651962069 16847
958811287 100863
760883274 45369
179343915 180048
841849144 68702
731915800 62888
452695243 76936
479482686 45741
595197949 191390
715444199 99146
957871875 103546
202822757 180830
338842146 154270
660635578 41589
518791664 188533
244941775 81056
508945487 25010
562488517 90888
980676945 11482
689978940 147062
100981999 56557
431970428 38200
914307831 125014
844646677 115270
443466822 41469
905662563 78580
662750305 41482
458561718 148967
464983849 148868
274385630 86799
6786342 107329
124574778 134952
166411585 50230
443916281 63929
891342709 117007
513026450 124219
688529278 84853
876627761 167111
982445242 84248
927893272 62029
784975375 30203
678484750 145275
426249051 119854
950692831 154402
301250921 35125
947251192 135305
869520678 41908
764780439 84981
134500125 59599
914304186 128619
681943328 128764
334957876 76884
322114790 175387
315984136 75819
567277198 66641
572463093 127896
103443106 184457
912879526 94011
410571261 112632
475898755 192392
878859992 100632
906326014 22128
832790083 86360
137650817 183708
781832334 1689
173509880 78714
423136040 179437
642184160 181501
324358293 37394
337203098 175559
595233600 199795
756749184 158043
884136612 112977
93761512 33087
58058273 67871
941689229 132617
518444666 120121
533540541 21956
179768723 75037
361805841 171527
181492374 56272
533011377 8177
657487691 167123
248730027 147450
108538616 33052
739436006 74617
358022485 72221
599104572 156960
347146846 6790
526049777 26792
536194383 86033
456500913 73920
759174063 171670
204684403 166627
65912438 191601
513962961 29664
326791678 119608
616133645 145693
759395757 38472
643620352 88766
769317633 65118
526709173 65362
234855721 49485
438014648 119046
347300582 177075
641731667 50924
364222015 35522
917353012 57670
548048377 52028
585545055 1463
896103128 131741
432241728 152100
486662823 117993
520840773 116866
890236828 196952
744769160 176124
337110570 55819
894623920 188198
85323171 69947
387075123 80414
588281076 58899
873243067 61630
869264842 133443
705801403 87038
207042322 101847
424719933 79329
101283367 114449
403787248 104526
275856650 75063
962376952 85905
586842067 21952
189476410 1745
645420310 19019
552402903 80934
734127217 128977
382723073 184796
786637638 113898
409211154 196647
459578118 113698
406512445 115565
744592957 188201
454882693 5037
41735865 36483
716056317 166726
154577889 77792
177082712 16465
362890434 143375
805784146 198067
536038241 66809
954122754 180221
408400019 71114
308700031 41161
405544513 37892
979467223 5893
173199973 162307
540242851 166078
908899465 95151
50443537 81811
757356859 105780
20904730 62234
243339273 140189
359287109 41255
444976231 176323
926458960 158943
161437880 8637
508524160 32523
711093216 196714
836812416 54438
989773893 57411
48207630 35678
751808932 20094
889890329 151297
661769865 96133
57536789 91390
705897225 66988
43935898 83274
762997433 116629
556627996 136234
386961861 87567
536430969 98868
604457081 161628
673597643 181492
493656645 24588
944425443 74561
851209067 141965
961849659 197244
371136234 47843
369319845 123971
660205697 198796
426430380 177455
877638221 136250
230330664 5921
627250530 92317
406026702 118387
148117825 87082
222010258 8202
773935305 143954
451054526 14387
873657782 141826
428042450 154440
466360656 124785
638240098 64390
180164439 41938
828079653 48876
165663943 195553
639735596 45990
15170914 164214
171918578 66822
150241578 117118
186411461 130962
474599588 26221
110448713 86892
979495237 7093
632880686 116604
594632155 41457
727848956 112142
512685563 14546
935291817 147387
805047588 137029
630983071 188163
413955568 64899
876514486 23680
334816815 55861
73920145 183549
562019175 194436
357035096 105905
661585268 191335
41021407 109758
713015752 102461
383221649 105534
550769628 36114
711083699 52787
90848329 159571
679611061 63927
40228647 59099
25748967 36275
937507264 147405
300403256 123616
476416144 143214
98608234 153695
752403049 99669
716742915 112478
535921307 154254
142344348 93142
842719300 36162
536653256 81593
749386244 128464
345383659 71506
411695743 62714
847947867 47999
78581799 25301
41053100 198118
367566188 9337
315623240 113977
824140138 34751
232728330 98547
874818826 197112
346024390 19017
423592662 154103
907068296 13487
55224820 51986
68258862 156920
225834824 160036
410524540 141988
234080624 190281
429082908 183604
808324483 107785
167770833 135230
814668283 125180
322119370 128973
95084497 39434
716361202 1853
25808831 90514
392750655 100410
191661354 122781
955957257 191184
777967564 131717
543740371 82972
733648269 134179
503970692 18844
225822483 115160
207092580 165715
552020083 131713
450170318 157553
809249284 10175
864568628 163252
40929241 135814
927318874 98868
54428448 116198
934760530 18567
300080290 100972
581188663 64511
14416655 95444
760136024 134900
894470752 57943
499794703 70596
412973628 63313
662045947 32861
735641674 89782
806976299 193508
972673888 6259
938743759 106088
671571531 84426
139782861 75436
82136614 50357
933529234 149042
37148326 193525
43818435 91035
592058575 199197
218070946 16996
692849757 58677
544829561 182068
972803313 95050
404638824 44670
91677448 74553
420515596 63588
914442407 94744
838463462 109207
579483508 138495
296698619 58950
669612585 136282
928449197 91688
854857295 114532
662672256 130577
74462174 77365
437435755 85916
460640435 153804
645653489 147395
209679280 41460
426059018 151312
831184122 110983
707710003 166928
294721443 53516
589086652 70437
91208839 104262
712950333 70257
985197092 137060
237716162 18745
671050447 197337
109902515 162126
748822311 79024
822946294 34949
183132087 143305
771831056 164
746893801 150395
880009754 128744
83312962 192567
664100866 132679
651969032 19708
904336890 165942
532279952 59733
577613300 155716
22218925 85900
709964478 60262
798873732 195709
190810112 197303
408897368 18813
489255200 158253
837554863 5457
359206958 77249
802982069 19599
597961969 176880
660714328 131731
316458801 181043
158446348 163526
747556348 161014
468401108 169866
23808316 123567
335749001 78459
470044787 58692
141762508 81698
808217320 165091
860824236 70529
180892409 3559
137912735 171346
805463972 140742
872655369 51664
30709422 43026
625855617 79709
344247862 117603
505939686 151897
497681463 16942
738462089 11776
261898893 86746
917502193 131076
410350607 95547
5776625 38260
993949586 17478
277135571 69344
262232175 150633
896741208 197147
835066484 97526
71286428 116157
118220608 103804
315855151 50700
20022345 116087
493350798 87302
372431069 20817
372712879 179677
297390665 92959
536857960 120195
139634462 171558
524427521 64094
654212355 29028
234126165 61075
693881230 157718
657974354 128664
483310191 148625
777008362 17313
57290079 36552
534797619 50003
840327101 103998
42717675 98589
995110081 140726
814934675 105983
787780986 37571
131077585 135877
950976680 195831
697716399 149374
135391503 126145
98231425 169063
251106887 135271
520984944 190661
187960986 90872
957847281 148870
185573484 124472
526118900 18671
96465911 188218
164117133 49522
949751817 23440
672404686 45624
99800657 175666
375112876 72604
89487975 118494
750717975 68692
538974788 185599
910160303 107014
598925791 49376
482928409 40691
819895101 477
73253888 142883
751093876 34691
17911622 38858
680866612 192261
720568057 70178
607843301 158217
666025606 142402
361098692 184414
892314294 5951
548919993 151880
241477129 150237
657159381 19297
641843660 195436
748461231 7214
337946247 115615
464939467 64332
425581322 115554
109537641 66121
353991996 186147
669632333 112136
481749888 180994
372912506 132141
747415049 157717
715975409 37965
632202074 121537
845189760 101938
295149628 102410
775769256 77810
525348842 187321
500422171 82740
756694493 51717
684656048 148470
651868520 198563
34325835 194863
281735812 109474
883665377 5998
32170166 4358
450731705 168949
543488569 84050
736947480 60306
97426472 49823
340245329 7517
177878564 78982
234267704 30785
195351107 105329
91316670 1361
281937850 175525
865668052 30904
349414680 108205
785131448 156451
439398074 55472
422217274 194941
856868828 111369
443478406 188824
436135517 73023
202736487 65610
41359669 96183
584960366 174560
387398464 128595
688515603 116213
901267578 189317
779604923 195898
617126938 50883
314196257 62294
299820194 3166
249100974 77695
627567612 190847
194285130 153856
724812625 134613
593683924 53526
684857693 38378
80839737 14171
40222257 31824
143742941 50472
620517668 142020
787861807 73753
710419220 188488
85249046 71217
786275288 96267
892825961 72553
668870917 1920
979377617 25127
874255949 27518
727008179 158524
173128655 107414
660807979 101572
879116753 144788
253774029 175480
553395602 73239
338512594 122759
929438148 91524
509209830 50802
97450444 104027
218887277 187699
361644403 155567
770055538 4324
216657383 14222
747492332 130926
533373588 192694
430313326 155082
160663256 21899
924215730 111966
65076328 57832
642849171 190168
352289507 58138
803169666 84115
776157462 93833
658369168 161499
184635335 44571
96651306 33715
38371294 145310
114287196 149915
573433644 179567
902468384 94808
433837511 16453
102285682 113135
327984824 106087
821818635 8856
223812101 98412
627556317 34597
699804441 129508
550887146 189463
264849955 68176
511755615 20440
706264718 143408
704812758 72745
913108774 157785
807265274 60969
887676363 44779
118282044 108378
695564292 25495
855046918 165428
3342731 47142
285479282 112943
608226591 98571
332004583 51831
655493731 139046
279546441 64002
550064769 22622
574480664 83778
181628603 184631
892191721 154775
537845004 148193
541107735 33980
788851562 59947
198374827 63011
649493914 142742
984770094 21599
767091184 131845
718161128 184698
103317363 61747
362487197 98333
118951005 103554
507980073 33939
629706326 25113
635244978 175481
838983785 114656
622429356 103629
504210308 85653
363906444 86756
135851848 44503
834333143 46982
765826392 64557
148474902 42491
395876529 54460
96428622 77690
121966568 175422
274095361 31651
42566793 96412
418039344 100189
204701727 167641
311549824 176447
767686923 112730
146415159 120430
980705837 142561
894046124 63350
795117667 72418
694538397 154273
836963308 149349
706381776 36810
50861009 155149
972426227 181354
323979564 10978
754060351 74864
190732951 137752
477086311 115468
369293570 71541
992867225 100435
518198268 178818
837888671 174393
104611292 27255
247464251 137452
467409012 111803
803724473 24185
9152346 39671
956592673 77182
536716762 138535
828734341 11753
471197218 86979
296143540 20782
345729859 195680
60315262 19274
413164553 195889
742905994 166045
371200308 20411
256363558 45573
611998279 50652
60408129 149959
723481463 168673
341620871 164923
799317731 155325
500211790 124747
366008452 53600
960947094 164804
16646137 40511
83931557 49269
146778027 80074
208987250 120500
192705031 86614
921540377 160137
613344114 163217
833651682 19079
385509424 59526
402064743 57957
221338641 128820
343764106 106658
416586287 143717
687045505 8874
892885063 32428
176816533 159616
152387462 104793
484017653 90269
615036053 140129
183629237 182838
490369117 191967
246983819 81923
447994622 99800
481797720 102604
219423035 157283
629766607 171566
397803490 67589
927700277 143181
73134241 176598
623899782 110013
202141373 137934
116801773 29346
15787826 131912
495334706 189015
249456068 44090
661671826 106590
624410563 113794
998587377 123112
976409503 137966
546374178 112381
368703779 128570
201753210 53907
786291033 141603
837963048 9304
517739855 94372
237718742 123445
766427155 10894
464516951 67713
344206651 186997
374482108 120820
147323983 69338
645397416 28033
932723808 126037
261364910 55289
875980623 21110
245464153 43566
724984831 173769
916244474 92325
332045055 84677
471589724 46399
810777790 159333
145186609 73136
772140387 192101
729626629 20526
993863853 150356
817936822 147240
735011546 40783
801793670 142659
746482660 137910
637372286 80880
839165023 169206
930913841 130676
8811096 191219
172079986 198156
915300582 191489
336068900 87599
906008348 166603
526034038 171106
565379504 165356
316711004 136043
96887596 197869
932940689 148813
717239640 107504
519400360 160240
159420405 197347
960481208 112476
238351032 142413
555929624 127829
289832177 72046
168537911 172658
699263614 137971
361742934 5265
296284559 20077
450810370 75347
890160556 49777
28111049 39017
507981527 138173
574749079 76030
643351463 121735
181147416 144240
361099758 48105
690285171 138304
573970340 120970
642983392 36437
700591520 155041
510676976 44994
615472767 168250
515887592 63113
120604558 77969
287909724 199404
95162787 137616
289857658 158181
403528849 174876
931686697 114066
130485677 67462
952429489 191319
107830449 162323
164439585 144400
399231265 198702
292053571 50713
269205716 98282
991358294 59051
69223422 187792
792268279 11159
729217571 4874
592485959 41463
65654170 127848
49096532 31798
837754827 112401
548513402 186492
530253810 80541
850038555 193430
337103963 26724
500850781 193424
467581689 183712
70383495 199655
628108078 28577
254760787 25248
919273783 194090
169171002 55890
830991478 179066
94691160 71129
983890200 188647
682327906 137043
284543080 183722
702956983 104515
856852970 45004
971207601 5798
616124680 192238
320038231 65750
484329098 102065
956396946 45982
746590971 185853
44496911 56076
470778182 136170
357718672 83407
957437045 96517
899068368 1562
315716912 160017
995259396 56534
806905516 198102
688274821 135085
404145561 169293
217333454 181750
364488544 165795
285011726 142714
129667066 93088
583177789 191555
683111609 154405
254345275 188141
251420726 53252
30130598 182433
433130639 198103
846136091 160390
88257470 178964
139044396 197051
592144630 18322
778874627 60712
323078344 133189
234835955 94212
921203915 162036
563201955 195606
730493911 134119
681964190 181616
526951384 159191
388056290 172562
349341408 122754
622994615 134403
277801748 158442
636505944 20950
49061400 173219
784601659 86556
116080962 29084
466902470 161972
293609076 3838
625495467 126956
15537661 76943
869160328 27739
302514265 82863
854508470 165595
63580412 176834
447667088 38670
140168392 67344
766865363 45914
646632649 114408
607021102 95252
912522445 54483
657787304 134065
670315363 103068
610091244 130296
68032901 5543
164326564 49351
892395324 148243
813371010 172217
409232558 182245
737919169 179490
762513773 86588
908052056 186265
560859081 81133
177566749 116719
224999807 83183
976839502 38388
429141435 171732
321729270 152340
372955807 43688
681369042 19657
911872536 163639
484063488 146748
506329899 130135
23089355 41641
869766247 30354
538426257 156065
406694831 8410
163753947 147193
706795087 150434
620624585 147643
902146022 46047
12718337 175571
821621850 89868
910895185 154091
774428944 79145
39412842 159854
642543816 9819
980952783 107559
65907085 127595
30536290 97301
534232925 79703
797534082 56585
406715834 104331
15411853 75880
522026715 154861
834739775 121995
341510787 37747
410592597 118069
460341437 30773
813681635 11137
788964383 92574
523118049 179825
323917058 7112
15963706 128350
815552033 52056
270879541 99956
513334064 10551
752451494 171901
719044549 140400
16175875 158064
405655929 64118
116985468 151420
835393390 39012
452167929 184245
880039239 123905
918565326 162357
95613100 99384
741789331 157257
475914961 94377
994564062 105700
706785006 58691
165710750 169408
683595843 49385
415614910 173357
45009838 167119
735588339 174742
670232208 120338
622132158 83264
303168494 153996
147161222 4311
875265621 259
800891166 141092
423735459 90824
938957958 88385
432810060 158353
154057776 12470
884319554 64864
161693253 45528
144204894 122400
729273934 35589
560118353 56161
806155295 43918
308020557 125548
471125227 182132
700708464 133192
343407650 100479
916611102 96822
992925602 41313
376852939 6894
681045093 155966
143460918 75598
556603230 24990
144564949 159780
63661579 46674
946495290 117099
910740873 56091
892832028 178124
499067840 75179
730488050 13070
994588497 142738
462808085 91879
242508534 38738
434333613 117790
358911430 15977
132753456 3089
771137914 11087
582903083 144060
263954656 52736
618695913 99845
493504664 168570
757957104 186012
320600826 13429
488801458 144238
192842041 27561
334463595 43523
69173334 94456
479630434 183957
74585755 92950
256229907 114183
876632779 87726
723496985 3276
620051879 101915
11361511 91204
625740968 31697
13577675 92424
101594144 33417
353725226 82765
999411570 198420
213224615 156859
694050441 68474
664079622 276
233663526 70023
896542452 107516
372863543 181673
954501827 159735
813841738 124028
219262449 111433
439101376 85392
617831208 19662
753584687 162647
1976083 28809
212073532 185364
170883915 127277
320803098 53522
72165518 161000
219281326 93915
95188961 179250
905839044 11489
810054322 4214
843485109 70105
983325837 139974
146066021 164224
799040377 165736
96658384 185820
957771955 192222
893709879 83608
997757964 59050
243640888 113130
436288733 109567
760113254 26981
100839295 140752
234804286 133901
553843982 49887
606365135 36936
928698323 43306
844972219 158997
750300728 21215
130801353 197334
83826530 23335
44396281 178503
633014206 173450
769749237 97545
590410186 75712
421512031 172831
183317220 189191
904591557 117620
919994364 145784
654703923 155257
25642197 179920
447863995 113607
351306235 56711
637526137 4947
163163166 180633
784106802 105906
555902888 65401
430856835 28008
329929267 176848
117346935 91442
552858639 36544
776648938 150775
599052370 170186
286260559 104800
1107202 21103
78380630 19858
255808378 174404
972278473 56908
918034992 124894
197036968 66474
105505079 168464
677221495 62585
893605891 60128
287593948 164649
918672755 93765
232459361 38522
246902029 79464
359159513 124756
182603811 61000
919013954 115442
188848773 175313
357399539 63243
684441442 13424
969905579 43141
165071188 49169
558600996 167882
13120623 17605
697141916 118514
18222504 162153
817108019 87440
96858684 53819
142192794 129964
747877761 59608
8596551 12678
327422813 14636
253397394 124009
536696573 60426
642701432 168489
491456390 199487
673524377 155117
215151210 18738
875656888 151086
591177092 54433
756727109 150391
865976915 86821
931175398 133915
45819556 23314
965067113 84213
131262471 99350
178399147 93972
224339834 146029
185395759 199361
519611668 155914
49444410 75067
60855170 50731
973391062 154703
666448119 176662
987011897 61058
130235989 61214
750841955 19144
244773784 96073
558412800 6995
507770129 29953
240296040 11786
959035499 111905
752073820 133141
770702353 38073
674363221 81517
865673026 63659
527613843 157094
992876105 52815
151929097 113270
673952602 135564
724729822 79097
22697975 150230
526604446 119939
216037659 194760
735527590 18545
425011545 51750
353452025 16454
784525223 180973
41947435 88919
522403273 86222
696573489 74309
133770566 174916
359657422 67005
892627535 173870
877364905 97801
80755342 52208
322511363 76728
777061267 96027
239763495 159083
220014621 49708
994100104 128135
503133815 43632
205365121 50654
675782587 25578
340739024 86541
285614757 191167
570410088 5393
141776211 5406
747523904 154409
998089997 17535
469837104 182316
890246424 146406
299278367 18874
691178174 87483
385850785 37352
117822144 121622
663810725 120959
300652361 139947
684474298 112933
552704069 120606
217714132 85944
596606097 52456
367185121 195696
705013068 193742
352381186 79037
619125642 34101
617118709 104869
554418076 100255
785082388 160583
756533836 86623
81071364 108766
958594985 76148
359389939 183295
893262977 8410
765593451 87402
936464213 192555
853725588 70882
253937060 119443
773403265 97871
857572712 43916
420255847 122872
485992501 94039
871180255 27600
404794026 9548
519218798 193295
424865113 126890
622495838 91066
530852 23684
796845095 45013
340852340 176674
548156535 83708
445416953 3831
343109211 137046
503636443 41024
585947337 58719
102461007 126283
71668397 13933
575834116 45003
596641767 176540
524428100 114165
270845617 49409
186707947 33329
422528949 119449
135108917 81478
645286025 24754
151545880 88184
463761297 118409
661371437 26806
285213712 84752
518070289 157084
124434556 100914
659200065 77517
542367818 150389
55240142 5352
364962174 45114
298250626 196072
155942075 190224
532743830 136203
156703252 115390
407754 128120
23034716 156711
132336337 57614
144475828 58473
871041529 132577
780566277 58136
746056497 194204
487670766 102996
812652163 10324
792497061 32154
422126537 198054
955777763 80261
725245821 21695
998613563 115657
669647720 17417
937541062 198319
724213709 26648
413544225 40097
624994893 79963
913264331 133356
588507783 57280
191754238 88705
96995018 116116
101198984 42733
818090908 159323
631423495 4224
261147072 129511
500376248 17366
993906172 127629
883824443 186131
607860271 62347
347842876 148557
355963995 143376
46665304 149949
662323490 106555
752218218 169970
439842347 124128
744875846 1625
345748024 8496
950191 158861
908009760 16724
170495688 129001
731445343 145801
364478855 171611
285221509 193026
976264174 80504
819019988 121296
749179498 118513
513905644 85191
624862768 141721
604812491 5609
36695606 41684
717490266 101836
28124371 80163
905164189 7515
110483429 94994
723049636 89275
155809157 46668
239669625 20606
813730592 8662
971074773 165169
199560721 134013
879513571 143234
867600391 29452
642495452 65211
637997060 33184
870975029 150338
169735086 112632
69102012 89997
735520680 61463
347766780 64932
77670125 14500
601920548 89293
683757306 108693
505234557 155508
449879281 56721
298284174 100981
940659842 39818
846666932 175817
759054016 88899
869408313 20258
384299347 142087
99866078 26464
950308576 102061
197633737 103063
816523697 72275
917686960 69591
185134530 179686
279026809 155215
525729475 23937
667819363 94350
426762893 107143
766112074 85153
878362751 198785
194927423 54603
824876277 165588
557008163 120957
803199110 47834
888184758 139848
207967788 30795
438034980 60410
139576637 50102
402766381 127766
929418248 1080
8552011 20164
497354098 84362
340637381 7274
901755241 151432
503521872 187369
282628777 95348
385626082 177610
518362757 99891
33396147 183537
824097634 18778
284576897 124495
128630556 169450
767513117 110872
95677869 32840
799375574 29940
51665459 101327
419943695 114553
563602573 72334
3149786 134815
793380008 1
9494142 41638
767116066 193766
46567981 79595
165447291 23405
688430607 9480
569127653 78387
266507572 25307
905972639 98718
123552055 109370
368335427 152673
841181030 187106
770756494 40982
178354505 144184
552293671 165144
803486259 66745
930462505 62022
256138933 120814
293973817 94178
695304832 183423
983656990 111397
253365406 134212
258083579 131568
691100068 115923
350191557 89731
699990935 29771
399508956 51016
822493258 45902
27321165 87566
963650803 27806
799281196 31422
976205929 20630
338820542 130853
643495624 93473
704435851 55286
501066054 159981
262244903 70571
994953028 115345
162565799 134617
933932348 154409
691531468 116818
92714093 132173
512853036 134895
432170130 20386
259995261 51245
368808114 199661
208145360 65109
992147928 164678
481345040 79500
746466365 120005
411350770 47810
839094960 111036
745312226 29541
146920659 104328
462887853 1585
947208943 83622
455877507 114738
587935080 106213
91754107 78981
686234450 1251
3336922 175814
929412499 35513
515718892 99861
204008008 197338
525066825 155327
698077874 140024
91813903 119264
421113778 194429
988371960 154193
887167063 72128
137692726 34609
693604434 3891
514914666 115732
278880132 97532
754982036 81317
653862887 96671
882650892 176665
910754590 67013
340294734 56017
896448482 186632
18766303 179893
604873852 103751
747829602 157915
427080856 51543
306616466 177080
818950862 109898
153418606 168331
865600668 134015
367160846 175121
403861535 9099
925659268 160090
324264423 108536
931749767 38187
93844332 123907
679791677 172245
588245818 28455
280832090 10328
638708595 165283
471211771 160305
914098284 179615
585482727 34555
510081914 130812
377971365 126150
559843175 119519
730502267 58939
684387983 121851
600581751 162562
512256768 80240
168588537 127477
980344114 93947
199362421 52533
948159484 109610
985150143 112518
838178702 8028
764656500 62009
881375410 99723
95514354 134843
764330605 110021
725991750 70569
954729022 13868
213222713 76255
330668224 196484
961143161 16618
784732334 132609
255788523 65292
830431382 2809
203179867 95368
145017368 164670
486812985 191370
753172843 169053
638737809 145871
930729944 19665
753613918 45387
309313145 111102
22250714 86861
516164903 6228
331439352 184609
286520068 100661
94455906 101009
635531635 124193
933167867 96282
315716692 15580
864285679 142285
697703310 23448
45498948 72543
346669232 56027
660497143 98134
50416734 128645
724493598 184804
60803268 187806
657088909 117063
866425934 164068
159456224 163206
477546031 178916
243067904 121031
258807779 4859
975804648 173259
840903732 68094
685518412 119164
167486708 88681
613747194 193523
977136812 158314
93453182 50330
647344121 58393
342928584 102622
209886980 118416
506399964 105942
643153245 25521
330773197 8115
636344154 110963
381492933 46687
954406412 150351
427190967 111339
798787017 141730
200869406 109967
673149243 48928
312428191 100466
980726076 99948
928583555 95785
308009013 78354
206577793 22868
588561027 188430
769315422 3927
628304095 72423
105327343 29910
648465540 28531
89083298 97711
380553674 185058
110590874 60840
367157189 194964
810629151 48969
865940725 13811
946534882 180029
740537314 120159
198974142 88006
990187616 65028
297765186 92965
50432385 134006
989150622 9004
359361984 30650
345131831 189211
482792905 19058
581887265 114437
519412271 47896
110040147 22437
233335235 151548
507168032 17532
489598172 189033
368771053 8412
256010056 173838
256813943 155421
319777030 108949
885114143 10778
536971233 16416
310811694 122144
930364501 27768
832226880 93065
479944890 19236
521294362 120670
268682982 176763
846697166 163522
113763973 34118
831826598 151502
300391731 147160
693932163 15531
960380814 66844
443908763 137230
954618279 36486
897716734 111842
787856233 54628
797342744 85795
115754483 119996
226205323 28714
223470094 46577
394792596 199097
596176395 160461
442266133 59594
491781229 26935
718222257 149938
912026906 56718
179185271 161625
662663189 193573
241013649 52004
554953308 133022
577067428 58195
293928796 180506
401825046 142174
484866627 81380
28876638 113653
154442862 135140
130631503 54278
521780337 59083
198222717 41458
278790622 82610
839350964 175878
322310157 90572
741338790 498
933595873 119563
536552585 14980
916266307 159546
422894564 175828
961783813 9184
416089180 100548
723527499 1764
597841063 143089
876112610 14530
388584767 6429
831160865 22590
983566951 115502
784207085 44689
300285207 14274
5481676 83634
80235180 50917
94124338 85023
215559543 5981
38449172 11811
263191694 153864
711473573 117987
211076379 74704
881976302 103588
138138507 126019
750498139 27613
185910947 145288
165080113 20843
1906846 12303
766122303 87836
203155112 57363
129819012 189542
323653881 186280
824729421 92189
193725777 63919
692532875 49560
211820662 5025
508371799 80916
25555137 109623
544920414 140050
691359667 182527
633526053 180133
933619468 9366
349998860 160659
596792325 159241
553736569 69562
779512467 73753
288787048 184351
165838224 73060
919042386 3654
733079783 95985
56905673 139981
851812833 153668
884471386 63758
153717111 12577
188139744 83223
575733149 9261
712052282 135173
885838595 66188
73004842 120599
183287252 76134
544761554 89177
113694663 158992
766584870 45408
572337926 46122
399085867 130175
732242015 51876
711906661 88191
11606957 99620
713173307 138173
93025792 57555
122799125 178550
753591790 138171
252448062 153172
94573556 85639
136012825 48514
842379569 30383
269488044 118047
693761658 158878
421597035 90246
382615143 90943
534315004 64694
571452728 7332
929383148 149723
968099884 98464
738678562 186974
756720065 6699
688981007 176493
840055788 102936
200136367 76269
985050814 127658
512805471 4510
795884544 93094
615166395 188654
289398080 96357
777802192 18257
342845898 93027
937243864 47207
23745528 186127
153383048 156673
182124001 195333
641670286 150320
10045559 94089
170979065 132029
105361016 60975
326534847 161995
508864066 122056
789619833 166167
450901458 44814
523344711 30740
74390997 82092
447967814 163997
62472906 125238
368568635 21328
242688843 116754
68846532 88451
120855814 15046
591135448 50365
724528285 118159
682168280 25686
117306074 22207
901246490 73245
988396 109896
537855967 66022
772908640 143240
465229653 73300
971687665 22834
935597074 73637
143571127 5076
52932136 199249
749580288 128779
331406500 149269
191289720 109728
347509316 23471
294524095 34430
240692853 199851
847684059 58265
253914437 39040
678568293 199779
307669504 1280
963577892 134781
326989454 139210
410792826 137547
538623081 4690
980648991 9530
764328388 187227
128240368 45311
45777521 163080
809899896 81334
305939013 199167
216188735 49128
866341601 5296
746704724 44871
354611506 88524
65453069 6827
663987806 26403
511457037 17303
990335638 159299
957615448 53010
529978366 96967
499251700 64941
871761518 65119
402272659 161915
271800473 56993
104626085 88335
360308391 162605
865420846 146166
400611263 165419
711344687 193121
925306327 115373
479238719 71783
843535394 121578
431514045 42483
390552214 148628
930965043 6702
94746399 64993
164753202 112144
917397163 14008
739733101 69250
809481695 144151
357789012 11391
386579416 41045
407869102 75498
288337624 50298
449111559 33052
543697710 20106
932050548 68696
718245767 96003
726849854 157520
786682085 83967
291028848 8659
126504269 151512
527977983 196484
482668226 193693
288177056 121969
758212913 92689
978139891 194720
867451269 15139
916201891 41024
100815699 73909
619585731 29763
206005347 143550
47827923 48711
656271140 108447
266521142 146385
491957890 150743
978182399 175540
396101401 186946
728086613 100648
808347563 29431
740438903 168981
905567295 177336
353247250 198298
837567328 33379
374580977 13768
949604383 61879
773660571 158026
2717540 138708
642782529 52472
467650476 85556
540711809 165893
893044882 148811
911567172 184475
141771213 113578
438710439 85007
746442545 183085
794492499 161437
280404696 13591
338024310 59499
928682933 161697
178042630 153620
548880027 114677
873122323 53620
547330873 72323
128687832 124872
852711854 34442
839361180 32818
325479540 113963
580908351 82898
626145708 142275
233358346 51630
620730433 137534
265334144 170822
514079461 106985
285349752 8942
981767676 174152
593778674 128802
512329833 124203
468344663 152545
614233638 155760
795495778 192445
933832800 130554
152673954 154739
869032709 67249
619488910 136211
19746833 138302
984611164 47855
31059858 22581
864122085 38950
366663344 18477
145637840 168370
744847558 58024
905494697 60400
836752511 36048
324072129 29321
594289165 48655
781868806 188876
662794853 150120
886796055 105350
351956682 74957
291764652 21284
941287063 77231
874604549 145652
273916684 196780
570195728 57897
633924780 71051
253882325 178078
443677742 132069
286989497 140857
812288168 95876
110515037 82967
512392016 127338
783304796 164583
234166050 174905
759828188 146103
968005845 47319
789285296 161964
925996759 190436
228117455 108026
675926228 40242
446804706 119023
273412258 58305
892871705 82260
860860364 21469
209741710 82121
747276909 12778
161862010 198598
718555485 164381
917019843 177899
739156014 123555
354486708 9606
783600727 140914
426411167 144154
1821362 63178
311563575 31501
9125969 102140
662485037 4609
133794844 50357
987926379 5461
415497971 51353
533132405 117006
98368872 79386
256236752 121891
774834995 63722
999154895 62893
869987499 4780
628932253 153834
527167587 148747
987850383 154980
564067611 122676
403438610 193682
502770170 107070
29806510 159412
668612227 91485
526438422 116262
255901239 164392
11019853 98863
691736965 19385
684568635 186151
32320569 169882
372609890 125788
59707609 122653
711019051 129011
306571412 71770
751701145 142838
934994981 5755
544857706 30327
6892128 15287
473521806 67670
616168375 143060
244346045 17019
483230420 24023
731998385 131634
256450094 182628
412935902 6315
207282611 60218
597243290 158082
387097048 149930
36882049 153813
609449327 90954
102623686 76082
690114661 79594
99375588 173425
419061789 53062
507303121 164212
536809043 80878
886194678 42937
734363940 42357
173548524 37818
319907154 64467
536018424 136841
510881494 17415
208533315 122819
970796145 157027
784144852 194319
630062089 46018
475924382 89772
541317714 137879
560015650 163099
859473637 51439
333094521 41093
353202826 31593
443927971 89529
765195202 140140
708415564 181986
871366484 17165
483261700 93598
699782270 146321
682665700 197455
858013599 172197
438712882 121275
548462707 137840
216935850 8825
20521140 37337
24454218 134187
686998097 169492
231337098 44106
494325258 129835
812321285 27977
237366412 725
878074493 19919
421392488 173608
532531877 176586
680455013 54101
305950843 83476
551254883 14530
100994165 197562
182713159 78882
147303316 30814
43077696 75344
243743357 12414
445345378 25746
294029005 29351
21204213 87452
20709303 165023
916454134 50312
81880876 63131
502490950 84628
1850842 124415
138956065 19210
655748038 118905
630360753 58433
86233947 194077
761949744 138883
707739549 38862
315462097 180111
227780796 71559
622154257 13664
947716406 3725
849393829 146560
292293288 86220
214852805 121276
893951550 47057
353737057 104057
583076434 161223
620583668 82675
403225968 99502
290242487 110205
218185830 90170
238313595 128847
53311804 58468
949265480 66249
307378670 51893
767265785 133111
111028099 103619
356263459 190453
707736956 127947
990703840 93947
306864717 197597
68930094 116186
584021986 107428
454949857 35338
956898402 191301
256301146 122024
824287658 26406
137645662 140044
744042005 147158
97419574 152906
593615471 14499
795118461 98563
73441045 74016
91030274 153459
787631755 177930
960671541 26647
765969123 84961
285886898 19632
184678814 130448
905100135 155576
166004861 102693
417568536 82805
49654937 184810
382810866 163217
721574419 73104
561655746 52225
318561215 30049
317209839 54992
740807409 66340
558353669 106023
720529246 193390
651956574 138006
165278976 199671
57230295 36058
283099125 61533
84160730 110937
86549991 138423
511743026 1299
915402270 161961
104901027 108013
768786743 100689
304700549 156044
826411322 90150
984504015 176015
935778255 60282
13422788 186855
966310997 73521
950005728 24755
62964512 115520
834451934 56005
497417880 189184
386014054 185908
988453999 165140
671374628 51758
508418531 188986
486797241 127211
470401214 70578
731994056 162173
469187258 180137
378279809 11822
221103292 78630
103529916 164794
230731166 117211
152706576 80534
52811251 52834
532548014 106057
197483428 143355
986173943 173599
451129858 75691
763451701 125815
174768203 191579
163454011 82893
787261685 160134
65776958 96722
26123952 133963
651457777 101777
511748089 194603
92675826 111222
269423184 25497
419742821 110623
863665548 149112
744625126 124125
176203298 82442
193280162 15777
48353064 194505
670621029 176206
680559392 112180
211332979 54558
538328407 184412
566932793 175869
808186858 141644
681297955 168901
183723679 60676
990379567 101560
35327382 56051
77211977 71576
858105786 46083
907394234 150175
286294330 101788
813202251 195030
795632557 88293
287758364 77150
462608708 77183
712556922 187585
588401418 10726
203832317 5708
906255097 28927
694534086 98619
68047321 18005
513270594 57413
502653562 45164
93505265 170137
429682500 58913
755996384 92892
933532810 190618
742472856 190610
232977728 99644
232043976 148807
459805714 67504
30695712 185660
449758615 97466
260691244 53113
933761012 67766
164455426 35393
906357832 61556
74885972 91268
677551552 83087
545517113 58320
590289762 125904
239841255 172088
611505233 50870
868316147 73826
235145639 36309
564710398 2948
776128679 20354
310047458 111754
115048335 61627
724337114 93599
650201280 129910
29932597 96261
491852426 194563
244538759 185452
947098027 80577
670546405 188031
298349316 7629
751513429 54198
678787177 38574
711437747 97956
390349040 30655
46708461 167620
189602190 131531
601339425 171939
226753510 83079
400242962 162782
670783402 131402
696174150 1892
526354551 168914
823316464 101087
843844336 50002
589600008 18323
972750797 164670
165478891 130110
667370281 32567
298808545 3974
225275747 145196
324872732 195605
590347551 11278
237654189 85498
477356853 134038
910476128 108007
131005858 8855
979392444 97006
6120482 23769
559187586 127978
413205288 74515
898060828 40706
919650421 151056
268798941 19209
797675755 34575
237578717 134124
93445495 173965
245793519 173412
635150015 145541
782090503 12568
385475149 51023
65831954 44412
250073999 7361
838370611 174509
718783709 120955
687480524 8148
946863435 117109
683297067 61571
802762102 105318
287690026 117021
310798885 15339
538249693 90305
966315839 197621
875589171 156991
735344658 154448
622140916 172275
944781429 156351
335305525 82624
426150987 65796
654043620 72874
74108746 174437
771239014 106701
32152721 84320
306173131 49301
913156323 34860
107495539 28823
139983675 163063
623324879 63854
105073245 5466
353030119 48373
114695265 63385
674934990 104737
895728900 87253
28874895 29205
950327873 42006
388779292 49469
99621191 190402
728279784 9825
37173734 3945
35754068 126111
130409073 126548
735019750 67060
126476155 87734
54694575 30950
787244246 165125
306455947 98516
316954615 29037
65209422 18275
444402852 145255
228145161 101880
391675439 144189
459781057 69486
939074473 40307
646267475 70636
808121895 146346
817588855 137727
96703300 34922
771474589 86247
964723900 189076
859735937 117024
594203543 113229
355029338 184289
179502464 56573
690968493 146272
58082734 55770
315901663 189974
61066343 73517
937267533 137363
249612495 197072
644896116 69876
342176144 187045
527391057 153123
233426036 140142
505871101 107393
610623063 60077
944412243 3312
831793246 130855
120213941 73832
710160325 96459
887519410 143000
138084865 21767
408561780 170959
689070595 185425
962920265 166814
454279322 162929
960088131 68932
708942526 188385
558379694 96567
648585471 178071
88382626 56567
286162765 21719
916961195 151991
895570106 19396
153184614 16016
872567270 123899
754217671 182905
371680035 124726
267725004 194892
267198897 27856
515718631 108389
85437512 62030
550298731 94391
685556004 109946
82817443 191155
943885185 33853
198397183 82550
737812353 139290
968609829 81363
269373762 2127
851078126 8362
457549663 144293
421964594 77069
486699699 41106
66783173 98436
432962146 50059
70067278 162316
50279117 106818
418031895 171241
833201676 23502
167566787 32410
311622098 13873
489555232 17587
470609581 39295
885309780 56005
578223829 155739
869626775 73426
441601214 147464
639953046 53390
637857445 47239
454198402 120783
218743987 11269
71476945 196712
301255985 5363
485886898 152419
714966285 179295
282587990 98087
115682328 41618
331921196 77095
487291670 169136
352775949 40569
989475925 48067
506797629 17020
746471216 131370
983991646 185701
689436754 7664
595150897 44370
556378968 160173
733046073 138176
569887697 15802
424440513 159301
155245691 57066
398766496 147075
441149360 116575
921599256 65809
850644442 157270
873141575 69301
176616339 99976
148576122 85861
445942183 61934
267160507 177620
215879658 134789
780287623 70613
984338356 131851
938737140 88786
185743626 150820
907660146 92511
662692860 137751
829854457 110213
217713118 30305
728787899 66333
668583720 16015
717829093 99010
430199144 58939
226112800 63381
381009052 62031
366596218 57995
699059707 97367
630900599 177488
261710352 152694
854843290 11467
781746071 173135
446891025 146402
411142008 21853
681550362 156699
59026502 80701
716738563 19697
567777399 74652
114604273 98550
881600169 56712
192028649 61135
9086910 135696
767442156 164205
953985696 68730
807354531 155206
489943721 178537
776573534 54448
254775926 123492
380207812 11953
747010174 123856
64167899 29112
598483746 197750
935081951 184096
510342920 56390
944591656 160378
379377694 86506
518005585 24864
772919124 61152
12204362 77719
301922782 194306
29379186 134426
755450928 130785
141907633 153127
114054545 62329
404329111 96951
632678115 116772
252133838 75113
600767789 137642
528463371 123540
802168314 168649
405639758 113606
599369158 121483
967257410 20264
101811494 148591
940430975 105490
843004496 8633
238682272 17088
799249512 192839
222790853 159451
596160114 114566
802184724 184465
606227931 105864
698505087 97811
642810667 139440
930459430 83066
980533488 169021
66009061 157679
709025186 119809
200866823 11851
770167618 13496
478802546 114329
889238518 68676
578155731 70730
666777697 3640
3108053 18074
436863696 50140
416415462 167920
837001807 17263
536242693 144411
963895272 12433
352947254 100067
2180549 23772
39524893 9556
461689865 95101
147572756 183513
205137758 156679
871744738 168264
491219508 58836
925951207 92219
997093579 77121
896942081 74193
702323941 56094
500709406 8718
61016942 102044
973426524 77333
428989141 49492
370188967 159817
190507953 190177
921257749 166278
181895402 6896
501546126 87528
144949426 182916
265680813 38869
353034909 155807
583572017 46817
53703168 141306
128127945 187507
29003450 191392
943252822 91380
959333357 70290
822045883 123189
853199390 137796
838597896 159601
107215139 183906
603310134 198645
559182897 155923
270832883 22455
351385876 154757
749978013 180094
36894438 101346
440060298 198450
476461744 178069
863277535 121669
971907414 61351
623171272 113492
19878824 53015
710413325 142410
532894660 149850
3445739 3823
49330737 13686
129732743 132168
989375939 191391
625179676 55387
14061287 64163
863184510 108164
876803170 44650
24745476 93943
112011464 39508
28123600 189453
944952141 120900
993977076 29580
729981018 36430
82280246 109050
67094344 72541
223436667 95153
667993255 119840
561247784 22662
106928982 67858
424306805 172410
758081665 167189
808720421 185797
562585044 145960
953021520 158795
974986321 92011
458016050 149482
499766281 153030
890775144 196456
620903122 79628
753822234 122239
943082332 3652
629110501 16978
139804661 20255
192484946 63067
675240715 104004
847666617 8991
353717178 37595
285834785 175205
895983947 45535
541166870 27116
918150348 94146
660378505 57134
264172944 52047
707003079 163126
978947835 25258
170646704 32094
13985930 14958
732402410 182325
260091092 38834
95623700 104217
206310573 71098
942648555 61069
292225341 143635
856274348 50063
348955422 114908
933561960 4408
857584260 21692
515363629 163904
848441682 3788
31134681 16876
220769843 34034
716977712 113523
48312338 139914
166968049 105042
399802098 129022
781757061 144248
22139272 17571
866006416 40980
174278066 116914
300549493 159965
919760011 44139
931863459 194221
904733124 176773
120762375 137606
108941295 73520
9967877 59217
481088240 124046
518992491 115770
88203723 23926
471177724 142853
314882159 103073
585644416 69616
964333401 182665
948604684 89813
922585347 35991
140910399 155803
223455533 24555
11597275 130488
861660962 82959
327956391 160101
703704349 121961
886907097 91617
922629485 27942
944679099 47192
336839339 151304
99587101 14180
852053619 122599
720288721 145114
25948030 35655
506271253 145406
309920257 91844
931500879 152766
660954429 103386
872696566 86328
150335374 82247
992994017 159319
877549633 11469
481324474 193314
539403391 116736
920400480 5773
104363021 28445
334660145 168261
89630527 58672
686613122 101717
174380606 88806
730813983 65510
512299305 174330
926394717 190786
656136919 129058
356623824 61437
736984032 169508
409987890 116523
795820308 103395
141752298 59513
920818543 111919
770601163 178966
773903690 122280
456048182 16840
694898167 177305
26144366 88780
627280256 23368
350312667 124145
986130057 1709
770065121 79510
709039703 102659
957851592 37704
408222456 126775
732765833 31829
135467012 35500
730135425 22786
134829305 146421
402115372 61892
835892193 8941
79897544 25867
924321407 118455
503925591 177169
282741252 59549
384044907 65963
145044017 83587
312790772 134736
165576270 164845
43796173 24075
397631426 131208
25261154 192316
852305212 50378
419815615 162730
936327072 198907
837787116 115553
841358607 167628
806107561 143421
902608812 74051
285341873 122916
335796874 5769
174506732 49133
943429854 74892
602415033 110189
452794285 12005
19487015 94522
412799445 191408
215501875 63755
953865624 2971
830144742 24446
680362469 116682
168498842 116925
152603066 193764
529254339 77089
302814274 197918
387086383 168919
558924745 163792
462449189 177388
349814111 82132
36621753 2425
369917637 9919
73688277 83828
162147338 56373
114231696 37883
147930469 26784
381945552 166391
925826577 93840
886572361 106425
967996969 15706
562985791 143270
149147529 162349
397794075 65443
673735020 166724
152306270 42737
440747075 91048
721470888 198976
573067867 139045
67396004 104575
279211460 181217
522666786 109034
711051433 1250
301451330 123998
140947522 152083
549273642 38378
645804150 6261
129504976 42631
942061003 67853
819819804 122949
613338979 10259
658689182 171251
351004121 128185
28132644 199341
287535211 105763
385340838 7709
229094973 155961
209132257 101108
105859744 161381
307774247 24423
176098007 65379
634977320 154371
155644905 148184
685057409 40509
736016215 75170
496972010 166655
551690588 78024
318952312 46625
881837632 103819
33662071 145668
925668907 184021
583828035 82931
595931099 176413
884081276 196064
791249062 15964
795517311 137545
569611720 14363
762219632 40834
183660631 198953
614829524 96913
26453180 154936
696982309 145970
592333731 59302
223915700 66278
88122539 113229
142841857 13657
746389067 157604
755150551 106055
639120454 56620
954771584 190319
411227096 24497
569806518 164200
421759852 165874
232508896 28187
466682356 110041
887431916 29872
936323986 8656
310700508 103669
499289864 165579
335665927 118998
215724131 118237
419487813 188421
9622096 166033
390948020 62144
517927727 117070
363342150 81219
505774995 66881
609239297 76533
736880064 73725
183940627 155502
638781202 173987
309683349 94365
989726994 171485
918881683 55198
282041244 149226
843411839 21139
818634634 108344
324183529 16816
141300374 105255
91511620 8087
986873525 56056
729663763 97440
362954551 2258
719113522 153450
498994610 101663
494919988 117704
550781856 123913
626171655 47655
688523216 109211
151154810 4297
684723159 151563
777286033 33168
435104955 187689
532991236 163684
415975124 112792
817977321 4148
524239067 73183
355196381 136912
665463491 180452
686025523 37473
141399805 109124
685708511 177101
571199363 16917
942400722 68388
18310448 160386
539552479 105476
32271954 17410
895779592 56221
640166439 139437
403611282 2128
784116641 148763
978067519 130127
64166351 124054
341199124 109634
247823968 140638
91967893 198016
98957463 185273
407037241 199532
3726138 88644
547751012 118133
561390481 36887
775987860 37142
153984306 24164
432239135 101490
311221154 198222
390668299 184797
853429984 80872
250775166 140442
785250954 196175
179154075 167105
207693916 113643
458856779 60356
455834562 21210
705455976 86794
968693059 7215
612588241 31682
451923529 163876
971673615 180049
875035083 91295
261097238 90509
652540750 13713
727161313 8650
513312541 9944
510260467 164857
540470808 147688
991914996 175064
576122948 63472
951337949 82430
307214560 102552
890849510 23758
232392137 156968
750307902 87514
571468472 76596
424980016 123302
461133159 164850
7761094 174382
639892209 177966
849407877 149038
344975544 137225
407094560 33839
886538105 86792
279878996 117283
517366515 17778
43364326 186134
1259929 15901
482645042 141776
151824716 129643
688152709 105701
981219578 99533
931644109 146928
889261470 11915
141516680 85139
588982760 50224
645221553 178418
45834600 3803
615896167 174567
764575277 107574
693223576 175730
163472237 89571
605137151 17081
441334270 177865
254353210 76127
360053419 20719
285216366 14538
637597090 40532
204326118 19205
192594945 54058
672585843 165535
173131445 128743
823701949 191542
970288861 145452
768240809 122411
701382155 42414
515669677 97317
687532895 141746
703001740 16449
268800712 67051
911283361 72565
985710701 30393
693326326 39143
98954030 68768
471273619 106521
346623807 34895
735520358 143828
414888884 58615
386268699 60587
398952216 157353
887468319 61999
29220242 183242
402511040 132062
790672261 63565
527865772 101948
362687827 57199
741460398 16296
415822402 178696
954327758 66450
630992223 28048
545446927 110697
877076238 71706
685875598 108009
710843877 182202
417029794 47841
598915773 8533
349212669 64188
566207465 41636
618814017 173939
430626203 91511
707167716 162080
421842186 186857
839624998 119893
205808438 5089
428239174 155965
960179756 38094
383564994 157855
472059016 77714
677345421 71615
601693591 188870
246447339 64557
889058804 108660
613124253 90180
28911878 145007
476460357 19649
884081272 7321
421715590 41947
605280761 159552
376021617 66086
288674439 55568
285840890 191570
768241737 55311
321838546 13471
960536211 14739
413709152 102258
436947458 126132
826328225 74873
718630653 11847
948679571 148385
466970772 178244
863318931 90330
622754304 29463
36662044 24208
465588384 9392
266991242 53228
256164552 115951
171938526 166802
389070175 13688
28085329 154404
249690774 170807
376306026 140107
563256762 43770
74308255 183624
491186433 166961
518815341 196848
160687093 92705
296423863 3636
82714349 130302
456454447 179831
442747793 189107
113050995 108874
994307324 86039
571422562 34442
507481449 170892
39425073 64929
383308305 6731
214431484 188012
590500486 39544
189865092 29902
661510932 106701
919038963 51137
26817472 96897
655499028 146495
496134247 9590
577189032 30847
534140441 41337
890381705 153684
342353342 63528
42912619 110241
382864486 153988
759140242 7623
261717083 159922
818206510 154358
816020 181204
549126445 166395
108644780 47303
657983258 81538
825425345 44047
344306382 90547
231204954 105385
133976352 136613
104948941 123394
532328188 124644
295848953 77851
885497723 142955
670342897 2064
939295997 21771
847265192 191594
872365631 115868
625050484 142504
885378571 145056
258405533 18502
14679546 58480
800251202 156159
111473379 31816
709494222 46234
687172476 123418
229069666 98693
919083959 65083
498465545 186182
713508455 32118
815944425 170799
930218604 31070
979515245 45247
71124439 147349
422022768 14497
216320006 116574
172967621 158266
114967627 119175
562390317 147949
947144124 98306
43625987 166186
233390708 112788
36439319 66717
683657665 105716
556900683 100764
389736884 87493
109668691 133803
701792372 172874
470467076 141917
795904623 72662
483379683 149707
374171202 167503
948875937 41806
206382257 95408
248451455 171346
691678826 58003
102035169 173339
754687899 114779
53718530 192254
483772788 61714
358043525 148846
405332805 128784
435876143 3519
6038265 178783
13155627 171178
977231549 117737
187154512 155316
35183921 197188
300400289 109999
249687232 4958
495949533 82242
435354266 52312
189396255 57152
699778388 27346
754543192 20479
79859605 115760
781259992 9344
893820528 126167
689421286 4365
135288587 140895
639642388 159726
836293689 17262
724068205 76649
91258534 185241
198660511 89327
225427124 173924
654693471 116571
136737854 127072
120886584 163997
218469207 157199
253247959 125493
815450356 129052
646118907 3849
315861956 81287
206358629 105548
843240290 73515
410222462 61159
908246685 19937
527257162 68151
436966659 118003
964294456 55213
322018299 62056
478758119 195600
817294835 172339
705610149 49170
113813806 111216
595113955 94205
2184324 109573
277423708 31710
948942801 74317
722449817 116207
333607789 24902
108830841 56613
599772780 38118
887147798 179755
68650585 157028
17430713 149203
538102341 171515
353973143 94327
390276868 36731
947746319 7901
428411949 49883
528423219 50281
900854589 186532
440312977 173055
738764723 119685
26859501 31625
236890557 41013
340828874 72806
903288298 187784
583446766 95318
218797485 17290
842870492 68347
723266345 193157
365628417 80047
203551146 133207
313078188 52914
232899578 91091
241028363 158221
654964582 150048
80884539 192763
989075023 146934
782799432 90251
183909825 54116
311763843 85132
639367585 125748
873201061 26913
476377516 27328
751544316 140216
448535150 132110
99766032 81043
74539061 148649
119781690 128333
945360504 129526
864324454 5800
318154909 90883
888826375 83340
864119992 116069
96992746 41200
69439867 178883
334039481 48978
6418347 35114
680876395 113170
713179869 156673
857245624 81307
177502111 99849
854010238 11931
131208439 107328
366961671 181089
710326514 102886
945377998 83617
538887566 104129
476210853 145592
368297520 171779
346051708 168432
694610176 155363
352966250 139816
361388375 107813
991140156 159676
891434727 31540
157396271 4765
321965944 96941
365769856 165459
542998013 124576
185242672 127073
175176619 115645
355740465 81349
619756454 46853
439488854 62665
50439301 37210
874102002 88307
892449963 186362
703411617 112653
603570465 120683
787722101 60430
863680786 177406
729793185 70469
710806297 150514
237456703 70468
521824163 158732
890163093 112020
921432936 43696
311306682 138999
226167559 139936
893293718 89453
255495310 71893
75086086 121923
102310400 187179
479608948 140299
245820455 189489
135448340 155361
476909872 12443
194417958 15334
135439799 199233
834020683 120064
399115849 75054
344184769 139629
63725457 176168
6816603 113443
732291693 130920
758796242 165785
976164624 167611
914381667 73556
242019542 140761
513438161 135197
786516478 117045
185046552 97947
882139191 105708
459334349 39040
121388210 28233
41080792 81619
277816231 181595
477013344 170772
93254179 61602
685553954 15828
59736312 105258
136984162 39621
690259482 128222
359132705 128004
496416276 17280
774388828 3702
379226007 129875
998423358 160480
740989028 73797
922594243 45637
179130790 156983
457728957 18765
335083424 163864
198215833 128104
139267430 70247
77327785 144643
48683165 111200
266017166 167773
456579658 58867
214436721 174904
442642463 45550
549628884 135956
345664304 128652
157054165 196154
936692500 12327
186783394 87192
624841380 25741
757898656 25259
117456116 18175
243188875 68839
675261 153189
784230879 122760
936678756 36808
402924224 73052
874050310 56846
194190869 84962
187514264 85023
213923253 193219
167065835 71129
26847000 189743
557356859 31339
775523342 119744
966615696 26920
674034843 137106
591811536 169205
287574902 136969
533223799 74373
578243035 144443
354766803 199210
347950468 6548
726698795 187605
585201264 134236
785328386 30438
104379716 41885
993305228 14220
961003029 8228
264515466 42076
867194822 75093
355290655 34892
854954273 28398
386600997 191138
431987102 196346
394729577 146516
270540853 156186
848790880 189658
971817906 121948
150885762 172160
444491973 37269
669336900 57951
459926123 150375
122328468 144864
619883181 139591
787646456 106502
239539607 29924
414235592 137848
595220917 23778
812276301 117557
144580316 198881
202464591 164159
602124612 121312
43103293 95300
946224413 170927
927763396 70027
178474189 26662
626073873 20565
755426653 91920
201045899 7664
569742954 141671
741986753 10877
265156471 139955
930193761 127893
895755898 192783
200627706 86255
310624833 28486
533668189 156896
943154555 177962
104671439 128166
460449652 102275
968592576 119665
807498578 6449
713659906 87221
445732139 189842
95350979 176022
164111447 96998
500744787 38003
127809532 124741
598496964 73180
395602156 131657
902723199 25489
427128404 154704
101155812 197454
686282162 73886
917452972 111069
589972300 121715
766280000 100316
950150562 42523
835268074 62195
451793962 32487
744832717 20344
12804848 50356
220662577 148039
955978930 197028
42134985 69613
185013807 111873
387988063 197750
6761946 176345
289634820 171388
823218404 98740
229801360 72532
747913357 66153
884576348 111354
187818271 102223
291264830 115296
722770780 117340
443255059 33425
500874752 260
897585182 45341
325308479 24578
6467491 179941
670831629 49644
256537144 9490
420154368 102682
985695213 65418
369460742 171377
940284217 117240
940162309 91103
772851979 173807
73998772 71317
220713094 175576
836586363 85398
484823265 128869
104206277 93309
724844585 151923
401496766 190370
288552506 31780
696900307 131027
789072255 45937
367435428 50958
268410903 23036
121676177 51340
615339361 7096
281682338 15990
840740202 51409
303375967 80413
545295185 145560
345994238 106983
208438139 10128
121159839 83593
656993667 74746
619356655 178457
921322500 179672
195906376 56998
884444108 153609
502158525 22129
943990463 136603
913881840 6666
693442353 151549
768879127 53531
292862517 159390
353112716 2985
332509247 58754
152061263 8307
968662297 136500
378293141 141171
138188258 139753
126714323 196407
998406888 74913
125977422 68933
146873128 27571
325213687 187769
493042526 138463
209043749 135133
373156168 100551
554740035 175576
260290239 85316
257157680 178944
562611103 9438
519222964 73590
646657134 33116
148483631 9347
175095540 164167
218450308 117242
678357152 32986
473672676 97899
123218899 104721
436350843 97511
786810872 2914
992941504 190221
599956373 90345
455886999 155887
801007780 150643
552953458 134958
864599104 165050
257073193 55422
82614028 132632
300418381 131229
395383482 184429
749807427 61260
602829339 179538
754191461 99173
315280334 196874
354834919 182904
769848662 83044
336192052 42063
305690514 61201
515071516 64377
783112097 61352
480861302 46801
422673888 113614
617398254 143321
449054659 114100
956272441 103572
735303983 73719
514129800 154929
374798926 56091
598249899 39247
28279287 26651
286149360 55250
544668395 19535