20729 75573
697 17851 81603
10033 1810 60351
17387 11199 105247
2392 6731 2897
3305 3033 192001
17803 11808 195531
20143 19147 106121
2399 10313 177292
17539 13759 1239
5234 4214 53851
8700 15340 45462
11032 6384 6533
7667 6313 17886
11698 12450 115437
2623 12585 166114
9377 17038 117193
4103 18773 57865
13511 18188 74816
6863 4540 116192
16278 20017 54656
10188 15101 151261
12170 13991 111222
10876 20118 124218
13762 1639 178368
8726 8303 13032
15034 1920 52375
7200 8174 3338
13433 13937 193885
5671 20404 25099
11823 9491 93202
1412 9629 184500
12437 6501 128365
4912 20696 44940
14923 16495 151526
3162 15022 138151
4852 19299 69906
17084 287 130609
16025 20642 196887
8773 12284 1447
6423 15432 82462
2702 6409 102693
9771 19556 23689
3160 17791 75522
1438 1077 162115
10809 4145 140793
12653 101 18448
12825 610 42630
19376 18233 153791
18975 20101 150656
17229 13522 54023
3411 3734 175537
7435 8965 120884
8127 9471 197714
3296 15196 140328
6561 2806 43364
12029 4071 40027
5842 13526 124200
9141 11288 133837
1678 807 126148
17578 12984 50490
7603 10392 96135
5741 1338 192109
1850 7999 23942
11452 2669 148651
18958 10097 52065
19138 12724 145029
5622 4808 71230
20041 2625 25562
9440 13513 11655
17456 6402 142962
11683 7620 15993
2357 818 47476
17925 16923 43098
4895 3156 46084
17154 5453 106424
17291 14651 46711
18477 1552 147627
19401 18197 68158
17576 20489 5615
6498 3033 185052
8358 18167 126945
14890 17331 167546
19260 10560 179276
16968 2762 183731
15352 2532 71439
1092 6569 173877
16113 14633 170980
1503 19192 34683
18587 9947 116202
19337 8153 155510
2811 16964 112229
9213 20618 56849
7714 6606 18717
17937 20441 126753
19999 3470 98138
14854 7505 162947
12111 10462 40757
15429 12808 126715
723 832 192594
13941 17121 122041
732 3353 111336
3921 11388 105054
4441 10710 138224
18392 12699 99973
12498 2712 86305
14532 10095 78858
1043 3231 18267
1809 5915 64309
2966 8036 192775
7976 9687 179336
2792 17892 126639
19038 8052 197876
4438 10870 22306
20722 14578 123221
178 5078 133853
16445 20243 349
12644 17116 94140
4373 15914 168441
14280 425 178879
18435 14637 115462
2162 3752 123617
3299 6771 155164
10713 821 40254
20180 6413 128244
14652 10987 189306
13611 2092 8304
9360 10907 112898
17878 4358 103459
5072 16535 2864
1344 14120 143064
6172 15974 143653
14786 5507 56665
14181 14372 173170
7405 2296 187984
12529 1348 136387
14163 12161 50440
9197 20590 16968
17694 18450 57639
18937 13044 159474
6549 6268 2187
18967 16499 50947
14081 620 64203
10503 16279 135224
397 8991 74930
17679 3249 125047
3357 13659 135727
10712 852 181944
11129 8037 125869
15883 6036 186664
122 20027 8803
8371 20134 190895
15288 12229 9960
12566 9799 70060
13568 2208 155411
14095 2290 77642
17787 5775 117218
15909 3454 127328
10242 58 54662
17604 10114 54281
18100 7552 84694
1100 18281 141884
4610 12782 31860
15681 3336 110393
15690 18529 65464
20039 3069 107129
12039 5902 93242
314 19403 37975
6389 12484 166916
9460 16299 165448
3055 8066 15228
13827 15622 887
10300 9914 163655
19113 13329 55885
5190 5317 146061
16919 502 162263
3203 2091 132259
19727 17770 48303
3617 2033 173493
5878 430 10601
12450 12104 171148
5177 17403 49474
17520 20145 95321
8095 2164 159264
6119 20212 96173
2692 9233 69054
11286 6060 70162
6922 144 15605
6033 10917 195412
17472 17399 41491
17379 7482 156509
12553 2503 106298
14396 6336 35825
20255 12091 50131
19072 1028 1170
14382 3608 191929
16815 20304 147138
10193 4637 172155
1944 7812 151546
11861 16046 184921
17221 6046 44285
19856 1829 45263
17906 15509 174866
1918 12349 81349
16458 6860 89562
4700 10391 35250
17824 9041 85817
4120 17527 75454
6025 17928 183388
8435 8356 113780
9776 11684 121883
14061 4420 123240
13547 19033 176149
7874 20585 199349
319 18646 39664
11645 3158 160771
1586 9744 171400
18259 11642 191193
288 2071 2007
9012 11824 7829
15687 20719 119894
13085 18770 146969
12141 16771 21519
13213 12361 143792
13416 15446 191877
10934 7624 20710
4795 5390 52630
14128 8073 94780
8811 17281 89592
9908 6227 53090
20631 5222 118540
9392 20380 53959
16050 129 148623
117 17303 88927
14212 15156 194803
7570 19571 37270
14214 19341 198291
19425 6123 11373
13769 17443 122013
5853 10488 114306
4117 12514 119530
18994 13536 44562
510 13401 196093
1327 13839 146861
19289 12929 142435
7227 2058 61913
7881 11382 88127
4342 15819 133800
1543 18921 69617
5253 1600 184472
13531 11084 149443
5678 18686 167002
15202 20333 30976
11156 9954 136115
19966 17405 102839
10315 6082 14779
10965 19728 13480
16851 15558 111439
12651 7158 23700
14694 2799 87714
6162 18381 91874
19630 14220 95475
19699 6982 130741
16298 20375 72541
11828 275 31579
11350 15886 193009
19657 2410 9942
10037 13975 92900
5804 1364 6845
569 12913 128191
17674 17252 178386
6696 8054 177775
18834 17859 46296
15216 18478 15409
18651 18624 176530
11709 17486 29726
16879 776 166421
8445 14182 133305
10780 2660 190141
1967 3145 139340
18099 11595 2625
11893 17679 100574
5593 7365 143063
5383 5585 192283
15557 11325 120121
17467 10935 169688
7249 11744 168843
1299 2000 101939
1625 11157 152854
10388 18561 178302
16308 18907 28000
5874 19506 116317
3302 5636 148941
4180 20536 113871
5485 6269 24733
9759 20503 147706
12584 1083 130579
9062 14341 20657
5593 12234 86026
9776 14623 78193
7080 7973 115946
13781 16860 111547
18633 2427 139572
17673 941 53192
4438 13048 192197
14032 7722 17793
11992 18631 51024
8290 20366 26599
9368 245 10756
11192 19763 23109
17949 14806 143030
7883 9850 128444
8114 17175 67282
10326 9465 107618
19709 11862 75251
8102 6966 182925
12059 17417 97434
6578 2897 175707
6727 833 6186
14006 6629 133432
18759 6689 87851
18148 1227 133105
17864 12840 58609
7228 14378 136809
13436 13055 58414
18401 6310 163740
10007 1530 109519
7078 124 139794
2956 18157 176253
8407 6716 22868
11929 11802 184097
1175 19878 29376
14188 11248 174167
15227 17355 165938
8948 9306 175255
7494 18546 156720
16215 14837 129828
6951 13811 169043
8274 14953 45174
536 1598 145029
20454 217 196530
20514 5385 35691
1799 9702 107646
19003 19932 70094
1175 3219 87822
19446 13287 132590
18021 4044 50643
9519 1276 5882
2102 497 13217
741 9784 31974
7537 2701 144105
380 12461 64164
16256 9952 56731
17585 15972 99720
15975 14446 4904
10251 3848 92413
688 19723 12482
2560 16189 83611
19065 12600 85523
18617 15649 25547
1781 18872 181102
7690 8452 165972
4385 16706 157591
19559 19281 112396
16235 14745 101632
5325 10258 119262
11549 17795 86543
15428 10248 137174
16802 20205 162176
9945 3624 14807
14099 17184 97400
16898 9195 94341
15382 16150 7511
20190 5762 198698
10162 16039 108916
18922 11125 39312
4480 17639 90599
18279 5207 1963
10644 19993 135468
3325 4489 41460
9526 1572 148656
860 10687 31400
6753 4183 14760
17743 6937 103997
17594 19618 184520
3310 10341 58124
14080 2208 64804
13106 15028 124886
10063 13124 122876
4516 16612 134934
19462 6297 166739
1263 10160 187168
20398 11247 142565
17351 7218 134840
14664 1129 84744
14652 7165 141362
14552 18554 23032
15627 626 14719
17664 20059 131498
17595 8882 110515
8520 68 74267
19321 10362 108480
17381 19148 52908
5816 3949 74082
3005 18442 187122
2446 20 62095
12952 1050 82306
14589 35 108520
16359 19295 80465
16778 18844 173318
19719 19478 192577
11085 1588 118257
17402 12162 55498
5294 11434 136890
9431 20259 193871
15991 893 7812
19673 10003 40609
16491 4298 46659
1174 13222 4022
6503 3672 49185
12921 11214 44538
6001 339 120386
7876 16153 165118
17930 13369 128734
9710 16550 5998
7641 20462 59599
17621 15021 67782
9859 5759 57857
18826 1759 169657
13834 18984 75016
20512 1403 98698
11212 15141 98623
15212 10068 152209
18315 1756 148638
5831 3538 50540
10810 16838 51747
18901 17733 159084
11079 7321 13558
19894 13977 104051
9411 13211 21389
14299 17968 20254
14561 1718 127906
12492 8178 122434
18067 61 141498
20729 20337 36879
4627 4369 113034
4342 10223 28296
2530 2547 162106
2689 17336 196035
760 11303 6602
1298 20663 59928
11866 1434 191772
355 9682 95099
694 3644 51188
16505 6707 4438
2060 1550 62097
9596 7533 95490
19912 20443 165307
16652 10414 80958
264 6318 191490
15547 6625 48892
2848 8271 48604
14534 2456 170499
2109 5249 65166
16799 1345 167156
2537 1121 38711
9106 900 71790
20418 16093 52816
4823 8359 99040
17785 13575 88911
13475 13020 130307
6837 18662 197805
8708 4110 154796
12335 2262 149633
11812 10502 23187
14521 19893 179451
2355 13708 17454
8953 10085 162674
105 4541 87713
10697 19361 12927
8162 16341 51141
4020 15709 38132
2865 15613 82007
6627 7743 41314
1274 17618 24717
8081 15058 89073
3246 17497 158793
8278 16023 98160
3351 9753 159090
6309 9350 173144
12211 13619 121612
7522 5022 33562
18611 7014 54019
3745 10028 66729
8415 13086 126423
5150 15177 196612
3483 19730 21825
7836 3989 95518
20054 16031 86225
1252 18095 137013
17499 16780 158868
12956 1296 61032
16672 20535 49118
9538 1225 143295
7185 8173 50964
5859 1602 180837
20081 2543 4511
18947 366 87230
16538 2747 58468
7918 6693 4834
19025 20278 35996
8388 19806 77176
3946 12417 149810
10445 7420 126732
14520 440 40272
4028 9072 141380
14400 20274 152912
496 2029 184941
5688 18677 37243
12882 13174 153512
10820 1984 166147
7974 17959 149404
20301 14244 115379
16100 5760 89986
17469 571 45025
10557 15194 123881
4528 10211 52660
14285 18775 96205
5069 275 122982
4078 19869 195738
3984 13389 98076
3741 17500 162960
5930 8218 177813
2523 16928 40494
19741 20588 47381
6088 488 71541
8436 10777 80210
12833 1547 137505
6740 1808 175624
11862 7433 27678
9660 356 17463
16888 2592 132744
15237 12996 136665
18779 17758 192485
9747 13983 172601
12725 20584 104427
18320 13237 136381
15679 14555 179014
16463 6256 34701
14370 4915 143326
10764 2178 34480
1801 20498 22262
4032 11928 27496
2154 16077 908
7312 5400 18558
5995 14804 186504
12813 8164 104215
82 13790 4995
9517 18539 99401
1888 7603 38158
19857 10152 132273
6589 12167 134299
15107 20084 35976
13549 12965 147416
12088 17693 62178
18694 4926 67632
5495 19414 149372
1666 8373 76548
18438 20412 29819
298 18722 28447
17569 18637 1581
18021 6624 31935
20283 6087 111076
3220 10450 119458
19933 11245 83530
15442 11351 122903
3088 12446 166846
17086 14052 62079
16190 12521 134436
19072 6213 147261
18542 15892 26519
15340 14339 198682
6889 9427 149088
611 1695 193903
16689 1113 117157
6924 3265 10979
12803 4481 49663
17447 11811 104120
1984 8627 75965
2315 8875 115180
711 18105 180903
4751 17143 29499
16526 16043 157608
7980 14762 71448
12367 16372 37085
17653 4527 58607
15022 13165 132222
9350 4120 92543
14511 7868 75773
7928 8941 162995
6496 7564 119836
2982 14729 55800
16537 16540 17009
13280 10039 49250
2882 9970 5669
14903 11562 50436
5708 6365 188763
10054 7987 27275
19173 1901 122794
5896 16222 144890
5650 8762 11141
19355 3594 43310
18880 16686 101431
12052 7090 93642
14862 4284 77075
5093 1056 181857
665 713 192980
678 807 3577
6772 1603 125205
7160 20487 109584
10144 137 99801
575 13348 10642
17851 18439 11430
7412 4502 197103
407 16694 62030
14601 7166 149457
4301 2908 60984
11499 18391 85737
16053 8749 56476
2820 9111 90093
16339 18741 44579
20303 14575 77948
1381 9912 32773
4365 16680 114496
10288 13289 40005
12922 4976 100202
3654 2463 174259
16564 10294 189185
15034 9483 58861
10713 15626 30142
19410 14638 31724
9467 4083 77218
3685 19270 68490
20138 16052 62402
19540 6726 62513
8574 18620 179288
10736 18059 190250
16163 13013 145440
14257 12002 174896
10369 9072 11919
9553 14241 15966
16794 16885 89797
18133 14382 101074
9636 14469 63063
17453 8268 25275
7354 13234 111872
17226 17402 168548
4687 19329 92845
19209 16651 91764
15591 4335 77496
11642 14283 95759
13791 14360 28714
13877 9268 7115
11088 7256 22178
17429 6933 112986
12325 6473 69552
396 13815 26559
17608 49 78782
6048 13774 178290
19900 13355 78397
8519 1954 190077
15243 7735 47197
7605 9332 118054
4988 8239 168648
1210 2189 40544
13239 9881 76792
9082 18548 133617
10486 10562 55640
11776 13093 149365
1199 13783 60330
17451 15728 47571
14685 14932 147225
14677 9456 184571
17106 3457 68642
17033 6386 199851
12862 17535 106876
7931 12674 142679
10657 660 112162
19579 18041 195879
20409 18647 135850
15632 7886 40334
6389 11162 75308
1108 15574 31606
3962 2597 51530
14684 14059 27216
7849 11831 82957
2751 12150 55038
15192 602 113952
10512 17893 139266
1009 9386 68974
2018 16087 37439
15309 18177 186548
5747 9892 128905
1669 18928 62906
11202 10268 130727
20370 16983 194187
6135 4267 61215
7389 2247 38441
1352 2131 65846
2834 11110 104947
2968 2261 151406
13892 7058 175733
12421 11976 40084
5512 16448 19218
6994 9165 74979
6691 17683 153210
7454 4062 186265
20673 842 96404
7209 9838 122835
9634 20395 133070
6916 14273 92288
20580 17398 198029
12536 18327 130486
521 293 63710
12582 5133 77551
12027 19826 186631
16561 9520 91207
4158 16875 84799
10341 17598 22471
8579 11896 193427
13351 15522 183617
9330 9494 159689
20507 13262 59040
17462 17016 146705
15282 4468 131053
4457 1691 83892
18489 6212 199999
949 12336 167717
16899 12366 13205
15016 8363 150410
15327 6095 37519
2957 12411 198766
1804 7795 21403
7398 11654 59116
9049 11054 165951
4086 15900 156534
13804 16446 56943
2359 5038 115731
4452 14670 149036
14267 856 39258
18486 1777 17781
19531 19352 24821
2991 16228 76602
20012 9287 191821
7215 6988 189319
1403 14650 143637
982 15641 95069
2974 13319 59941
16508 15626 694
8609 3622 130704
9320 20054 192631
11827 1070 77250
20121 20406 88749
1246 14256 152064
2727 8592 55094
16263 7295 169051
91 7390 7671
16621 10556 134762
3304 10617 74961
20597 9342 126552
877 4707 95407
9523 4165 140726
6583 5804 122821
17847 14782 175044
14959 11995 36452
16341 6339 177995
7795 8460 114579
8541 1972 93508
7444 16869 165650
2881 15419 43773
18837 2114 23520
6845 4188 99300
16592 16698 48098
9394 1682 156590
9253 4841 130805
8061 13394 101693
10048 1098 66423
6607 5084 144515
17295 12760 159012
4153 12562 15856
14157 10159 168111
4264 3450 17287
17139 18332 31037
13960 1740 28507
7644 17120 105878
7091 10222 7838
19334 14044 57213
8585 15143 144409
19500 11833 39003
7877 8358 196958
17103 5983 61930
8144 17471 29764
2372 7915 105574
14744 19912 170839
4890 12173 31384
4359 7050 24684
13258 16668 102992
10661 2473 121181
13263 533 41060
17113 10897 141996
12336 7136 143211
10582 3205 22717
11017 17722 63472
9980 17297 122852
5439 19651 74496
6155 9188 57968
12369 18641 81544
11527 12267 42501
12028 14430 176060
8806 12707 69203
16478 19094 10741
10223 6623 53516
19969 19492 29520
17973 4353 64023
13181 20073 114321
17267 6622 24732
14486 8635 93875
15190 1405 46735
9108 2719 16816
18513 9696 65993
316 9603 63366
10177 16019 92322
18768 7572 11873
1398 12749 152173
17186 3628 155001
17608 17849 71506
5654 16288 67783
13798 9742 36011
9899 2229 53982
13530 15503 24584
17696 10224 144852
4452 17320 35297
14388 4294 61983
17774 15720 155194
6452 11987 187553
7158 19720 1318
13549 140 158196
2622 16084 24002
11144 14984 68295
16896 16519 66948
534 105 84651
9186 16742 22436
12695 14707 171755
8444 7233 118945
16227 19323 154956
7588 11211 18119
3258 7710 121415
928 605 185593
20370 1181 6559
14814 10367 12851
8860 5928 111734
8671 12723 117205
8809 8978 38165
18166 2675 121531
12812 9984 74163
3275 19804 74910
7315 1168 74738
9340 13794 130570
889 19152 118635
9860 15387 145779
3021 583 136979
18419 18802 7589
1573 11860 161349
10217 16546 47286
19489 19254 14580
3040 6441 5714
17837 3175 24077
17159 14830 140718
11381 2730 21588
18109 9842 68674
19357 18545 140216
9270 17637 169920
19466 14324 25422
13713 14475 23277
14990 9852 21655
16010 8413 148385
9385 3603 135485
16484 997 118371
8764 5952 140319
20132 14179 7326
4865 1387 133611
14587 14957 168327
16448 10679 86579
19546 3711 178228
1115 10743 74271
11215 14478 138834
5248 16804 151494
7831 16818 36204
220 7788 48870
8855 10086 10352
2758 16464 168995
16769 4879 103993
736 13169 179827
10712 16115 177632
11638 15476 109848
3898 10969 126390
2609 16526 87338
20164 930 143238
14979 11271 37366
20329 11090 94829
16383 3596 119421
13098 19463 172885
7023 3627 106306
1653 4324 177148
15737 5153 110452
9240 17908 186647
8421 2414 186326
1245 5752 122027
14132 555 65870
5337 1694 4341
7955 857 95757
6569 3767 12384
13393 11906 77218
1534 3571 91947
5786 16321 9866
7471 2170 89768
814 9559 196199
5990 15739 135236
10923 9140 23669
15073 3153 140056
5653 12542 29957
2278 8738 188083
516 14021 99317
4046 20100 127206
16731 10088 647
1430 13998 71698
14077 5923 43251
20020 20681 118936
4348 14654 120034
13692 4276 171063
10557 6532 48047
8710 11345 152637
18399 9316 23061
17375 10868 123280
5963 17931 102729
17465 17727 30578
17744 16854 161679
5029 1721 12884
7571 5599 197218
10821 13356 107778
17488 7754 122907
8735 7086 146032
16354 6918 92322
489 7622 23573
1908 14175 87845
11011 1176 16974
14036 1481 159612
18529 7320 86717
15144 15915 87060
20265 4835 155078
9339 4558 76112
14948 17418 113847
12246 6630 40649
9044 7051 137555
11806 16068 174997
9897 12716 29924
907 18986 91552
14434 18594 87870
1054 448 5814
8066 1288 41154
3420 31 176538
9303 13838 167032
11813 14605 11322
15838 4034 39999
6615 15674 48035
6407 20426 80819
18853 9082 35700
681 7136 184783
2486 1249 59230
8329 5397 196418
18183 12476 89250
6907 13825 172708
16003 17170 20566
11792 6121 38223
5623 18472 142263
19899 9952 24884
12083 3282 36292
9398 492 33943
9699 9028 157215
12570 18561 15703
12431 13734 135168
6942 9080 63351
17493 8327 87363
17390 2770 39063
1331 1286 95209
19620 4036 119138
5792 14922 178765
7269 13731 25445
20347 10432 55224
5712 8434 190364
9214 4696 140656
8267 1762 180117
19056 14152 51832
17666 10813 71281
17894 19571 45271
11123 12742 109464
12814 11622 187847
14832 6207 34963
5304 19872 22972
9940 3631 173496
11223 14418 143122
1763 19321 133726
8622 706 17336
2935 20358 172461
2373 13885 91675
3529 8471 166496
11939 7652 125491
2666 17569 166598
2781 12976 66977
10774 10045 7142
13247 20510 10152
15698 14060 58842
19771 19060 159634
6676 9969 157863
11907 9375 198264
9110 5430 136851
13376 6706 17975
11730 8529 176892
17841 16551 162519
9083 16974 120787
6841 14228 44509
532 5728 132396
9415 3093 130477
15466 4618 24112
320 2938 46000
17437 845 153351
3352 6355 132732
4436 20474 121539
11691 11735 145917
15349 18439 56620
14468 17292 140332
1022 1324 120051
6527 11979 157565
3572 8191 191657
11948 12011 187586
16206 12000 178824
14918 9779 173871
510 13123 54052
10913 1612 137974
19588 7739 68084
5726 13494 149081
20028 3740 193877
6338 14772 91385
1555 8884 89437
4535 5088 88176
12532 10047 143129
9538 8268 115915
15627 4956 127630
1048 14498 111043
11650 13499 93192
6509 19567 58748
18251 11334 91796
18077 12240 182693
3213 10058 66038
15958 13126 181343
16848 16340 71686
288 3614 109203
15248 10744 184467
1386 4700 118874
6890 6037 175075
5746 10955 43168
5193 18219 16401
5574 6390 93880
2832 15697 33474
8250 786 156215
20496 19544 95119
8664 9154 192659
2167 13935 32839
13668 7823 135351
7246 3977 158521
20707 12415 64015
10460 4155 142492
14536 2653 56145
14200 3052 155169
12331 13071 35192
11609 3769 32805
4709 10417 50039
17266 10731 157571
3434 4508 65838
1546 20615 195219
15220 6146 165138
19541 8667 132685
5077 2292 184006
10073 14069 188487
13001 13296 15455
2477 8829 117953
16748 3011 140476
18322 6649 171300
18797 19692 147007
18307 11961 104463
13762 810 18501
13973 14220 46324
7770 16356 31040
6780 15647 135519
708 6490 118429
7943 18342 146763
2157 17001 172009
2975 15999 119868
6454 8515 17904
14698 15404 85855
2066 19697 38682
18465 8027 64281
6788 3227 4665
5073 14158 100725
6621 16822 107344
5042 2201 55407
15972 18052 2654
17960 11713 124087
7317 4640 61488
414 1580 81875
6513 17583 21046
12130 5866 37625
17220 15572 71810
2177 3327 158359
3823 8839 159780
1766 19431 137309
1232 8722 176828
15660 11520 85228
15456 10280 67112
10097 4754 82851
13669 4202 92223
10939 11881 160121
15724 6301 196785
3996 8912 159190
13026 5629 116372
7083 11799 166846
5901 1630 97806
1557 5777 147252
20314 2224 73866
6482 12235 99352
16518 17780 131406
15137 13464 100374
16045 1302 58641
6526 5543 27997
2516 7081 9619
4884 190 16736
2507 621 35595
8690 10501 105028
10165 12139 5535
17917 13350 69446
10744 18262 17867
8356 14917 110092
886 9847 108467
17918 4073 149228
6539 4114 175283
10151 10663 175359
19561 10788 142199
11453 13552 43987
978 14474 145028
11452 7753 18331
3090 16024 75486
9956 6210 144569
19063 6533 23656
184 5079 78752
11429 11208 167029
1658 11651 155457
11588 8611 42486
16439 13494 153390
19710 1046 1796
5304 9865 2299
11825 13384 36914
5779 11186 149842
19883 19781 58513
970 18088 175441
14805 11164 105308
5623 415 109698
19879 17996 37141
7032 18918 91512
12155 11175 34504
13162 15280 2047
3366 4055 59210
14040 12343 66872
8779 7501 59541
11122 6092 30028
19225 17132 54303
3105 6324 108254
1592 17385 71737
5555 7004 105661
15072 24 18410
5678 19598 193367
8847 8465 30914
4584 19522 167697
18933 3761 91360
12769 17379 47640
2628 17085 114576
48 2770 43087
10045 2882 194193
158 4705 169584
10594 20481 53753
6711 12591 33637
5086 12604 48444
18591 6699 71659
7654 17310 168430
3750 4530 139882
7941 434 58303
6462 757 111955
7665 18803 171590
1010 20272 127888
1301 3727 53495
20396 8920 27197
17288 18996 66146
3380 8082 175135
15186 11218 4170
13015 5602 168733
3443 8275 126031
10872 16765 34237
18649 4149 86858
14873 9551 7449
5756 3537 80157
16843 17362 106148
12391 16652 31685
16868 7149 20916
17363 20131 171734
5648 13730 49494
11427 19717 144924
6111 8367 70114
4267 10916 50508
17386 13197 144935
5261 16722 80873
16321 17924 145127
2731 8020 48518
11950 189 107542
1424 15849 176623
20346 11666 141517
1497 552 3904
17764 15898 44324
14712 13754 183232
8266 20186 9649
16160 17160 82073
4468 14861 104748
4215 2723 73367
8857 18139 71424
11621 15024 38559
4477 15850 144721
6955 12586 172764
9222 6293 177437
879 12560 197187
20620 5161 190511
13332 1518 44211
10503 14129 42166
13942 9727 31180
17748 8827 143928
13906 3262 176944
15760 19696 133029
390 20325 138462
15181 7512 11763
17192 9841 156085
3868 6596 140412
13994 5327 95479
14853 18868 73700
15559 16962 151029
2938 7888 158414
17656 11616 178933
7908 838 175911
16183 17440 88953
16447 4596 92631
2741 4361 114015
10275 9920 84536
910 11467 172397
8517 5502 96365
13985 11103 111223
4332 5359 80344
3524 12986 199247
5967 18476 82760
4853 11367 140989
8919 1467 99499
10897 2823 186177
6808 5670 80023
7523 18076 197055
11545 12537 97943
3500 15079 125370
9479 3298 126492
3458 11865 66991
19715 4154 43154
16399 12017 178915
36 14722 106262
1201 870 44540
5911 14162 8588
6758 6927 61599
14459 19289 67908
16900 16823 47338
2894 16670 173974
2959 17649 19234
3471 11077 165073
1295 8395 62806
18667 345 112265
2459 5682 25528
16421 399 113225
17536 9324 159673
12528 7708 703
20165 8714 29714
11881 8532 70707
18763 10961 139288
3632 1140 83760
18454 805 76190
18791 12321 76666
3172 7025 143409
5714 7340 23224
11171 18651 154214
8410 19908 15713
16060 6262 108505
6492 10251 48175
11389 13829 7022
12200 8502 157426
6367 11132 119377
19016 18566 144958
886 17189 74005
3269 4129 100770
13179 9761 138880
18701 11046 50249
7205 14669 110895
5035 7191 166991
13039 15014 141295
6099 14071 115210
17562 19393 169264
2374 15725 148494
16021 2285 56953
7813 225 110023
15142 6127 47305
11403 10254 61628
15647 9047 153741
19628 5891 166851
11028 18619 149267
16547 784 5062
2266 8187 155792
9017 3991 61517
13445 11525 50716
15672 19592 6794
1778 3715 185844
11394 20576 171109
5980 10645 19653
1157 16455 161878
20638 6752 56874
12194 5805 20614
15477 17645 55327
12607 8182 167371
17485 430 175515
8211 16830 114503
5444 16329 106225
6076 10774 188784
17395 8118 49013
2026 15169 176003
9376 20182 194280
3503 8239 71390
10511 13586 70208
11655 2223 157428
1087 4999 170422
7407 8747 106562
15602 8033 76992
15346 6986 1764
16327 2872 187330
16775 2428 131697
3824 3077 139495
14941 7942 73200
2073 3301 183161
5021 12926 186280
20650 6767 171018
8286 8676 28983
3919 12676 103758
19993 3397 56966
13907 14646 188523
3591 15560 5535
10491 8355 134638
17819 8714 114609
11047 11235 169490
15550 19410 88714
14187 1064 139966
7563 8262 91693
12094 20292 165352
704 12683 57672
19631 12871 18178
1537 3056 152773
8591 16019 159496
10008 6074 187340
4239 10161 136847
16571 13437 72672
11068 15126 146350
17411 9153 69677
959 2402 59235
20151 16628 123437
17423 20424 34243
20525 20375 194765
17461 12886 42714
15949 14028 174397
16914 10292 155185
17326 9297 63128
18669 11333 99308
12099 3435 173738
8872 4752 124648
16576 1475 32819
19649 11220 156216
20475 14168 60087
19789 3891 49069
4397 7951 121228
7167 10257 104007
15327 19187 171211
15195 13127 107916
9003 10886 163585
14952 14287 178705
18227 20434 92579
16021 20026 36503
19001 10449 61731
3213 4623 61450
17112 1007 33219
13433 6012 12920
17047 2787 103884
3938 13700 187353
1859 10390 43239
10099 18297 137484
17480 875 74547
283 2391 110097
1169 2783 91411
13009 12518 34958
16226 10536 48376
184 907 49693
3292 17109 26075
15231 8790 194618
10582 10547 46873
894 20594 148969
15692 8869 64623
3694 2876 22132
18707 15566 94080
6611 1141 58923
5053 8060 142444
12502 3209 13976
12033 2148 138336
12892 2434 145722
12203 9763 127807
16420 9869 188470
15262 19279 157124
15952 1656 78551
5700 3953 77951
15707 19343 189302
17518 17956 27689
8683 18949 170546
19034 19443 113628
9097 18567 127279
6436 3790 21993
18158 1229 27367
2973 3413 159868
11420 3324 196993
7558 4119 2211
15384 2086 12900
2438 6225 17580
4484 8182 145019
8453 3455 11206
3439 18434 44342
9315 12486 122592
13186 1251 189461
13957 12692 99127
10903 10449 92891
5849 7104 65359
714 12035 44654
8124 11711 54852
6928 10871 186053
8198 15462 4387
18369 5267 81852
19111 10498 43756
15182 14416 53775
5268 7016 166534
16795 6980 188252
2384 6406 100822
12106 3274 78806
7177 9202 74239
16362 19683 179166
8793 13217 199385
13692 8132 104380
19390 5934 126487
10053 13069 10715
5040 12511 116071
13726 4781 26109
2048 20571 24062
5247 12831 180685
17729 16438 5293
17989 12064 132277
481 4585 155819
9578 15954 171975
11926 12396 63649
13514 3194 147459
10067 17863 145360
2669 4319 28102
13196 2458 170036
3057 4627 51714
9037 9078 6483
7115 19716 181154
14121 11019 30627
2265 4081 53323
16691 9248 33419
9357 15844 82231
4265 932 318
15530 15217 147815
16592 9328 2837
8253 14347 189100
8882 15276 79325
18767 14422 123849
13955 922 64452
4336 10961 61775
19806 12341 13937
6174 20690 166700
5301 10484 1849
13029 13015 176705
12087 8476 151160
14109 874 150108
19756 11853 175942
6722 11508 193719
19490 20427 135178
10857 13407 153711
17149 19744 160793
3204 11723 112386
4217 16902 197863
1886 8733 14593
447 936 101021
18234 13487 76919
11839 14266 142130
4243 14189 74682
10281 9379 184849
15778 11383 78273
2257 6919 165462
9333 14610 109652
9396 6935 14148
8891 6598 52907
17804 17254 22873
6833 17419 178523
12609 11401 49023
238 7446 173602
1340 19917 178824
18237 4429 12335
5875 11251 118303
849 12112 103396
3840 18052 41434
4395 9121 196885
7592 17888 115273
1870 9545 156975
5500 16528 143950
12081 12765 9663
11956 3660 162267
11383 1520 188571
1584 6766 196763
10365 19629 115661
17299 8478 8635
20629 1865 151047
14514 6812 87563
17993 5850 140415
15752 19898 48381
15248 12045 183701
15416 1710 150636
4409 20123 174485
4510 7304 59006
19222 18098 54442
16338 6250 11486
5987 8894 111157
5274 16036 93086
12046 7631 29812
18271 8096 191849
13614 6810 9371
9579 7872 165544
8201 16767 177703
13153 19445 35168
10181 5329 181364
12780 8885 48018
6953 18012 75892
12054 11444 185779
3747 20196 36466
13087 15468 130049
16264 367 162930
5918 12340 125462
9438 7805 40245
9937 186 192442
19666 7066 80424
6602 18757 121877
13173 581 4076
1052 11983 120448
3692 8094 94865
5417 5685 110288
13630 8113 39721
8961 7156 91197
14779 19146 166838
10151 15420 160841
394 14425 177593
5588 15463 15599
3409 4545 190961
17830 17004 134939
1904 1868 109871
8840 890 87271
7394 8208 75523
6557 20171 106782
2111 221 30608
11582 17126 156070
3871 15049 14591
10195 13910 105890
12655 3109 45982
1760 15033 130228
6735 102 91448
18042 16882 159306
16462 18516 47049
9259 8399 123340
1347 257 20731
4807 10706 134916
6537 1888 158066
20494 15485 7408
4063 18838 152126
8853 15494 190691
4098 6808 111943
4998 18734 55849
14893 10986 93411
8552 19306 12183
2871 20616 199986
18239 9625 102976
3223 5936 99266
10784 13949 102632
6659 14509 111308
12766 4432 187668
19601 10200 180995
1629 12351 67943
12184 18889 73703
5288 18937 129652
13807 1592 172365
197 6050 53331
15763 8823 9515
20059 5590 81039
19556 6848 153116
9783 8449 96180
15740 7026 197167
12099 8951 9551
5588 847 88960
5318 19902 185312
8583 1926 158166
15668 15471 168020
20711 9112 155489
9472 7883 90518
4690 6554 91192
12237 20468 41996
20517 749 179706
6380 2464 15795
3211 2513 91537
18483 13282 801
19479 16245 134159
12490 10650 104701
6934 11984 20277
11523 11679 24455
262 13002 113847
13946 5422 86299
16613 1645 145276
14800 15180 26659
10461 4021 79190
18484 6822 138086
822 12236 143647
16040 2850 180813
10972 1238 55277
3364 3003 47215
3787 17498 189379
5709 10119 57012
19558 7502 26906
13455 1708 126808
19756 16018 21118
16803 1454 15652
3800 7730 107628
17243 16559 1893
4536 546 2346
21 8462 165534
17761 2319 44972
4006 4072 85432
289 5908 106061
9547 3898 179931
9255 11942 144512
4640 8880 35355
4127 1845 64672
11542 2551 117163
7923 14489 57958
9444 5292 64216
6181 19282 116823
6058 7955 172661
15570 3937 23583
1924 15945 69940
15548 11807 72433
18369 9829 148678
17473 2476 42423
5889 20578 161437
9755 15058 19717
11185 3208 100223
5336 15756 65018
10100 5567 103778
19034 15508 83885
1880 1417 98747
19139 8450 67676
10864 3971 12383
9019 19887 4343
6804 9971 77619
20339 16202 105188
1762 15227 115398
18945 3084 169320
17610 6756 49786
14016 6879 19589
680 5577 6973
6692 12811 140272
13143 15804 131656
14391 11918 162815
18265 20377 13643
13133 17461 160861
7979 5097 25657
4220 5895 153123
10359 17423 40211
5906 20047 171774
12639 2331 136196
20009 20710 144538
3414 6101 62414
1586 1680 95
18805 17865 39810
10496 16358 57115
4959 13990 60367
1632 6354 103559
7262 6487 181703
7262 11751 147968
13738 10398 122436
7567 4303 135130
14340 4250 131440
15534 7397 104272
14334 14832 147237
20248 19995 63522
685 9325 109939
4932 15011 38694
10595 12874 151515
10749 4613 27407
15822 15338 93306
19916 14568 5146
6763 10583 133593
13687 142 35304
18854 17492 123977
13564 20342 16216
815 1061 180676
7378 4788 191751
19274 10081 12557
9621 10964 127068
19213 13784 186689
17821 14968 6931
14485 16649 4227
9737 5594 36620
12821 9054 75166
8111 17706 190935
3647 4079 60738
7572 4242 121233
9947 659 135988
9802 7293 77094
2763 16990 146131
2995 8002 141237
19600 6608 74915
8577 8943 34696
3153 3647 2895
15375 12021 53470
20128 10458 23641
18639 77 18750
17264 13733 177102
499 13140 54034
16618 5421 107736
20143 19790 134758
18822 3156 165604
1631 6439 51713
8614 4118 142573
15687 18010 54707
18086 8700 104281
2150 4033 130425
2595 19534 91733
9733 10335 194816
419 478 89202
11757 5536 166517
16885 17113 154566
8839 1117 11450
11755 17235 105808
20631 17430 21001
3103 6720 83351
3280 4305 186849
8979 8374 178664
20525 11203 20018
35 15146 37951
3944 12540 82031
14656 4131 159582
4093 17718 105663
12355 16018 119111
20438 20689 77501
12710 12008 97468
4320 2862 61284
9968 8475 58165
7823 2739 111355
5934 2916 29914
10655 3806 48168
4513 7716 92000
10860 20236 47638
11147 14516 31162
15797 1601 346
8666 7022 180763
19841 6614 88886
16277 20540 16213
24 94 70162
7081 1625 145397
3311 1447 163760
8256 14117 167420
13364 7420 57243
18690 7977 42916
9421 12937 88687
9999 13771 75052
9364 20228 65676
16918 17929 80567
16744 12247 13257
15777 17503 35774
4009 11522 49386
18160 19190 166483
9093 3480 112219
15157 14630 46678
7728 11503 7577
1404 17700 50295
16186 10408 130267
19879 15758 196350
7297 45 16167
3979 17164 11599
4948 17338 5737
8098 14926 65090
18539 16749 79708
7916 19574 41859
16553 3578 23262
10607 17099 82083
14357 2139 31671
5157 708 32883
10409 7194 11303
8034 16711 153231
8584 4891 116617
4854 12061 89813
18546 6930 113312
14962 15868 97003
1030 4282 74409
15886 13709 71100
13114 3511 79470
9595 7491 53950
5817 11069 33747
17822 7632 189016
8763 15274 126472
11747 10913 115671
12559 9409 106650
4043 918 112415
1895 12834 176221
20362 1782 192027
3331 7269 158239
15637 19236 23488
20016 20464 74361
2738 6166 160769
16387 3925 82721
1567 14527 96847
19349 20624 18815
13963 7113 53101
9530 5237 53581
19391 1369 32845
14123 6336 20423
2994 13638 167071
17877 10489 115380
2546 6143 116235
1380 7447 173220
9328 19852 126673
1203 17088 47266
3642 19420 165751
543 9934 27125
16317 20451 60855
1686 3715 25256
15379 3283 82192
1023 3200 76804
15719 6875 118647
4604 2198 149758
5170 15542 49965
13581 9420 125396
5909 3483 11760
17175 4221 151111
6955 11955 6870
16556 2874 80348
9737 2519 191592
2911 19604 43231
5749 6037 194689
2389 6739 12550
7061 6811 155152
11621 16626 11860
20305 17409 148701
18280 6190 797
5188 11091 17879
1915 8490 40086
6119 5104 195758
10269 15918 30889
19054 16299 3377
15260 411 139291
19069 16656 70994
17406 19174 104675
3545 5723 156575
2983 10527 59154
8942 16041 61457
17213 6625 152292
7391 17830 193090
20464 4077 114017
10692 4860 95153
10509 3475 116846
10442 15332 119179
17151 6442 91428
1463 16136 85183
4913 9338 76292
4376 10540 10212
16683 18828 13380
12124 16873 152048
13758 7203 132771
9161 7767 3298
5023 17319 164854
11579 6352 30240
20491 1464 46227
10714 16862 96397
8133 6359 102840
13241 7098 106231
11746 8249 10726
4753 7789 146603
3036 18479 28476
535 2648 31254
19310 3726 130225
19004 4966 137330
18818 1440 106658
9150 12876 95790
13199 8422 199530
643 2356 21161
20378 9128 86774
1946 4588 82425
518 8678 33755
5624 2600 195759
7265 12565 90674
9657 7365 165526
17081 9203 187129
13889 17998 8914
2218 10544 184038
15429 19491 187139
9688 14521 170973
6635 11341 138094
1524 11598 1820
11848 11230 192493
5828 18172 147475
5269 5559 53678
3856 14765 163818
10482 13058 28082
18832 15006 28777
19850 13067 179163
11487 12067 53427
15400 93 187623
7930 8037 45263
19249 17597 67276
8091 10439 173665
19586 7225 148060
6350 19133 111847
9254 17713 36574
13818 102 176944
3042 20334 197316
12581 8888 100537
9906 6391 196424
13694 17508 103289
17840 20160 170733
20691 18270 85191
1491 6696 186685
15876 16074 125036
18835 6042 111277
2329 1131 53703
13597 18290 104421
5332 10300 5047
19092 7765 145968
4243 11781 142664
11538 5096 37693
1391 16177 6788
8740 3605 112318
20665 9395 138798
1796 5151 1934
3884 20658 162366
18062 13397 22598
5856 127 88434
9229 961 195756
14320 18421 20508
15643 12633 194729
7422 9679 169520
3333 18471 53736
12045 18782 76286
13883 6125 142227
10124 10373 121003
10627 19149 148293
4818 10850 145502
18603 3610 179797
972 13493 191038
13112 20496 134242
15757 13693 135063
6525 9407 189380
2519 19666 176243
7884 5442 168763
7047 5521 3039
2718 6959 53397
5605 3398 156268
945 10046 48333
20456 260 87509
11481 9261 102745
10932 13105 168318
12728 1793 76862
676 15512 54569
12624 5182 95939
10066 19787 90030
10919 2982 72758
2605 6249 139122
4564 1862 122225
14134 16848 147713
2817 6548 183011
20646 20630 182747
18757 16398 186151
3259 8752 150728
9160 10020 51516
7651 13149 124437
7747 9334 97257
12312 17870 188286
9093 12316 66787
4768 8063 167020
6342 12978 103380
10741 7745 74894
14180 14732 70772
5996 17556 170389
17657 4338 91302
6534 1892 14380
5446 3065 12157
8397 2789 108019
3922 7161 162774
4749 16836 104669
19836 9067 41063
7157 7074 43917
11876 7845 109737
11689 18111 9776
9005 11161 68077
10436 16420 44056
4974 10497 127834
8094 15415 16988
13043 2317 66939
16760 12042 190675
15108 17061 47035
4059 10319 137907
14904 3982 16952
2474 10781 68980
2512 10171 111807
17627 7611 125481
6139 4639 139106
20333 1321 195530
2280 15287 178018
18376 8822 119591
11640 15552 37853
12531 8899 74468
6306 18424 107161
12100 17725 89872
18772 16983 78640
7666 3964 173107
18380 6057 49282
5252 10338 37845
20497 6465 143208
11193 18316 124863
1465 14046 79563
2693 4169 4020
9610 14631 198494
18698 14115 188156
17893 6035 147999
1425 5441 71140
15236 15003 46135
5427 8401 176441
8100 19896 195008
8096 6915 181281
12175 11211 148235
10719 17555 189070
15715 3584 24577
8856 13919 41233
7559 1866 191756
3350 10561 38940
9835 377 93017
14993 20279 138844
18552 8407 85854
3581 18036 120508
3072 18604 104513
14215 19125 191250
10261 19744 110123
18118 16835 164594
6969 13804 2970
15722 16655 43468
4725 10510 27866
18709 17646 79052
6113 3584 128442
16310 11340 162994
1994 16480 33976
14481 12169 118218
1867 185 194523
8394 2557 119143
8619 20485 100323
8926 11234 190420
5892 19502 50763
13539 8217 108865
13125 20006 94912
14888 18065 41591
4567 9849 76841
11733 1997 179552
9459 2604 90458
13749 14293 101256
4251 16290 152131
6674 16811 196832
19740 200 50489
8046 14878 107017
429 16521 155403
9513 5465 187293
10741 2701 86959
13425 18726 196058
3112 20079 76850
8682 17943 22938
18212 20051 5682
12115 1152 11853
1409 19589 66613
7765 15084 165657
211 17561 21663
15331 6968 39556
9497 604 35288
332 15955 53171
15729 15577 172061
16280 16441 15949
3914 13062 16569
15066 9402 13217
18409 5977 63651
7964 19105 171572
665 10235 134476
1816 2566 8814
5479 7341 159741
11644 17733 105576
1737 7176 132084
10228 20117 136577
11576 17728 152817
16301 9203 18642
3273 14170 43509
2343 17686 12985
5442 9601 166314
13545 6918 178057
8650 16094 67981
19619 7627 24540
686 2053 105042
11741 7001 98845
17590 14083 9831
3700 7692 7056
9813 16071 95246
12077 3706 189145
9966 11142 154629
17798 602 7844
2707 2967 22956
3780 4911 116127
13083 5970 8601
611 12714 90161
10727 1574 162833
15203 11578 150700
10180 19486 59846
15321 11162 39880
20437 15167 112974
4752 18263 61448
19226 16544 63727
8483 7626 96103
16718 10735 5801
15447 11615 91004
14902 10285 71099
6369 14956 35167
12020 15771 120698
2815 7234 133669
3883 17603 70448
14495 9810 67318
5488 13198 22840
8741 19992 33475
2784 16376 7156
792 405 138630
19845 15038 118819
19826 2176 52066
18863 6676 75597
854 12215 175695
17201 19260 28540
5828 16684 121589
4377 13612 154640
109 9599 3715
1420 9882 63328
19943 1326 170842
20703 6370 153978
15263 12158 172899
13191 16101 64238
15391 20232 149631
15342 15769 189745
16640 2710 146017
15708 19753 105096
3916 11176 154788
14704 12306 79733
3668 1270 185762
3545 15932 7022
8692 4224 103060
12565 3541 30782
6853 6104 136798
14062 17384 63868
2071 5501 103561
2034 8747 46072
7863 3457 62800
11488 12919 129906
15727 17809 123866
19824 17197 125394
12086 14921 86677
242 6793 54145
15899 6552 21028
1560 16105 37816
17131 5689 42160
2226 10243 47114
10260 2274 185692
8141 17293 25824
5905 13705 134438
17228 7693 172589
13378 7705 21963
17738 3614 88969
85 8758 98803
2644 16104 47853
12055 10571 172432
13158 2111 169366
13375 12100 54793
12746 16753 169454
4003 8155 29221
20589 10423 40590
8272 12503 122561
16194 12684 41190
2228 17314 113263
2260 12599 20911
1275 6385 124971
17025 14371 166718
86 20307 15754
17062 8523 10035
10310 18714 168356
9752 17169 99019
7197 6679 7609
9858 6506 178590
16708 16814 141896
1729 7912 95457
13142 10811 10876
11533 6230 180034
18175 6504 81442
5404 5859 47435
15447 864 99157
7332 14780 160334
13987 18025 81852
15649 18718 139307
5815 2735 96179
8921 18827 131039
20017 15179 153934
7702 10983 167835
14765 4501 82103
17134 4258 103376
19502 14639 78258
20642 5277 8433
15697 1922 132314
3988 15521 104086
9665 12991 193319
17904 6369 66998
18845 12501 71383
15926 13030 159537
13103 10632 8187
8505 3032 145035
5376 4855 145383
3288 13815 194869
20018 5013 5348
8904 18474 122366
18496 1356 60988
17386 6325 80952
816 20617 45449
501 20108 163449
14613 14351 146536
17029 3054 166697
13247 15973 188529
9759 8291 68416
580 8471 15603
6657 13828 29058
4297 2165 5237
5661 10537 121917
14023 7311 17077
1190 2145 111190
19510 19612 64230
18134 16697 134592
4108 11307 155494
1709 9512 161581
1872 3071 48930
11966 2010 193126
11329 17300 169266
4306 1185 172003
5585 3750 118214
10703 20087 126357
6814 18668 13135
6250 3969 48869
17652 7216 150420
13673 10284 58972
5834 6080 126483
862 7975 156656
2682 20645 50037
11220 11006 125874
5565 4430 106185
478 6965 6877
5945 15335 161125
5976 5927 150103
8012 11540 44805
11915 3731 136611
9388 18020 88569
17152 14078 7200
8573 898 19472
3042 6771 135925
17328 15984 103684
14842 15594 61866
17739 8440 47855
16017 13579 112208
6226 1154 3562
20060 19564 4284
6952 5861 10798
9528 10107 199479
18452 15283 5101
9152 5762 89968
8314 2647 56384
20717 15887 116783
19853 9413 47681
20709 13337 103842
12544 3460 116777
3061 11578 193333
15019 4199 80867
16257 17487 120082
5853 7020 28806
1072 10821 56816
20656 18588 72120
9684 3889 185585
4815 3251 62368
19785 9275 52845
4994 15685 181614
7423 4234 138785
13107 6633 169336
2696 4559 84280
20219 702 66426
1930 14681 13596
19570 19637 175456
15753 18179 2139
4360 16958 88091
15639 16663 86391
10601 9071 112810
10751 15314 19907
6913 764 53091
20577 16152 169398
16042 5262 46077
19661 8171 83872
8067 3699 82825
10999 6741 100906
2027 15971 195488
4363 3345 135888
14203 13012 137844
4777 638 40487
3345 5468 180155
4025 8131 136634
19845 9068 105457
16679 667 51876
13212 6238 170657
19029 15974 146981
8305 5928 178205
8394 3883 76033
15265 2918 77819
1340 19487 182724
3917 14431 3984
9946 18241 69809
10908 12233 128481
18708 326 72992
12756 945 73690
2233 14354 175224
8060 20133 38079
3836 19910 20240
5473 20244 90208
2497 10157 109823
20068 18443 65341
2345 17722 116663
5920 12533 199239
2105 17630 26356
4162 17041 167671
15467 17659 11954
3524 16801 188780
15176 11486 170774
4887 10147 47302
16125 5988 34366
7406 14567 58716
3626 7255 51067
3140 17439 173987
7658 10960 190174
14785 13836 131662
17468 359 65572
19324 10105 6206
14340 12900 126419
4163 13596 165997
4172 16402 86605
556 11427 78958
16337 1395 195276
4665 18505 112125
12317 5406 175804
13314 795 112946
6830 15731 163910
4868 12177 8324
6842 6655 121014
17225 9993 40068
10054 16654 51017
6899 4108 5846
15251 3111 44289
18630 19389 94203
17457 2364 131914
10505 16045 85831
5193 20299 155219
19674 10840 166625
19782 11707 55303
14894 1900 62028
13866 17564 135096
10380 12618 12349
12881 8528 170498
14943 19665 96215
8152 2923 42745
13656 3600 141113
10826 18555 56049
16453 16387 195847
9170 5430 182316
14635 7789 192615
8698 13347 91850
1470 1606 153683
5715 824 155612
8154 11585 66059
3826 14007 150635
16634 3342 164758
5175 9006 112639
20531 17463 49333
18243 3722 132416
6718 655 39336
16782 4299 196813
156 2 3625
14576 234 185138
17876 19616 109027
13514 2437 116604
10170 3668 199969
7001 19362 116251
18829 871 175817
13347 6804 181475
169 20369 97379
13846 6647 153317
5109 17199 20373
15846 11505 61644
10349 402 108680
19888 12413 137236
2826 8918 69481
4514 1577 12835
4744 18108 72223
4294 9797 83940
8642 16558 134134
15806 11937 114732
7231 18049 14436
8204 1998 158964
17241 17006 30233
15093 8487 106086
13895 12934 196581
19140 18355 104454
11823 19984 112065
6073 20469 152845
8736 20639 183502
4552 12773 55865
17303 1528 84307
2435 8377 169501
17891 3081 1932
7697 6060 154765
18811 9077 171857
8987 19647 119015
772 7017 71084
6510 11703 175941
9893 6312 32853
18990 15878 66408
15882 13900 169518
3567 3940 154524
19527 6730 81015
3072 5667 178618
12506 15879 88035
4621 19096 96582
9581 12681 110524
13802 11782 107828
14888 11711 19290
610 4962 47550
3528 2556 95720
13861 14262 195455
17923 6776 143360
7028 14895 129137
13245 11556 192072
1079 7747 21676
3523 8474 36000
7537 4487 66925
10877 3048 171106
11998 19133 52902
768 16431 8082
4074 10166 108252
17188 16939 128650
11408 11948 53263
2817 16471 90891
18927 7961 199800
181 7837 22235
12382 9505 136042
558 3339 136679
1461 4301 162076
5921 7772 109057
3587 19296 22588
6350 11113 104564
13457 18581 121383
7768 14719 45484
3243 8588 92626
11945 6870 108335
2080 19405 10454
17163 6782 52748
19045 10141 145191
20021 20057 177159
17469 14977 72675
1968 4723 22748
6478 13905 117762
7469 19800 90768
8098 6460 199796
13728 146 196558
7693 9248 184284
904 17902 16950
19538 7611 137497
15993 2610 84678
15437 20412 54667
17721 17318 189874
14825 13583 13685
1936 14063 39518
9937 18774 92175
19990 11817 106245
10804 20659 94169
5055 9292 108356
15019 11656 136206
14577 10425 14606
7072 18599 176591
12291 11346 174092
18809 18388 69727
9755 428 147900
15725 881 193186
9151 11415 108928
12983 16960 108884
6762 4004 96891
7099 5311 57824
123 19485 81134
20001 18185 133017
10027 8137 151718
7425 14730 92013
14426 15241 17930
6698 4157 80337
11298 11250 7198
15814 12943 13512
8402 13266 50472
6578 17436 149444
14327 2929 29412
11617 1020 16457
11263 3473 179165
18918 15361 92905
18724 12891 178113
16991 14315 133808
17118 11641 117937
1447 8844 1012
15405 12669 96338
17962 9158 142921
5954 12591 30714
7867 19191 164979
11712 1620 121056
3747 13991 112392
18005 7016 33611
6852 18169 168843
16494 8546 127621
20363 13024 52580
11649 2146 198103
908 9767 48474
13959 12866 160058
8966 19950 30764
6780 15057 179755
13987 4707 142484
16431 11525 70580
17190 12575 1563
12082 3022 132534
7277 3760 112359
9011 12319 197760
16245 13796 82141
14238 721 100018
1731 4898 93089
8898 1942 87759
7751 913 57663
10662 14145 76674
4037 4253 192446
1060 15121 126203
4057 16404 16407
5223 16772 122305
3016 2348 81392
12866 8 151313
5597 2858 86559
5245 5959 99460
412 7515 50951
12598 10278 118695
14389 11470 26234
4998 12057 196879
11521 20192 45498
14596 18865 100416
7231 6418 48869
12146 9992 159448
14791 3377 74204
13662 7716 184908
10770 1071 44676
19964 2579 196292
18016 3402 170264
14706 5887 75683
16307 15148 59828
2527 14867 186845
3008 17997 64686
19357 8044 30577
2804 20699 82536
5519 5697 87978
8487 9805 31152
1690 4517 81996
19255 17644 44722
1828 4058 159568
17332 6800 152911
18721 16286 125477
15615 6429 69025
17951 6372 162733
83 6549 148515
17361 20372 20700
18107 15788 195230
15459 19868 4016
3921 6667 101043
17934 9545 71688
5780 18903 178231
1911 3764 34163
11191 20591 31602
10778 11914 85022
2469 18224 15295
19946 460 157324
18536 6314 192362
11133 8045 184312
7940 7118 37532
5025 587 14864
13793 18441 45528
7943 8481 63624
14379 7527 198089
16064 2120 47916
9264 20345 192940
6810 13491 32573
2860 10316 195805
18170 19175 90165
2745 15359 151052
30 2611 51651
12041 19455 31137
7043 11788 27828
12705 18040 43260
10379 8571 27153
5640 17064 196137
5969 467 198679
9845 9475 5065
3558 11983 168712
10614 11258 107198
4995 3814 129544
15856 11652 68223
18244 11551 19679
12490 4854 55501
13150 20539 144455
12763 18353 98655
4235 9859 48057
2437 2655 193310
14648 3163 131520
12333 18019 46451
19706 20259 68468
143 6199 12675
4986 1900 195645
15364 17554 36961
5178 14824 8675
8739 16918 45982
16282 15952 77583
3815 12126 23612
12739 13777 85047
8805 8567 166822
1676 21 20471
16485 1456 178915
3237 9872 16306
16693 13498 113214
2147 3933 110504
12948 16842 129583
7963 17880 175702
2708 19530 134585
18905 13907 10589
6321 5523 143698
12832 3972 192240
17681 6888 62724
16889 11159 158560
18590 4908 35602
465 17364 194026
8196 15616 14165
5206 19248 6283
14263 409 167845
17410 11976 120778
17544 13938 196708
3133 284 75652
19694 6975 182216
16567 666 105544
12317 2764 25925
12487 11155 28017
5780 3940 126845
19046 16247 93141
5560 2897 157581
11264 14260 153751
18239 4539 92103
17264 15394 169968
17580 5528 138254
14222 19115 177070
15786 15641 59902
7314 5309 105862
1678 15221 26405
7360 4106 124366
10380 6706 199858
15732 16807 137362
14066 14417 60998
11004 12465 176280
12647 14655 160209
19016 2130 133183
1532 12817 147168
10570 20443 21694
3595 5864 25346
5395 9895 137198
12369 17869 174404
14181 12388 158018
2016 19383 114192
19210 1785 181024
11070 4381 86217
3779 8352 141769
20218 5692 165499
11235 7974 191597
990 16279 1130
8598 7022 176204
1158 711 187507
8161 9978 149452
19344 11530 175400
5617 237 144384
12508 20328 126035
3050 1055 23775
8797 16810 15923
3763 5464 94948
20422 16437 86874
7286 14018 74492
1553 11698 31705
3522 1629 74135
17890 17102 60112
16005 8240 77485
6524 19011 138636
8390 11288 104402
13621 9916 88595
18568 5626 161870
5209 18349 176519
5015 10403 168488
4008 4446 50561
2896 17309 18978
4008 14054 187554
13071 12403 179848
18850 3387 193278
12383 20551 19203
8579 17703 119319
7471 2049 178703
10218 16397 105220
20036 2636 178791
17416 15698 144406
569 6285 59537
20111 6451 50811
11029 12721 110724
2043 10550 93909
20526 12097 129236
8964 3555 115521
18852 10635 44105
7875 19070 162043
3948 8626 155138
5624 13018 54914
12137 20563 116027
14925 7803 153529
14822 5329 173757
20226 20382 79812
3328 17121 29626
16790 19568 156079
6704 12627 25756
6272 6208 183940
2162 19101 28999
18636 17431 119949
17791 6736 110193
17701 19858 68471
16435 3909 184601
15344 6752 126174
2772 8854 92040
9531 17190 94895
843 7252 11556
15866 12188 37075
18341 2155 167310
10655 1112 150708
778 18963 85747
7959 19991 124662
16719 10042 17215
7436 20215 159629
11777 7487 4188
6648 11447 184344
4013 9723 183828
5523 8518 42099
14557 20185 105905
1588 5116 25039
19633 1780 28368
20588 7360 39730
15519 13287 177775
14436 3239 189349
5549 13640 118673
4121 20318 3670
17042 18199 27899
17272 6468 189424
11612 16017 146327
16504 18746 87318
9069 17149 174244
11594 888 29194
11387 19028 78758
3388 15367 90879
11432 10180 134502
18228 1775 173564
1825 2397 116108
18828 15164 175877
2462 1522 26719
2495 17786 68322
9251 8989 79515
9833 10441 71092
10726 7100 1814
13467 12276 4320
5520 16673 12296
7688 12970 46273
3629 7273 46049
7169 7869 196577
3303 4592 136378
10610 17263 145315
11197 18766 58505
10591 12130 166371
1172 3737 99338
11321 9693 154326
18100 19725 103616
2888 16529 105178
7336 10025 15241
11002 6920 42752
4240 4934 84196
19642 4437 174663
6366 8997 119036
19953 16999 127827
11059 17232 13594
10389 10208 158483
11308 17559 37704
278 20217 172746
1712 18244 129119
16273 1236 90777
4565 2924 64997
16690 2673 111244
406 16766 192784
13155 9214 181717
12108 16002 122583
9397 11606 111932
12975 3548 189967
11919 970 31976
11967 17153 68887
3271 5486 45137
16340 8316 147826
10535 20154 113830
5146 19532 16213
16273 15384 107636
6057 7282 196370
14820 13488 160018
9452 490 152909
13672 15667 76490
1442 10388 52766
19285 13452 18157
20519 18325 12181
4052 13366 127442
14137 13271 197790
6848 17489 78783
16345 1621 152213
15747 3337 71223
12973 12685 165219
16090 12162 45308
18787 1766 67468
18977 14175 20166
11188 20623 188724
7314 13891 197100
9778 1359 25462
1213 360 116026
10781 2979 11959
4827 14483 33632
9448 17587 35528
17201 17565 102708
10601 5356 177516
5126 9788 48453
7007 4275 94289
13683 1259 106944
183 9239 76523
15800 2884 129183
8527 12634 23620
15709 436 54200
8340 1604 102452
10266 1041 10011
11502 232 95235
13495 19209 110185
507 9175 132576
18223 17916 4393
11904 13198 186345
3218 9698 107165
1822 16920 43880
17936 14043 20387
9406 1431 81144
18325 19465 78616
2670 15431 23991
16270 14225 180382
6363 16239 124674
3561 19320 133875
18249 8085 199196
379 16691 23607
14207 8582 126856
20499 18137 157254
11135 3970 72907
18486 17806 33334
11873 7164 68413
10911 2447 26974
4230 13603 84260
267 7440 179512
19274 8380 198217
17979 18742 176341
6178 4886 110853
19766 1103 27074
17226 10038 13822
17119 17908 132755
19562 15723 45409
386 19304 93795
18573 16141 158715
11284 1458 54435
9518 679 99714
11303 8925 127483
19575 16111 40509
12850 4874 132217
746 14919 25976
4679 11565 77824
10895 18024 102554
1927 14333 43328
19401 12573 97526
12911 8199 137235
938 13164 182143
19181 19578 141474
1931 15310 96418
9944 19044 95064
1764 5971 199359
11565 2411 72148
1137 8007 40897
13805 17239 16709
6644 3733 86948
4563 11938 42997
3420 8430 76058
17648 18125 97777
10905 15118 170041
2794 11674 157022
18463 15006 105003
16296 19769 55017
18104 20509 83000
16386 9805 65373
5297 16749 187632
12886 17279 121799
12741 9284 78437
6444 7755 115390
19467 7338 96556
3989 19348 121186
19474 14970 131736
10415 20708 129392
14979 5559 23134
17650 16805 95120
3090 7012 84026
18101 16871 46892
3531 13871 163165
10488 16029 147691
16300 6091 16457
16296 20253 131179
1790 14461 39736
4317 3971 106498
13118 11959 16132
4749 15578 85214
10353 1974 82149
9464 12674 16308
18 11178 11940
420 11805 24238
7041 16219 182600
2417 11769 111213
3070 12010 54559
2709 15859 140911
389 6497 164634
1611 4945 10252
11589 17348 102747
16520 11320 27385
4786 13873 66020
10399 14736 127240
19553 460 23564
14242 1041 21455
11524 18288 158941
7994 16979 169635
4687 5662 160692
1110 8602 25119
11317 17412 7318
7054 20085 145143
11491 10968 183453
8259 906 196196
9565 20707 192229
9117 437 33089
13274 14454 129245
6265 13455 29947
17196 6078 81144
17898 390 27045
2996 12983 166384
10368 18851 195259
9675 15803 95579
13484 7392 81816
984 11439 154643
12206 7143 41708
11845 16460 35400
12402 965 196961
17476 9901 118291
6195 16642 50584
16286 16760 96580
6448 2661 82608
7768 1283 197767
7636 1535 113796
9221 17188 17346
18144 18032 195837
12767 20614 142303
19293 18575 185531
11531 15543 185159
18344 501 168093
875 8108 101688
3836 12486 31547
17374 3320 57420
14476 19219 98799
3407 15870 167391
11441 14547 10572
10651 4393 20033
5773 2521 22103
17315 306 96449
19798 479 47757
13290 677 44035
16758 13133 193953
10114 18031 40963
17980 14300 160586
1171 5943 68294
9643 3147 97005
7078 20122 45941
9425 19774 127397
18736 17783 22138
12556 586 57660
11261 10757 170862
5290 5927 67960
324 15880 14769
13628 3671 4516
15877 6717 76994
15051 1369 188574
17408 11858 80810
20480 10187 149492
15653 7662 190987
10660 7416 11827
2729 8310 65624
18304 3669 137082
14326 12410 84763
9941 6779 12011
4800 2068 104154
17732 7503 48588
14420 7733 141737
13813 2720 135263
16281 2181 142977
5535 10916 118681
1812 2946 96447
2450 1981 96114
20161 5621 136658
9254 10844 30675
1267 12630 6302
19862 12132 71252
11134 6430 72473
5584 14581 143358
16343 4935 193993
20617 2616 35247
15986 11363 79179
1234 2754 62866
12273 16723 62559
1937 13660 139072
16512 4850 51399
16261 4991 54308
10386 6201 183801
15193 16490 182432
15580 2922 12384
5068 10039 60655
3498 5906 87894
1421 12822 159044
14365 18943 74561
12052 1248 91285
5410 9607 48622
15455 2953 10300
7296 5212 24107
14394 14211 38138
9501 19037 155882
20501 9393 166177
9745 8508 28460
11982 9711 122189
11311 11243 140335
1570 10011 64833
2498 4921 44459
16339 15026 40506
16294 9938 11262
9125 4745 27953
2383 8071 29121
3268 18122 27780
54 10404 128512
558 7580 30326
16786 7904 42397
8581 10304 182726
3442 16937 87711
18776 16207 38000
17754 17639 47780
2037 15445 128662
19005 17686 57869
7924 6978 92087
5316 3543 83572
5184 8161 22882
12816 13551 41608
17570 8894 16353
17070 16997 188038
3318 7748 148727
18152 19181 96455
12563 2651 58973
13649 15836 120197
2909 4959 139715
15320 6684 32833
17425 9139 127889
6965 6665 38114
4238 13017 177141
2549 1885 185671
12201 18990 79783
18712 18968 54059
17845 12296 52556
20447 11490 141324
12847 10807 92389
9041 126 35029
16585 3817 148292
13007 13770 48067
263 8795 55342
2943 5142 139428
4260 14332 33245
16072 4607 58446
11076 7103 46420
15201 6594 39672
5548 14734 80698
16195 808 103911
6784 1104 104140
1604 15845 25249
16549 2983 79310
15843 18340 115777
943 3869 124644
4310 8025 97678
550 6481 139139
18299 6479 173558
2463 19129 130802
9486 14566 55165
4109 7542 63687
13121 1382 123578
12251 18048 115002
15503 14000 39595
10855 4498 1675
11870 16124 32968
14455 20321 124577
7242 12564 47232
4073 919 10121
11322 9202 21728
18585 19045 125497
333 12525 153563
7389 5713 25434
17952 15793 96871
3196 715 153064
13458 14553 88476
1057 5436 103258
10055 18515 144563
12839 5752 161715
4397 20214 12357
7997 1107 137421
10396 5330 5043
17331 2651 71192
4540 19351 9096
19212 12930 91620
1719 2802 148198
20666 3592 90442
14720 9356 65197
7780 9500 192081
8152 1667 50746
5914 8257 77040
3651 20517 37616
11561 18223 6731
2239 9856 84572
19288 10392 158404
110 19132 133646
4270 13574 36053
6158 4619 134321
3338 13499 83635
2311 19816 1435
6307 7396 86104
17872 1683 25921
19186 10803 163496
5034 6169 190076
7268 19364 13906
15664 9491 129445
3765 937 163753
9602 14001 23360
8516 11894 169720
8467 18668 34000
5396 14456 61179
3682 18862 117923
15298 19448 50858
13588 5703 27010
9650 11953 106655
9770 7895 72686
4275 3911 58837
5724 16096 170382
1799 6338 115242
19792 15479 133364
11297 18044 186432
19647 11737 86948
13685 7322 96643
6107 14133 174573
5174 11450 167097
10699 487 44760
15316 19887 190940
18243 13497 179309
19088 14970 170171
15072 13073 38532
16161 16214 195933
20043 1388 198067
17660 14223 109060
7926 20137 55524
16870 5159 16673
19829 14726 194076
9189 10593 62534
10830 10548 71393
3995 3803 85668
8983 12835 186168
15114 19866 187025
2243 13743 24810
16486 15705 57749
15498 3967 106053
19141 19831 122801
20212 19081 86007
4371 3961 176398
2197 18900 70052
3600 1012 102673
10823 5699 32107
7030 16000 99563
10105 3049 133752
253 4620 41155
14013 5963 153515
10185 1078 106255
1589 3095 188989
10899 11645 105617
14748 3374 91627
18523 13879 162034
19006 8004 89329
14249 16852 77718
17466 4074 177084
11412 2965 144699
7343 10881 14842
3744 19127 91969
19069 19771 53473
11219 19942 86733
6954 1364 42430
8906 15579 152622
20310 11978 172922
3266 8157 120109
4178 12836 138755
3334 11344 110756
13014 6480 101671
7276 13650 104166
5436 756 159947
13772 13709 110411
16809 8330 74157
10517 3413 182752
7179 11009 140409
16172 1687 22159
16589 11844 62944
1595 14936 67911
19557 19015 79738
7885 11448 73244
15330 16947 9509
4851 16892 174283
7488 2412 161029
7235 19546 69186
8538 15326 53921
20450 20012 73278
10627 17197 29538
12170 14599 170955
14338 11165 4306
12538 5394 171046
7865 15675 14902
7385 8561 169562
3875 16842 143296
19664 6829 124751
1097 10606 140473
4220 9380 163361
5125 2752 103535
2595 20022 119919
17166 17002 109190
9384 13542 33586
1671 6597 105648
14287 14645 176503
3319 7687 7464
3814 11319 36986
12576 12700 172996
1363 10282 42849
7199 7512 49326
15168 2559 27396
13344 17008 108803
9855 16514 171282
14342 14126 99309
4147 11366 172304
4677 15464 62510
14976 19749 84924
18944 15757 10469
4572 92 174962
452 15575 191886
13360 15392 152454
15430 5707 107204
19944 10668 134888
1120 14994 19109
6412 16828 124217
4189 19165 117657
17432 2922 94643
18888 19680 125701
6643 9648 141613
7411 10286 70566
13176 8207 90761
20660 16133 104867
20271 690 108586
13146 3100 117485
12765 17778 18105
3690 7802 112860
309 10393 199237
18473 19648 99268
4422 10888 92585
4647 6929 53097
19430 15544 179358
6672 18882 84768
3276 13496 19622
20285 15279 155808
4649 3305 126015
7085 2493 71078
14296 11305 134334
5283 6033 62125
10958 6583 16009
7341 8558 8456
17889 19324 95743
1262 8457 140369
14230 12649 129108
9817 2825 44711
12772 6818 27879
16201 11675 84084
7084 5088 167126
8757 2012 84352
15030 3262 97482
10033 6407 38976
5349 5936 134339
4513 2462 132881
19714 9624 114632
4164 13642 187690
16002 18803 168461
9425 17050 43256
19733 8260 2101
19373 4558 47105
2620 18074 25530
5610 20102 76834
15874 17658 184766
19399 6116 65601
4143 8251 4473
5790 3537 39540
10649 2220 93589
8664 8873 186190
8737 17741 75568
15391 8742 187734
15666 3509 3543
1565 4698 171351
18750 14047 114493
19413 15048 146515
4387 3583 141659
20200 5520 64302
18912 7082 19280
19290 20177 139098
2356 16406 199562
9918 13598 168344
19757 1507 95347
14640 20586 187355
5218 1187 134045
16067 19325 127514
8704 20532 63178
10167 13279 89498
8348 11327 97671
1938 7051 113001
9189 1148 109712
635 11898 135224
10626 8862 51091
17506 5553 184156
18462 14596 164028
17324 3307 130825
12298 20438 2664
15884 160 128653
1377 14143 33938
7880 11467 13498
13885 18480 59122
3219 6493 195896
2101 1256 28614
20351 19913 169230
14013 12110 168970
16304 8051 169850
17278 16597 84370
10616 16692 106612
8359 56 73436
14837 2941 27459
13976 9618 61269
15304 17964 29592
2404 15272 75813
17993 19163 158172
8792 10747 135644
2818 12378 193903
9587 5984 126355
290 13548 17007
2868 14728 135279
6757 10165 123366
16371 3980 199332
6964 2130 47300
18972 12974 25849
19220 8659 166138
17397 3690 81211
2720 17483 92738
3280 1449 45548
1142 11649 51396
14985 11340 103329
4478 13341 25009
12757 2510 122310
15575 6995 109765
15184 4253 57722
816 10733 187631
20019 17777 157340
13679 13972 121468
11190 14028 92464
17523 10064 67071
7497 18302 65346
19304 5612 77411
16306 5990 100461
10933 249 186360
2475 3868 29782
19429 16570 80317
4269 10678 109024
4760 20491 92269
10314 2432 68791
10708 1413 176965
5733 15879 178526
13134 1756 12651
9477 9086 163444
20580 14821 124171
6340 12608 30569
16717 8019 40149
1115 13386 168498
19902 915 165548
1623 7323 37705
13945 4204 125733
4787 19359 178568
4979 2414 30398
3164 20184 168387
7948 16595 189660
9677 12479 167379
19854 1662 142743
8859 2331 145937
7625 296 73484
19176 10742 145299
20006 7034 150599
18795 19192 161655
18864 19597 3398
5966 10906 183685
826 2195 187021
15902 13225 54519
12474 13203 85348
9678 5418 26145
9997 14634 45769
15095 6854 131369
4805 817 13651
8975 1304 189705
9435 16951 125361
3926 14035 175547
11409 11479 65437
17177 10732 170689
4298 2182 118625
18930 5166 80663
18416 5637 177013
15500 1148 174844
16285 6046 2789
15518 17870 101131
16600 12287 114024
1106 15759 113602
1546 9002 56953
10722 18541 169695
7424 7617 170311
19840 19400 115016
8769 7616 96530
4286 10885 94118
3145 16223 124989
5546 9612 65362
297 14709 33380
6209 15767 73480
17801 7144 22971
17843 7704 13701
9236 19207 172843
19777 17868 143491
2113 3349 13024
2368 12216 127066
776 12953 163328
4136 10579 140344
11897 2251 100700
18266 7086 140138
6651 19629 187139
9478 15446 69453
641 17354 84428
11433 20416 87427
5004 8824 40454
365 10289 9209
19300 16079 132895
14076 13403 160967
13459 6273 148704
17630 15772 173755
20033 3484 144777
1560 9359 121825
2291 19636 158263
13126 16802 25174
1561 17242 32499
14487 7869 68964
18508 17074 106551
2180 903 27588
2430 8710 166109
12411 15305 158956
11402 14532 19954
18396 7882 79061
5942 3748 19055
10787 6261 39088
18184 2316 195702
11392 15794 161088
11421 6661 41510
17230 18435 96120
633 10340 102710
5108 14143 166782
14071 9906 155484
13666 20704 10971
12023 7383 52078
10558 14731 111132
13553 6650 111972
858 14441 172953
14516 13109 81664
2668 16789 115828
18845 19456 160685
3722 7424 70929
616 13131 167941
12642 17991 22124
14784 20254 108684
14030 10663 14764
898 407 122002
8433 17764 109696
18744 638 53324
5982 938 8367
567 10318 127775
17131 19681 67143
7760 11933 139245
1702 2906 79277
20493 13735 96248
5002 19442 94166
3839 20141 101763
11049 12150 102636
9039 11971 107013
3217 9293 127250
15001 9734 74961
15726 2960 128308
8058 17771 86253
19938 5811 193106
19606 17438 56172
19089 12381 147447
2691 16804 43631
10090 20199 4823
18695 6283 69098
11237 11580 176750
12908 16580 133285
16027 17305 105457
2108 9076 161894
13688 9102 62215
18358 17136 85271
11257 14747 161276
1837 13664 2180
9345 12838 19434
19365 16166 72214
9192 6905 194502
14919 9136 115188
12794 518 119729
13939 2386 191479
17194 1337 174584
11563 5027 99457
20383 15376 3448
1608 17593 7445
16509 6529 127125
12921 13787 25488
10609 18696 32379
3326 5710 147176
1622 18500 27104
1815 5095 145143
18960 13482 136098
17750 16606 97548
5969 18476 49788
8985 2658 65455
7834 1219 76206
6874 9815 47330
8229 17217 193694
14834 15345 195534
3566 3829 62696
17854 7466 118348
8026 10112 130603
15837 9922 61397
17248 3619 12157
11190 340 101839
2594 18582 165488
422 18220 99743
2887 14145 118382
6618 3691 140581
11803 13101 66158
5398 7032 97642
7986 15869 75850
10446 2159 8777
20159 3472 167655
19722 20471 55170
17322 1741 114146
17032 20515 9567
14816 10183 193498
11480 15963 23851
8194 1016 120831
4318 6055 121109
595 5251 3632
10835 3727 142865
18856 12398 41715
5782 12324 134086
8958 18030 6715
2726 3527 53714
3202 15425 66841
4163 18008 6710
1651 7951 60594
4410 17261 144783
17307 1653 166820
12492 6333 180284
3611 9408 86399
13909 4702 40915
9297 1057 21959
17615 5810 17590
10436 11879 3544
20661 3952 155863
1832 18965 142909
2799 4007 73636
12671 16215 117919
14711 358 105314
14703 3287 33894
12564 6008 38552
9532 15225 143249
20543 4498 31047
19067 13820 182984
17812 12815 140431
230 4260 116180
6584 16530 78408
20205 1092 157990
6272 8957 80368
782 19512 75061
785 19948 155365
6593 324 160652
18761 3098 31489
6505 79 37896
8722 1862 111634
8278 10513 133375
14869 8944 153129
5099 19705 70379
7887 2344 40343
3576 16910 105071
7593 20042 14258
11390 18029 22761
14929 2847 136726
12066 9415 61375
3430 17938 88414
6293 20094 161
2715 9205 195759
20514 1329 118630
12203 15653 194022
3438 1526 187918
6281 3312 110939
3867 1407 86539
3304 2859 184065
16831 14467 39870
10360 18863 43341
11709 15971 82697
19726 6577 131356
4774 5744 139972
11710 12388 120905
15609 13386 69817
16164 17056 92410
19317 17179 151206
5643 9063 94047
20680 20158 192029
19247 11153 57612
17536 19043 147036
10978 14024 89736
19729 13896 120282
4626 5065 90063
11980 19047 185929
1923 8505 190582
3018 13283 11260
3160 10637 112189
2760 8522 54793
13327 1363 67444
12377 15499 57253
8521 2084 27746
16103 7940 164242
9271 19022 103515
6511 8969 464
15577 16871 97484
1849 19366 50057
20113 17068 125702
5609 3298 92464
12675 10853 168144
8470 1368 199911
14524 17173 73301
7057 2820 110704
19141 20243 136709
5286 19925 175732
11179 3650 69710
7873 1777 121917
1609 4585 137466
4538 17579 172810
7266 12256 94523
9410 16211 29825
15869 12558 71633
5618 18764 157462
13562 1749 150204
4196 8002 3758
14062 5463 46296
18736 4382 46813
10122 12468 136720
9837 6421 44587
14958 2606 149338
6278 7821 10219
3547 12057 81727
6253 15843 130190
16873 10139 131547
15931 17748 178534
5836 3732 191276
8858 18807 124145
4987 18451 56837
12131 9915 72525
13584 14269 184112
9624 2795 137135
12301 18095 123893
6443 2156 123730
10862 517 187802
7949 9919 60201
13608 11015 132620
6599 10615 121123
10070 662 173107
14603 13045 160168
20250 7868 70746
8538 1280 5696
6823 16237 46639
17471 11664 21533
16085 9291 86688
5170 11863 55994
11610 15160 37662
6126 15211 153203
19099 10776 10803
14554 1027 167889
4209 12423 146290
2413 8516 59054
16588 16667 178532
8223 6760 2303
5134 11499 189321
7008 6142 6196
9990 12923 168563
12861 17902 98216
1111 1258 81422
11324 8971 129741
6458 1243 117753
1571 19659 2309
14274 1510 25397
11187 4548 82851
18517 5202 50729
10225 4663 123524
6681 7433 33471
18406 20685 99810
12153 3268 55957
1507 13532 143383
18206 3771 118190
3790 6603 142569
8286 20459 169114
17224 7800 69933
13339 7111 48456
15317 3171 116397
4916 11357 106858
14977 1332 185243
14560 13627 184363
8618 17535 112040
2859 5032 13843
1972 2181 97255
18242 12783 198116
7238 207 89124
12415 1784 41797
17335 19372 22271
3501 18676 160207
13430 5256 190292
17792 7426 107616
11762 1159 34615
17056 19342 38249
19286 19012 45902
3563 20441 31947
12030 18974 77780
4360 8595 119733
9656 6178 43346
6147 19880 66029
8639 13660 36536
6210 16366 166467
5112 1726 3431
8885 6717 198642
16400 20181 113816
6917 13486 57127
2564 11300 34554
16768 14634 87173
18377 3604 55808
19500 16425 47697
17160 1450 169939
9830 1657 126336
6102 4806 126370
2174 16667 14953
3636 16514 147910
18155 14965 153828
7746 16026 146405
6345 4521 34450
13921 3754 114293
2279 16090 32878
6803 15760 69402
13982 12156 174823
12350 18971 101112
882 2054 94609
12072 15603 62205
7591 5515 170999
1929 16573 150572
1843 1930 161657
4157 7937 137985
7105 17905 117280
12677 1152 38526
15389 12402 79921
3662 19184 133472
8300 14040 45108
17617 11284 148914
7786 15863 11771
3332 14427 41327
16390 2024 103922
19577 15242 177187
15399 6355 190348
15935 18339 23278
6233 17373 152417
3694 9839 98453
1768 16955 65810
10322 10435 145513
6539 5858 67692
6876 11209 1881
15852 19483 68059
11882 8518 37439
5880 16653 50838
18712 13668 31619
13665 13686 154421
9652 16345 142027
1142 10490 107985
18610 10179 53283
2543 9541 106315
8310 14853 159878
3638 4141 172234
16185 16480 137986
17296 884 14929
1262 12488 41483
18931 17737 39311
20124 14920 44927
7833 20294 197456
19792 7896 141380
15864 19732 102121
7549 13509 47677
3679 2927 194953
6031 1133 45202
13387 6715 22448
11729 8866 189740
20675 7541 74855
1301 11226 69074
10479 5121 71046
12038 6974 100491
2337 18600 163922
9711 10197 90232
11571 19131 19826
17708 12873 35178
20289 19722 128937
3016 15122 38334
13238 13704 17599
6021 3972 190379
16725 13534 89004
15141 1513 104671
6806 18966 142868
14090 13246 103028
16741 7196 68983
4522 7547 90293
14240 16765 65963
11990 9836 73057
15133 4100 88433
748 13184 18520
6871 15266 119495
4373 11840 102429
1063 13814 16311
17352 3547 183104
11440 1337 141907
14834 4187 128592
2823 18717 61327
10583 7949 103575
7456 18281 55342
6993 6011 104675
15970 1269 174719
17494 13578 177067
1608 7458 100764
9969 7828 135425
1912 2632 131860
15563 9343 132399
14883 10411 119241
1905 690 130586
7438 11727 115885
135 16098 64229
18238 19935 20442
19566 1895 179063
2943 1292 170595
12483 18575 124517
9867 4448 73779
15322 12287 66134
9446 19283 71465
14495 13304 141153
3847 14367 12689
13652 16597 139125
4457 3835 184566
16656 10922 38171
5050 15622 119785
9809 17090 159717
20701 7809 181487
15233 1819 832
19972 18437 81195
4560 20610 178622
13194 15721 198239
1465 18884 84591
16171 8306 48220
5272 12693 156190
5786 17319 182077
10777 3950 33179
19649 14243 133832
20066 3274 187740
1400 7131 103792
418 14572 160197
20444 4396 168079
10270 3260 144841
16886 19402 116118
15658 495 18391
5197 5989 68550
7301 8586 152415
15696 8999 114630
14212 2805 198262
4019 9343 143212
10682 12727 196330
11040 11790 77946
17512 16372 66496
13432 9314 95652
8072 3344 70032
7139 18603 133689
13090 473 147984
18086 2117 138230
6419 4425 64262
15779 1817 114021
17911 7097 73887
11023 17383 20505
1992 18491 25039
11693 20651 117882
5110 1499 173941
13543 10656 21475
16075 2861 150791
2847 18141 117426
14852 6943 73304
18364 3360 124183
18268 7596 190614
10882 2046 169990
12480 16169 75543
6129 8275 16500
6222 37 187834
17642 15381 144482
4467 204 82477
17605 5720 81915
17658 20728 21196
4625 17109 119588
7562 13305 103472
12513 6595 142191
1695 5378 91346
8772 10845 34616
3023 9967 92775
8963 8584 114730
3039 8580 43099
192 10358 113395
12653 14458 149118
8805 225 176284
17093 16098 51480
12358 4401 176156
9096 8013 4249
8132 3390 126646
5228 5784 7753
11355 16482 42430
11900 13298 26709
2842 6587 63926
16268 18049 197745
12230 15987 138301
16857 1736 43196
14792 12807 77182
8158 18068 33096
16688 1995 144662
11299 20520 54762
10895 15995 190148
8606 18191 164215
20144 1150 172595
5795 14515 78282
12206 10296 166099
10992 486 187267
10407 18611 149980
13832 4304 55448
5527 11631 156509
15785 5732 85627
5997 9018 157732
17609 3518 27181
16924 17022 123110
888 17135 15226
16295 14661 85665
9432 2361 95534
4803 15367 58341
2958 90 69296
10163 19513 78290
2471 3474 152041
7483 1970 21895
14564 788 81616
13218 11003 127230
5838 1429 138582
18602 9127 8866
12808 429 143520
5979 16130 195434
11732 10483 98419
2513 13414 112551
6414 12613 152331
17010 16347 174890
8392 3970 185547
1953 17332 156360
3029 18751 19792
8526 2300 109537
2132 4943 15833
7287 17162 80338
762 1313 8885
19760 9654 103503
17527 8064 178152
2757 1889 116634
7372 8315 130071
11877 4152 141531
3027 6257 57449
4259 5916 95760
1711 2338 98886
2352 16850 49511
7076 13168 14223
1474 18361 143160
2688 14172 178153
16162 7344 39249
13210 18337 76777
14511 17656 68669
1208 16515 154479
7264 7044 39488
8220 177 730
11868 5376 19473
7700 12909 44880
14811 9741 174283
8110 13465 104210
5876 9869 23072
6165 14807 118561
13357 5788 132912
10695 657 29594
4038 19249 14279
14505 10016 11278
11378 1535 106703
6673 19287 64263
11728 3887 162277
6926 174 184540
12015 15241 71498
7513 14878 132170
531 2431 76849
13590 16890 11684
9889 10227 78894
14604 3459 170720
9935 20649 195891
3674 5205 40787
12695 14688 138698
6989 9219 127980
18258 4295 90629
2451 12244 21474
17767 606 10882
11672 14441 16554
8364 7701 62345
9623 7872 1866
15422 15981 37365
4980 13371 110594
13636 11902 48262
13915 15985 179000
5566 375 67032
6714 305 194489
8212 12334 127902
17119 7699 183156
9293 3150 43759
10863 5497 179176
12323 17719 153147
14103 5489 64268
6844 5556 109964
15104 18700 196011
20655 17685 111861
11060 8867 80579
18798 8023 178059
16269 14997 88332
9196 8076 73300
4565 9100 66517
1693 11475 16840
8940 2423 66528
4883 6600 124582
11518 124 26442
3918 1397 38283
3875 16598 48465
12030 8396 80480
15218 1245 21926
12990 17135 101541
9023 19587 183659
10265 357 88299
9558 968 109334
1022 20598 3301
16945 13289 145286
11515 11665 135189
6437 8954 95055
4669 18853 192067
15681 8393 11618
12507 12628 105808
4180 8298 97562
2591 14715 107898
8586 12654 187455
15063 10878 2827
15878 17938 116890
10301 4624 166539
20189 1076 187881
13727 15095 83149
8927 2958 135684
15284 5690 154330
5611 16093 169326
11098 12114 199962
14229 18753 161047
400 13069 54106
7556 7153 61470
15394 12716 165544
15605 11876 118145
4388 5812 93506
15195 20114 70405
13696 848 101868
12937 17071 165012
10702 3915 163377
10352 20183 93832
17460 18665 18494
11771 9288 73213
5622 16287 22313
10836 4685 30998
15173 15250 72635
19297 16949 140455
16535 6371 64889
15775 18341 78256
17776 12220 152237
3867 14065 64643
17631 6765 87680
2636 4875 66044
7862 13352 190197
3681 5373 59608
17547 18319 188451
19867 19861 88222
10771 20658 23891
2685 14538 60961
17277 10353 198441
12462 6150 174820
20695 17393 160891
4973 17036 160060
19318 18017 52258
2532 4455 121714
3306 717 104163
20020 7857 176653
17572 4797 77241
19355 11587 13027
9562 10209 90373
18050 10473 70434
5184 10308 48791
7181 9729 164227
18770 18256 172644
12149 10571 15865
12853 1963 68915
13144 515 135312
7066 4065 194393
6718 14764 118930
2666 7573 2816
5382 13658 36934
6640 15920 70601
8297 11445 4358
5432 15751 10869
17887 10246 57190
20290 6729 13740
809 9991 137892
11025 18754 12269
11469 8168 113227
16641 13185 122366
11773 10628 45414
269 20311 128856
10401 19416 63076
9594 3143 84552
10194 8370 82188
18813 7309 89889
19980 20648 87547
6339 13087 126179
5702 7109 10057
3287 3448 136711
769 16582 25581
4855 9124 20720
6278 9827 1301
14290 8602 154489
10076 13317 129231
20036 16825 67674
11699 12385 1453
10651 1761 105728
13897 237 194297
15155 13504 171587
8998 13404 173008
5261 5596 80139
12396 14658 57840
1290 7819 8178
15036 17558 165741
1208 12481 18788
6925 3763 86960
3968 17349 28330
5466 12055 49265
7648 13785 59828
15977 4411 70602
7612 10342 107373
20057 10767 169544
3519 7650 19216
344 2528 109222
11420 10871 40480
9631 5017 63416
11746 6870 113695
16740 20251 168233
3451 13864 36069
18311 11663 160170
6828 581 133873
12435 19445 90383
11438 1324 178495
3826 11252 147472
20297 14914 135870
18998 14119 115261
13537 20560 3176
11299 8730 49317
16937 15920 54513
8422 15183 7993
6427 13229 55710
6440 404 95519
1067 12766 3866
17320 5530 125983
19262 37 129046
13921 16720 8284
14403 10550 12707
11968 11730 186891
912 18160 13407
8743 11227 180143
11637 7980 81004
14370 19963 28875
16828 20559 47512
18695 18254 132925
4203 12179 179773
14111 81 27479
16943 4945 144484
8842 13392 57548
6840 15469 116225
15142 16459 20733
10847 12050 21704
196 9092 37996
7925 20410 114481
7830 6356 113965
14756 2814 131948
4826 9815 79279
18404 19937 176395
4472 11209 161557
18064 18765 30610
13711 14996 129600
1811 5829 36534
618 15149 72205
9936 17746 53239
6541 18549 55808
12098 10790 100675
17047 14910 189791
16985 13028 3251
19094 5071 60216
11534 18431 186998
9166 20284 129508
10138 2962 64423
14114 18823 124126
12877 5735 129818
813 16676 139643
11575 231 194163
17805 10468 22350
5659 4161 409
13207 11205 119977
2589 206 95439
14107 14045 52261
5321 7230 83619
14291 6189 95733
18764 8036 122876
4372 18416 10353
13594 17249 71389
2796 17617 89167
6642 10230 23277
16884 12268 9078
4598 15000 82702
19986 19088 13929
4176 8603 61930
9387 19387 50553
9426 864 36128
19036 6660 159033
14112 10590 153618
1714 5074 23313
1159 12051 152896
5006 1749 195004
1825 4718 163241
10256 13632 74483
754 5839 156474
15852 19438 41152
15711 14757 139079
6086 14880 1114
14131 19827 14026
15913 417 31426
9977 4274 121020
14235 10101 93493
4154 5863 57721
11825 16938 117354
14003 11424 175509
18263 13641 179766
19477 5370 124685
700 18261 71398
9554 4860 8340
16886 14125 116030
14813 4899 144691
7581 20025 106089
12302 8352 181343
17620 17233 54452
5415 16622 50463
12672 6348 73833
11717 224 105349
15996 14444 34851
13599 1139 182120
4996 18344 99764
19423 4322 4497
16328 3997 155392
16501 9127 27139
2346 6395 134082
19563 7856 169126
13852 7598 144294
10142 6059 123030
13876 5202 28389
14139 7548 33964
18912 394 87895
19005 944 3100
9772 5362 23351
554 15781 171070
10096 12255 70269
17879 11509 86803
19844 5910 63549
10211 19225 56250
19970 1996 127401
840 5998 158765
20005 4593 124854
14592 18993 197915
13507 20671 13305
6565 3624 16916
19381 14835 73282
12 13519 58097
8409 1988 110888
8202 5511 190516
1650 14282 191467
16739 16777 52880
8576 4182 14757
9530 18164 189833
3520 700 195608
19493 14674 70974
4318 4501 34549
582 12168 132297
11809 18198 103927
18247 8468 88714
10233 17052 91349
4680 4712 154861
825 8284 10451
9981 18832 91500
9056 8868 95565
9764 10576 7358
18257 8905 57693
11470 14233 103225
6129 4290 197139
11561 11930 190985
12955 9423 174443
6956 2214 65774
12610 12440 100979
11137 7021 82430
8654 17126 154883
2076 6962 141710
6248 5043 167237
6788 9167 66662
3189 2898 98801
12620 7381 11341
16146 17537 44378
2954 4856 100835
17534 8731 13289
13254 6005 87177
6589 9876 72897
16232 7876 57809
12261 6180 57672
9640 10561 65886
12645 14930 40786
16709 12751 131749
2520 5722 141207
18793 10801 147939
2175 14289 1360
8354 381 61141
5953 9932 123238
20406 18275 182643
16700 1806 121013
6519 17790 21651
15706 3758 161798
5275 3232 144065
7316 13420 65793
18543 11225 24353
10539 11323 56414
4692 5884 2126
10277 14323 55399
12342 2791 143421
4370 8717 55327
14859 566 194093
20237 5391 49312
8025 13056 131558
9441 3684 94077
7056 16568 106642
13819 17820 79252
7695 14716 80608
13759 13233 104029
14738 15745 182823
5879 14082 153137
13479 9126 84023
17919 9335 24840
14063 5660 22000
15608 9635 11605
18458 15812 185718
562 14642 102172
12525 16905 121266
6232 10615 27694
2783 11629 53293
7775 15550 12732
13773 10996 74146
5473 4222 197568
10328 1134 125621
5957 7721 199170
16748 5617 56163
6011 12933 71649
1493 13971 114955
6032 11173 106541
1448 4676 87148
19023 5961 89702
14169 14721 198486
12722 9588 151612
5620 10509 162889
8360 5532 31121
10501 16812 70215
11834 15789 98808
12484 1818 247
3778 3728 195150
17470 7429 72282
3655 2262 171864
8061 12733 136472
13431 6177 72369
12047 6991 96847
19257 15265 133377
1649 5109 30200
19721 7351 91999
7737 13558 159136
15175 17116 45937
6444 12617 146650
8957 918 106728
18812 19489 19474
5574 8344 185152
19380 2008 122988
13544 10701 121854
5619 6957 15556
17601 15923 11795
17467 13326 150897
15147 11062 4403
16166 11673 134065
15867 19529 87920
1890 18117 14472
15229 2780 158965
1807 11548 168376
11661 8166 111451
154 12735 67619
16710 15896 199399
15296 2281 35362
3096 13469 12426
20214 2903 94591
17994 5098 198984
20110 978 116127
7564 16318 178053
18158 20139 88612
7232 17414 129848
2220 10173 99547
7073 10847 57473
11644 16881 45971
13722 19497 134110
6855 18659 170575
15807 8841 42122
1506 18308 72062
2339 5686 91824
10809 4393 58361
16506 7776 78028
17624 11557 113677
13026 8249 178865
14023 13220 126615
16601 11885 182474
9582 6737 15006
17731 6039 81523
3057 3356 92452
18665 15597 71491
773 13649 65998
3804 14455 199695
2080 17102 61176
1993 3192 145554
3626 20548 71011
5958 16344 167154
3035 16456 145261
13398 7992 43528
3748 5808 189401
6838 4929 179922
12820 18562 29976
347 5143 123708
14440 18760 138523
18794 4283 138362
14849 14513 198452
18633 7121 29280
8715 18964 186307
15053 15353 147943
16246 13061 188415
4863 14210 117230
11821 5904 58132
497 13778 187536
8389 9887 63986
19486 10232 66330
16996 12426 64620
11800 11980 129103
7890 4409 165571
7705 16770 116646
16281 19277 171884
11033 17766 112377
11014 1305 479
9782 16178 18106
835 6258 7989
11478 9307 133793
3930 12107 254
13208 8099 7603
12535 10219 168571
17775 15669 179743
6809 16545 88633
3854 13556 181224
3479 14793 112644
19469 5509 76285
14507 9174 93490
13964 19263 178447
4280 883 41248
3888 10444 177304
15770 10899 24028
20626 19670 84190
223 5530 152009
18729 3986 95776
13331 11045 79289
6042 6085 49190
6678 12019 102318
2332 9618 51949
3368 18384 25895
18898 20686 81165
6517 18440 145287
8040 11702 21008
5061 14821 142551
13077 10103 97723
14587 9747 72827
7010 12837 56894
18255 3730 89100
1397 3132 115992
19828 20316 178100
1724 17842 146834
19929 11633 547
3987 8326 30347
1981 13151 142125
498 17043 135267
20030 3782 43555
15936 18762 72715
12780 17007 104672
14335 20390 179880
813 13994 159827
18747 8754 133540
13178 17932 11488
10032 10440 16757
1785 7198 3167
14004 15583 84905
17520 19244 180570
16826 4348 159374
2004 4213 40778
15740 5537 198778
16180 17946 183686
17129 19191 63574
15585 8887 45217
9105 14995 45962
388 7930 91578
4699 14583 39005
7817 17078 171983
3974 19311 31704
3881 16590 98854
13541 1897 70143
268 6732 193880
6786 15625 137438
19114 2822 46083
10451 17707 195472
13242 14673 143791
1556 17308 75391
20109 8190 136015
12040 6692 20379
13309 646 113415
13721 14768 65546
19251 19272 8830
16440 3077 44975
14165 17800 45402
14734 1844 47291
13796 5586 157953
17025 2901 31205
3294 8644 167008
7135 13251 156963
7085 11280 152753
19589 13826 88487
13644 8103 138042
3629 15363 90919
722 8640 181389
18956 8657 33729
15054 6140 9216
2089 7850 63827
6347 3593 161207
2793 15818 100615
10253 11067 61632
13938 1667 155885
6249 3339 159
11867 19189 151991
7807 14922 73856
16994 4809 165274
3917 3656 88796
16403 19378 138014
5346 13008 159452
8226 15711 9932
7329 15517 84477
13154 11733 5071
19878 4785 109110
4021 11102 93916
5254 7340 138464
16199 12207 154938
5146 15350 58544
8141 1454 162006
11591 1004 98672
6823 20096 8851
11971 11532 148553
14927 215 183525
18462 19528 33522
2979 5370 1161
885 13902 34851
1734 388 128521
20180 18580 1664
2160 10450 151058
16949 17672 4096
15759 13217 67977
5992 4174 22995
16754 2767 141075
7643 8929 116380
6216 15060 104567
7234 18269 26334
17043 18226 190409
4037 3983 64533
5079 1861 50485
1293 14966 69021
19980 2917 187422
19907 16645 82102
12665 5791 147497
18265 18028 88671
11663 7810 66134
11754 2248 13600
2911 6559 124065
7465 18225 17546
20414 11842 107749
4036 11075 42521
15480 1827 19137
8834 2278 56543
19528 2467 121984
15965 603 54852
15507 10724 68650
3359 1471 142248
14933 2411 83875
844 13311 38750
1382 14221 4741
3486 18185 6110
13291 6379 135161
18364 13115 161241
19117 7526 15515
5399 7176 96427
11074 4958 57869
18690 14955 110574
10551 14660 38625
2965 3961 171237
1014 20418 192464
6351 20522 10578
414 16407 124814
20436 8255 187584
16537 15768 167045
5498 19516 14022
4682 13146 108734
12142 1824 150927
7490 12668 110950
17730 7343 78337
12854 11222 84139
53 8725 73454
4131 4981 140522
1385 8241 8787
6758 19273 103020
3516 4112 78932
1569 17355 35588
11009 12516 128180
7095 12960 367
9569 7579 131590
17969 18162 14734
3468 10824 114808
8937 11036 133983
17288 19298 65421
11127 10838 12286
9383 13224 38388
19000 20 78071
3570 5469 134399
12374 20692 117752
16934 12327 166905
16858 5626 7941
15513 6148 92947
8875 16260 139345
15839 16238 22711
18457 7540 163981
13527 15956 2560
19017 16475 96431
8846 4648 91802
6680 16928 31199
11125 1490 196011
4715 1745 127080
20561 16726 59586
13865 14835 53188
14860 16395 109104
19913 13388 159969
18240 2061 18914
1975 6243 159397
20155 20417 58194
4454 6401 82194
8903 4696 111031
17398 8524 157835
9602 8493 66943
3510 304 89086
10370 16752 140966
1640 10599 33906
2388 13717 70965
14775 11544 176128
15464 14739 13077
5801 11988 147652
16241 3136 155083
8137 13052 119365
16471 3618 130546
15677 11695 156753
5947 3372 19958
7894 6914 21772
19283 14898 179218
4710 14 164408
4795 6235 28472
9562 1255 172811
11148 5496 28645
13849 11714 143609
8470 2706 59368
18287 8448 43287
18913 6149 172034
19422 16234 92522
10210 7184 113240
12903 19735 185339
4905 14344 196301
18446 5942 28465
11817 5912 31152
10052 19229 48864
19904 5888 23414
4733 15576 147575
19175 10643 97485
1081 10361 117172
15600 14197 189642
8911 12471 91703
5756 17100 97588
17603 7654 126418
12447 11901 66919
6331 12701 46771
13869 19996 180874
2048 15569 69920
8697 6755 89726
10884 5343 34551
18294 2347 127173
7726 14020 111358
5555 3340 174374
10893 6690 91042
17554 11131 74798
17633 16415 112016
2049 7986 47155
18631 9289 29797
14836 19444 168687
20296 9294 109290
18879 5558 91245
10513 2427 100812
17946 5562 127621
18330 9389 141053
18009 19963 3569
2473 6894 21437
13223 9371 140355
15982 15074 98088
8289 7993 95618
18122 16532 186504
8337 13810 197434
14781 6256 155677
2562 18518 68573
11526 15434 154462
16623 1999 104392
13622 16122 135866
11022 14006 42809
12208 5051 118767
5192 1331 20062
19193 13434 194076
11846 14800 159344
3344 9363 177113
7226 6775 156151
14981 1958 85687
8196 7766 141272
14716 7019 137686
20461 10573 103109
793 15621 114165
6559 20581 36708
10792 18150 76135
15791 7152 84753
20626 14924 124142
9473 10464 137026
10814 8406 75146
2665 16322 73491
3371 2421 136097
10520 1385 131879
2854 10293 181370
7127 10723 115811
14144 7187 156214
15680 18379 158561
14474 320 19768
13298 4401 5733
10221 13633 165217
10670 6825 116309
19335 17177 157814
19574 12666 19289
4872 16689 1226
7253 4207 90908
8612 12049 61791
1865 8469 180692
12135 18175 84516
9839 17631 6339
8866 10164 188701
20700 15390 120412
18606 11887 170225
10475 13401 186362
1482 4861 26581
14642 6231 120064
5645 3307 7209
6666 19239 15407
8677 948 45688
16629 15179 29173
5039 18538 868
13536 516 37498
2240 11903 136520
9834 1168 137307
1554 11941 152025
19549 7597 64948
19773 16234 43744
14801 16666 178235
10925 14155 162748
851 5569 195549
13564 11072 172891
14580 5785 147696
9113 5600 17107
1319 4361 116693
19737 11841 78421
8879 4605 42505
18257 6647 15544
10058 20061 46999
20273 13912 152772
8948 4557 127393
7520 13082 76967
15677 2977 57678
7630 10209 149766
3240 19114 39413
2000 14165 115993
5020 4820 143262
6009 11680 119278
18973 19601 108046
4285 11384 119484
16484 147 42335
20668 1299 115658
5493 5788 92923
5826 8783 91642
11414 3015 147658
14971 17274 191203
1102 14591 142400
12096 3372 38198
14673 17449 162433
1531 16927 142579
12159 16443 65698
12981 562 158160
16204 8755 24672
19923 6582 160548
3006 3134 141576
1080 4135 183865
3834 13512 112676
14954 10949 124936
4303 9230 22206
18398 6887 159569
3092 896 74870
3650 16382 80250
2153 2617 90301
11408 7826 78812
10625 20463 38876
3878 14693 156901
6076 614 19867
3120 8129 11492
15691 14735 100649
6951 16821 190639
17431 8095 183165
3756 2328 195656
16144 12064 103519
1455 1480 148194
17315 19064 96383
4383 15110 9578
15271 4378 138158
4440 13629 129987
15523 8432 116325
14799 9853 95011
19378 20558 82162
17161 11507 56749
6385 17051 148029
17031 6193 46576
15534 5010 119121
5208 3445 113675
18789 40 10486
1742 5665 106084
16113 3233 1540
8782 15313 188398
20234 2055 60819
1060 8443 6892
6466 12534 72686
9015 673 174343
18345 5635 47955
425 5987 108513
19159 7244 190438
1840 13698 53817
4138 2867 131722
15934 10953 63241
20360 7333 195306
16368 12440 49283
4354 6745 22606
2103 12157 109660
18559 13474 143640
6732 4941 89776
12163 14218 198544
6461 2835 178345
3320 19208 8458
2863 15770 111396
1716 14840 80492
19881 7413 28941
1182 895 81684
457 15156 122543
10133 7157 88120
9708 18883 84970
3802 17334 85810
20524 6524 93988
18719 11965 199925
642 2468 98489
9437 6813 121408
9785 19503 199532
10640 15343 195320
13036 8841 79811
2354 18168 119668
13940 15540 164309
9012 9611 64751
15131 12223 135922
18946 17716 183802
10580 6595 190123
2732 9606 6588
12068 8391 27540
1910 1676 52861
8830 7799 153435
10273 3190 79053
19033 14161 102844
10745 13656 156178
19632 10511 92809
5646 12243 188432
18979 3625 197406
8139 10343 81463
16193 14838 73064
9484 17030 84692
1189 13757 57570
7461 12581 126215
9903 19788 125387
12648 3916 147775
2612 128 19702
338 15769 2411
11034 17147 181533
6807 17692 117068
19825 5076 30357
13596 4650 23156
8076 14668 67611
7779 1132 124818
20546 18540 6767
9263 12035 2197
4160 8944 172545
20315 13533 49779
6115 5449 79056
2581 10425 98468
9242 15353 93309
2659 12805 28779
14171 13744 43242
9394 15498 185880
13202 2919 85157
6655 2643 38225
4572 17735 11619
13092 1563 76332
258 11214 132947
16417 6137 128751
12556 3975 94418
17388 2668 16313
18955 13272 133680
7437 946 70409
14935 13039 67191
15410 9430 50494
17751 11654 70760
13744 16212 93111
14695 19388 10288
14502 5519 106043
1615 8976 150023
1857 15515 121507
244 13010 178245
13219 1813 98861
16293 16696 32532
10779 12227 197613
9640 3534 127975
15009 4667 106356
17464 17000 174227
19019 4531 136796
11228 18466 14759
10135 19200 73216
1983 19628 114623
4987 13341 40670
893 13170 144062
16608 14366 24372
2561 1089 127870
14683 2452 136849
9010 15939 145588
6117 5994 14410
4663 16111 136277
12715 20022 39179
1639 14877 186791
16089 8555 137793
6202 18637 136418
9191 5470 97024
16824 15764 198258
14760 15554 77849
13568 3913 192013
206 3297 143764
11935 1370 74434
13054 17274 30512
1544 7724 110350
19716 14815 161199
15119 4785 37349
18087 8620 21979
2191 5547 139259
2579 11527 40017
7901 18324 196987
12777 7291 128822
15683 12195 140116
10013 3822 82397
15164 3362 140418
9272 14839 75318
1017 19882 101213
2077 10311 188270
10889 5263 70657
18874 6186 19226
5357 12625 41504
1024 8564 98207
11482 18824 17449
10470 20298 108720
16429 7431 6462
18372 16288 56174
269 11632 63168
8972 7750 164091
5307 17441 132541
4695 10149 131036
20453 11686 23827
10587 8777 34240
11829 17455 59722
11973 3959 33829
15931 7264 120035
4403 7626 190804
18245 13280 139292
18346 504 83268
4942 7089 1113
12726 15692 129021
6097 6204 147157
9383 321 91274
7674 7398 125755
18426 3846 29157
19759 13565 116837
17103 12800 77509
5082 7148 176535
1146 5429 114471
5122 3 43703
8842 8851 16087
12073 16089 185092
4482 7736 101216
7112 11459 187062
19325 6346 74169
12860 18925 55858
4469 14484 142960
8783 14871 187518
20045 6488 14751
3502 1425 136599
11600 3008 110904
18583 15979 66183
18615 8069 74307
17941 607 55857
19126 5169 102541
3336 12878 140501
17366 6470 93778
11594 6737 24952
9931 16557 112806
12785 20682 56432
2242 14991 80466
12500 11258 141158
17495 5669 30211
17775 16080 191741
3519 3978 164953
7101 7538 113595
128 4817 39783
19020 3774 90396
18134 7072 6748
3423 2939 49622
18792 1265 69469
2488 15541 116452
12197 2839 95593
12802 140 135058
4684 8945 1581
16423 4262 40631
8655 12657 67357
18183 18408 188135
5187 2191 50064
11598 4655 100193
20058 8109 132463
17697 14794 198442
17889 372 184898
5686 9539 114650
18715 5748 122054
12583 20564 93675
3693 8333 88434
11391 7858 12058
5833 17725 57958
20162 12113 81471
2399 11607 55692
14657 9311 159788
13361 16573 39257
11873 1109 130931
5908 9703 87458
12802 5759 99004
13024 4310 100815
15553 5848 98833
7014 1576 188498
16695 15761 102239
4913 7202 23427
17638 2098 134071
11442 15320 178822
8778 1516 91269
9252 2813 116002
8234 5368 11336
19708 14136 31830
1294 451 109806
18605 8406 28635
2079 5024 176929
16042 7689 55088
973 5338 68969
18278 812 138789
1468 4390 5695
1371 8054 125699
4509 13427 89814
16732 5342 15084
2044 10127 168518
4066 19865 130969
17239 12536 84289
17987 179 1019
9609 9742 162746
10766 11221 28309
4641 2310 155211
9796 17194 94379
9685 15686 169887
11399 19859 59454
9721 12418 90217
12830 14490 29747
8861 12638 44713
7205 1593 57559
12662 4741 152335
14543 3928 119541
15177 4282 190944
2884 3681 11257
5031 17484 78429
14627 15189 154731
6326 1164 129163
2683 20568 61715
16447 2407 99435
3903 14147 96340
8306 13361 126230
14628 13493 148156
5225 11168 197386
1727 9406 89676
19581 10212 120202
19396 570 117322
7114 19156 142331
17990 13765 171689
13448 32 12954
14578 15741 24411
1274 5424 184889
6650 16375 147310
14295 731 24948
19086 628 77827
17999 6627 164928
6189 752 191768
6699 20394 131125
3945 10892 127222
15392 5360 107631
6500 18615 189556
11104 19297 21251
2797 3151 167688
6861 3734 192712
96 9011 67972
1376 13367 146213
14321 4817 69831
2194 1477 38143
9655 12477 167041
20195 15207 56396
3625 6985 24911
20683 3278 60545
557 11015 159
9317 13276 170591
9818 1779 75256
1736 1420 15106
13603 9932 81300
4737 9827 58897
4177 2131 154391
8547 19353 118366
20316 15350 16167
4355 13855 168191
1184 12248 13143
13953 8029 23741
13100 6747 156524
11568 15318 186040
14295 11478 87829
18370 2583 54891
4152 13999 190995
12928 4434 154033
7520 8798 166661
1428 7093 167115
2826 8698 84883
817 3742 189632
7123 3396 78511
3301 14350 163699
17153 6795 158370
7920 20332 169015
9098 10827 126905
9382 4944 135536
15255 18644 114498
1120 6281 185792
16619 10808 74270
20031 5345 165982
12151 3293 130287
20147 9717 152496
119 7679 169067
18558 4960 5012
17567 16208 156510
20220 14913 164511
1868 1894 169442
12329 7270 133859
6497 18649 125415
9854 767 56157
12061 3957 48406
8968 4686 173286
4343 20308 2746
16817 3705 87642
15726 6068 1732
19076 16412 161714
19052 19922 99896
4375 10867 66158
2060 3707 194854
12190 6701 106092
15307 16292 144766
4978 1788 154588
6467 16110 23479
10798 20103 108272
1188 13542 92632
9851 3241 101776
13140 950 88881
9798 11625 41168
12340 18374 180165
4425 11932 128316
12861 8708 182772
1610 1458 94594
11888 3401 84018
637 634 98930
2043 13420 66611
5427 8723 121038
5542 1982 188933
6145 3143 94272
1939 7145 84942
20050 12598 37791
13480 16335 179426
12174 15998 35620
9639 19129 186360
6311 14749 128175
6921 16692 124557
14257 7131 178293
14545 8289 136386
863 17034 131203
9378 15763 106951
19549 18218 166545
2487 13445 22776
6840 13333 133581
1836 20309 87694
10926 11406 63819
12781 8643 178813
10175 8185 192058
17726 9513 134226
1194 19067 111298
4385 13464 7891
11809 1991 159771
476 4780 57482
15951 13063 125339
4555 11653 182234
1282 13389 23463
7168 11791 155494
5078 20655 93698
20335 10241 178519
12508 8865 4518
9176 12129 115102
12113 1923 27259
10279 10137 71074
3605 19395 97704
5452 2150 193009
18798 11255 196258
10071 12401 120686
9576 6996 80061
7508 13767 196977
2370 12409 32395
15328 10354 195189
20223 8191 40676
8806 7750 113006
14466 956 109513
11170 2947 100440
7629 8233 36105
13908 13091 34841
15042 19382 18197
18906 6743 117420
18841 15535 194046
18411 17589 8722
10107 4125 14368
4851 14249 134067
2394 18056 130751
14381 13082 47757
13021 6378 38928
16825 5884 170714
720 5501 120655
1551 827 131752
3069 8493 126511
580 14262 115526
7663 12110 136894
15708 7948 97096
15944 16034 103367
10980 2818 122557
19240 1456 32982
4582 5414 131439
15199 3182 142271
6851 14783 834
13888 11877 85279
12461 6857 183353
3347 5907 105236
959 17969 14588
11030 8339 79358
1532 15686 176494
13813 18018 98601
18857 19968 55937
6097 19699 148666
18492 3249 157087
1544 934 104571
4528 14828 1074
4524 12920 8680
20239 4262 101186
17206 17660 94239
10109 15390 4203
3862 15699 50506
14791 695 154204
11455 15325 142446
17205 7245 156652
5728 12013 170099
15242 2472 170690
17788 20247 168056
20033 17979 195458
7002 15729 80300
636 16833 171075
345 18768 155234
6603 11247 154740
16262 17483 43364
6507 7896 47429
3067 16112 49500
14746 6721 123990
11250 6448 149360
15961 18858 22320
4344 9166 99088
7511 1062 158341
11150 2326 7555
11581 17690 197628
11356 12907 24135
8869 11128 25260
111 12924 114816
4631 19667 104489
4719 9447 128013
10613 10018 98871
2481 6029 29794
4407 14428 139211
6872 19505 81239
5692 8970 136208
17586 9880 24755
19871 16561 78834
14628 9820 130084
9566 15099 149991
12836 11289 187343
20422 17589 164654
6487 11008 3730
5387 15784 21971
17509 12526 139679
6393 16040 36379
7653 10017 98891
12862 15039 147840
4722 2374 198433
7459 20359 141302
9424 9090 192275
4779 16582 66489
20330 7621 73552
9061 9129 118121
2259 14355 184091
14462 4203 193916
17302 7557 177318
5092 14738 80509
16266 7260 26214
7886 13065 94281
18440 18567 180712
9057 13954 145693
7742 19197 46294
1345 6394 180943
3235 13691 13642
4088 1353 134621
17339 17833 8502
2570 4885 108886
10724 12596 112482
1626 3621 99918
3393 7484 115443
6739 3399 80148
1902 4783 23860
5595 17528 105072
16343 9393 12215
20077 7217 183730
2566 12518 188261
2198 13841 124738
601 19140 96900
19367 5924 87949
20398 8935 188709
2864 12305 158522
15368 17922 174529
3216 17670 50313
14306 9891 134368
1866 7614 95388
14857 6941 157054
1439 2755 88947
7655 10791 66581
5849 7070 130166
20016 12788 190109
11173 13543 39257
8254 6674 61037
15846 10640 69251
20004 12171 123998
5575 19224 110391
8473 1389 117877
3444 4787 105053
14742 19460 158464
19492 553 86747
308 17606 95175
143 19613 75638
14358 775 48157
5223 10772 99992
10447 3019 175953
13079 9792 102861
8385 3781 89482
15621 11895 23879
312 17521 163189
4381 4848 158419
17434 5023 68837
2893 11911 142394
11493 5140 140033
7638 1480 121058
19686 3199 16625
444 1718 83478
19838 19316 106182
8086 7950 90377
8665 6765 56548
17117 19611 189566
6431 10637 181333
1525 11083 65955
13436 10891 42491
7764 13758 43822
5877 6704 67621
12961 10080 90416
8771 4967 166669
14528 15921 79289
18721 5540 16926
340 13040 2193
17954 10323 191665
7504 6471 154005
12595 11111 124108
13545 9075 156715
4330 19653 95712
14409 20096 18153
563 689 94725
14093 1125 143134
19762 8986 59864
12491 4443 134703
9641 11089 133854
17826 2187 65704
7961 7382 207
19184 8672 57352
12890 9790 176230
8236 18968 51635
12086 2253 80734
4546 256 199247
6932 19183 134609
4654 7033 14766
12587 12914 185362
16202 6579 109797
2713 4659 146558
14039 17966 123960
12343 1879 159119
11969 11118 193543
19907 12470 389
3579 17826 55198
7792 3872 181584
9929 14140 22587
2423 15237 1456
20573 4782 164187
5451 3717 92332
13644 5447 98115
15830 15442 89293
824 16129 16853
2002 18318 180008
2358 12378 46222
8975 7326 22859
11405 7462 57066
11491 11509 170534
1929 17223 74731
7875 3672 15856
19866 16363 133791
4454 17159 151291
19411 2261 190761
13591 8397 179324
16661 19796 146850
4611 10229 74824
20623 13647 173120
11856 5387 112979
6541 7350 38057
6768 5481 147775
20329 7493 21496
20561 210 192557
20340 10413 93858
599 15799 135497
3506 17075 186167
12433 2472 179303
8172 6898 143045
18919 1494 160742
13459 592 192149
12197 13192 183525
7812 5380 124684
16915 14792 138607
12240 9517 168673
5148 7126 125475
4311 17262 152750
5123 1771 153036
6090 724 70420
3742 19862 10795
4110 16945 76061
7580 7455 153908
16363 9088 80793
9949 18544 37122
18674 15007 166637
7310 19703 48733
961 3566 19117
16639 108 12482
7551 11688 3753
14059 8838 57752
9557 18458 124081
1433 13257 121683
130 6513 34209
1511 7506 106827
12286 18028 36977
11181 15833 52024
3738 17382 34290
12249 18878 105333
178 2480 189015
7575 471 9590
7483 1476 104252
16665 14949 103298
12857 2366 43465
14533 6912 21168
16845 20301 153798
12671 10983 193601
2517 12147 184829
1646 7715 5991
8608 887 6252
5000 109 109049
286 5642 175427
19732 2776 152554
4714 12424 145662
8030 16774 5836
20331 3615 171431
13919 5783 145981
20402 12917 61360
5204 5871 148896
19985 10991 193788
13505 11628 110213
730 10145 122067
8118 13477 6275
15917 13866 161615
20698 12643 113458
3818 18066 80174
3037 10806 188244
12237 17268 168624
14788 17044 69149
11363 19849 28120
7026 2409 131102
10812 18569 86020
12426 15133 27803
2007 12446 120102
2574 19773 151932
15909 5141 86801
16531 4894 90395
5719 1383 28178
16917 13732 28741
19441 5125 108289
8074 2365 85791
18957 4578 15543
19483 14192 195694
5 20021 184688
5818 16151 198184
2790 7523 84438
14727 3222 91460
11172 18730 141341
8172 14335 51065
279 2142 46899
8550 20654 39244
5948 9009 19662
231 18800 166905
12611 2027 25664
14687 15803 96967
609 17479 172851
13257 12721 23491
11216 6867 64216
14130 15789 31994
2582 1914 173614
11804 2380 114212
10538 20727 33236
4063 8372 106911
19118 16476 47051
5548 18743 80456
10238 5000 53022
5101 18347 186354
10226 2491 19947
9795 3272 54678
4002 10203 34611
9488 1953 159983
5176 14662 23876
4535 20116 118572
13702 4512 150061
18301 8924 147637
19400 7050 125454
7060 16877 7221
6941 5562 157814
7821 4672 11419
17958 3130 180263
16716 5360 34001
1738 7832 160576
9571 4194 85025
6138 14304 101218
5676 10671 103845
19538 4620 166816
2963 4949 166658
609 6881 78483
4209 7554 97026
11116 5845 52536
9735 1096 144624
16584 16913 147452
19199 10050 63284
12301 5540 150710
828 11535 103573
15349 15748 28095
12636 8281 172841
17661 1223 142815
12737 12637 181325
8543 19021 126774
172 15933 26048
10095 1323 172113
17105 2406 53976
2854 19491 64984
15252 4340 31691
17209 11281 195490
18327 14417 13205
17986 18799 30566
5167 16032 92697
5798 6877 46407
18563 4976 154146
3447 7957 53495
15089 12775 81771
16236 9817 117497
11764 18418 144445
13103 17133 56113
9564 11101 2601
10699 1976 152078
9591 11312 67068
17759 14341 121840
12688 6964 135907
10996 5358 17404
8657 1775 155930
8819 17227 95931
16555 6141 176600
8074 2934 179575
9822 7286 92448
955 4250 41811
9940 25 109729
5566 13274 125766
10128 7958 113571
18171 6044 12229
2011 16960 130361
216 4338 114227
829 15088 184071
1411 3687 94973
6662 14279 172807
5529 19084 39272
1110 4901 50561
1077 20230 98446
20171 6204 166619
13853 8059 128660
8954 9353 43199
9301 16066 9015
7058 20576 49601
780 3362 40686
12829 5116 34816
4871 8798 147038
7864 4634 198701
8227 8835 6211
6502 17567 21604
15050 19688 169714
11223 1013 179841
20203 6728 48638
2094 19777 113359
4190 12381 107485
11797 7075 130427
10686 9514 97526
19729 8721 11085
13188 3001 98684
2592 3317 126391
2600 10991 111297
20482 8576 127801
7159 17010 50618
16724 17397 163747
3403 10946 28282
10210 19801 34045
9757 8125 92104
8603 8775 83084
15481 2585 73258
10306 3900 155965
12714 2849 38421
20442 4896 65021
7277 16417 180503
7332 3272 151758
15724 4384 89103
18881 15863 109347
2883 17222 81183
19293 13566 67348
14029 8221 48283
18655 19318 113477
14288 16777 164344
1994 4649 39881
2535 15529 10469
3250 17157 20870
14956 7018 52729
8086 1943 75796
5448 801 56338
7859 13776 101937
10793 18646 161643
11027 9238 74733
9443 19998 65497
19558 2776 35077
4784 11705 80850
973 4235 128931
12807 15901 64565
19148 20662 69705
14998 14563 193033
988 7493 195752
9099 1746 80861
3664 16610 111649
9528 2906 58686
15337 1314 191212
17069 19269 108936
15010 8287 42985
5885 18460 2915
9201 9950 67793
19406 2301 159540
19669 2870 170475
16263 16737 82301
14811 1806 54617
3254 1461 116763
6252 15098 104779
4571 14667 101020
11443 3037 164903
1677 12545 149784
20273 9183 34513
19187 2047 177174
12980 4798 191843
8361 5774 122530
16374 9713 15174
10286 5499 106744
285 4329 148665
18867 7866 88790
400 1019 68799
2873 4634 130723
3960 3177 122119
14580 8978 34188
1623 2385 26526
1606 5019 185926
7600 12015 168686
11096 15795 199867
7604 2621 56827
16567 1781 27275
9372 8294 163105
8195 3012 57309
5052 2387 21166
3129 3872 120937
2401 9783 190917
17596 8540 11629
7707 6891 162862
13169 458 89382
7769 13318 13445
5409 20149 35422
12183 12297 143010
4903 18246 172007
9521 15033 153507
13733 2717 49473
3816 17440 100433
11294 1223 138170
4079 1126 143347
5867 14144 62895
7481 3054 4595
6302 19039 59685
6915 4367 52366
17089 17685 105302
13848 15671 54540
4903 17955 34893
20127 10865 132224
15980 20188 63160
2247 10603 31834
2976 19504 66983
3311 17976 17011
6424 17622 83187
14623 6545 21044
19585 12271 120808
4329 18401 127673
4193 16069 148045
1325 15813 194241
6997 6626 127077
6416 20534 177577
3132 10316 148340
9736 2838 101260
2013 19625 23241
13179 4211 32800
18994 3253 109076
4255 17790 170172
14959 7829 50979
9423 7041 17056
1584 16701 8909
17641 676 133480
3827 9854 146920
12041 18676 193409
5567 7316 75992
19506 3433 173323
16177 17449 135314
4859 7378 117285
18066 4072 197690
20120 11903 163778
19534 19498 16608
13060 19259 99850
13944 12037 98181
7742 5544 134002
12789 12878 119763
1566 2129 150721
2722 9429 16364
16593 14966 117108
1860 7587 114113
18816 14173 24252
426 6866 51753
17441 8979 35047
18461 18450 164403
16566 15251 80639
16386 16820 135467
7429 12312 111683
4661 3492 148676
369 12364 69914
11869 356 76430
14889 19498 108032
13787 15652 93842
4732 18822 185599
16224 17836 49978
17381 9923 89672
20654 5260 193088
18080 12275 41010
17834 15378 197601
11210 19024 91777
8357 915 18989
14075 6615 104012
13453 18238 121684
13510 17101 71083
5939 8565 55277
18969 13824 99862
2944 2573 104253
10866 15382 125794
17859 5680 150824
5943 777 118555
9933 4415 183728
7719 8587 66924
2045 13678 150369
8874 382 85531
1578 15411 115248
6173 11752 110432
17055 4603 116793
9824 18987 126884
9701 5533 48081
15300 19108 65740
15402 20570 125053
18075 1151 170614
10420 14632 198912
11608 7605 100096
2652 11563 33020
19635 3640 62848
2291 15873 140516
3185 11131 155807
11051 14928 113154
11501 8049 160307
5589 9628 113837
16415 19927 119558
19542 1739 28589
16439 2316 30726
16473 1707 164880
5932 5411 124764
13640 9326 148556
10581 5772 94968
10098 15754 156013
4612 12265 140040
19709 11456 142704
14754 6546 125335
11099 4281 192718
16942 5266 191288
1616 10272 167124
8300 14000 17965
5676 1916 164208
19884 9135 15859
1808 20635 169211
17009 16810 171898
11485 11301 109876
19624 1058 7310
4733 10669 194736
13928 11224 93049
3114 16591 116768
426 16150 173895
12979 17838 21296
8915 11244 494
14824 4783 70228
19739 20493 29468
17705 1698 170723
8067 19759 180229
3070 11138 170984
16413 7335 100913
4503 19883 126418
18036 13236 47653
6424 2538 194216
18246 3912 8185
7438 10718 127015
4171 14897 34489
16830 1707 184752
17357 17615 188492
7401 5564 146553
5062 1466 104478
10453 572 35044
16846 6799 27037
3187 5492 195548
1139 14298 158863
383 14721 69666
6548 8414 134777
19605 9661 27747
16792 18092 121145
1607 15016 33344
11276 16791 144241
16641 19453 19584
17068 3097 48823
1349 10689 90020
19247 8065 141658
9115 5721 128807
10393 4296 197302
4254 4536 180706
1215 19624 168456
8175 16787 163864
20566 1602 107558
9746 7323 177369
9723 12004 75107
10368 8087 156155
9686 2634 104157
3939 17626 36818
9535 9333 59994
17343 11951 45202
5704 366 35749
6877 10130 197441
10121 7804 108408
12693 4875 96502
5197 91 62950
15013 7754 31755
3616 10115 75780
15940 7284 91125
3802 16462 76350
7486 14120 81769
7496 10395 2173
16210 18792 177303
9983 16013 166943
11745 5706 38310
445 12210 82641
12827 14944 54227
175 6186 138207
16571 11573 15084
1664 11472 95664
4272 18606 79276
17895 2612 197787
8855 9446 117205
8717 20222 11908
12992 8896 56258
11310 2843 174029
14171 13511 128120
15582 18405 171748
17282 9014 51306
9349 13214 25457
12094 7810 144246
2586 12371 44144
10135 5897 183874
18309 12489 9143
17720 16149 36022
20010 15655 28771
8366 13783 60049
18964 17648 128164
11014 10600 115977
11178 11253 183292
20552 6981 51690
17781 2266 163287
6993 11259 119109
2106 13716 169120
9228 15194 37500
19371 3467 162207
20507 454 98814
541 9824 107763
39 12262 136306
6067 15568 95285
12789 9449 70336
6141 16515 25932
17794 5551 37553
19813 18448 41664
5514 7646 44629
1839 15023 102548
14620 3889 194429
1703 1757 33843
17727 13645 33964
4341 3695 108001
8665 7401 28566
14836 8316 19608
4762 18963 189600
15370 15239 5879
995 3801 108911
7245 3317 75712
590 20232 171538
8727 7390 173644
5173 89 92721
14882 2607 39063
16969 20562 80542
2794 12726 131824
6182 648 169432
4027 3038 116778
4441 8252 8821
3881 5615 121850
14781 5981 167228
9813 1123 10768
14242 14385 109655
790 3932 121528
6018 9319 74628
5372 12559 80110
14964 4657 50845
19407 3023 105887
16709 2569 21676
20281 15067 187049
11286 10168 151117
10657 12520 18141
2259 15483 99279
16107 5009 116528
7731 14549 156983
9506 5949 157902
6098 12842 87244
5393 13158 95386
7560 3999 37718
9757 19214 10225
10424 15908 165189
10051 1235 22138
15317 17106 134635
17140 3005 149333
8454 12689 11341
1094 4328 114574
5103 12134 173454
20150 11198 141034
8658 8814 115408
16642 8154 75869
19886 17792 49234
7596 696 96958
20486 3432 137659
13894 14498 158640
17914 19384 19409
9800 1384 54884
2103 11283 195618
9130 8041 13543
2286 6135 16676
16786 17687 34374
18871 18335 194344
5157 19112 187208
12191 5289 6719
9551 22 77277
12736 5799 197221
13466 14725 86273
11554 10890 112305
11659 19886 107858
811 685 33707
10636 12117 179284
1559 4803 88323
3316 17529 43242
19816 1161 167773
17182 17283 63379
1536 2312 59945
15645 9490 158010
18018 18221 137194
14268 1055 122708
7941 1145 143466
14436 2657 3240
20424 17170 28798
1317 20702 172413
15425 19026 155779
15741 10802 153444
13526 8057 87622
13092 4619 609
14069 5616 186184
8780 3808 141657
1803 83 477
15020 18634 176312
12088 12366 150132
16798 17275 184121
17642 4975 119244
6783 17491 162463
19811 11089 24399
246 3585 65973
6587 17258 148609
7703 6211 81934
19430 10711 86210
12222 15123 50609
313 20395 149188
3981 7893 26222
8411 2187 81160
2390 6639 145586
1925 12574 82383
12103 13950 196150
18682 17591 17291
2180 2879 142781
15268 16572 176415
241 19068 85245
7370 618 41178
5855 11840 120647
2292 473 151956
7669 14231 171596
18329 16827 158044
811 7738 133389
5711 14439 187317
19853 8122 18715
8216 2676 130172
20069 15541 52477
11519 3230 14248
3597 6514 38111
11591 4727 72967
13751 5621 113264
14544 9704 93
10963 1747 110817
4801 19752 82544
17030 8301 195805
7960 3426 199073
14746 9064 195261
5712 18992 69603
11411 9826 13715
4681 17920 162853
16389 9131 197062
15289 20476 130099
12221 3384 42397
18336 654 14750
14848 2164 129655
16001 3173 46613
1342 1838 192740
9448 16735 163131
13736 19891 122511
8260 6884 81468
14332 2088 125040
65 4764 46310
18248 4865 152498
3529 3464 115718
19828 17311 68004
5687 8930 5193
6590 12310 186574
2803 4427 84432
12569 17134 149227
20257 1711 164349
18783 3560 151647
11636 10263 116013
17549 8705 100737
14352 10521 60649
20264 5877 133986
9713 3536 135733
5633 10182 47809
15328 567 49219
9691 6873 1716
9894 11249 157428
16625 15644 159394
5399 20011 183522
7190 5893 25830
17452 16730 120117
5087 15911 188874
15165 13854 181081
1040 12033 72306
8000 13672 128333
17163 964 195414
335 11158 160958
16158 6528 73291
4763 6748 72456
18046 19982 195312
18078 17039 54091
15531 9695 49435
6990 4430 60697
14012 13940 35495
5783 11313 184501
15347 16039 143203
9380 6666 133736
8636 3754 184073
16209 4075 162853
16149 651 7082
3038 3719 42406
17312 2169 173341
3652 46 2659
16648 18776 199803
5538 15514 8425
14865 16907 13114
11098 13207 93003
18852 17299 87801
13357 9315 30158
12074 3135 120274
9 9181 81775
15077 545 190108
6694 18610 114700
9256 2273 79277
6351 14663 160854
4306 15201 1638
8181 18328 79143
19778 635 191430
1490 20567 127539
10220 1128 18607
19791 17112 161659
8488 19671 178769
6725 19120 52376
19598 11703 121330
10938 19858 57867
779 15137 183788
14027 14031 85705
17445 13840 182664
16390 7668 123137
20051 8404 50029
3873 1066 143738
6501 11998 35013
8127 12363 164719
3089 2216 131706
14892 19123 86605
16470 9331 191498
2084 10414 193752
15158 16139 154459
18475 14405 169342
4029 1392 115293
8298 10927 181409
1083 413 50418
6713 11608 188448
2384 4487 168670
9146 19499 25558
13925 19171 91093
6957 19527 14963
3046 10242 83153
12751 402 54506
17972 14945 165494
16792 12288 192862
11446 9161 47513
20609 14170 90204
19237 12681 68856
5373 1136 168105
15508 18622 48740
12932 14264 30171
8465 14091 68961
7874 18285 127904
5503 13362 117810
4105 5620 128420
3051 4428 99279
4349 19083 145418
5349 14999 155303
5572 11047 51683
2099 18965 117183
10842 3911 53692
17406 19412 16612
18161 12084 189179
15228 17369 177272
11834 18079 53306
14912 9502 156434
15948 20467 155052
7756 12022 133732
1979 15563 96168
15490 76 12484
11489 13282 29080
18572 9780 90767
17162 15293 151983
11052 640 51786
15253 17452 13504
18446 16901 118967
3431 1710 155968
14297 16434 33903
19681 6344 52677
19818 9925 43119
5363 2923 36312
4772 330 79994
3852 7643 4325
7021 9305 163487
578 18504 167427
10486 2193 9717
19038 10116 36842
6819 5742 102466
17329 16693 160209
11720 15738 175058
16762 5419 170847
326 8442 29005
8850 13231 186379
20463 16696 114472
11723 17420 79266
12359 18194 90673
17311 14 42237
13611 20073 147918
14169 6380 151410
14492 2293 174971
17952 13741 149544
8896 1334 100458
13030 9067 124392
14377 14733 48750
2135 1053 8321
5607 8253 179022
10634 10027 143890
1787 13195 61720
8270 19922 102184
4054 14225 169109
12178 15907 186652
13517 11239 138429
15210 14752 159209
11013 3094 129188
20401 3781 171696
5854 14710 94063
15793 13780 182426
475 3173 34347
12494 10530 195769
9861 11827 20332
13093 17037 137717
14206 1176 43253
19910 17012 81925
1552 18202 137835
13004 2599 198918
12689 747 146373
3792 9060 7284
11200 17306 165722
15103 17180 43445
19266 2269 8036
9341 6773 197706
14148 443 122973
13901 17966 107033
9157 19877 192054
5300 16770 186270
423 4414 189443
16971 10084 152050
6002 7720 16076
17942 7480 188474
17502 695 124549
2972 11592 36610
5308 1640 31434
8344 5066 193757
13035 3562 139139
6089 3633 34030
19080 10029 199217
1414 13014 1391
3954 8269 183535
9488 20402 69534
7616 14960 87016
9834 18496 105484
12666 3034 155623
11180 3045 140223
2260 871 89907
1049 5496 56684
4915 6724 184894
3285 260 114703
6566 17913 183313
20181 243 100775
4314 10172 147734
14931 16037 86134
19992 9825 112134
9589 3135 192173
946 4078 116624
2628 19470 143308
15537 2036 137556
6775 20396 16567
12371 10364 84825
14894 13929 121403
2638 5232 91264
3732 9178 6054
20633 650 15538
15258 1329 196714
1138 1942 53763
1896 17269 156647
6020 2525 110713
1402 10485 116799
19559 14975 142678
17301 18941 36660
8375 18186 53988
12412 10797 16197
13400 3068 107615
18097 13447 62533
17211 13485 5565
892 9803 187572
13381 19657 43074
5137 10291 51463
11779 15301 133395
2913 8504 144845
4113 9714 195415
13992 3673 162644
13215 18037 174187
6013 6397 164974
13139 16849 155024
6174 14630 15180
2033 5221 145286
8431 13485 128171
20256 17731 47451
1854 9282 64189
17107 14691 125231
16783 16044 88298
795 6106 62086
7079 962 89949
709 10205 6331
12973 4129 10456
20299 6958 139399
5640 19280 143005
13243 20638 71870
4532 6051 177166
14857 13550 33694
712 157 39441
3475 16924 113063
13800 15139 78552
17098 9994 3347
23 15796 187360
8980 8778 58683
12062 13516 65469
12187 18537 170694
9621 19151 196877
11237 6442 194771
17651 1944 114609
12432 19938 61652
16159 15661 111963
12193 836 54845
12527 9877 182564
5683 12884 176454
14530 3653 81046
19221 7033 59983
20715 10084 91264
11771 15451 137728
5561 9541 185265
5003 7392 173705
9797 18198 122514
16432 8759 172618
12865 18025 67270
17812 16849 182225
6791 2724 95842
9522 6470 70747
11092 18608 72182
219 19358 80921
7601 5556 154404
13639 13053 139674
5878 18568 62805
9250 11254 120865
18693 4983 87452
3327 3080 193193
11108 14178 154121
3811 8613 4124
14873 19683 3307
5922 11342 69841
19742 20674 12833
11737 6727 61534
13922 18189 84649
11735 10783 84092
19029 13410 52170
17847 10915 167384
3461 1823 22795
2555 7782 34756
16119 12801 42015
7285 16144 176
3963 10287 88732
11721 8156 27070
20555 1226 145001
16619 10225 119564
20531 19287 121511
18978 11783 172446
18417 7845 24527
3451 3206 161636
13670 5405 76252
4970 5090 115603
4023 7758 83033
19940 18118 5850
12472 6457 59425
13320 1306 137096
16157 4218 3064
238 8411 193569
8681 13729 124493
10514 2378 63097
8302 1836 152374
20632 7729 96496
20246 17223 8504
12471 12341 107659
4735 19271 131362
9114 15369 16141
1957 1362 98430
9336 976 19599
12032 12698 134171
19504 15125 3039
2054 5351 70007
18854 11328 114721
20423 12108 44740
3620 6428 199160
7723 18421 171309
14201 4389 128588
12638 9001 170352
10894 15344 158733
14252 20697 60750
7730 4215 163788
13110 16752 25231
13189 9709 50134
7803 6061 173883
6223 11849 77286
2322 10 93551
18256 1088 31237
12259 2405 113746
19421 18753 116802
11908 4479 133615
9593 15545 142959
9329 18103 170105
18583 9793 126236
9728 6190 90636
15027 8888 173027
2484 17251 7684
3573 4643 163953
11854 1177 142350
3590 17252 169789
17724 4368 23098
10682 13797 17434
980 8877 51045
19934 5176 65028
8810 11981 72936
4653 734 146404
14925 6530 169470
7982 6080 91335
6441 16189 98533
11626 8112 82643
15357 19160 175166
5941 18298 171230
6064 6477 143383
16876 14307 28143
3689 14622 192913
7912 15906 198221
6794 8961 176226
14148 13874 48303
13307 17816 171841
6712 7993 144773
16677 292 14122
10766 12769 197736
12372 18909 178521
19728 14770 18617
14448 12915 128348
17784 15113 83671
204 15942 50264
16031 5459 153003
16482 14597 144267
7935 12347 165092
1261 2759 144944
14911 7181 109121
19719 11885 95794
8973 10517 93804
20435 14033 7953
5132 6741 182897
2222 17214 61403
10975 15930 161941
16214 3398 56918
7936 11175 124088
3279 2892 63343
11799 658 112466
16180 2633 152990
8887 20490 14149
19606 1946 29500
20522 5401 158713
5131 2339 110130
6693 18226 21072
19604 19892 101162
19064 12860 73329
11886 16080 190375
16231 16352 24554
2565 5897 106104
11596 2940 106546
14570 13322 766
18080 10187 192485
1135 10986 124597
13016 15988 112719
20502 7841 96675
13487 19595 146919
9900 15448 33327
51 1599 136554
2810 1830 154465
15875 13270 45649
715 7053 50426
15848 20056 144358
6859 4123 53882
19695 1660 48092
3071 6635 91147
7530 3978 157895
16761 20363 91042
18579 8345 115798
5459 2353 100214
5225 756 113283
789 15032 158591
3676 18170 179246
18936 16510 133695
17710 13336 25554
14545 10146 189050
280 4519 78940
5851 12550 61079
18287 14038 102289
19476 7983 197509
18400 19706 75993
13689 17458 187785
6435 17477 185871
520 11756 12592
17688 1517 74004
18485 19462 120429
15078 19917 81305
19650 16880 30360
1334 11838 195322
13038 5445 14768
16666 1999 191928
14724 18145 62155
13043 5662 93331
7728 19203 177230
10384 7202 80769
14199 1358 82759
2816 18941 48987
12687 2433 190137
3337 6640 198189
5637 8877 85621
10547 2678 157113
10856 12767 92026
18101 7261 112943
12469 10216 37885
15960 12017 52448
9118 1047 59122
5335 7237 133621
5460 1327 139658
15278 12560 33088
4010 7950 114490
1591 18313 77416
7552 897 186521
3817 13301 178295
15136 2098 7750
19639 9690 7479
3248 19930 176660
8659 7808 155452
15553 10461 104587
16683 5840 59541
16926 9866 158868
15630 2250 94639
10443 11176 181898
11279 2761 40676
18961 126 73383
6726 10219 15437
13823 5424 18518
2780 13739 155652
10062 3882 67376
14540 1791 184558
15520 18195 102749
6156 17932 168885
9055 12496 145369
3087 6892 157261
7588 7743 83727
20575 17094 179050
10439 13411 198105
16334 2727 48391
9756 3375 192524
10089 15444 199981
19673 1408 192998
11937 13965 167497
20551 14183 74648
15065 8670 32939
12277 17094 117407
3608 10678 68303
10046 16757 47104
19153 15371 54680
14639 6641 188581
2283 3364 139799
17089 4178 140125
8982 7036 153421
10982 14826 94512
18661 6677 35767
5192 19211 23929
1091 1969 8725
3837 14758 97693
18214 2734 167136
16788 10521 59038
9974 2400 61025
191 19071 85919
16240 16007 33614
17605 8043 19435
3559 5081 9416
11092 19548 155812
8116 11637 89815
17400 10589 156568
6544 7911 62589
5985 14373 71774
2085 52 186066
4277 8452 172926
15818 14991 138493
12708 2036 176656
5115 3236 22221
1177 4115 140721
13695 9263 52621
3956 14826 97526
12524 13273 74980
7610 18259 148808
16743 9979 148079
10339 1642 67224
10696 4898 99673
3114 19617 30113
12974 201 122669
9114 17540 109091
5211 12485 144694
15051 10212 162481
1569 14501 1143
13279 19233 10683
16916 3927 36810
1151 10056 43232
18420 15395 140813
7254 19480 195570
5295 13373 100675
16519 5344 154570
19105 13195 80114
261 4134 152016
431 11867 190785
18203 3060 11189
19711 5183 148937
15336 17446 80187
18727 12164 4248
8231 15256 48152
11879 2088 74965
9571 4283 61931
2234 14423 110233
11401 9502 191350
13423 19102 121599
985 16856 196126
19585 12910 28687
9729 12159 161444
17568 12739 169964
17839 11614 114315
5524 19231 90973
4233 12851 179645
15785 11056 103375
13824 20160 9053
18430 13608 48711
8767 3125 53791
18253 17088 157232
6153 6128 115040
2190 8689 64386
8992 3026 175862
13624 9564 98622
11204 11875 11009
18014 11203 61730
13000 20080 56894
12220 13200 78690
6556 19435 106187
5354 12852 77882
3365 14755 137125
17749 18592 97293
16627 7715 196898
354 2359 141659
17230 9013 25246
15955 3809 159407
11207 7067 151609
7182 16117 44965
8004 8927 75418
4929 1685 354
10254 15025 145439
15059 19095 41652
20046 3973 118370
3186 835 199539
798 3806 98101
10314 13723 198587
2184 14360 21227
1743 911 126579
11814 16714 166736
13687 12793 110588
13382 1872 180825
10455 20384 36141
1230 15163 26248
7110 2115 16511
1488 15596 143499
16851 16585 167516
7138 14823 7652
9732 16184 33606
8404 15162 139209
16239 1372 180697
120 606 85787
16541 13297 172881
19107 9257 190669
2833 10357 17566
740 3886 10657
11001 3812 92399
4071 5447 53105
13484 8540 27121
9808 13144 171689
10633 11057 176255
19638 20000 113413
15492 8962 165779
20608 7105 47872
14334 5171 171490
10673 12331 116160
6308 7413 150389
1716 20727 10457
9741 16032 49009
14184 6910 63763
3618 18783 168909
19041 16205 167100
3772 2287 198511
13903 1401 99831
17984 9278 198004
511 14568 198948
7534 10032 33763
14408 9176 83340
12031 17490 188889
3708 20106 32675
15943 9272 87087
3565 6652 23011
10495 11818 11993
9252 2611 160623
7440 9965 7312
12148 3191 17977
962 19404 6166
3622 3043 119826
12569 6992 57830
12463 7625 77741
20192 5169 84278
1986 5950 173482
7146 19810 44274
12936 8168 88341
5226 13390 160326
12084 17781 118195
14905 14829 189573
4997 5790 118310
17690 12384 18727
8832 15976 7464
12032 12815 109584
13757 13539 53845
6774 17601 170990
7313 4684 35839
2064 2954 158425
8047 20257 12907
13343 11951 24490
7103 18368 3298
8222 16476 88231
17699 4053 89310
12685 1950 55958
14775 6785 173278
15039 7402 123132
18481 6061 131622
13944 1550 73931
4853 11385 34415
10111 5776 69245
15625 6802 144466
8115 17798 146691
11891 12480 19488
11331 15624 65957
19020 4771 77246
5450 19791 160102
2614 14246 90661
3902 16370 61653
3370 3792 114514
20103 18008 2471
18729 10586 161173
13137 226 144071
7910 12377 92523
1717 15764 97914
13249 14472 7825
15114 15385 80684
17566 6158 47702
19607 19988 132222
4569 9489 112800
17737 5213 11128
15365 20148 87936
20597 17049 168526
2066 15360 3746
20055 20163 40938
13023 8922 10620
14934 15631 148728
16371 14708 159015
20466 16218 74228
7357 484 192115
1486 15830 61032
5510 6903 184189
9766 19374 37827
8955 2870 78202
6027 8912 89290
17683 16379 124014
12827 4878 110585
4868 7633 191215
16054 7861 66416
5869 7800 113592
13857 19333 182788
12456 10817 9165
17383 7472 75109
19617 13745 195846
19487 2364 78698
13265 20371 52249
17517 10065 199007
10342 3679 98820
19952 274 186319
15927 4549 148488
10091 8343 188548
7579 18642 182820
12870 17926 27208
7450 6519 1228
2147 18097 60126
17284 8035 85806
1792 17965 140165
14980 9401 55781
4200 15961 52918
3586 18788 166493
3696 385 164348
14284 14402 59436
18159 6590 28089
9662 13250 32244
802 7852 151919
17886 12244 163560
17563 20349 114896
18196 10761 71249
6856 11944 146261
2028 9537 169128
10435 9055 130148
14347 9503 49862
12473 993 29989
10994 17389 130056
18250 5437 45270
155 6927 138933
5650 8165 173104
5123 5535 106612
15346 9674 4016
14743 14272 117987
8539 19797 150495
17929 10311 154981
13349 12117 174452
6708 13763 142705
8451 2221 187877
12764 14296 93765
7761 17694 82160
10123 19590 32814
14501 20099 150611
6946 17011 147115
11899 10979 3752
16308 10727 84444
17793 3657 53964
16995 3988 94626
12459 11473 164431
4247 451 194994
207 2250 7083
6008 2074 189050
5615 16046 168048
14570 2121 71241
10896 19244 19968
50 6089 37523
11802 12770 168798
18173 14011 33109
11587 14420 58523
10787 12959 68269
18602 14659 101618
6476 20528 187045
6684 1920 71320
10026 2607 13658
17219 17029 115413
11398 6646 24643
11540 2188 56626
17720 13034 4453
3206 7347 123855
6566 17168 138041
9943 1867 68509
16682 18620 111723
2676 3371 183512
2674 14132 47404
4567 14246 174483
4621 11392 18803
929 2598 102735
2195 18686 11663
4656 1725 6388
19842 6911 158184
4153 15562 9669
165 5210 89678
3773 20608 140068
7907 4539 178240
15774 2070 98032
14432 7163 187842
20297 304 147697
3399 16398 174346
4993 12452 69701
2533 16837 150486
19367 10994 63816
3942 4188 95485
4229 4982 193341
14267 11853 69317
1272 11063 12281
8780 7962 62430
19621 9155 7810
707 13760 168941
7142 13838 132486
13427 20702 168696
10454 12093 78074
17729 13342 127978
10619 7931 152028
1758 13385 92644
4629 19406 106143
6434 18589 97159
6490 4599 6916
13444 2146 106368
381 1001 144300
13918 6194 22211
17940 17426 61997
19762 3412 12497
13079 11261 138458
14208 3975 52895
3382 17358 69040
3848 4541 118191
19284 19551 123041
11316 13477 126394
12576 2895 109972
8294 355 131699
2640 9408 10727
13926 14485 173062
16743 15929 176990
450 331 53358
19369 5367 124413
9672 4248 34021
14921 13957 107165
3544 5139 172743
8342 15706 28336
18445 2850 154445
2991 12717 100937
18117 766 153497
4922 2590 76275
13712 4494 114649
2576 17650 121105
2755 5880 113397
14649 18625 163868
5986 10790 25357
19227 4576 112648
2649 16179 138848
8834 4941 68469
5131 18348 38611
9645 6830 109469
18213 12971 89844
10545 13523 33102
5228 1657 157241
3859 4689 57100
16895 12790 170660
16314 18880 35547
8707 16704 9518
10664 6581 1788
13904 16556 170202
10500 7108 170791
16712 10417 10377
1522 3914 9286
3212 7142 157033
4702 15371 89006
15924 3389 161653
12364 8324 188190
263 16015 149527
2099 15784 95062
11506 2120 17788
15640 15366 147521
13930 2876 130006
16059 14776 187452
18643 10363 23552
17424 19754 195901
3880 1370 153221
5974 18299 141514
7635 18408 188532
2681 11232 157072
9761 1733 126110
9354 16511 73246
16249 8276 5963
12505 11625 8374
3456 4145 168884
3079 8104 28988
11170 9282 169981
14571 13659 175564
4756 18532 170423
12682 7045 18905
9638 6188 92795
7241 5915 147260
8947 3482 11306
12904 19392 182681
10624 15664 96545
505 7685 68504
20458 4980 184577
8827 10879 55205
8509 2081 188145
14490 20544 40
17208 5924 9539
12160 16044 182429
4978 5577 168824
3949 14473 38307
2258 9223 4355
6263 9004 190287
3709 20729 33198
13775 13867 62621
19150 19078 5948
12943 8483 183113
18808 12101 61072
17533 16315 1499
16681 3736 56683
5743 11130 55938
346 3947 110037
5118 11343 84803
10330 5171 53939
367 9666 59616
11362 17933 53907
4150 11382 115077
19911 11138 29661
10042 1400 90792
10967 19261 172090
20413 12070 116098
9172 277 81093
4810 2406 23891
7147 13142 107298
17664 4101 112633
6709 5280 178486
698 11838 191605
8511 8434 101281
8381 16950 57158
3450 19757 182429
13160 7753 65331
4718 10333 98617
19908 14253 176718
8454 18882 145762
12917 11921 162333
15128 2285 105448
20475 15189 199150
19926 12995 38162
16726 13963 109358
20322 6598 72132
2037 8628 147078
145 3539 118784
2379 17925 103220
18926 6526 172814
15589 4447 125878
12133 2118 78091
14475 15304 54453
5468 10 165294
16012 16617 139400
59 20275 43739
8797 11163 74841
10909 5347 160650
19539 11370 116985
9321 16077 85384
7442 13548 138887
9370 114 60990
7325 17541 31652
2880 15919 118624
16483 4579 45431
17011 9478 191935
5494 5220 120488
11981 14001 156866
19463 779 22732
14327 15191 42654
19261 5962 70233
13107 16331 59867
17327 9451 143749
14818 4171 81472
17356 4144 5926
10887 2497 74690
15336 3698 4564
7827 2593 195735
3663 12980 195784
16201 2142 187008
7397 10305 171071
701 12506 31840
6150 10957 77011
17716 19218 161282
18304 11396 59871
18710 15743 77862
20224 9705 5309
7863 2296 92601
8807 3408 155264
18273 9278 107494
9818 5036 105064
6754 14025 195303
1959 19440 38355
19411 5095 145508
13814 2063 1998
10409 18217 131165
18072 6187 169025
8105 20381 76794
13057 10457 22418
6241 10063 172325
5425 10852 149798
8010 13790 154954
7516 15748 109001
18356 2005 56632
16911 10295 170827
2370 14653 175388
8585 12125 54358
3250 19688 67655
8375 20220 80666
18390 2560 125444
7640 3263 37771
1988 6834 194832
10911 3713 23319
834 2354 198647
10567 11215 175506
3842 19956 136005
9955 16711 125509
1696 2988 163547
13302 1633 61221
227 20669 59179
16662 1167 160819
10029 18804 102438
8053 9975 131468
19058 8837 58121
19885 14399 79953
1171 12218 195466
6616 11721 35978
14189 8395 157079
2757 18769 155310
9079 18641 180448
8055 19128 149120
10516 11504 170458
12883 11670 53721
14009 9498 165532
11318 7945 78128
13317 9122 42295
8122 8455 144472
172 4060 78529
10156 1841 16215
10274 14480 147608
16181 1728 114004
16154 2202 81626
8205 12354 64703
6876 17155 184244
15264 18624 16932
18978 14449 70864
15580 15152 171381
4035 9921 161342
10065 9635 36420
12910 7005 25030
10291 15319 93805
5474 19196 6936
9803 17663 24774
18340 9304 114166
17024 1453 65950
1068 12678 59150
14058 11988 112704
12168 10785 163871
16012 9726 179641
3243 2499 40008
5162 15848 120713
20246 10445 88053
20476 12706 184161
5185 8633 139475
11121 13670 98423
19354 4492 4287
13653 12664 132770
17786 9051 175860
15713 9811 4430
462 13518 68494
3552 8480 80682
1264 12738 119935
19271 14926 72617
20008 18924 133182
9637 2597 60825
14541 7221 186098
12543 16414 173801
5434 8837 185744
15112 2231 103830
15836 5484 129371
6683 13390 129538
872 16416 32242
583 6713 167913
12214 20024 158939
16729 18789 3143
4237 16224 143073
15516 8902 55984
18267 11267 3178
11949 14439 4133
8484 17342 27292
5694 12661 134234
7129 4681 110279
830 4672 169572
8225 20173 121334
7658 19622 56654
4600 8673 76651
17137 4930 77386
15539 15015 162766
2212 8946 46234
15412 19936 125664
8488 8729 12729
554 15735 57667
2945 17059 3153
6489 7602 85071
17662 5147 19804
74 13264 18731
10399 4439 193651
12292 8259 181291
19060 3759 170371
14579 3844 58421
13970 6836 52793
13509 16880 15279
6843 10962 86624
6884 19170 67720
18208 8703 101393
14541 3119 97321
16324 19976 134714
6095 8056 179516
409 5014 170607
3923 3170 38058
12430 1073 103959
568 791 56854
19291 19817 171422
5045 9302 96321
7403 17810 135524
18815 4754 155603
18560 10207 60063
17695 1303 27913
16333 16168 77829
8088 12024 184662
5334 608 190404
14094 11697 18138
17935 2056 135306
4690 19481 29798
12036 7253 162623
19394 18595 30821
11143 20415 78105
13273 11090 129803
10749 718 58805
5334 4234 104552
6796 12140 20995
13372 2271 57690
9225 6523 20828
17327 17221 55812
8388 19437 33785
3144 17959 37939
19008 4184 24649
7137 5299 191271
719 18565 92185
3925 1279 63803
3429 10325 109502
273 10510 125636
8509 19815 175213
11275 18607 32146
15043 19362 42722
16644 10490 32966
13182 7274 159659
2606 4811 27309
3710 131 46399
1996 8317 2033
14294 7946 33391
3743 334 90324
12092 574 69262
12829 8895 157029
8909 18878 41131
5539 9896 23418
4182 11671 85264
11850 15994 40062
11855 6207 30999
8766 13174 114630
5463 14281 47441
1464 10773 170934
16840 3564 28753
7087 12757 153790
12612 7505 161953
13886 17499 61817
18331 3425 179047
10346 717 66719
13986 6067 86575
8970 8318 83815
12425 10833 136623
15024 7474 101923
16502 3395 77748
2985 16220 13343
16373 20355 175130
2501 8364 17340
11364 5431 101514
10720 14868 11320
5846 2716 135773
9249 7330 154652
10366 8285 145659
15321 14357 1924
16131 17341 80972
18867 16832 30151
14522 6282 67592
5865 442 166496
1628 2646 123622
18642 10467 41180
18626 3379 153811
17421 10483 5501
13398 13775 96009
6475 12285 139434
11059 5937 190718
914 13807 26156
3687 16464 122937
17267 4954 111420
18469 8990 85566
13396 19330 4733
8293 9884 151370
19398 6124 107245
14648 11323 30472
19306 3514 119051
11246 9398 39514
16479 18866 109577
5298 18570 82675
2171 17203 10249
7216 6677 182463
3652 6628 176726
19376 3284 140104
4520 1207 90646
20700 17862 24307
18219 7097 74900
281 11712 153218
5434 1217 167343
20034 8491 139200
2739 925 16768
16375 8843 14419
15497 8240 165125
11100 14616 186114
8776 5835 57910
6054 17294 196461
6509 3179 17171
6940 18635 176726
19435 15352 83911
13920 10454 8487
157 15168 65485
18737 7829 88401
6832 13718 66893
16217 3994 81379
14932 19564 153741
17911 8492 29386
5991 20677 119049
16659 8121 12009
2630 14355 194361
17525 1362 68371
3487 5580 90926
19288 18787 79629
14408 7978 89906
18204 17083 134101
1217 19276 192507
11497 66 91319
17606 5794 843
3724 18779 84749
3776 17165 128330
2529 6218 30378
4551 9605 164388
8852 16853 174441
4633 11536 42051
4646 20313 162326
5841 7344 80461
10584 10020 40258
8823 14985 35069
4464 17200 141138
13102 12702 131784
5893 332 25905
16193 11694 141023
10014 10818 68946
15925 5506 19394
20604 683 106479
18272 10485 80731
18728 11957 142799
6289 18908 106834
13646 6786 168840
4889 984 150479
4400 846 9450
12250 15404 137332
10044 11841 9136
14938 6664 12744
1423 18612 41019
16016 20151 109088
9433 6731 61483
7971 17207 155227
6192 6102 155930
20088 9177 35684
8014 12969 140150
12812 8175 122132
800 1467 64038
15451 12740 156938
551 18320 3606
10888 1805 138306
6770 20448 93659
3092 16759 184086
18836 1798 120420
18800 5233 183858
10952 14685 95281
3225 8092 77073
15850 4199 2605
5279 15835 24914
15610 5231 114015
1492 585 12632
15808 5792 186057
13354 11391 27338
7118 5896 35857
14972 14940 183660
13453 14957 9467
129 9816 48065
1197 7824 163871
20169 3751 21102
1712 10179 167217
10722 14256 144411
8438 4939 72219
20107 19440 146763
15465 11628 100420
14427 3894 115091
7956 13315 102134
10375 2785 70230
5264 2792 140185
15205 2591 69468
18586 6394 100892
14018 10237 23733
9973 11908 114581
8265 268 100083
7531 14958 106044
3530 6682 187241
20466 13585 19951
5951 2268 122850
15257 6276 139547
8092 19229 34168
7878 16007 48364
9283 16906 89456
99 19740 44090
14585 12333 67627
12770 20581 80855
11648 12284 48367
20201 14850 163033
9722 11187 85754
4564 11631 6833
3906 14089 190985
12633 14841 32654
20161 12670 35060
15214 20718 133108
5058 9625 69475
1802 13281 13810
2630 7939 164228
19461 8013 114707
18534 1320 178808
72 16255 10091
13567 7379 59785
7778 5357 104001
699 15400 196704
2155 321 152506
17752 11141 155378
1404 5763 181971
15656 19179 1644
12478 18075 61816
13609 6414 108220
18186 7920 139712
526 9964 199322
20420 16720 70203
5973 11832 146965
12713 9542 35495
4296 3977 18419
203 8581 141662
11520 6311 146749
3116 14499 119850
2416 1884 81836
4499 2158 129106
20619 7837 194949
16705 3648 148754
14188 7331 149739
14183 3488 189777
19962 3074 175427
16990 7967 198678
15815 18444 157930
1940 2968 27602
10472 10672 67665
14841 16252 73591
6479 1012 16386
1816 16084 53063
15718 2654 165227
1634 10981 10658
12352 17503 185940
5525 8043 149663
3924 9644 18568
20286 11863 161263
5145 15180 49703
10426 1669 179448
11754 1851 112061
2398 9912 26076
7623 11479 136198
17619 1768 197323
6641 6131 32977
10931 1143 67025
7163 495 102350
8005 15124 4440
4902 15912 199208
6365 4738 140911
11224 15388 140187
16310 6420 84311
4483 16344 160976
3686 15989 168057
6410 12509 13787
7172 19219 13166
2641 11094 38977
6019 18202 136768
16682 5643 35239
17768 16158 151538
9038 15604 125903
1903 20536 21985
4068 3932 1721
15713 418 191022
7592 8241 10923
3886 14205 107723
10495 17560 75513
19931 16563 159136
10201 16746 25656
791 20387 8512
18643 18455 135454
20513 17626 195684
12383 15543 198470
11724 13226 123135
11262 11082 46736
14560 5751 165837
5443 4307 84053
3422 15406 36247
11020 15576 195939
1798 19276 3384
5579 4974 166517
10024 18639 157777
3786 18128 179711
1455 5725 24756
16033 3394 145141
17855 10009 78639
16874 10508 132223
10690 9033 37884
14842 3783 78654
1793 19928 134296
11904 20604 85556
20384 14106 144016
11857 7393 102108
2825 6398 8712
4932 4616 113450
1228 16512 80900
11494 17757 93043
8859 3956 170719
3261 6936 177518
11238 4873 162442
2662 6181 192117
5751 2742 85840
17900 16961 114699
20184 3580 13760
20120 2340 5946
12511 2866 119476
16697 17906 135719
15614 3648 142852
19846 18370 187971
13423 2126 142812
20263 12656 132725
19025 6343 37411
18418 147 130329
11450 16381 166389
1268 13096 44423
6187 11484 85685
13402 9980 106284
8559 14074 47026
16257 8721 176084
19459 15905 114957
16394 5243 62008
16061 14528 190753
3176 4777 32058
2857 3118 129556
11874 3471 23950
14307 6636 25098
16549 8706 131662
4116 15196 160494
9286 16022 43085
14585 18274 134578
10416 15405 162911
4731 7480 155943
6334 1533 197765
507 3892 29886
18247 15204 182135
10760 13447 50991
233 20268 146607
20643 8623 193064
17022 3223 142350
9928 19965 4848
11590 2683 103001
17279 18176 25135
6031 14031 144762
17187 4466 142632
18811 7380 181032
20367 4538 99820
4124 20240 49442
18579 14905 56107
13135 1564 46324
1393 11626 76743
420 17155 171195
13454 13234 102266
20657 1043 94426
9199 7545 51607
4880 9893 137693
14684 20272 160091
17348 10337 193243
1183 4571 174830
18671 972 169238
7554 1008 159509
15151 1598 137113
20618 11196 2784
8075 493 159742
10303 1971 42451
10874 11635 15231
8832 12448 98296
4018 13573 38797
19715 7653 10620
1101 2926 125277
18718 12452 169796
19439 15125 94387
20287 11375 71571
14901 15831 168948
16855 20442 169959
8549 4774 171023
3131 2471 99389
491 18005 8010
8937 11127 90098
19333 6880 187180
3306 3476 163774
350 16496 83791
17216 9687 170825
5791 19216 137005
14989 1649 169535
5310 20519 140405
10797 15470 161312
19635 4308 146115
3866 19603 118197
12732 16646 149310
9774 7111 51162
18354 11207 47715
2999 18405 51215
13792 1179 140467
6991 18124 134598
14072 14705 40783
10345 5058 9226
17021 2919 188301
12951 7850 71959
9197 13293 145610
1666 336 888
10111 3058 75369
9964 4844 43369
16123 5458 180893
11854 12348 71077
2045 18949 136108
16678 18337 58842
2680 16409 173309
17075 2920 149666
11953 2412 98215
15178 16675 149360
14387 17570 106322
728 17519 174946
13998 17613 193999
5429 2276 139820
11145 9972 71394
4984 10529 8747
14160 3419 198524
18995 3199 32568
701 5366 67186
8773 432 53920
16428 16346 169245
19515 8996 129977
17814 18502 46754
7089 14540 64528
13571 3784 179849
3220 7788 74309
10816 6481 92733
14653 18619 92286
16458 5874 59677
12970 20201 157110
4146 15825 20815
13450 17632 29311
15814 834 131592
17203 84 185311
17138 2759 75154
19275 14416 283
6294 9461 74266
3455 4386 137971
12313 3431 80776
10993 5677 3385
20114 8085 199487
4070 18414 1177
15650 1609 84873
2 16148 163532
20194 9802 44255
4955 11151 195055
13929 4557 1334
2785 9550 74261
7553 2001 138828
12961 10985 192845
7759 17571 15228
19563 18093 71967
4105 3758 164281
13244 9653 115209
1161 9982 145609
1133 11206 112781
138 1809 68227
17494 3906 117795
15292 7218 100805
989 4027 191684
315 19345 143136
13820 6264 45867
14601 19794 89430
14720 10989 195182
19906 8006 134551
1160 9476 149423
3025 14855 135241
4876 301 161922
7065 19009 88202
14027 8595 22702
9814 7656 182215
2011 6205 135890
8616 2020 73479
13009 4387 111178
9119 3113 121140
20119 11547 67292
13911 11021 157630
7719 3310 29142
16092 18678 91892
2014 11080 32164
4756 10622 16183
12729 16708 136603
13541 1099 156017
12395 403 80537
3543 981 182681
18291 8451 92810
3535 16658 195030
4481 12864 38502
12552 16385 40817
80 5301 142780
17176 11962 112083
10453 13870 77945
12047 12711 121264
3905 2920 162548
7740 3779 80418
12692 5898 199728
15240 10858 175060
8339 19216 14338
6368 6794 107452
7587 2495 101727
3004 10024 7056
15849 14833 29912
14582 12299 144870
11358 6575 72248
5778 560 119669
11837 4897 47588
3849 2391 97138
18069 8258 122032
4547 7029 68951
7725 15588 56279
14380 10030 36797
6903 1066 124478
6364 17505 148045
20484 10938 111064
18136 3540 137134
10880 2750 43422
15323 4546 43295
20449 14379 158478
3641 19380 176179
12205 3776 120234
14050 15992 53869
3089 14464 37644
16107 4101 1236
17373 10093 36295
14217 4271 168756
10851 7787 34135
4731 12389 61639
2730 11922 142550
19477 6392 98739
632 12615 1762
7238 2190 92289
380 6774 58675
18222 9499 61527
8513 12014 92109
17553 17266 146782
6241 16083 170107
5638 18510 71134
7756 3102 161401
9518 6163 193914
20653 14819 25626
13397 19161 198460
11377 575 29171
1909 16275 47735
5348 1031 43702
9171 2878 69723
2357 18650 95931
7501 19575 136264
5114 19519 4399
15581 201 110176
10079 1451 195043
5240 12274 134484
15642 8477 143769
2581 15278 48151
14438 13771 121723
6626 19452 136934
12201 19903 56666
15613 7270 50597
18127 195 127216
10900 4793 56951
15747 2901 190738
18211 10739 96665
15624 3671 187931
1197 2407 62516
7037 9438 180143
4811 9848 19303
1265 12820 56091
12640 2768 57083
5864 12324 183932
1723 2667 197870
6312 4964 22441
14790 19203 31226
5649 15749 1175
1654 20211 98702
1927 2851 77423
7891 3387 94460
11079 19851 5518
9926 6458 111383
2955 3224 170545
18758 1473 198516
341 2375 192713
13634 4919 116476
12805 4279 74129
6026 2858 64170
19021 13645 153108
3184 4918 86961
6332 20048 84849
5117 4996 154056
18910 3295 86060
2274 7628 154761
16 9198 146680
20647 1414 177911
7815 12204 69194
4467 3383 155496
19837 9168 171810
4651 19322 160974
11376 14692 67848
1488 20133 198568
19525 18487 73866
2254 18761 44502
5545 18489 102023
9849 4721 36907
15802 9875 18790
17346 10518 27700
4378 5789 182241
14117 13360 152138
6074 7306 192873
10984 13101 39308
12120 19077 5905
19481 9765 93550
6137 8424 179187
13508 15205 74658
10088 20052 28449
16625 19697 163276
3928 15636 140862
10823 3031 176438
19313 8828 169536
14159 4216 180772
1073 5151 99648
1694 1655 83801
14310 2812 183348
16145 2504 97980
17736 19931 115960
19645 4846 82415
1035 16326 74743
9341 4960 54433
668 4857 152019
13948 10255 106328
4155 1328 32674
12600 3308 172209
5010 329 4023
6824 15959 175112
10577 15267 103273
15069 7473 162554
14607 9193 180591
7356 3674 173421
16101 13576 38209
2619 8120 168885
16525 4246 66865
18510 2501 176288
3152 5944 179680
10877 13546 153477
15005 4661 199818
2949 16781 553
1935 8695 52118
8680 11528 48761
13893 2890 108483
16477 11974 49489
19044 3937 79175
481 8355 82990
3238 13794 151906
17740 1484 13722
20640 14285 148911
445 9569 121831
16350 9327 164128
3673 443 43095
12443 1843 14665
1085 6421 163320
18429 10109 77669
1991 16517 145152
4547 4866 135371
2213 746 175235
7824 2989 132153
11596 18022 160776
3631 5127 39938
3010 9435 118082
11239 3582 144336
15736 14825 12356
19981 14964 77634
14442 5781 128602
16186 4594 88483
3897 2933 117080
18227 4970 6246
100 20723 33023
5152 15373 187120
2159 10625 137162
1355 11830 95508
7212 17551 37341
20682 19914 197939
2337 5046 174395
10487 7337 76984
19103 7698 136873
18727 5186 127385
8826 5855 11189
4214 2533 10291
1180 16102 37878
6942 1681 154118
18850 5586 100878
18085 7819 59635
9220 6705 64205
15102 600 189910
11457 814 94955
14146 5769 125694
19315 10896 196558
10638 18215 58439
11330 8305 55529
17154 16303 1981
20087 5794 76511
18159 2639 79490
11000 15938 72952
876 9243 101973
13741 4346 75874
3877 4991 73088
8157 9676 77790
8974 2421 148568
7576 15777 31728
5700 18216 493
18741 1459 123688
20354 8177 63028
6455 12782 48656
3507 3810 145685
5268 10534 126116
9287 1630 17545
6426 13809 106957
19433 14351 15047
5601 11566 190402
15303 8414 120753
15070 8648 78676
4563 9221 132763
13969 7694 88568
10609 1273 85631
13764 428 119118
5675 16819 158901
480 3845 89571
6938 13137 188259
15361 788 104324
18142 19648 147936
13339 13441 119619
14203 18785 3489
16453 7546 126945
3423 19232 61124
14430 5138 65442
20448 16086 161380
16259 16092 197906
9204 3487 61799
18598 15011 70860
7504 9266 10561
12217 4184 32782
7530 15182 143290
1218 15421 34410
13812 5968 7457
15967 10356 195052
19896 17982 28015
5926 2889 115665
3749 9346 87706
1909 5611 188877
4728 645 35685
8796 19873 170607
8949 17780 62904
15302 14386 69120
8560 17714 197746
11338 604 157024
6782 2161 75579
17741 14855 93974
1082 18516 51087
12649 12945 147738
9828 2627 102230
2143 15152 178675
20030 2862 36092
10759 14998 85963
12972 10629 199175
5277 5633 71060
15090 18316 80524
19326 7590 140753
2914 1322 152533
16468 8467 38475
18540 17595 43656
16593 11081 134321
10901 7462 142631
3936 9507 169116
3281 4807 89602
5262 1540 17447
954 16909 95404
18804 16577 174620
2347 211 134298
4825 20028 196215
385 10988 175648
16562 8926 10301
1144 6023 79511
739 19815 1710
5284 12441 121599
17762 4012 129270
10700 2563 129888
9880 8315 56278
17515 2496 8406
10669 1853 31602
7059 393 93771
10089 1233 81176
7549 12858 179348
1936 8971 46547
6901 9515 156111
14048 4431 85286
9244 16036 168713
19990 2498 152551
19982 12851 186492
6445 7137 89026
8456 805 80829
11794 12006 88788
6404 7817 96961
3838 614 136679
9404 9516 119609
20351 15472 27952
5526 3508 141300
4424 5085 125677
19370 14236 91089
16773 12172 161455
7889 6504 93072
2369 13252 35234
18426 1111 172131
1492 7657 114135
19650 11437 51871
271 4896 72406
14073 4931 150325
13743 10715 6439
15409 9030 133172
6391 17619 148743
14937 18064 88429
14081 15071 111297
2449 2188 156904
19761 4768 126107
19199 7966 142951
16577 17894 39862
7744 13674 189859
11824 7569 149382
13488 18235 108600
818 188 132758
3277 12744 13350
12875 11042 121989
2042 11107 159115
16075 11890 154335
11671 11972 102472
18403 20241 61168
13045 19119 127962
20013 2608 162059
13193 13228 176762
16114 5652 37401
112 18738 49478
18102 18780 36927
7060 16383 182455
4825 15670 120985
18985 14237 144390
16575 703 152449
7192 1039 160836
14766 10246 77897
2307 15062 42326
11073 2368 68027
20504 10017 189391
14278 8384 193686
7410 736 153904
5211 13236 12593
14447 10014 8930
70 4706 102970
6811 19454 144191
19584 7589 87834
2714 5361 71068
2829 3890 137775
20366 13017 199892
4587 20222 160825
11471 12719 152263
2886 20556 107832
7763 10819 98080
8643 18967 169901
5527 12454 85964
16440 1648 49967
20032 1051 1317
1581 19717 46626
10677 3893 184950
20440 11567 190465
3902 7467 121661
4334 7508 159460
14559 5890 35607
12172 1849 55630
19923 13943 108796
13363 1291 191995
15854 5625 86647
17762 12994 174645
20335 10131 43711
8171 13724 54354
1680 2372 95014
12745 679 9085
4611 3360 21892
8332 6515 18387
2275 16856 43575
1384 19860 118065
11265 7723 58370
13892 10172 138733
16834 16218 183227
13609 15678 135171
1558 12290 138988
7167 4023 150953
20322 20155 171592
7835 7079 126517
2230 5696 96592
5457 6304 85549
19263 8464 22074
14968 18477 56919
8542 4251 124769
20722 15322 167374
6242 3463 157456
13469 6586 44070
11613 11171 142411
1031 8087 96052
18456 17533 110132
18802 13972 170557
20534 4622 198229
16065 17507 76700
1928 12749 186195
2541 1486 143836
6933 20425 146698
6289 13570 64305
17270 2363 121842
13630 13051 51721
17430 9005 136218
2962 1628 199940
1443 13905 90139
12339 3157 161288
18363 14692 182860
14116 20704 127504
5761 17496 114173
7141 7509 144813
6092 8459 197242
1751 11978 41590
7199 20587 171797
1738 3097 113874
8277 4968 133544
15263 6255 162448
20331 12306 156741
2211 4852 34948
10720 7682 69914
3154 6601 6871
13593 8929 106673
2156 7127 169188
7003 3571 146735
233 19478 89724
8687 14961 163552
4484 10966 164912
16184 17407 86664
3998 2139 108309
18023 13075 1365
19166 11634 55798
14258 14294 66342
4804 1448 19922
8977 12493 160073
16993 11105 137974
15155 7676 47975
8042 3887 87826
1860 10432 64716
8864 6749 173881
925 17216 94896
13961 15119 75511
8062 10533 54830
11623 333 108922
15459 7154 190256
16442 6570 102979
19904 7836 129776
9116 2319 52813
13238 9422 113457
18658 6579 25598
6799 5026 43622
15192 171 198089
5285 4056 91995
2642 8273 31704
20540 19062 13566
19285 8351 91417
897 6920 137393
19437 810 31533
16917 19450 98834
3285 16327 1193
15240 3493 48660
6203 1855 100273
13416 4097 116330
4090 19344 54898
9464 9798 19852
18571 17510 102992
2846 4017 173537
11984 18445 147253
15612 16655 51856
8075 5486 14921
10136 17015 198480
12520 4659 32485
3927 9405 135235
18499 19395 27674
16536 11423 20821
19460 4858 180510
4406 17451 28222
10126 11783 143538
18588 13643 148742
8281 5257 26133
613 588 28739
8245 5744 80206
19805 16500 25296
2085 7407 166664
18266 6860 124119
5784 1620 40966
5508 2210 11292
10134 18985 76292
11064 6979 94981
10061 19885 100418
18861 2160 39479
16114 12362 171145
2831 17479 447
10204 16704 141698
2001 1020 99235
6065 18574 101676
19924 3474 95009
15035 9646 128014
4886 5291 147668
16136 18609 157857
13400 1982 163892
17822 15211 94779
11864 16246 156611
20408 17763 120873
11619 14045 37444
11184 6835 134284
13598 12304 16208
1350 6663 24259
6540 12964 32696
20509 1399 120364
6642 4476 109232
9913 14463 187864
6291 13408 29018
5066 7102 100715
10023 14729 85503
8221 15866 194006
4421 3704 186089
18806 15056 171601
2684 7305 150014
4993 9763 29403
8631 59 32558
4147 2132 66536
15591 19736 16513
14434 17316 185711
5259 8845 12501
655 19884 119883
18919 12174 185515
13862 19731 18139
3315 15037 139979
18182 971 58236
16781 8802 9108
14112 15450 134819
8629 5656 146861
13150 7966 44865
14680 14037 168078
10462 19677 100516
10424 8669 24417
16183 5101 8003
3962 13858 44492
344 10274 186437
12927 8185 168899
11917 1273 194577
14527 6630 105313
5453 10967 70592
19451 4041 126995
13060 13875 138333
19641 6358 135801
1503 9958 111331
4602 5584 76367
13887 15061 193639
16897 9021 177082
20039 6062 165321
11883 4088 157821
1186 16904 137105
16525 11493 12592
16862 5362 83172
12713 17759 97691
4028 4288 150037
17114 18188 100588
6234 18948 192831
20359 12286 39883
8110 966 174194
3833 11992 76167
5379 2272 174736
14213 13778 42202
12374 11506 182639
20426 14291 173373
10104 16932 64994
14128 16059 100055
14651 4751 141064
2116 19256 116313
15115 2362 46761
13615 10060 38610
7068 15990 55601
3517 483 158746
20605 19082 92726
4636 9159 162484
6004 10618 31167
6048 13868 146565
8059 14488 19078
7193 1240 109471
10477 1037 191323
9935 5809 93472
15561 15940 87853
7834 14037 86133
8261 16665 58039
15229 7830 195247
3853 9910 173276
8642 11731 129177
5961 11351 173747
1720 13479 85700
8460 8871 154892
2663 6200 177389
16808 2039 140987
2682 1243 43241
5589 14767 41515
8673 14274 101546
13761 19533 138612
6233 11736 199398
4343 13786 175521
11772 9521 161364
14156 9020 28077
17033 5426 70021
9062 13803 140213
10464 10489 25780
17289 12091 129214
4951 5134 199375
12296 16996 149810
8336 11403 178465
19443 2185 138096
3865 1913 127471
19960 14740 76121
7065 14097 94868
5698 2621 108716
3619 14407 20718
2687 570 75395
20174 472 55039
9088 13345 49881
8125 8117 136729
4581 16925 51280
12883 10011 185447
19776 3509 77441
19808 14302 125015
18902 11893 112695
16750 13716 91747
16238 6085 165433
20130 9917 3807
10155 15376 64519
771 3934 54579
19605 1925 75904
16530 7251 68217
15773 3640 174489
11057 13051 185752
20407 19042 80773
5890 7273 153682
8974 20361 160488
8811 19464 168578
10944 9147 35275
7430 9816 62598
2926 7673 135907
2489 16858 138537
14244 2038 125943
18534 17961 63278
7254 13027 148858
19341 13415 171027
5553 14415 154641
5693 1308 166987
19999 9563 38902
3215 7419 144017
12427 2254 34626
4938 4530 185867
16737 6882 59160
18452 17225 139228
17572 4466 158758
14795 17110 150371
435 18139 112721
19408 17045 10301
6827 3254 121598
15771 11801 49162
8687 29 176885
8271 10995 150057
10552 18771 126061
10346 17475 188338
20128 17746 152374
6167 14317 133660
449 11647 92836
11109 1371 9319
540 12075 149400
16347 3148 76830
7618 1116 49415
5895 8872 43053
2183 794 118279
11560 12763 21196
6930 17439 16476
4947 17400 156463
5771 11342 178476
20712 7925 151119
11888 14947 76377
4470 7494 80320
10427 14967 29167
8463 4813 90472
19011 11734 86009
5230 13301 1878
857 4364 58751
16978 4087 148485
15273 3643 49998
12800 2263 97366
20432 10909 87774
15499 13258 106284
19322 7609 32691
13573 13122 69697
18145 8568 168272
6586 16266 132615
492 3226 147069
3639 20179 187215
4760 5166 56931
9342 4605 101513
6360 14539 113563
7525 15462 183364
1696 20369 79831
1684 16742 112260
20038 17853 187438
10129 15834 178737
2055 2852 141261
15571 4666 179084
10585 3061 55123
4923 19653 96754
12360 3873 71
18248 7379 34635
17028 12832 148513
905 7201 60628
13481 14213 44283
20714 12635 34399
8138 7752 135569
7502 7991 35584
14119 14468 61641
20611 20511 37275
15020 9787 10337
2440 7321 92228
8288 12605 30004
17756 3797 172835
13554 17628 1453
14336 17250 161746
15076 16594 50185
13773 1387 78449
4543 7353 144680
20389 10784 180471
4335 9970 105148
19246 18274 54454
160 5163 162162
9563 11922 106748
17228 9485 40461
3610 163 114024
2352 20262 142223
15153 13809 59209
15749 9852 95869
10352 17330 175397
10568 6575 152641
339 18449 74085
12222 4562 14911
4844 20270 82555
4317 1054 56149
468 8685 184735
13190 13343 48256
19669 459 6042
3017 15030 82039
20720 14479 33233
16254 18860 154664
12479 20703 51689
4226 4551 131956
3476 8890 179670
20688 1282 167962
6317 15817 110699
14219 9630 68382
20303 19513 45883
2021 18856 68767
14856 6619 138959
5935 3879 58785
2447 7835 13108
20439 6846 47946
5641 6340 81774
8093 16009 144883
6230 13272 66520
5263 86 6005
16475 13269 122604
12127 1801 55282
6616 8228 99293
12005 16887 168582
13081 11534 51047
19983 11384 45705
12656 14092 169021
11773 916 77036
1419 4322 75202
13822 9264 135768
4794 15857 188319
3255 19509 129851
4404 10108 84101
17625 9040 75893
15539 7441 3291
17269 2249 87823
9223 17628 36314
7913 11062 79760
2603 16272 86525
990 11397 54510
17165 13022 78619
9675 15215 182082
7421 17809 172548
17823 12667 199031
16491 9269 48990
9 1635 96277
19224 4631 129831
19269 4714 179666
139 10091 128807
7099 1548 121352
18962 997 157189
6012 16028 172026
12298 5471 158516
7384 9861 35513
6254 18697 137954
16608 6005 78068
9631 47 45363
14373 774 75196
6126 1682 34178
10554 5821 146417
20138 11806 76262
14442 4739 89818
11706 16864 199350
18382 5609 196356
9576 985 100113
830 18740 138584
14993 19309 76554
9525 7597 13411
2005 16378 26870
4784 17493 69422
13973 16826 3360
18106 5155 195489
398 1034 27732
17284 251 52800
11094 17977 99090
9700 10276 82282
6573 3498 147994
17784 4246 81483
6094 9066 130587
2381 10935 69576
15102 3032 50441
1018 564 189177
9615 5359 31079
11819 11837 151063
15545 20086 95151
1305 19194 149381
2531 17753 13494
17246 5544 178924
17662 6286 149141
939 2753 22207
267 15055 100124
17339 11612 120614
11375 4695 8887
13862 4759 11847
18613 8592 197961
17622 1119 71516
17117 13252 68746
19171 6862 115442
4652 4351 38926
19511 1515 82556
13402 4848 195727
13535 16198 17942
1912 2390 73137
5392 1898 44699
14965 13658 163544
4492 7388 31622
6999 11994 153007
13162 11005 85161
6511 352 42031
4952 16197 92638
9027 1874 144540
17164 12445 114418
16388 18980 52021
6617 15249 9159
1307 1883 150381
12546 18015 105814
15612 18914 192353
9686 4377 92020
2212 6714 147618
4248 8934 101035
5910 3118 23339
19562 16078 5885
18279 15628 29537
16595 7660 183170
17888 18829 193743
12927 20391 65106
18777 3521 164224
8956 10694 68521
14319 9620 178918
19237 12404 185809
12925 6738 162355
10691 13524 24761
1505 15819 152148
5916 20526 123387
6494 11463 96518
13227 5932 101163
7975 15145 61387
18740 5072 49334
11724 3211 188301
12873 3534 73679
12976 7371 34011
10594 276 131040
10169 6720 70307
8893 16319 157280
10559 19745 184528
509 3670 68866
20356 9468 114675
12076 18007 143792
20579 16598 170516
14095 19855 118770
8716 1489 178221
1737 14231 135027
7922 2778 36669
12640 8342 25096
18927 13567 157437
7307 7339 1354
375 17285 162884
5697 14198 189002
18430 9388 8370
18162 10377 171249
13449 4833 56082
11246 6395 76302
952 3843 54119
11514 11500 107260
1483 148 26943
1774 5372 59475
3760 11997 139144
13952 14689 174691
14771 10240 127118
1605 7011 129493
5568 5284 84999
9942 4033 41254
18840 13492 44480
16835 12561 40239
797 5159 142191
7757 4905 149668
15109 17444 101043
15982 2040 93829
10319 17020 147569
6343 10698 133134
18012 16968 1719
12122 7599 143557
16614 14319 113492
8556 9246 109473
7031 19520 36780
10259 1791 79735
16319 18262 66623
15810 117 131463
9309 10623 100389
18022 1644 53523
17443 7049 117229
2077 11768 133361
1116 20063 84012
6527 4011 153505
19977 12516 111679
2986 16297 85223
6573 3115 155268
14030 13750 54991
11 17850 99936
11529 15306 184193
3799 8386 122429
2975 12999 1866
9750 4170 24645
3755 14445 92144
12254 7777 153077
2133 16367 105497
1436 2598 100325
16223 2863 94983
647 15632 149737
13418 6310 172686
8920 11820 187326
3146 9525 193510
16251 19517 3654
1938 1647 156103
1278 13822 129220
20173 14406 90799
150 10484 128160
15224 5754 97160
490 1281 79523
15806 9923 23734
11826 16192 22246
12804 1235 144306
10184 19568 122377
4821 8923 65398
5188 16466 44790
6276 2265 75021
7247 12562 53846
17563 16664 80319
12004 17096 7883
13164 7978 141095
6295 10524 169936
1795 4198 55198
19799 57 34984
11093 8499 38363
5734 13666 86262
8562 3181 35123
4272 14801 60403
14510 4475 132424
16766 20465 157179
11890 20479 172900
1501 10930 192550
2761 13843 111815
6440 13561 50699
13799 12012 31521
14756 8995 13271
20102 17899 180722
1742 5787 163421
15731 17448 78945
3942 10754 21229
1483 14871 51359
18895 11638 139420
10849 12593 93871
8744 17247 48997
5742 7929 192799
14453 2095 119305
5217 3136 183985
14962 7622 27641
1272 10072 78961
387 217 27288
13372 7540 25424
4148 7858 63029
15618 11030 79223
5844 6542 110464
6113 10677 82357
9604 1855 14122
1074 19300 117861
20007 8150 113561
9132 10117 41997
2530 6498 138305
10798 16313 113501
5625 4832 29722
5493 4872 135166
6801 13612 34518
3485 3448 151655
15109 15302 28710
7894 12152 183635
15073 14431 74753
17829 9630 129637
14688 8631 48514
6520 18775 141085
2440 19048 155663
19268 9586 155313
5550 17181 167721
13737 17005 39927
12313 9283 74299
12297 4816 35836
9462 19116 183117
20572 11784 83208
12144 16559 60088
2642 19182 58217
15791 9110 59471
5199 11618 5754
4080 7028 1347
17634 9447 188384
12672 3552 68786
14531 7682 68852
11946 11291 192617
121 14679 73080
10459 1285 116222
20249 6494 166562
13404 2786 4993
2729 11035 1001
16468 17254 8445
2661 13978 143692
5666 13983 10162
15101 1206 14411
16052 6747 118619
3709 1645 195464
11040 10525 155715
18351 9469 157561
3025 13132 122883
7996 522 15820
5249 2671 18900
11354 6725 54044
15994 9683 34135
5201 4762 47101
8740 2647 32985
12682 12867 102876
3120 19369 192419
8235 18523 154026
17388 2998 149790
152 3035 163290
623 15054 69537
15402 3517 193064
18528 20105 16783
10801 16200 157917
18614 18709 157406
8323 4864 96688
12166 11891 162018
16539 18886 66606
12263 5175 113307
6377 3712 132011
19897 8684 25638
62 14820 165536
14141 17813 55135
4876 12975 74254
7711 10942 155096
8257 2489 27407
13284 4859 176668
4177 3813 57519
4678 17629 87737
18720 2684 191766
2303 6637 193275
7665 957 177967
10312 8038 35522
3755 19254 109409
4610 987 81023
11336 6844 2495
9261 11350 136678
8594 1661 183011
19164 14795 74052
11367 10698 163687
13112 9389 121406
6990 18051 169415
16981 15067 40266
17588 10984 2889
13340 17167 27230
9026 11892 129467
2295 7193 68556
1686 19592 139101
14955 877 189420
3244 2392 109859
6960 12819 6923
4051 17935 139544
8492 4740 195944
11221 12891 18708
14483 11364 116608
15504 3168 191122
6215 5801 59014
3965 9308 162816
5478 19626 190844
2980 10318 9862
13270 12315 139460
2534 17342 56525
10359 17361 54927
2981 9716 127790
6374 15096 130220
8809 19198 142414
6520 1279 138565
1840 11301 174341
7609 8318 30951
5067 8709 19202
15669 2277 184015
7175 2869 129744
1187 12619 187174
12348 20715 196911
7056 15204 10702
3774 6851 20582
8089 2601 26071
12791 10405 33288
1747 854 84901
5810 12884 44221
12138 8608 148572
11422 471 119442
4676 10875 44286
2988 11130 17114
4148 9811 161937
12498 5870 90078
7281 16992 149796
11313 6776 17651
11842 11116 138474
1390 7059 164865
3150 5177 75299
5296 7249 153470
10764 13679 92205
10947 20025 131903
4132 5993 42728
4068 14025 64546
15275 20274 136919
14325 4553 32357
18360 14615 96855
18508 16365 28966
12058 10700 109093
6863 8261 84778
12729 15 55523
2902 19723 5490
19394 12167 84673
15657 19875 155128
2218 18154 198241
19010 17670 198443
12226 9337 64526
7900 14452 165860
3075 11510 107820
2821 7027 149781
5416 3447 135765
16569 19205 54596
887 10506 190806
13370 15804 21106
20465 2837 75815
19591 9324 123500
18230 7291 163809
5627 12270 85513
619 19448 38952
10869 2018 1388
14797 517 12135
16330 17549 186448
5867 8012 36704
11648 17195 53066
19453 572 125177
10283 11846 126161
10236 4175 196841
17302 11369 65907
11334 780 122479
744 8764 9764
12826 18346 49511
3789 11517 181729
15487 6077 1413
208 7582 118436
6047 19808 178229
4405 15115 196378
1251 3242 119022
17898 6869 121135
1072 4849 135305
19208 16188 185139
12967 10937 31165
5505 11043 188802
9865 14438 182413
11498 15620 45090
13917 11521 108736
19843 15926 86454
19823 2536 54145
19388 108 9984
2627 6599 87024
17376 17525 148523
16866 4505 157538
15598 4857 115309
7247 12037 87553
15280 14251 147427
16927 10241 56544
8040 6320 187524
5576 4863 144678
9593 20193 123628
13117 18730 90980
2694 15270 63750
10041 7988 158023
19168 15797 136907
1405 12823 77436
3827 13483 5202
19725 12962 127789
18640 4190 89626
18966 14141 111416
15316 9211 74515
5065 523 50710
17108 16751 89187
16967 13841 65644
13980 17297 158012
13766 1797 93392
15471 6885 94718
15424 14406 3058
417 5374 192415
2895 4287 185629
9573 12379 12352
9756 14731 82684
14641 8494 38099
14497 12737 14346
5466 4334 104883
3720 9450 97571
15821 6317 127730
17632 9559 11730
463 3745 60870
3234 18132 55690
15801 20136 10547
10610 4971 37839
10673 361 165586
3840 7393 45626
3224 2511 30757
2251 7578 25313
3730 10785 148631
14556 12124 1177
5273 14901 90159
12642 87 169634
7274 20477 165159
10385 8793 94004
7570 7427 81959
5034 6164 157341
9426 15662 32519
6623 7265 45232
17811 16797 76369
2176 16221 136157
17434 475 66982
4642 8215 89305
5149 5300 22236
9227 14497 110458
2336 14042 130809
19085 7878 119193
4356 5055 194075
13705 12777 119199
20037 11701 61936
7661 14982 2406
12813 1727 39719
7308 4924 132832
4345 7018 43881
2343 11564 133119
2393 2709 79150
10442 7144 197266
11405 13911 176600
11046 8209 8831
3355 12759 63185
4314 11277 2251
240 3746 73559
10908 6290 182017
3075 1636 167581
17078 9877 125013
6433 3762 170331
16517 6303 107097
2506 18422 6615
10901 7432 188203
3588 19339 186864
3653 20705 46616
741 9864 91742
8663 19480 168864
9368 6680 68756
7985 99 62926
5760 2204 142392
599 17193 190259
12670 2928 174851
16099 16701 154758
14270 9762 102838
11914 15286 145741
9599 18459 70520
247 16069 48168
20621 7761 45857
1225 17950 150863
14903 322 67839
2320 10528 67773
17421 9659 148756
7128 447 136600
15250 5477 36994
9175 5194 26977
4570 19326 97836
8527 2350 94294
11796 4830 153651
4719 15530 65273
11913 737 190380
2604 4066 90405
13865 3957 194308
8819 6792 186120
4273 3488 132812
7631 15855 34264
17495 4025 144239
3944 9087 79688
19661 346 98582
18076 15538 75172
13801 19381 174497
19018 6733 152945
5659 6205 48326
8702 7655 83373
4084 725 162321
8889 1195 102320
7025 5327 168183
12557 16610 91538
6269 14202 186931
16229 10215 145285
17196 8868 17449
14219 1800 23560
11032 19863 45531
14567 16309 150482
20574 6929 122220
6543 6378 73325
7024 14852 25137
11912 12677 186072
11495 15132 176562
8532 8632 141954
18298 229 102412
20156 3207 39072
18778 10576 186124
12919 4208 146440
9245 3677 25950
16332 3691 74072
18667 5383 61676
7939 12274 36785
1193 17139 13781
20641 9570 90399
12136 6606 140883
1361 18473 196804
1572 7741 170944
11630 2696 7216
17343 18231 100683
4805 16135 156154
11440 10124 92412
5273 300 193002
6151 18574 199194
4827 1462 81997
1074 12330 175826
7917 6633 132677
18352 14556 23277
2122 12327 117211
16167 7207 154864
4928 20315 183659
6634 2163 151362
9504 4992 17061
1336 13019 26436
10566 7607 101000
1125 7467 1140
218 14886 107160
10421 18438 166433
17198 17676 148596
12771 6483 22029
7123 4746 62200
2377 14280 80237
9454 20142 169228
10910 4050 27928
5568 12923 958
13415 10117 66905
13165 15223 16320
9996 12787 14778
9035 20313 185240
8039 76 150974
14463 17016 150376
11836 5581 158349
8334 15434 35232
9457 2241 112014
13962 13730 91297
17076 765 96788
13584 19581 147368
5476 744 14664
5092 15568 52026
18387 10604 127738
11244 3675 111362
16707 18326 54087
13450 1851 60425
19849 19818 197006
4765 17832 58562
20537 12623 183082
13438 13715 144826
6438 16623 144292
5600 3122 187345
9608 5796 154968
773 13799 192003
20289 19497 172770
14110 6225 21203
6014 19787 23137
16970 19526 73024
5375 454 87985
3104 15031 142886
1283 7746 84494
11742 4228 149696
11455 2010 52361
15307 9136 16006
1834 4764 176856
20198 5495 73483
1313 9975 20322
15396 15962 94546
13696 18957 34868
14916 3085 37316
4819 17415 175471
2170 10959 178184
10479 3108 195600
12314 6409 22857
561 5393 13113
15579 15441 15699
11695 16020 173746
17489 16170 42606
15380 8870 60452
18714 11152 93277
3599 10348 174194
16930 9295 75707
8913 11925 171639
8910 8689 198660
12118 9611 110910
16095 5975 198006
10427 13074 18197
12568 11111 60650
98 11699 153140
13072 11035 107831
10248 6887 133113
4723 14414 27166
10681 513 54640
18447 2242 123621
19056 11789 53528
17867 11986 142617
7749 17407 16675
13680 15037 87071
6646 18180 128188
14864 15833 20466
2838 12193 114901
2691 13473 68942
19424 10150 39996
13184 15800 171188
15401 7352 80013
17370 20065 127602
18797 19700 90612
14676 2626 192898
12495 6798 195560
9795 1318 110356
9355 1248 157913
19280 15083 70601
9922 12227 177266
12026 5099 186639
9390 20527 179975
18784 18938 9695
10369 2524 121758
4256 10667 122190
7791 10477 161032
6468 6654 105475
3515 19795 88867
14621 18916 132504
5423 5282 152836
17547 19337 185352
17557 6004 135909
6198 1107 60520
11655 14234 7674
3813 18500 137496
9206 11753 132538
9972 11745 167245
18502 8817 180071
2791 17986 40282
2536 11676 41003
7555 1770 2681
19545 17842 120206
20400 13006 155266
3504 19929 40007
17950 5155 73959
14763 469 8090
10019 58 162197
11986 529 77544
10825 3452 75679
15512 8563 62333
19074 14562 94104
7647 4926 129134
18252 17301 109596
15690 19449 199582
18333 8960 73059
2944 13138 195797
4545 2185 18973
17466 3596 28073
13697 15343 179927
6896 2836 95976
18950 2564 150319
839 8718 137408
5017 8654 6157
17290 17709 186546
5342 18406 67353
14547 13363 133981
14107 11717 67533
13259 10410 65593
6217 12946 4489
7124 17978 87762
19567 2282 180511
15206 7546 124158
17353 7141 113719
1769 19336 175445
11753 16283 186548
5226 2645 36646
2985 1541 120840
8229 8993 8754
1812 892 7322
18135 13959 64657
18830 3899 152237
12783 7008 170317
4206 17976 5257
2789 10556 122804
7336 7492 74188
19302 337 37859
14403 909 138636
932 7946 3988
10957 804 190998
2721 3879 23850
5970 14437 74065
11832 18551 197411
10605 15173 87128
2558 19713 68778
20279 5326 105282
19023 16941 163820
12982 2454 44706
12481 3427 9754
20084 19366 133791
20282 17447 196674
9734 7929 90240
20635 10263 68184
8250 8924 168166
7386 16210 135799
18003 4518 156128
5653 7255 78805
4210 7694 87553
4596 12696 161111
19099 12058 57694
14519 6936 13930
2367 13412 171214
1831 14549 36472
7844 1571 143773
10914 1753 95684
7064 11122 191395
5483 17691 171477
18596 14504 155841
2921 2330 65720
1280 18950 81264
13756 2431 104258
13732 11584 180470
10481 16062 169138
14138 9652 115040
3740 11602 178565
7257 11497 58745
10497 18467 55956
2694 8998 56444
10193 9220 50637
20383 19245 43013
11740 5244 25460
5287 1165 16559
5695 3762 27405
14550 13845 30886
12901 5420 60491
4579 14226 147641
253 14535 136628
19552 13326 40197
7843 1415 8143
173 17971 67945
6516 17753 146710
4372 4459 166229
4407 9684 104775
13795 6769 149154
2388 4067 701
8848 6362 30919
16 17710 184669
784 6279 129611
17750 19046 167722
16342 6839 187494
5538 9976 180694
7125 20573 2248
11651 5319 102918
2249 20014 113278
4299 19253 162495
16314 7513 53529
11923 6912 42664
16427 17295 100471
1530 524 84821
10277 8131 75228
12256 6298 111108
8188 14324 155071
8640 6555 63993
11622 16062 39391
8759 12063 63025
4488 1333 30752
7565 689 180579
14625 1394 184278
4160 5302 48097
13452 11932 19309
18979 1482 117908
14232 14041 158593
10668 9418 117704
8247 10161 21403
15222 19739 1103
2138 16379 9189
5267 6700 112584
19426 13460 109295
16662 16368 101436
4159 19919 43159
18207 14398 73207
1294 11766 186009
16285 5965 63211
17403 6960 128492
8624 9669 24992
18636 1383 91241
3281 10031 8435
17875 1501 49916
9738 8510 161836
9291 15618 154284
18201 2695 31010
1309 7990 28183
20130 18485 24477
8423 9580 197756
7306 867 65946
12083 921 102832
19022 7962 142116
9184 757 123392
7271 12050 139989
12995 461 64545
3382 6805 30103
8594 7921 5332
19807 252 183429
19436 9647 190129
12654 1417 19481
6622 7290 131780
2486 3171 31067
3130 17613 163643
19472 15061 55409
15524 12755 184365
18004 8148 48512
3554 7348 6287
16437 20352 161061
4236 88 133407
18425 17730 163411
1475 19511 112767
19117 9148 12653
14187 20582 26708
6125 18929 197495
3786 17787 184261
11465 6638 145102
10811 11662 118434
19294 15560 75175
8107 6469 158758
17394 7376 108284
1367 8403 130568
19588 17941 81466
10769 4738 143021
16970 9614 132908
17497 4075 12812
7290 6315 53275
14671 7213 187555
4936 2866 197684
5454 10074 69969
13655 11760 47088
15937 12359 88912
18054 10087 27198
8973 15003 199926
18684 1939 9816
15106 15935 57429
3746 8900 107250
661 472 91038
1956 19781 6852
18260 551 145810
10534 14491 110486
4134 9556 152484
14867 11146 50176
6434 16374 7070
11675 19611 33478
11160 8696 54024
16663 14723 145652
15648 3316 128156
16715 8803 57249
1783 3383 120229
12178 3453 35363
4810 7672 41702
18423 213 45451
4642 1950 10373
13563 5940 45734
17614 15345 76048
8473 15522 111793
5494 15460 60391
11385 13948 68521
12659 7793 23405
5164 1575 5339
9267 15063 86661
12539 6734 45330
17890 1632 17046
3142 16966 184426
10295 16586 77179
5112 14574 96203
5866 19217 10706
20153 3166 187798
3415 17944 126704
10878 1951 194228
16330 6262 78581
9384 16896 43729
949 18705 153691
1641 7037 122014
3108 18166 147665
14621 3012 138801
596 16309 26233
7506 9543 179444
16736 19012 186900
8568 4683 115490
3775 12549 21273
4962 2107 129218
6763 4391 17166
17920 2057 25094
11439 19569 37039
16498 7363 148320
10930 12841 78866
16449 2828 155588
18556 3255 130163
1881 3882 70239
14079 12915 2945
16800 4273 126565
16933 18404 91819
10275 5104 61794
2424 4443 8557
16157 9235 189517
10390 14228 92128
10951 6767 10159
14176 19499 160157
7295 5480 84103
6475 2293 145562
4362 2363 93532
11917 19087 141053
7762 3623 116355
17977 8435 197516
16894 8967 113706
6944 5926 210
3460 8860 5083
11639 12954 144063
7752 18691 29095
18793 17454 61742
13827 9544 105410
20324 901 157995
19919 5013 18533
3062 1526 181835
10166 17777 186192
7657 14655 182343
19468 1335 196118
8964 4085 14012
7720 2809 10283
4149 831 181357
1655 15812 123229
13731 15348 117848
16072 958 39261
10183 9483 17790
8284 20358 17795
19856 19298 87750
12031 15056 75943
17099 16706 1197
18861 14849 30170
5547 2733 126753
1497 4471 37901
11547 14715 113294
12114 18029 70418
13904 255 24540
11168 12868 94752
15773 12104 182666
5827 19770 22983
8340 10939 6955
4952 18935 7180
6670 16511 43817
9740 6553 122308
5236 8562 96496
13650 4590 107941
13120 17823 92935
1047 303 132763
14362 110 13576
1276 17602 77645
2580 13261 114025
17077 20414 3567
19880 14329 198591
11198 5127 13861
12073 9344 104136
11474 14508 77187
19 4603 29758
9609 7792 140887
14757 2228 157525
9670 6611 32011
13671 4268 155958
26 16181 36101
9673 2631 175466
10794 19764 75406
10763 7922 116436
17509 10598 38540
3819 11338 75552
10103 19363 343
19307 10603 120936
10431 15533 158941
6800 16067 21768
14127 4910 198216
18645 3943 60198
16529 5012 87801
1328 19736 99330
5797 9608 153294
7725 9277 33355
11539 1094 23794
15488 29 182403
2849 18168 10871
9190 3637 163749
3941 7784 91032
8680 20187 111741
15973 8553 199295
2328 2019 10124
1028 3839 11172
8208 7469 73013
13594 12361 140946
14910 18801 60451
5750 5578 183426
16686 11700 154388
17111 10061 121167
6228 2797 137157
4168 8746 8828
1485 20537 34023
9512 1128 18571
16262 13528 110402
14924 5664 77712
14950 9886 33252
13321 12703 106600
5195 13008 46398
12993 18112 129111
6543 16377 168789
12987 14298 87662
19195 20672 42931
19398 17344 198828
17526 2734 82110
9331 14211 173605
18547 16342 166520
6874 18220 45344
5960 11632 86613
11008 1579 191798
11099 9431 27502
6418 19248 193299
13130 544 5145
19026 13725 130321
8108 11177 133870
16751 3313 92903
15595 5293 170799
19664 1257 28889
9208 1339 142112
5025 11071 148745
39 5518 58023
17824 20523 35052
14388 3669 116612
5578 8668 100432
20713 9493 130978
2950 17921 154624
6453 14788 49001
18468 3557 183215
5632 11604 80632
10294 10463 150848
7695 4231 84651
6949 11201 106593
16589 50 136672
15900 7208 50278
17585 5499 83103
20215 3063 93438
14433 11064 109416
8376 12948 2897
7589 7132 159325
6213 17008 171707
17066 5591 153618
13844 12524 1010
18618 7143 135567
19778 6471 67100
2840 2224 180908
19972 5355 36715
14884 18673 142959
944 11346 9607
10094 17057 130057
1776 9911 171587
18807 1102 100988
15858 15266 128093
8187 17200 32170
9466 15772 62163
1315 1508 184810
5388 14234 126173
16070 15661 71838
14611 1048 163481
2436 8786 81121
11731 2841 52918
13410 12160 169567
16546 16359 180867
10472 3958 129821
17796 13691 13124
8621 18946 148485
3019 1439 133255
4426 4694 52252
2504 18191 183847
13194 7500 46518
9642 3850 106589
20296 9667 8599
18999 13710 120297
16187 19711 195020
10279 9570 184467
458 16727 112059
11041 11555 166010
13986 4195 182961
18033 180 165284
17490 16259 38672
6661 19204 36264
14066 9592 143217
18876 20368 4112
18433 15604 153957
14940 5591 135761
9275 12772 40815
19797 16716 27128
3863 3587 158525
4614 14380 179608
20663 17712 105508
4192 15364 154453
5081 13739 84152
19238 7240 173082
14518 8494 34368
10415 6396 8345
5433 18821 7750
14844 2079 181396
14482 359 64187
14663 13064 90266
13742 12826 62135
68 20023 56624
4837 7816 41977
19957 18149 39244
14637 3129 20866
8784 9325 91776
7645 9987 68313
5335 12629 99320
20341 9008 64008
7126 10381 41960
4001 3084 153555
15044 2461 130889
10941 11768 161338
20428 10826 47693
11911 11533 171338
4522 3282 182217
13152 12487 87686
14908 18733 164700
20014 19035 105033
5929 18120 64743
16100 10856 78603
10397 6645 123608
6161 3147 176001
7774 11016 179047
17885 5879 19809
5753 9597 120179
9038 13726 40159
9334 11413 121504
20176 15762 71527
5923 8548 175055
15466 3661 27941
1500 17814 137249
161 9224 124583
15584 13835 126015
20674 12488 195045
3222 13516 137314
19800 11139 9296
18176 15393 192887
6484 20494 82367
6643 7659 90933
6259 9777 184243
10869 6956 86371
10660 7646 41063
12926 18157 142501
20564 827 194088
5684 8264 104979
7848 1172 139807
16767 18598 110723
1237 3470 185540
14288 17886 133301
681 16911 101079
2871 15631 6187
3422 2478 2807
1842 13791 130656
3041 17988 102122
18407 18976 22950
15314 2549 62802
8792 15787 165828
3907 13314 152169
10021 10196 164837
5882 3369 185575
13532 12580 126340
19103 3368 43064
20653 17504 196913
9031 7717 61161
5145 15672 3386
1146 8028 79047
3116 2554 118886
17181 1216 127678
470 19761 103246
10746 5160 175510
8679 14449 133297
9961 16772 112909
10190 6118 86510
5363 3391 68314
14727 2395 130407
15493 6075 18675
14897 11242 67020
991 9511 95717
15298 1841 185981
3582 957 132093
15586 7758 177890
5818 18653 150129
2978 12876 180279
3707 6271 35715
3550 7359 2493
5100 6710 34613
14068 19356 87590
2733 1316 107448
12478 10956 73887
16106 7292 187394
10574 2980 94804
18908 9553 175301
16551 13990 50189
14751 16524 140913
8543 15925 41659
3418 2092 184665
8304 14460 44698
4953 17907 53627
18883 3651 158865
13394 10317 63534
15948 13380 117150
11254 527 49600
9386 9442 115327
13211 12709 122790
9213 1015 123379
6847 15130 79985
14102 11274 133386
3635 1158 198673
1611 19176 57987
11845 4162 57884
3367 17287 189051
6854 1326 124869
18969 10125 77737
5745 20069 54268
7034 5845 60694
7594 17104 55825
6740 8735 152748
16951 10884 72982
15765 13768 79653
20625 15881 80850
18843 15489 138271
9963 9804 175312
8638 14151 52759
13085 1155 169009
17909 14301 162997
6356 14911 154883
10182 5983 21021
308 13047 107710
12760 12622 133540
2418 6127 27863
7261 18862 195139
13147 8889 153798
5037 702 41206
6360 15260 27518
17260 3659 32063
8959 9339 192977
1109 11386 1633
4423 10568 2502
18928 20641 195283
11197 8330 107911
11078 9825 144360
5007 11960 152099
12621 6255 53432
4708 6923 68680
1887 12491 100411
8000 19807 193934
11808 12242 180779
4433 17577 59988
16638 14689 2648
9000 6891 178266
603 4395 179041
6058 10730 84450
5534 12008 189710
11368 15190 185859
7853 17120 164640
11026 134 64282
4082 2880 89950
2280 7299 135353
17091 5984 29045
16806 9585 133533
2267 17736 175857
13367 15268 47517
7718 20071 124638
20552 3772 196054
7543 8077 55006
19194 236 189384
19918 3358 134752
15802 5213 7670
14749 16428 118400
2993 10234 34709
8774 7919 89989
5847 8015 168053
19125 13559 161631
1590 10230 57258
2618 14164 149749
19613 17318 25753
16914 13597 39829
1156 14223 44857
15444 10759 144164
16200 1961 174275
19399 11006 178379
8588 14573 181748
14860 1820 1403
14275 19674 145019
6274 19312 3402
10577 5323 155163
18103 1052 65726
3562 10034 112468
13657 348 26462
12947 17486 180979
19436 18618 138462
5274 7781 121339
15734 4922 24425
7524 9216 172457
12151 9109 182373
18656 14676 21451
11117 11213 181223
3987 15 39421
11157 8528 141482
17836 16452 32886
8151 5672 128942
10641 2697 68664
5173 2811 198354
12416 2927 120938
14453 212 25468
14722 15735 108025
8371 12849 135013
5680 16811 160709
15883 3995 24945
1174 11941 154062
10113 13344 50714
3701 9458 99730
5583 14870 12958
9832 3405 154960
5012 5409 180894
8652 14895 21707
3743 12453 166450
16569 4673 105733
9780 16307 122347
6972 5328 177501
2240 7428 131311
6994 17837 735
6183 617 70797
18752 17232 8174
15838 19630 119567
6689 2969 175850
14342 4831 23227
1776 14413 139206
20210 13707 92239
3040 19050 31013
3530 5885 9320
3112 11704 71492
20664 13148 85333
15891 5439 147852
1441 1987 82511
14983 12288 85233
5341 15737 137277
13962 14620 59288
14863 7445 188823
17539 19431 161537
7566 16406 161695
13715 15269 45197
15829 16838 20053
14051 996 97088
3421 5714 74851
1344 815 98886
10607 16979 137816
309 1881 99865
16024 4743 77190
4724 3718 16521
20695 15193 16835
15897 15635 40655
12592 5285 117874
13041 4789 6493
4302 9694 83357
19279 13547 101840
8321 3860 41153
5882 6455 170414
11174 9144 127302
370 9771 171433
13057 4017 93385
783 3677 17163
10725 5457 84572
15326 12691 45848
694 14907 197085
6492 17755 164827
2568 5450 68048
885 6963 104257
7903 5723 105647
11243 5733 4117
9716 11466 193758
8325 1721 187663
2999 4790 176663
9627 1745 61923
3216 15603 171259
10575 2075 195261
9000 859 57819
16771 12761 5833
9390 9879 181125
15993 12447 43501
6070 19958 105138
18601 4453 26512
14105 16544 191613
4007 12140 189719
10650 9642 184557
19464 16396 144630
3479 14672 151586
563 17640 182123
127 11850 69642
14201 12119 151487
16773 14823 14138
17158 901 181531
10709 9971 127958
14613 16631 174738
18378 6902 46912
2403 968 192461
6334 3373 92395
18604 5462 175030
10757 8184 49724
6253 18904 105682
14512 774 109776
12806 20098 28919
7944 4979 174165
14589 10565 176968
4477 1351 56607
9481 14717 82379
3207 2930 169699
17477 1322 118847
14702 13442 22950
19311 15496 127184
13717 6268 126622
2596 12788 161061
20601 17689 88605
11153 10841 130791
18343 9573 63655
11282 6496 86852
5860 9898 69252
5785 9236 57898
13505 9725 39517
16006 13520 49393
17178 7417 82174
5713 15081 131709
9400 6373 99632
18264 6145 164232
867 14885 35855
6248 18493 195110
7644 15467 188702
13429 8955 182288
5831 18456 135273
19684 12787 102426
294 12470 117279
422 4402 69931
17621 3692 122411
12823 12266 20147
8173 5743 134214
8136 3091 63191
3660 10458 44129
4717 15066 86128
12283 19702 98283
8693 18652 82254
5745 2869 4260
10474 16027 39866
11815 9078 24547
1095 85 21232
6239 1114 17399
20031 9701 174803
2125 19373 167496
20140 7535 13656
8566 12304 110153
7956 73 17431
13336 6998 75122
8983 9540 54602
8906 7038 134576
7536 9186 15392
4542 12856 36518
17699 2586 199488
17037 8313 50924
11650 18365 144279
18650 15178 175333
2477 18436 63688
14419 4136 153138
2766 7408 25861
7839 1470 70113
6766 374 120459
20492 12126 44819
13104 9645 127693
5061 7402 54795
17182 11073 103031
750 11585 147943
10354 17070 85399
12888 7271 33544
7879 11414 133998
10827 16728 52812
3442 17797 129569
16902 16816 85113
15458 13056 127297
1246 8057 125143
15362 12522 185061
1673 12758 54390
19831 18386 152039
11800 4085 8851
7153 342 161240
10642 12177 102304
2833 10322 54191
10347 14318 57066
13748 13874 25353
7804 13968 96138
13376 9414 5761
20312 13227 102798
12885 20090 94191
5328 16736 30827
13291 15075 82945
4679 4446 131409
10290 2930 37150
18351 8539 125258
5325 17485 57454
408 15159 79103
2558 20158 102045
8332 11045 14500
20468 5458 52942
15943 20343 156946
17669 12422 115111
9107 1316 84014
19752 1619 16135
15335 17124 164710
5956 13680 195380
12044 720 76586
10833 14797 115097
10870 19827 18243
11573 9150 116695
15453 2873 26193
6341 550 106753
3340 3024 36192
19833 14414 91217
485 7866 164396
9246 13223 14774
6688 10075 95557
10745 1750 173936
10087 7485 65958
15308 9743 103455
11359 19682 96761
4123 15546 183921
14973 2087 72312
15742 125 88934
8216 18128 109002
4800 16793 54258
9507 14643 190793
20344 18576 71126
8599 11417 197942
9748 3185 183387
19365 18169 154666
2664 9138 71495
6335 1907 170941
11575 12101 195163
12727 9885 123258
6778 13801 179449
17473 8270 63318
392 16714 103287
6473 20235 189651
16977 4566 171034
6308 5765 77325
17420 7496 37529
20277 9354 64981
8287 12894 97340
12362 18135 69602
6902 10220 176475
9587 14662 196081
4352 7447 22427
20204 18082 143000
13232 899 86761
11037 9948 145589
20348 13646 181033
5435 13805 135215
9210 4330 132556
19264 19976 148311
13249 13633 190440
4753 16935 160948
3589 2286 150013
3567 17883 62988
11851 9396 162350
20460 14629 44894
19577 8170 73587
14122 3645 17004
15433 7372 146876
929 12146 196940
983 15087 160901
8180 1917 59710
9036 6756 92434
2090 19947 43488
12258 7648 177270
11759 17246 155781
2432 17092 175595
1496 4625 180165
8045 17918 171303
18547 15885 36967
6375 8769 44490
12929 352 140959
18819 8041 132838
1049 10487 141598
9048 13328 123502
14106 2896 153912
15275 4491 16899
13639 19519 13306
13702 3406 41965
14520 20485 15885
5461 14697 54592
19612 11163 32163
4432 790 106415
2342 12155 1413
17212 8084 41090
4161 3256 166321
6707 7563 172265
974 4947 199971
15860 14395 169342
6905 10973 109004
12557 4628 136402
5060 8522 53046
13128 6316 197049
11430 16302 46545
20633 20182 19008
9826 8660 62069
16323 15703 77170
19634 19429 137950
4041 4124 58233
12338 5997 113917
3824 14179 6087
302 777 187749
16733 5768 119075
1059 12657 132018
14247 16377 164630
11416 15549 135380
19308 11913 93623
8317 15235 161528
7678 5296 80214
18013 12176 17671
6690 1244 52286
1006 8341 27062
17411 7887 115773
12567 1173 66792
19930 14575 28832
11756 3180 160290
9010 891 97777
3484 10829 89274
5672 15840 120414
1194 4013 50208
4897 14364 112576
198 18532 50627
891 226 115560
19576 10371 42953
20545 15381 30171
2861 18306 184318
13064 16304 142518
13293 6134 41812
16143 6551 179034
13788 18944 49926
13181 17222 117956
12586 18144 20640
10658 18363 13343
10343 4201 113928
13062 18362 184542
13192 209 184979
17255 16291 79449
17333 9445 161450
6 11741 67465
8800 3087 47563
9465 3076 155160
19921 20627 124122
19106 4126 151515
15486 5389 108100
13368 14519 192198
6400 4826 3362
1990 14019 21978
5978 11149 137501
5485 11970 198699
11861 5599 104754
9981 15422 66243
11020 7149 37454
3177 14364 46311
1008 6700 96486
7593 6463 12127
15893 7434 172101
16403 18864 154215
19623 17286 41897
19847 347 196029
7210 3058 163725
933 5820 194541
8895 12588 129391
8409 20186 45024
20637 18241 128673
9953 12784 14146
16401 17317 163678
20678 13089 100801
8121 511 80573
14447 10946 34666
8507 11678 172813
11182 13269 119576
7043 1854 107328
2522 8874 2915
3381 527 96034
765 11597 175829
7543 2801 76137
7651 19746 122231
18769 20264 25363
17321 5384 148493
11938 14343 108728
1295 15174 187183
3819 7615 156392
11369 15703 87505
20100 17436 2688
14011 383 39983
7353 13185 191878
7509 4346 36169
8176 10815 169591
5011 300 199211
18632 8848 23007
15855 2236 151003
12551 1325 48927
20629 5286 82867
3501 16119 86429
8535 15918 198960
12558 591 74658
7989 17584 6207
16888 12863 187649
16872 12165 26615
13063 1084 86853
20247 15732 162715
3585 14471 49681
8192 10532 24675
4458 9479 136949
7630 6565 78001
10621 11634 164648
568 19945 105968
16922 18093 62781
18956 7229 102688
2779 12475 18436
435 10465 120359
9926 1220 131345
18068 7236 142153
10019 20149 46316
9153 5390 184896
18739 8803 53656
3235 11599 21479
5871 6658 183726
1473 3499 93153
4398 4776 60892
11156 18813 93666
13753 3478 174926
11274 3389 126069
6522 7854 188402
5830 6370 126731
17408 8431 103099
17255 10034 98751
17145 4740 106943
17340 15093 87538
4276 17128 34139
11324 20276 1892
15287 291 99937
2781 2889 44887
12060 2059 41012
15788 12842 92929
12449 693 180129
5083 9888 121378
2677 11114 117238
1701 2127 175209
13090 2203 18979
5761 11852 42796
14253 11874 7944
17600 3 38928
4664 14193 31851
10711 3354 189502
5716 1780 39655
5318 7317 23241
1366 16940 184822
10564 535 165250
6687 11121 51360
3053 16568 92171
15609 7399 140441
11603 11803 38225
3073 15140 93911
5008 7121 150847
10875 14636 40614
14701 9006 48418
16581 13870 90200
20570 2775 100526
8145 2639 41029
19396 325 14950
3657 438 99515
9846 13544 57075
9164 13605 189299
10448 14887 152865
10926 17147 160645
8204 14939 123300
161 5816 44216
20489 8374 161225
11055 7696 20020
18795 10036 143680
500 118 54111
11583 14678 98857
1236 9973 72689
12810 2349 6925
4320 5402 143156
20291 14555 62726
3492 11822 39005
17231 13022 74596
5834 16904 67034
2576 9411 131688
15523 6275 73238
379 14937 33963
18071 11024 156640
7724 17552 163310
9753 14215 2790
19201 3606 120662
16574 19438 58067
1429 18355 189418
11700 19793 124510
4741 8421 184206
282 8078 72323
3634 6944 62725
17258 1416 115063
19523 1538 11822
16061 7087 151972
9355 4351 91413
6142 11722 22117
6947 13300 139387
5634 10879 72433
10844 6868 31722
14443 13159 149914
3121 20586 55244
4242 19894 99003
16109 12326 20939
4628 1437 23352
6321 2996 61333
1761 12420 68289
149 18395 9754
9733 4814 147766
19135 11927 55192
7918 18222 145441
4727 4444 106031
10468 14635 23170
3866 13605 141837
11278 9414 144560
14484 19687 56726
9790 14762 63416
8018 13631 2350
7044 16860 128045
13785 5445 5211
8911 391 52608
7474 15589 161063
5938 19409 70498
954 15696 186415
5730 11516 183168
8160 12814 120102
16182 3815 39385
5154 197 166674
6303 13053 139959
6227 10334 31514
17014 11272 35029
17910 15941 151651
13012 1256 187609
3561 11685 117327
3209 17936 29429
7299 7376 141469
20026 19255 125264
18781 3514 78538
10695 6671 63223
17538 9162 116295
16584 4015 158139
12059 8661 87416
271 11797 2445
14599 16365 49643
18146 7782 141717
16493 18141 34149
18514 6332 97507
1238 15837 196927
9590 4020 137520
17039 4904 36572
12577 4166 64281
16140 16717 75993
14088 8273 75187
8443 9796 32705
15520 17892 47857
9230 5163 173615
9715 20408 168555
63 6532 188973
17093 11106 138607
653 2086 176094
3131 16764 197558
18374 16013 78116
1703 12390 187440
20717 465 56482
14104 1627 195838
14276 7919 92983
2589 10078 134343
8190 6499 108673
2012 18252 128989
9821 10934 14135
18403 9698 158571
2937 18331 154026
8323 13362 51175
20321 20488 126415
17778 16060 1428
6399 16384 164708
3067 14266 75983
11516 3028 145297
13371 17256 128455
841 4873 139176
13439 13735 102364
5333 8263 151428
3958 17713 11614
12265 7902 763
2145 13156 139263
10572 6028 69199
19967 15247 21508
10835 2544 141336
1790 13419 24577
11977 17321 46624
1264 12863 158791
17881 856 199306
12356 1746 61309
11102 4911 145242
17668 12252 170523
14588 15013 105782
18940 18428 80317
8609 5011 97349
17363 692 138653
7375 10954 156674
12457 4295 32869
6881 6017 41043
11755 18167 195729
8112 8720 1931
6193 11304 62106
15988 350 41171
10067 11128 13752
2154 7846 192216
9510 6979 46241
20460 8347 46614
12005 18873 138739
10846 19512 194416
14185 12429 127059
12889 2426 171749
2986 3161 127786
8946 17747 177181
9338 5422 122002
10816 15415 55814
17550 9760 158129
5295 10382 26958
8699 17693 124029
2574 16629 65163
6909 14500 124541
16702 12938 99338
11744 2800 18002
1196 14323 38371
8285 1837 181
1080 10992 102708
10122 2141 135046
19524 18311 193395
12023 14326 178433
106 3993 172344
5402 15281 74632
8033 4197 168041
14766 18685 112367
9892 687 84112
7881 1357 155043
14168 6377 101788
7992 8138 55887
12087 2819 82320
20381 18382 4730
2223 257 121245
1484 5598 67770
6130 8365 48122
7954 11143 29360
19157 8148 138831
6153 18481 116249
12127 6322 14244
4327 18894 2666
20202 17604 52901
12078 16247 143095
17609 6628 60772
5074 1576 104257
74 11498 31341
16861 14717 142681
6702 12189 58283
15601 1067 15434
3828 10158 159083
19466 18847 55453
14569 1697 193177
8997 10465 114705
13635 14421 72187
17831 1856 34388
13694 4519 56283
20498 12066 129379
865 14686 15362
14896 13224 3881
7970 19494 95533
5516 6867 188819
10693 7455 154728
6697 17048 184231
12999 9536 102513
7219 12260 100189
10955 17884 32009
12376 17079 191670
7495 11086 130180
19073 15222 64569
4146 12678 45141
9101 4369 191702
16895 6638 22593
11872 15461 131359
18072 6910 38622
15598 12606 186200
11989 829 143425
13422 755 10729
17665 14887 88343
9457 19971 65666
14258 5332 165733
6911 16474 170032
8209 15985 171906
20199 5517 90001
14614 20374 24790
15027 5216 12296
17501 1374 113532
9229 18898 133694
12758 2317 49537
5365 11593 148466
10493 20599 128322
14995 7200 64554
20202 753 67262
18354 17964 64949
1093 18148 102630
18826 590 180662
4512 20230 61847
935 19469 92156
4949 4652 185499
16695 4837 102578
8500 3242 103729
18594 14401 93920
3064 8984 17897
11667 13095 124245
5144 16506 81183
6171 2615 51939
1287 18851 37850
11281 7704 176288
4554 5797 41736
2500 9009 132957
16350 3708 128940
8862 15659 106626
1875 7444 114151
11781 10948 40782
1690 5500 135248
4838 13288 88945
17551 84 42780
13628 13894 46417
13306 2465 117939
15510 7478 51506
15042 5449 136181
20621 10531 141272
301 5658 79324
5243 3586 69824
761 13821 20161
2110 6973 63323
9629 7849 22822
3106 14677 148448
15851 4847 177427
12728 10271 56349
4133 152 70771
8376 6166 19440
4006 6154 20535
18842 9704 69940
13021 10267 189513
11905 6337 76716
20070 12252 29232
1899 17940 159805
7301 19522 190440
528 12522 86636
8826 5183 129656
4315 15555 171351
14744 7448 998
12924 14522 110319
10134 13139 74593
13296 12991 28332
18805 20116 56733
10858 11787 171877
8909 15783 186364
149 20388 15196
15393 18050 143614
441 11931 180954
16460 8476 190039
6261 8408 121909
18917 6968 1838
15049 7798 56784
5203 6669 116114
20082 20472 87609
4748 1675 172750
8905 2951 131167
4766 18716 97325
15815 11617 28350
17680 4786 25319
3263 3531 187931
3787 19055 58260
8913 1729 119669
16930 8770 99914
10389 17101 194081
18638 136 82374
12462 512 88789
205 5351 3377
19795 5354 198331
14631 3083 15142
10217 8319 154277
11833 20478 24264
15765 14945 196587
7039 9106 159594
13951 286 6927
15957 13278 60416
5729 15160 13301
11738 5718 181087
7437 639 168888
1472 11271 56877
6914 670 166100
5735 13703 48326
4455 3183 183992
6600 6601 34122
2052 19145 170705
18283 12725 124092
18111 7030 92832
14594 947 98812
2209 11397 9095
16282 8511 122769
6576 17518 110526
12229 11179 8065
13316 8898 46276
7507 18301 21583
17557 19954 174933
624 1233 185528
19811 15311 21998
17020 175 154993
733 15075 25394
7456 8500 116659
12712 18600 41102
9274 331 180740
7766 16198 80069
17765 4495 60835
7870 6280 46824
13797 17860 13260
13286 20679 186464
12107 13365 180994
9954 8176 184282
11562 19986 170595
2931 20126 111987
9379 16923 14758
13851 2410 17934
13906 13451 142541
5136 4882 20743
6450 5839 194271
8120 174 42003
561 5080 116405
20721 9241 42963
3684 8481 131792
3981 4515 150121
6751 3705 94781
12321 2903 98447
2526 13583 124249
18466 9101 59518
3139 14816 34328
10144 10675 114263
8410 16963 104709
11974 11950 41367
11570 509 38475
9792 19032 169374
13226 1032 111580
15129 13104 141678
3795 8669 135216
8753 1051 1193
2235 3021 140240
11957 9641 179084
8828 20109 7012
6831 16700 197759
13563 1539 108464
16813 3428 31236
2744 13220 105364
14708 6283 169628
4278 884 174012
19644 6750 1182
2393 18731 8836
16117 12171 6500
3768 17482 120637
17110 2737 191704
1905 11518 56171
13332 16893 18032
8533 12466 27761
10434 18366 52016
15889 5340 126911
7263 10694 150622
14372 14316 34636
13486 1459 50850
3013 10375 105130
7790 5763 80089
8706 1179 151842
3922 17695 152186
14674 6274 77230
17305 1224 15749
3329 1005 85709
17334 10012 180412
3909 5773 162423
19066 15890 172403
20266 12473 29414
13152 10762 114592
1891 10825 137158
8645 8021 158832
10402 3575 38409
19112 933 142087
19327 8770 180527
15007 5754 44815
8916 16240 99902
6429 2215 131212
9769 7787 175472
9241 4333 161759
431 10588 13893
18881 14810 6758
19731 8504 47671
1479 7457 182025
4399 3006 158193
7917 8824 57082
3607 7052 1841
9179 9774 190521
11048 12902 159272
13984 8312 17190
18130 18663 161351
18153 4906 61696
18312 6514 178439
4462 15689 64472
6950 2003 4126
5364 8147 54100
14049 16056 173413
13614 16175 35246
12318 16878 116873
19684 2588 43875
13 7371 137360
13084 6815 124085
16620 4497 135690
14753 12612 61759
28 1398 187975
12040 15970 116171
3290 13969 105041
729 7366 192986
7521 11681 17085
10819 15714 51349
8501 3000 31744
11804 13978 113297
8699 9873 109819
20612 20221 25049
605 14566 46836
3542 1743 167851
15743 3831 32548
96 16997 105916
6020 9962 127448
15167 17774 162564
12263 4514 20499
13141 12205 100802
17924 14876 62520
14512 13867 72603
17523 19180 38796
13033 8787 122658
8189 1826 52638
13989 20431 192050
12494 8245 61466
95 17860 191282
2631 5242 20084
15396 2253 128007
20483 11365 88740
3323 19065 119470
18125 14096 132365
18656 9588 25026
5150 2451 14814
13348 8331 105726
7838 10143 121159
17848 10523 179963
2837 1740 111795
12587 10973 53549
4001 2664 154864
9697 3782 168390
16393 18774 176672
14994 18034 52327
3919 2736 157301
6784 19780 7120
7069 15410 188475
7840 4529 175489
4125 10630 143017
5497 15436 179731
4518 18677 37753
20508 4577 142086
11316 3259 113392
11732 9598 12520
7820 5435 83466
2078 15372 54153
5825 4227 100394
4090 4626 122742
1960 15333 76375
3464 2740 56164
14337 12611 74734
15487 19188 98866
10491 8130 49975
16975 4643 9000
20317 8844 857
11767 10269 76193
7140 2879 125672
19031 9678 20764
1634 20713 39708
6762 10596 194556
5721 10357 169657
8530 12840 43265
17974 6984 176613
15636 10881 17963
10467 4822 101539
15668 4561 130722
5196 9381 133832
11025 5803 174202
12635 3985 129473
17374 7162 113629
13569 5677 139668
17352 107 138728
10363 10176 149948
16632 4442 41872
13018 12818 145162
3047 3759 158379
7206 10654 76753
9142 16822 31123
5857 14982 52571
11894 2575 110321
20415 15271 46367
1833 5999 126216
10976 5636 185884
6132 19854 178206
6562 2017 26
15184 19474 28492
5546 5015 184025
9095 11097 27156
10351 15746 115186
10410 10153 158325
17127 14377 31858
7171 14093 30613
17156 5246 179327
8479 18001 185850
11792 7146 185313
15566 98 197946
15533 2136 174937
976 20086 9719
15986 18270 70253
8589 16685 180977
18756 5344 167629
17983 16524 170308
6009 12786 11601
4746 16495 81166
14041 10083 155697
17013 17928 182846
16580 2649 66022
4118 20435 163667
14161 2221 159500
6605 12687 88257
14789 4737 99051
16721 3825 130936
9442 477 121497
41 11390 33120
6236 18218 106368
15594 17027 33694
3319 9056 94581
6112 2040 69676
10612 1975 89394
8703 13295 195082
1214 7434 60786
2990 8385 121343
12438 11496 17397
10997 6883 67512
18868 15172 23026
12328 11482 159663
1857 13193 84209
7380 13072 174547
17810 8418 15172
15601 9049 152352
20622 17292 158916
141 19372 31047
1521 1692 178653
560 3899 61714
4347 11480 80946
8276 18150 36921
241 13981 195802
12697 1277 86031
7160 18799 37968
7511 5312 112985
1166 16841 172259
11280 18907 198603
5242 15262 117739
4106 7113 156151
1901 19236 11502
14779 10256 152406
9568 6176 56297
3334 16946 50415
1697 1250 98223
11887 7134 79436
7203 16355 59995
10592 5130 44135
6432 133 63975
5698 13523 143564
16380 9754 98233
7015 1863 199470
16926 11542 135851
8346 3201 151180
5770 18108 133733
17150 16796 132910
5264 10575 131118
1239 999 172091
3386 20312 88651
9772 15319 5963
15043 15230 55131
1211 4843 176945
3417 12014 77463
15949 15431 80779
2415 8200 157552
7491 3286 64087
3494 12295 69623
5720 15161 101627
12054 14311 85818
12224 9511 43470
9508 18760 162203
14683 594 30321
16276 4878 96101
7492 3109 89860
1147 8354 21756
16289 11442 197196
19978 1514 144247
8028 2373 134619
4794 20131 126908
11952 11231 23739
11843 5781 85380
7354 10401 8351
5428 1671 90605
16294 8589 133053
2062 4942 97120
19537 8093 103453
19259 14167 46693
19634 20245 22523
14548 6294 34267
16418 17260 185881
12615 8881 79316
19608 5414 133995
13623 941 14754
16260 12003 70781
3441 13435 82028
11242 8361 44524
10202 15208 22556
3536 17026 118216
8969 4368 72389
4975 19873 134786
20048 1068 92768
222 8207 147665
14331 19909 124046
13636 1547 121778
20405 8637 66640
17981 13482 134201
15809 17053 27504
15277 10522 130289
8428 2118 70050
520 4574 124785
15220 9182 164967
2553 1266 145306
1787 2845 69141
14405 13116 62665
14097 13311 6602
5364 4173 149579
5158 14851 57061
12606 5462 113297
3427 9295 122933
7172 6098 171369
716 13417 194021
1643 19850 29160
13798 1411 106974
6605 2469 110012
900 5811 7745
628 4550 159596
5543 5306 155805
13049 8564 38420
13075 9886 107926
951 4201 77804
7801 8482 193901
13880 11763 32328
7304 5604 182744
20455 16124 1881
7927 9707 198581
20037 14502 32730
8812 6382 65755
2429 916 92482
8784 13676 37241
12957 17687 109618
5823 17171 143617
3556 13091 106255
10982 4819 151093
10292 5214 93907
18664 11964 161490
629 15040 35055
5167 3086 9508
16870 18629 173577
14052 12417 98267
11031 4048 163512
2256 7117 174046
15828 8939 106098
8854 13689 106905
8618 15606 187307
19712 14946 175070
10320 10235 182152
7606 20283 170175
4936 15324 24780
7738 12912 20748
6114 17262 148068
10360 908 2995
10686 2610 53638
18397 18084 2666
14817 3936 75154
3013 7781 91655
7518 4880 134910
5118 187 121901
947 10936 174578
13197 11969 54027
15750 14615 19287
7284 6266 80836
10420 2401 126575
16353 1034 101974
12690 17942 156824
9794 5931 161101
18684 19596 85829
10072 12578 31926
12071 2905 87026
328 1394 53822
12279 6117 67410
15826 7170 130397
7466 12029 117000
4159 9584 145640
16779 10478 28998
12097 19340 36748
489 15858 28549
8446 4895 13331
4031 19798 9249
2377 6322 176439
9728 8365 140048
7826 171 124293
9419 7965 147431
13909 17353 7251
4769 10299 197739
7334 6761 78502
16008 2695 158242
9371 9648 133583
1393 19631 45123
9461 13577 126461
4448 19724 34660
13384 10456 51504
6179 9084 114852
751 5889 128029
7335 1046 186654
8135 13393 156768
10006 6932 53113
766 13466 129634
7400 18352 144925
12952 19251 70554
19348 8646 120783
20046 12194 102692
9360 3702 1057
2967 9995 153809
1772 12747 176554
2376 18511 141104
16635 15571 46596
11034 14619 170318
11144 1381 161647
11120 5739 106062
7309 4573 172903
19164 18596 66454
6926 5525 138587
13521 10335 145282
7147 14494 44090
17028 6750 109614
12843 8949 121916
1042 10687 105653
4107 5060 36198
2787 9112 62835
5148 7822 66025
17401 16048 161967
9501 7222 37514
1699 9647 199173
12357 7027 16813
115 724 4124
14322 4403 112570
7251 13513 161500
1198 14640 83926
7190 15122 141702
11430 10270 135587
7222 2555 83220
16151 12186 46249
8282 4900 66732
13676 3777 192626
2551 4332 125265
4014 10376 162538
15704 2067 114955
12224 1302 4788
15403 11613 4756
1985 28 39716
18061 3859 70126
13602 13235 173361
6958 3702 146198
5741 672 131963
19586 15619 94016
19747 10782 19097
10332 3424 138596
1528 17827 88537
4197 1389 33617
19637 18958 98838
9844 4284 37803
19352 7775 162718
8661 19228 45221
14879 7120 46282
14196 15607 147995
1040 17129 1956
868 5064 117795
4098 684 134548
8197 19385 155794
16575 2640 24320
1561 6682 155995
16426 15963 173839
763 8266 139365
3324 19226 91508
12441 18859 73534
9691 18659 33287
448 10600 195293
14526 12901 26807
15582 17345 180925
16373 10074 115400
19144 13703 198406
4544 16056 84074
11693 6893 25176
5732 9238 187123
16881 911 129066
4965 18289 27737
11142 2153 125959
9878 20600 95089
15091 11183 81755
596 10186 162779
7289 20146 137463
598 16956 163904
5826 20392 9524
6791 16503 127041
2051 8341 16309
4606 14413 145684
8849 7998 171006
12694 6878 125709
4635 3869 147722
8804 14750 132843
14286 5283 144999
13779 9613 110873
15292 15854 42602
6425 6547 48462
11105 20409 179916
7272 16978 49506
13034 18214 83536
6034 3905 35476
5189 12944 3937
8436 100 167040
10703 2140 23654
13832 14399 141268
8755 13111 175734
19954 10643 13279
5564 18669 109392
104 2539 41665
13812 6152 195544
16984 693 148572
13560 8027 25599
182 395 167126
13218 5843 22971
17210 2474 196208
13831 12128 121382
1361 1231 194802
9039 7362 134199
498 852 668
5049 8392 177856
2025 13228 151296
8046 624 29859
18449 18138 13377
2202 18694 182500
15310 14118 185824
19327 1952 146153
20636 19421 171436
15469 3964 119123
8419 13055 35293
10005 2767 49815
8876 6003 44181
494 10666 174687
4195 12420 30656
9606 14526 90754
16999 2100 51136
19232 11031 103450
8222 14822 82409
19277 19599 177239
17238 7649 101239
18932 7901 106971
19379 15407 97309
17427 16473 183648
1545 13723 64216
18284 7709 67832
11232 221 5611
11268 12200 197808
12731 18666 178296
8328 3795 177442
20445 14839 191091
8590 9717 195739
15881 11909 114929
16118 1771 51394
18734 2822 185504
11293 20478 190838
4671 9689 22674
3505 5736 150697
8779 4526 51779
14057 6868 184186
11044 14529 30941
20419 11537 76153
16831 10604 9971
1933 15408 111285
17364 11449 170221
20293 576 157437
11433 11070 139339
4601 12905 25591
8230 3165 83497
8413 9946 137465
19009 6180 115182
14930 4552 64666
10639 10255 100862
1913 20228 86161
18622 2069 15940
1379 466 155721
10106 9719 91094
14002 11546 4364
14362 14252 55877
10252 14337 96329
10789 12279 178339
18116 11851 33506
4792 1352 97449
7634 1130 157000
11378 6733 31955
13752 3559 150848
16271 10927 43761
6235 239 177038
15300 7633 96870
770 3952 86498
19730 12933 181232
12799 16583 172774
19750 18321 106601
10433 6724 145038
16513 13088 195543
11789 19253 52164
3495 14271 24176
2771 16331 134166
2052 8163 37839
18504 11155 181035
20439 3821 85323
2485 4771 182015
14759 20394 168593
15614 20170 117238
19997 2097 125171
14374 17758 180212
11775 11526 48950
7138 16449 22009
14565 8296 74461
538 14951 186040
16274 3094 21176
876 20583 152743
18350 15615 193928
6656 4442 112615
3194 14863 61080
4285 19086 4579
6083 19812 139180
9724 11000 187598
12278 20035 67529
14147 8291 2810
4166 13618 69819
13414 2773 4723
13173 19123 181490
15565 1084 20241
3931 16636 9899
10738 18525 50009
14761 8426 171196
19013 640 150878
14666 11839 180427
1127 4645 129114
7186 4291 18990
6422 13913 30691
2509 13964 121973
7816 13149 134814
7272 12798 14787
5018 3998 134497
457 9193 161401
19049 18073 98554
18398 6353 38743
20271 15004 12989
7909 15008 174819
19290 142 99726
6104 14880 166272
3820 2452 131986
15439 3553 8045
13933 15532 15048
9177 12003 135346
2893 15516 179259
19484 3167 21846
9936 6996 197185
11968 19204 197373
6345 650 198727
18390 12325 99428
14248 14796 147548
19932 1069 65652
14586 16534 19862
18553 3612 92011
14151 14477 113582
12211 19520 97672
12305 13080 86623
15068 6785 106652
5755 13451 3533
8781 7159 118691
19981 10258 5014
19250 2875 125112
17050 3920 160554
9594 6976 9941
2028 20353 101636
7460 12466 53592
18178 17953 145936
1752 8534 43570
10752 9961 161628
3400 6686 71046
7266 391 72224
8325 2542 1340
11386 20062 39851
9898 11088 145053
20206 20569 183079
3014 11852 134539
3752 8383 13964
19627 9137 71189
6419 19299 4602
9778 20164 141999
14590 13180 56289
13830 15373 13496
8167 9552 169970
19566 18925 63258
18801 14845 64115
16651 8799 165530
4969 9183 2938
20002 16063 141903
13290 19144 153621
9473 15853 126936
14883 14014 74699
967 20462 191125
18315 7602 37145
11036 4658 71109
12281 12280 41127
15633 5667 30389
6109 16162 71070
12075 7663 78399
9578 991 121421
12858 6392 106995
8578 10378 65012
4686 5418 58022
2742 13330 70478
18282 16621 18052
17432 4111 152001
5613 5448 176008
13916 1605 130635
16384 9828 107796
9911 17988 126049
14354 2329 167456
12056 10602 18540
13315 16444 113385
13876 1472 30404
13385 19451 26207
18073 15486 171701
12164 9597 180451
12822 12153 56867
12798 4057 177795
1512 16422 51526
15501 9068 31786
8544 2244 138369
17156 1153 102460
18461 15012 14393
9499 15675 142154
13456 18174 26007
9566 15633 194541
8897 16293 148818
13979 13366 83252
4300 12664 139449
18735 18781 32314
8215 2050 45
16688 9231 14021
13059 15702 75539
10929 4380 182646
622 11238 176219
15665 524 161824
9348 179 59786
14700 19847 52421
2518 11920 4399
11686 4293 70771
15261 4832 68188
4821 7432 150400
20357 7369 164560
15995 19925 17584
6447 1104 136810
503 12572 54487
12122 17217 26497
16574 11464 137011
7740 284 198410
19427 6170 116195
319 18524 143866
8039 12816 138387
6691 7288 17528
960 13586 111762
19167 4607 4327
19576 15414 128278
5669 5856 192409
7827 15939 81588
5922 6387 199435
11347 4478 72154
360 16469 14553
13710 4680 90813
2091 2830 124689
20165 18293 81073
10874 11551 70012
364 630 34312
5096 15145 81933
2624 14196 57535
7671 9022 162460
1713 4240 161675
11616 16800 171098
12652 9366 102615
3773 19295 192241
682 14422 45225
15782 17675 32036
18866 14397 191046
15528 19545 20800
10276 19284 16022
11670 18396 47349
1668 12180 154927
2523 12231 753
14067 13708 170776
13736 16627 107602
14191 18617 64322
17326 1487 34045
10224 11296 168010
15484 20376 101160
9329 18195 173999
15813 17548 37605
4238 16543 167584
5265 17259 150545
16369 12195 135955
18268 7707 144600
13968 14861 64794
20488 3865 7371
11457 9986 131257
3992 4504 58185
12068 15354 146755
3477 18926 50063
11424 10303 37003
399 9440 19701
9921 5270 123485
3410 1 68968
9714 3203 73960
7035 12577 178605
16312 12079 192500
3378 5346 114160
5408 10702 197905
18585 17684 109013
6229 17827 100588
9208 1536 163402
7514 4410 70228
12196 2330 13687
4 18707 61253
17654 12530 10941
7219 6545 152864
19814 11268 39276
9809 16033 125576
1155 4462 28262
14902 11358 80761
13779 20389 168065
12706 15558 197939
2494 18521 79101
18626 4111 37909
7225 17804 33088
20258 3511 136717
2415 7338 147904
16785 5668 159456
12139 19830 68698
12626 728 16073
13475 13506 194747
16516 6789 90046
17947 853 38490
3955 10092 184427
6659 16634 82829
18181 15009 83303
6781 9536 50896
18597 11752 161218
9904 4482 162046
4542 6466 106475
20632 4181 15833
5832 6120 165806
10347 5119 92657
8605 2706 66091
10796 10207 73205
18314 15496 94816
12697 15505 4634
13155 8441 149422
8607 3892 22777
2656 9313 45469
2824 20397 143211
687 12595 65700
14890 7859 83714
723 14576 177957
13267 19494 2389
9018 12601 65724
3616 10189 83168
2846 12734 33566
20541 5260 4261
17747 18165 91699
7600 18442 2598
19132 15753 80110
1689 7638 196936
19765 5967 109824
18043 11398 53726
12797 3577 176414
3849 20010 131035
15513 559 115499
12241 11436 118474
14260 11956 136279
14807 4412 41327
18318 10094 132845
14644 15811 60005
13782 18232 188291
9899 16942 144258
9494 18506 49074
11979 3128 67037
10587 11042 45386
17594 20628 57907
10504 9040 435
10883 7282 1512
17309 13588 95894
8400 9318 107435
19539 20450 87801
18687 2387 44414
9296 714 42029
3349 19959 103797
13094 6402 100361
4730 17818 170505
8068 384 35886
18091 13616 22092
2508 1879 56615
3583 12056 61329
291 14600 85037
203 12554 68285
1396 16527 147676
7970 13754 158449
1354 9773 118540
2227 4061 119779
14243 14496 64011
3182 13428 39189
2673 295 22324
7791 18865 71547
20500 8226 153843
13413 2584 176675
6742 13163 146157
7774 19476 124019
10716 15171 33868
4435 10090 13759
3022 20198 136387
1594 13478 50852
5592 9057 49849
641 11757 148870
19937 18777 36161
1200 6438 122512
4331 14348 111648
7708 593 59196
7119 6857 195928
5259 19874 158635
1782 2772 42942
119 11459 182193
12989 7324 171947
13368 15890 18175
7612 16267 96534
17357 1924 31945
19157 9436 3402
12259 16750 197969
16719 10387 49216
4289 533 165517
6408 5210 8074
182 15047 96953
13577 4575 39686
2255 4376 111972
6330 191 137719
8491 16054 131177
17012 20459 35224
8620 8662 84201
17413 8701 160701
3598 12918 10437
7517 20166 199239
17832 5701 31849
13727 2653 183348
19240 9531 193061
10268 6305 80191
7183 578 194395
5045 15116 163800
18897 2753 68518
2492 14338 153077
16827 11487 63751
17948 19819 7037
7688 1506 131348
17901 11076 140159
15389 13004 136240
9995 14275 168712
16174 18425 139843
305 8676 181689
10867 18019 103868
13182 19812 185131
19962 10706 158129
4103 2017 171799
17298 16132 138615
20693 11512 103243
4304 1481 104577
3874 5187 135980
3955 9225 40268
19906 4244 174160
5051 18589 84349
10037 19338 9691
47 1204 27639
6971 12634 193292
8219 8109 116086
1814 1263 157380
8302 19080 193617
1495 20613 21427
3028 4750 59571
10222 16413 168578
10463 16818 27447
12436 10800 166156
13999 17133 186297
17770 3695 84821
115 14152 44515
348 19165 37442
10597 10850 195656
9103 17018 197864
3020 15823 176019
15548 902 142402
9694 7773 13173
14104 9832 74212
12311 9572 144557
11474 1180 50926
9844 13582 82165
10770 10215 171695
12853 9130 130931
8705 7519 176643
9632 10723 63796
12497 19100 199973
8408 8020 38369
6052 17516 14865
16068 13374 7739
18713 14239 112184
11113 12778 54089
15506 1819 25519
15481 9884 2093
20595 15766 102138
2184 7009 55408
20605 5682 189344
6259 6620 12758
19868 5309 154429
14705 20042 171339
16187 6306 48105
16676 15611 10834
11148 12969 64424
10681 17081 57160
6066 12320 80230
1659 4990 156073
14619 20078 37405
8333 13678 99464
4451 3907 45358
13806 1476 195572
4204 13737 57774
11524 4793 194372
2172 12277 108903
8016 7320 9188
10494 3550 107585
17973 19273 41178
8082 8416 96
9199 8428 14109
2559 17522 83022
1373 15509 22193
8210 16138 30641
1058 9135 120251
19594 5641 138901
3462 10104 6446
13713 18428 51749
14308 3706 120085
2070 19975 192121
103 16091 97207
2827 20538 164590
13411 10849 96585
16360 5964 80979
11501 396 79777
1556 13340 166449
2978 5412 109566
6550 16555 24622
16563 15134 183690
327 1962 104009
11513 15017 130810
16292 18400 157550
3335 19382 175107
12253 505 33787
9667 5119 66842
19643 16863 69037
13934 16490 158689
4559 18126 172867
11205 1360 63127
14681 13428 72676
17926 6486 182255
4554 11555 120294
8718 17963 112063
424 2522 133681
4660 951 22728
19820 2134 47518
1985 10099 48685
5696 19643 8218
4939 9362 517
7090 6838 40394
11930 5194 160092
2567 18096 155429
4408 20600 145773
8801 17531 26017
16148 9035 79312
4904 10177 9457
17579 4921 192647
16560 3888 77164
18750 12291 45325
15842 8645 125992
12090 13480 164630
1783 16892 61242
18413 14764 29390
9537 299 162701
11295 7517 17894
4353 15835 167398
735 12232 194806
4592 15521 114694
19055 12810 172050
3125 14845 65116
19994 18723 153654
8731 15904 162136
474 8638 115624
7042 5258 159164
9482 8418 60224
13916 15079 124063
9908 15585 42222
5297 6688 71395
7036 3749 99720
14481 11233 118691
13260 5613 69945
18432 19057 94128
2425 7518 188087
6413 13810 99095
20197 3314 152016
11394 6806 33620
20177 2702 96751
17253 8582 15709
11463 6242 4623
20043 13346 8087
18143 19475 189987
6415 10806 38606
3818 11515 38569
10062 5645 198997
9227 9268 143346
18528 15599 39454
14418 6703 57126
17122 9582 68604
16088 13303 94768
13890 455 120909
16026 2950 140693
7544 3395 10072
12161 4561 82886
7489 6687 25600
7206 15827 155863
14022 20455 35665
15984 12223 24777
1886 17930 194257
401 1409 102638
5080 15877 7571
20306 7499 45008
5774 1889 27577
15259 20403 159549
7349 16603 91219
12231 837 51138
9504 19252 159944
17517 12196 170885
8796 7776 104836
9984 2152 18992
530 10707 137694
9280 9358 192210
18212 7140 41610
12225 15679 160455
20387 11273 4463
14330 15096 37698
10004 14345 37083
18630 5930 98758
18011 4392 104850
14805 2094 148953
19508 7675 125508
17504 4840 37525
17514 17071 53719
9346 3264 180539
10081 79 92434
9288 9806 50110
13251 585 3998
13110 10085 115092
15188 923 124981
18322 6309 178452
18366 16674 199940
12326 14796 122010
5443 14611 24762
14778 5069 70032
19957 10937 134463
5872 15341 3272
15599 19859 139089
4537 16504 13436
18737 12236 1275
4789 19620 127414
13422 6772 180271
3496 20364 46095
46 2567 166800
15700 4983 169996
14390 19989 198681
13686 9322 72758
4095 19517 18638
2948 11906 97644
7889 3183 156854
787 11749 116724
17192 13201 6073
14954 12596 35480
9944 474 124805
4138 19130 96333
196 12408 128152
14156 18890 20154
8429 6214 60826
13618 2325 183654
15103 9495 861
6463 118 185976
6361 8179 146038
17566 8496 186407
11996 16207 53657
7195 12563 87413
12048 11304 172553
2801 10471 86643
17820 721 90173
16586 1088 90157
19508 6161 47504
9460 18940 195664
16638 6387 20501
13277 6372 87791
11952 1218 95495
8597 1163 195530
8933 3526 62110
6039 7968 128903
17611 6835 78267
19979 9475 40932
8990 19116 63111
14675 14233 23823
15954 10818 107330
13974 12181 182066
8079 6518 15699
4934 6270 120692
2728 11611 79173
17328 7302 135274
1042 2483 123083
19281 6850 95200
5059 6209 197248
3003 18713 68407
705 7243 27632
2255 3440 191176
2743 12791 32600
8831 14396 123254
3662 6886 173960
9837 17825 122727
8123 5353 72413
17080 16127 21034
16178 4488 102573
14693 2238 119988
17953 2167 139770
11778 10249 72276
15535 2035 93385
17308 2119 41855
2234 12998 122048
8590 7243 135614
33 13437 9156
12137 11955 10623
9087 11997 49708
10893 12264 49724
19955 19652 138908
15783 11727 140380
5753 17454 14947
4208 14464 125584
14186 3245 107855
19672 1715 167872
16121 7481 88682
587 16735 105347
16819 7134 80016
12547 3079 140635
10684 15710 48458
11993 20701 110797
1679 20374 84907
4414 20393 117715
19552 9874 17123
11436 9720 193270
13587 17546 160175
11835 17719 197423
9474 10143 44474
735 2490 129428
10644 7900 83867
1973 2050 145417
1203 19342 54707
4331 4394 29195
15608 10078 32813
1839 19107 73773
9433 45 61742
11640 9539 20269
16320 12257 29209
20417 17385 6738
4198 18954 76164
16006 18306 57787
15700 4916 42930
11895 12235 96273
11618 2289 8217
19889 17532 35393
2798 18623 117035
15758 6376 52889
19809 20721 175371
12896 4091 186537
632 3666 104854
19758 6280 75296
132 6384 198970
6815 12914 154972
10755 15297 168473
18017 20429 184145
11494 1616 159338
3516 5265 63005
16169 10412 165454
5955 977 119054
15873 1502 191327
13305 12529 52390
7893 64 62268
7204 9308 27981
4413 6087 23598
6982 4325 197931
11871 5627 109873
10398 19693 137410
14704 14101 119276
20411 10632 141452
13888 3809 132933
15185 14415 23205
7751 19698 178206
2907 15454 5464
7404 18581 13582
752 18420 41657
16322 13943 9406
2572 3302 46001
2609 17219 10985
13683 15638 37218
4862 6742 58989
11519 19514 21490
18245 3412 140107
19154 18681 90375
9370 15969 155437
17591 6469 77583
14898 5404 173083
11069 8447 158913
17682 10775 530
5472 5129 126588
13154 17017 150807
7421 17905 192612
5039 12646 17906
19735 3871 158072
15693 4617 77035
12300 302 44686
12625 20511 177118
11589 12345 131130
19090 15861 86645
17360 10990 195631
1627 20172 102266
20317 4645 187702
3808 368 92033
5837 17672 132895
12614 20311 4803
18014 2821 161002
10023 12854 36275
16099 222 80984
4139 3405 52046
7818 15975 35264
9617 16311 25238
6883 8023 141550
6299 17795 52428
2289 16324 177519
18657 13782 140511
1286 15198 188971
547 7595 72392
16254 14149 98441
2528 16672 116995
19059 19712 22033
13833 2173 181113
15379 1000 131738
14108 10428 142215
15294 12745 119277
16467 9139 26716
17544 12421 73801
6760 11994 79908
14055 13002 158537
2483 6240 102290
14862 2128 179680
2302 13793 130565
19265 7178 31000
4950 4879 90975
13068 19172 66218
3015 18085 176592
17897 5004 159659
10628 15901 9628
18292 15694 37604
20291 2225 117332
15945 8804 196358
12202 5813 98536
648 18870 188318
10817 11609 199046
15910 6305 176003
9760 3799 199763
16703 5847 153447
16087 18079 116683
13177 10608 194641
20643 17724 78849
13399 4156 75562
19234 15432 76189
6411 15369 78353
13540 20554 177555
10963 16064 106468
7778 16764 45445
13303 11661 8628
18692 8702 163789
12686 13278 18501
8748 6121 42004
18062 9336 20287
14598 14197 2793
20191 19013 155649
8468 16660 81067
16745 20097 153745
4511 7921 56616
4226 19188 37942
4677 9024 103969
2020 9596 90341
7244 19256 175681
12185 9216 62721
15038 10526 30105
4187 7818 177649
15116 15124 157090
11418 1471 40580
13641 13555 142381
12605 10914 21700
7674 772 895
7998 934 100114
5063 7604 166925
9524 13409 43321
5911 11614 65673
9140 15046 98342
15937 9697 100492
10761 1336 112812
15822 18910 113000
19783 2506 117780
14899 738 120006
7586 6297 7229
9090 14976 176576
11087 1962 132352
13777 13966 190859
10259 16083 194516
18819 6400 28451
8296 5326 124872
17760 1814 147635
3770 2677 119244
5237 183 108720
10228 1619 155882
16216 15727 139773
16408 10956 173425
170 19268 168263
4350 2692 57417
19375 15504 36943
6454 1748 149863
8084 8117 112183
4615 19665 123986
20429 4472 171397
5352 10728 157042
13834 4470 5741
15884 8914 152633
8326 5423 23845
13178 10563 53064
310 5776 97445
2109 8683 79076
13096 11083 135465
4127 7848 16859
17076 4527 166208
8572 5661 148695
279 4491 180048
18237 3918 195984
15002 8623 4451
10584 2779 1975
4843 6079 81217
18482 12603 108054
17511 1549 81304
4612 532 31725
12962 17643 134489
3295 17958 133718
11417 13040 122030
3700 14098 116465
8068 1525 87572
15899 5381 113639
14158 17877 67319
8707 12019 99582
4355 10386 121329
17636 16469 26260
1446 6759 23333
227 19211 118801
4102 3409 50541
14665 8437 134788
7479 6812 142033
15699 12774 79653
13117 3024 56668
13855 11230 51328
11869 11860 85763
9377 5554 128973
9232 13899 15045
15191 3649 110939
3658 20673 57983
2842 8928 106557
4870 3172 15189
11866 11483 181961
6115 16796 127092
3771 4796 84100
4164 15117 40241
16325 19182 139934
8124 4772 118700
9327 13786 59631
19596 11847 89057
14218 18533 16782
709 10262 5750
6208 4263 193386
16055 13515 78139
16576 13431 188840
10656 5975 47893
15339 3393 70366
691 5740 85691
18151 2443 121919
4051 1730 130538
553 12493 102804
13204 1350 74024
6719 6861 167590
14844 13626 115895
3425 3770 140493
11296 10734 167843
14531 1878 109881
7670 8466 125238
646 15542 88818
15976 2267 86305
14116 17185 71620
10891 12942 95372
17035 9765 64789
13602 11406 135539
2686 10705 177476
2711 9298 107177
11037 2128 142326
3036 14702 154835
17462 16034 62531
16507 12213 177185
11372 11236 114297
11104 11004 34377
12095 16847 102518
4893 19059 146212
14548 19111 175910
5526 17437 177199
10118 14317 149010
5628 12768 48320
7960 5111 131051
14404 10611 57790
6536 8849 87942
14851 18269 139366
371 2294 188126
16231 7573 185213
15829 2704 154815
2214 7683 57762
3895 11677 121450
3060 12455 69642
6631 13979 194671
16057 6010 144152
10452 9863 2774
11933 8510 184177
6531 1395 163319
7636 5250 76951
285 16841 23329
1195 1899 123268
2041 14271 10782
5552 15795 95101
9654 20622 43174
15969 15564 39882
19713 12308 32109
9045 14199 186997
13041 19417 47500
1654 15127 192989
1205 18034 106525
2232 7892 22691
16533 16913 60187
11126 20606 54284
4688 17324 22318
4030 18472 56193
3915 16236 114313
4882 18550 151685
11317 13638 113286
8350 7851 144741
1554 1036 72402
8489 6856 116253
19551 2009 155320
19484 13183 82164
20121 15002 29246
7969 14121 146604
6872 18044 35994
12951 6449 136603
5904 5026 93993
12062 15617 66897
2511 12002 58775
12430 17446 17412
11934 11095 64443
5198 14752 116120
13262 8936 99133
8932 3581 43040
9313 7377 9756
16070 16878 47741
10327 3052 14309
4014 5955 143432
18974 12212 191034
11010 18810 106786
1303 9417 130792
6895 5289 79863
3494 1966 34805
3167 8140 88569
18065 7135 7503
16451 19419 145498
3064 16738 147440
13729 5200 83648
10527 16864 40053
5999 18094 153651
19360 1722 45307
1091 15209 140014
17875 6580 12115
18820 12904 138352
8417 13579 77585
13517 5042 47176
3229 3579 147024
8634 3139 108915
9656 6865 81910
12744 6499 100310
11660 18280 184371
15299 10116 194970
14988 377 125296
16174 1260 177589
20269 17903 196367
3161 6488 50724
10924 13335 105565
1504 19768 144365
9663 15928 121641
19895 2831 111380
14064 9085 147420
2546 18147 152423
1134 3996 153967
20064 11795 51668
11668 5122 171951
6079 43 81976
1254 1583 161893
16746 13635 198383
14776 12593 16781
12189 12939 9324
6273 13202 196586
12645 12977 138924
739 17885 137794
12764 15905 89108
7711 5129 98130
5137 2465 197572
7373 4919 87899
4280 5474 148699
12541 20261 75875
2603 12293 80256
1726 8980 79944
3857 521 189386
19905 503 158320
1065 10191 160064
3137 18560 194750
3017 1318 100975
11593 14666 92071
3481 3082 112191
1044 11269 144205
8537 20284 51389
8243 4636 7595
19560 5135 30384
11916 18126 36526
11831 7574 154891
7155 14467 142229
16332 15799 5243
18892 419 20131
3406 9217 50558
11381 17673 110259
1617 4616 183678
8555 9428 113342
7706 1730 92700
297 18780 25514
16170 14896 168788
18494 16399 71810
3589 19434 33346
17742 15088 53460
9471 6862 21403
10133 5850 160462
10297 6783 38755
671 19245 50527
13250 16931 173106
7011 18332 74085
18470 16843 14227
4964 11282 141953
9421 10734 86310
13078 3838 14217
2205 1822 76458
2917 17007 128774
2751 1435 50759
19685 9047 81575
778 2900 86112
11682 15617 198638
20585 9953 115063
6196 7063 75304
7475 6919 106130
5182 6632 149591
621 4245 70774
16925 19860 72393
7162 14992 47842
14831 10238 168549
19135 19971 185773
15581 13097 190115
9830 9462 150291
20726 3933 25375
3723 13553 60520
15507 8648 49784
18916 17316 14579
18519 5105 21294
9951 18234 62382
10131 10199 68390
13327 13557 55534
9927 6577 112199
7482 1407 20850
2596 12738 146349
2404 4654 70593
10949 2450 33776
17532 4534 42110
18992 20472 89387
12869 17857 151343
4867 7677 125129
12373 1321 77550
19550 20725 199351
10271 8347 7490
11801 4757 53480
16255 3935 158291
18300 11828 55718
10278 14960 36966
3437 13276 95586
3332 17384 73870
421 10234 56522
8480 15728 164507
14771 9685 44915
7713 19521 196618
10848 5241 41414
13007 6023 92695
10945 7709 127073
18515 9410 191681
8986 4461 154294
5787 16833 41451
14029 11782 49757
14318 14605 170176
10158 5606 14461
15936 6649 66076
5705 6108 81187
6420 1137 182352
13823 18495 27668
4392 684 3933
17803 762 47226
16156 2030 93657
13825 8420 148731
16632 16552 110253
10075 9201 142013
13844 8180 121726
14778 314 133417
20636 1663 173916
12294 10022 22700
804 8994 191237
19746 11791 98668
11689 13067 21340
2169 15374 20075
3908 2502 146229
4829 11660 139536
4667 3343 117049
3253 16168 73835
17612 3154 25570
18533 15683 108161
16179 19128 135215
19869 18700 33505
6508 17478 178283
1664 13355 104884
20354 19547 20711
250 12123 121947
3330 3500 138373
10049 16400 96099
16579 19242 20867
12213 11451 197296
15378 3574 132795
17124 4257 57527
17204 2675 193262
4249 16910 36124
17313 11530 96590
5674 15126 130637
5454 10904 182516
16658 18685 13124
2379 20598 170526
5315 5909 8729
19749 2790 197240
18679 13271 189583
9871 16483 17344
12434 502 179314
20510 6063 184937
7248 17983 137085
4233 16346 99872
2014 14584 109297
18530 5238 184890
19213 3576 158009
18207 10214 51856
2288 13869 90878
5571 8799 64253
4956 13489 66796
5575 11784 37799
13 13582 25599
248 16931 190466
17751 8292 178688
18236 17848 172474
6985 14690 79990
13951 15968 54644
3366 2618 178605
10331 3478 196459
5793 6634 40452
7662 819 118880
1811 15874 136690
12532 18037 169054
12238 12292 141491
10602 12418 175550
17856 11186 58067
17019 14760 108131
16539 7952 147241
17220 15092 121486
14466 2445 152398
18557 20159 189759
1297 13492 11942
17290 18671 46506
3851 15064 102565
1784 12352 125947
19547 12742 140896
20382 17574 10949
883 7590 100120
9026 19626 102918
16832 6234 57634
9878 18115 70775
9008 8614 187543
1529 12079 44733
17349 8265 2161
10941 2419 68159
3876 15495 140205
17659 15270 160816
2121 6474 81825
1498 12660 174625
7717 13661 162062
15693 4608 57832
6629 9607 64028
3546 2584 53888
19377 15296 173759
7911 12454 33671
9075 11667 128739
12098 9359 112232
154 13248 186172
19179 16461 162854
14134 3178 103575
1415 3798 173382
1045 8897 121858
1105 12027 46595
10132 2238 63908
5054 12935 118603
3665 18564 45877
796 9155 178413
16965 1585 87492
6675 3402 61133
2193 20255 61539
14934 18846 32323
3680 19019 23957
9623 16861 13153
10002 16673 120389
14510 2924 72920
1778 14706 118345
18388 2237 137246
10281 11821 113468
14513 19525 90747
16702 17214 42509
7302 18326 76353
6403 10196 81866
2517 10478 182306
2515 11706 9169
9496 14321 122748
12679 8822 117462
8933 19339 102100
3321 12684 116926
2230 20413 71942
1735 9037 192855
487 2659 173129
6491 7642 114153
13283 20365 155599
2458 20055 176222
11657 6304 33945
2008 16275 113453
12579 18816 110375
9364 4773 67578
14278 13873 11791
2760 5603 60502
17035 7735 98297
6593 8024 106107
10889 8741 86634
7484 13738 173912
15646 20401 139661
16323 3436 102830
15018 7248 36828
2828 18312 64414
6893 9070 460
20666 16316 84998
9955 41 90376
10376 13967 27056
6030 1096 89505
17700 13667 162304
6081 1597 173121
2157 7684 145716
9902 6344 59387
10633 3381 116961
12652 477 179302
18662 8647 89194
1933 1665 69503
2078 19428 99018
11472 18833 150118
8554 1449 21655
8591 17392 169240
5652 16270 169572
10473 6697 115718
17641 4525 64654
11277 12025 118923
8850 20090 177710
9188 14973 38439
11307 16599 184746
7328 2840 81800
18069 682 153315
12732 3230 92801
20390 18020 92603
8030 10793 141390
16604 4651 101042
9305 17645 178275
16775 3994 146999
13529 20694 80589
7759 9706 21370
9228 9125 134767
10198 2482 17642
12752 16509 148278
20542 1215 25212
9555 17024 3645
8825 14907 19997
644 5770 39520
12232 3356 141257
11936 17115 71473
11681 17006 70982
15552 10789 150023
4352 18393 28199
18200 20225 135331
283 10645 15860
5802 577 27360
1267 17236 30587
759 15053 149804
16481 7115 40293
3912 16722 166080
9928 13325 170106
9247 276 184047
3370 1610 110935
6686 19794 107801
12513 9506 75839
13878 9053 193194
10638 10647 185609
306 6026 24810
20579 1519 162937
15845 8461 58689
4324 9552 62664
3845 11136 81251
10729 9835 152572
3111 10962 179768
10898 17366 52962
6086 10309 28703
3248 9239 96136
19075 2737 78904
15359 574 14575
11859 12544 8998
16984 14159 23809
17368 4595 88301
15274 234 22603
9242 16454 188658
14537 450 99184
1853 775 132673
3502 20318 64592
6449 10325 169243
1813 5840 190951
19640 14395 41554
14909 2593 89545
20516 13524 192907
18480 6260 39920
7416 10142 130170
19679 6224 117820
12010 12537 133397
12571 6016 135486
16253 2405 124521
18412 10001 195508
13106 15792 23235
9933 18582 21632
1587 10864 167630
7166 7802 152234
8363 20077 91688
16681 3667 65165
19675 14247 186566
166 16891 119476
19814 12879 141000
9540 5619 19847
5851 10631 111244
2089 16213 114260
10356 1767 101918
8100 8550 45878
12722 18902 48134
13395 18010 3185
2629 2913 140910
11461 2382 74771
15930 20245 137971
12423 11541 46675
5484 18654 177369
1734 5706 30600
5189 18000 107710
4606 4577 63451
14194 13490 70593
15123 3367 126919
6238 12665 36916
15232 9891 1760
10505 19582 146443
4850 2782 193407
7431 9455 147108
9215 17575 142232
12154 48 139371
19319 19093 78303
11769 5397 142299
14699 3100 92821
2602 12136 67824
15081 14551 37456
12258 14503 97112
12300 7618 156859
11559 7062 21268
19802 12950 76871
17191 842 74455
2571 9428 114022
18984 3676 83175
19766 3010 19270
6271 17607 185255
6604 3489 58244
16120 14609 66424
15776 4290 132413
5795 7315 75319
4117 5819 6263
7935 5573 131950
8830 18096 128460
3858 2386 173445
11945 6757 191293
17289 4576 15751
20421 9572 60407
18834 7061 58983
4418 15705 89326
18385 307 186507
11718 5041 106688
16065 727 127605
8474 18190 183050
1650 7621 133284
10324 3469 1959
18427 3179 96008
3432 13313 6781
17276 5142 69026
18899 9320 73541
4668 19177 199452
20391 1424 166175
16854 17204 136923
19920 15556 158452
11477 17046 78351
14906 9450 59481
15569 14799 170552
9598 18981 173991
1941 7828 163740
13848 20565 18441
4856 19301 97076
7982 405 162168
4556 7015 30270
18660 2886 45750
14489 20075 19058
4938 5679 167585
11993 11559 142202
11189 2499 75328
15946 18172 24688
19007 15916 100658
13947 8996 191511
18565 11428 195681
1751 7683 83317
14703 19058 84953
18773 18921 113583
20341 11473 192898
3960 423 162644
18701 571 147424
7944 19475 132101
17771 4083 61174
17074 4223 42191
13592 3400 4482
1007 164 63072
164 393 48641
649 4770 131648
470 15650 181852
272 9326 30442
3080 12429 189622
19007 1330 195667
1025 8263 199398
626 10069 165908
12673 14539 118562
2336 14626 24298
5534 14711 94100
15438 18725 26450
15921 3176 181349
10189 6320 183032
1089 15386 134922
14344 12358 41851
199 11335 90528
7748 4925 164014
10247 16463 37056
7880 10859 180352
13037 8981 103402
10812 9556 122043
3910 6015 70782
1391 1029 5760
13005 10125 98342
14950 1679 89176
19803 10900 89714
4734 13914 96840
19941 16226 174687
8202 12709 178210
14748 15473 134434
13589 16487 47065
2699 20295 21411
17564 19329 59658
8055 1948 185516
12013 18522 92100
14048 15654 121485
9115 17817 131619
17322 1026 113687
9535 16397 129778
2784 18934 146394
17655 13331 143536
8685 12938 149926
4316 14368 102729
5958 5639 111524
4804 5802 68561
10007 80 110873
13719 16391 62333
10771 10747 182767
14942 8634 65428
6502 6068 79832
259 1708 172847
5282 9628 22055
15468 9129 118711
5549 3825 132184
13322 10964 164539
15529 2768 112899
6374 20225 157317
1817 18255 21909
14367 4533 23226
14265 7516 127584
6721 10047 71634
14190 5644 101555
16883 7524 144728
4264 5579 178694
1357 18457 179860
3864 20428 50712
493 11750 16485
19863 13891 79226
7623 6961 163877
19967 16128 51535
11476 11580 18899
13435 20072 23567
9265 2868 113758
10804 12276 31185
16488 6224 169306
12988 12512 117432
6007 2487 169689
882 7495 171358
13325 4602 132147
6977 6379 40081
5117 9025 106881
9692 16587 10927
10873 15299 32915
14142 19104 61506
19266 5062 30628
10121 6916 197874
5341 3724 17338
844 11871 199037
9065 7969 46781
14268 13219 75524
3138 17865 1466
7755 18951 127253
18413 11510 97632
6678 612 149345
3884 17350 562
2881 20260 107463
8142 9490 15059
9983 2480 127265
6550 18911 10022
9132 11285 114332
15839 15064 98152
10546 15223 10014
10866 3688 95207
20045 8009 60229
11374 3346 162094
4297 5863 32894
9468 12844 80914
19881 9128 50638
11545 8557 134889
5870 2665 124109
4185 8801 95227
19693 504 6016
11868 10837 116090
14881 14058 191439
2516 4937 87286
8080 4658 147821
6228 7175 122848
20097 7498 152447
78 11078 57953
7395 15070 174566
17971 1731 185637
9195 19891 106417
2891 737 45322
5666 5269 75237
8353 17707 123488
8433 12880 110507
10813 3392 9543
769 7449 163956
18016 17705 43075
6088 14643 18844
8696 3601 199267
12803 7412 21679
4958 20577 133789
1440 16376 171516
17325 11511 162491
13970 1968 163550
5812 15966 16604
12179 14084 170554
10434 11577 7
18527 15285 89529
12979 18572 136329
18289 8026 82292
17259 19040 8248
11003 4758 46916
19353 6809 53095
8440 11571 170493
18959 5208 181435
1166 9143 107094
15904 2246 83347
15315 17298 134313
4534 5014 115938
2279 13313 6863
16478 19663 71767
10552 20288 85144
8936 19685 136001
10052 7082 46985
12382 3299 95781
13784 13111 44989
1167 7110 174460
15269 8536 143611
17150 2349 125678
19952 4086 95015
5992 18484 63079
16756 7691 135187
7841 17651 46482
15781 14245 12153
15090 19340 46324
10197 8863 149408
1582 15718 15000
10371 4428 48385
7307 5820 97670
11053 5673 110742
15258 15587 183668
19368 6482 189061
12548 12372 167431
33 4765 88181
16944 9063 108125
11114 17148 41007
1044 17970 52491
13405 19136 195964
3198 11118 34098
17835 18628 21731
8231 5456 96904
17065 8600 78192
6651 19397 187187
10289 20587 148109
14224 6576 11020
5366 15950 158638
17711 9794 39994
18297 14755 2873
16611 3594 91401
2746 6822 147469
17424 20083 152190
1967 12505 190847
13256 13893 93220
10175 18181 52230
20592 10299 103049
1763 11513 95272
4889 19070 193996
13746 10588 24111
11072 10444 76445
13489 18732 76974
185 19137 138582
15246 17575 11519
1937 8858 141472
13292 18277 33446
13540 20300 678
14981 7442 145570
14270 10951 122829
1023 15893 92193
5275 13438 110762
11687 3644 74429
2129 13789 139338
20520 9019 32769
18577 17991 37679
17783 5139 184699
10419 2335 181052
19754 19642 76871
18525 18652 1152
14920 10382 20276
5246 6292 154363
5869 18194 195917
8611 17808 106703
16265 1153 144356
17835 4350 195882
17482 12444 101035
13745 6246 114170
16820 3948 112875
12955 19143 127783
19998 18276 99543
3245 17433 69160
8107 9836 154558
15475 17335 172539
14536 16233 60617
5824 9098 95310
20123 8679 30416
1846 11739 192197
18840 7189 163786
3286 4953 78300
5245 13338 40397
4881 5917 116020
329 7839 25814
5515 9424 98997
20590 1307 174750
18109 17062 61917
9960 20545 45265
14361 11595 82935
9102 4617 163939
12403 14177 80224
3321 4060 122958
8309 10814 61031
9029 7558 576
6465 1015 37069
10261 19402 169609
1597 16690 181949
10383 3379 158388
19345 11949 109642
4191 12850 51314
7 9931 144581
14209 10691 161454
5179 4523 142619
6287 7428 44419
10647 14626 105841
12888 6945 25580
18526 20645 109110
4496 1910 39125
3612 20195 52833
17433 6969 104179
11266 8732 100653
16797 20640 142693
9680 2134 35792
1006 12720 188382
1178 19001 65897
10596 13620 29824
7246 12755 11296
12309 10906 92216
11601 6049 152002
19920 17084 80117
1101 19278 68682
12053 7584 183783
7660 12594 128496
1505 4948 40934
8790 13575 166955
9523 19230 87758
19916 17513 69633
9730 10832 187533
11462 5483 116148
13210 13652 189013
18591 18890 153550
8984 16607 123942
7567 15723 9057
8815 9784 30044
17393 11564 17550
4842 15903 45789
2025 7642 157366
17779 1375 99253
18509 10903 37682
16349 7681 157727
3004 11485 83753
8484 4257 56719
7995 11716 28123
1130 16953 24845
12918 2637 14959
16185 974 146676
15005 18747 138750
3258 8378 44511
16624 10077 178050
7583 19073 165804
13967 5336 160333
12370 20705 177981
17465 16351 165766
16108 16602 27268
1877 5198 81014
1193 2681 62853
9235 19774 175597
14174 8655 178977
1335 8252 103303
10397 13172 84782
17378 15374 159680
10466 19200 125450
56 12363 34324
10508 15285 86435
2992 12940 32291
9977 15832 168534
7973 6834 99244
3376 5420 140900
10093 6267 197908
3430 14331 199176
2227 8786 99826
18038 15430 38445
20486 1002 153542
18559 20487 141631
8663 13186 98701
4277 17472 56294
12039 3741 76920
7681 17815 147439
15159 14747 9213
12650 11204 99129
14056 14255 170977
1494 19027 110039
15544 3649 166626
8760 11091 152984
14650 11421 8028
17085 18570 195125
8237 17478 2715
2856 1674 148627
2615 15924 136304
9508 9991 28010
9739 2058 79135
920 3482 134129
13094 13595 99469
17691 10492 132947
2308 16492 89295
11074 4174 179706
7188 11201 178323
7535 11159 73938
12328 6885 95350
5338 19521 94055
6906 15882 132414
1300 17356 69081
18812 760 128777
11019 2812 134064
4650 376 109381
1474 9976 19699
17491 16807 122459
11963 15154 59047
20127 1961 20128
2470 20067 37850
1575 18903 193074
3656 12456 129817
16424 17912 47926
17018 15958 100579
15889 12219 182228
17698 16454 5041
14777 14180 4829
18989 14774 193169
16228 14009 76665
12650 19473 71720
17073 17633 121283
3778 6619 197093
18553 15840 134454
15080 3174 31685
4064 3377 197228
4885 7057 95717
15917 15135 186398
3227 5212 192572
1114 1527 27131
5894 12986 166366
3365 12799 95934
4674 19210 183894
7373 2063 45034
18187 5663 28810
17682 20142 102427
4449 9715 62082
705 5807 81287
10451 7519 71169
20040 6220 72917
4039 16015 92803
14164 1684 20999
3710 16160 155096
1894 17702 175452
11329 6422 50570
20706 14479 152143
19189 4797 118016
9527 3521 184216
19830 370 76343
8193 2741 16515
20145 9601 47366
16023 3751 101011
8143 12190 67933
704 651 171557
13324 9016 147269
16920 8807 73340
1421 11152 129773
6947 11736 197286
9117 9957 194251
2445 3725 92864
1126 18855 163906
12958 6827 152197
6531 6116 150367
5539 15630 94090
675 7100 161647
18045 14195 107568
12165 5001 167432
12400 16118 63553
10452 17915 47274
16950 18616 1962
15510 6538 85635
13677 7815 179183
14974 10680 189002
17593 34 136441
20477 16167 150366
3505 7712 181885
18938 14523 195213
9369 7584 8127
7860 16981 162027
16687 18415 169124
15356 15832 145612
14600 13740 52090
12905 3163 8323
20032 2257 83706
13065 5565 110617
16615 14544 190539
16461 13240 70106
3390 6673 46081
11728 18692 30276
2093 20664 180017
20167 5972 198727
2853 13617 130763
4943 2361 148054
12266 2371 68681
17347 754 191386
12012 15654 108601
15399 7539 121037
3009 11212 75763
15767 20644 15212
14002 18691 184137
8757 4286 167394
17368 14866 156165
13684 7656 91424
13897 16965 29125
1242 7310 94539
6653 9600 8055
18870 9497 67962
7639 3737 5805
6681 1519 48664
12249 19846 107576
13817 11218 192723
9131 1607 78121
10704 9165 133294
3091 10716 171235
18942 17224 87529
14891 16615 176416
14173 1717 10498
3292 15801 156751
7785 20687 126772
16334 20405 23645
5665 12981 73556
17708 1257 81129
5144 13569 193847
2069 16134 196249
17066 5319 166020
6564 17831 149980
17989 14070 34318
14010 4053 71027
6508 11477 127008
15216 8758 39006
1366 8248 26687
8174 10767 13616
6024 354 161311
15619 15395 61841
3174 13578 182071
10441 7179 185317
15628 4694 68290
202 2453 33320
19698 9721 73105
8032 8248 170848
2243 12334 102030
9105 3796 125104
819 13359 175777
13617 16116 133500
20602 3029 7123
19532 10030 83110
19905 2959 101160
12116 2806 179093
17026 16808 116748
13268 1030 183115
9823 4583 69842
18179 3564 160716
10169 5033 86063
9496 18142 148556
19037 15511 84090
9746 2003 5665
15506 4946 121048
10249 13898 187764
11767 1025 9967
12386 12489 136279
4743 17418 49334
3542 16782 23325
12500 10118 167902
8478 10680 157123
16596 7094 144561
15171 19900 24919
9920 14343 47713
1562 2648 61979
4189 9989 107897
5064 7672 15305
5091 15282 102156
17676 1882 14307
12176 20267 106154
11297 13989 56538
11465 14460 42803
2101 13426 179954
2137 9119 135938
2217 12688 58373
11208 12543 86792
9943 3598 77730
12747 4055 148160
536 2749 198177
17314 13601 46596
13917 6056 102473
637 273 53076
6753 5825 48917
862 3635 186347
1831 5441 13713
4115 12394 134756
545 3322 44019
11652 20076 105577
1097 20505 43508
2961 9786 76230
5835 8 13490
20427 10344 60952
5862 9575 162519
15139 5280 76373
17453 14255 123992
14194 13662 116714
20169 3081 182463
4496 13275 39902
6983 18913 196022
5966 16653 125415
2116 19755 178851
19839 3965 120906
10718 18535 81966
20549 11582 72243
4796 20651 20711
15805 16518 170195
19927 19243 194837
12135 6093 162325
11940 10406 7086
19662 10792 47041
10204 2454 22177
17506 17079 37664
6701 11067 11553
9586 16313 149765
12455 19645 60989
3318 1551 132771
17144 12245 88856
12887 732 159265
18672 3764 5525
5986 3030 47840
16744 15244 88184
16421 7585 85707
1562 14949 132535
3284 3842 127706
10765 15565 118830
4691 3666 148473
433 18197 108330
16338 4697 177784
6489 14686 59669
7339 8573 168949
15959 15188 183715
7598 3215 188330
10010 3341 21170
15996 8448 129047
7019 12885 185806
1599 18296 103128
6412 6988 109943
7173 1750 26595
14034 14381 28333
1100 6199 190732
15888 9028 103442
5141 19959 171943
3634 4219 83323
4252 14428 136019
7237 9084 134698
14135 14798 172170
12375 19457 173455
6167 2921 179972
6035 9154 13390
10031 159 187142
232 15600 150604
6160 10950 23556
8006 1278 41373
8950 7217 28508
17333 14087 112366
8199 8720 10243
19572 17123 147621
14843 198 81643
13330 144 97534
2441 7294 51781
7934 17166 131353
17285 14695 34854
7357 4892 145816
8135 13467 4733
14150 14774 64002
9693 10954 77497
7425 10507 191707
3714 1618 58655
6398 16248 103772
3896 528 106462
18365 9427 145525
17649 5929 167621
2203 16220 17002
3520 9463 75777
8900 16252 44212
8320 12614 152716
20282 12289 92933
10822 463 96581
404 1871 177440
14102 8280 184992
576 11928 66319
12188 15790 61628
8279 9044 106347
9632 12931 186127
18875 15121 2977
10328 10854 113325
18825 6050 135410
9819 14786 52173
4935 1310 198024
4775 3044 163790
2207 12592 132732
8256 4254 90343
7459 8697 172488
629 9344 176726
10082 6712 25915
20583 6464 133657
5903 7418 177197
7430 5980 178003
11024 7214 86329
9205 446 15640
9699 3347 180443
909 19383 119993
17000 12547 125219
13095 5195 102156
5630 15607 65384
3031 8489 83467
16038 11120 129961
6921 10494 180495
131 10646 19353
15933 1979 169619
4920 17257 116076
19936 6323 160308
5380 10553 157607
4456 13625 55262
18000 19166 143949
1229 10648 163007
3441 13795 49553
7882 19579 100854
2679 8785 79888
15085 6909 83814
8322 11431 163992
20308 18260 123572
6318 10244 61866
18359 6328 157790
18336 12175 170663
15318 2122 107235
16609 8923 98900
5704 7797 13337
12843 2570 117050
14142 11400 31735
3415 1359 120850
18130 18161 55503
828 17281 134188
1123 19864 128857
2608 11370 30763
6459 15656 2272
9492 193 94995
8950 2022 130020
10614 12226 75486
2282 3767 25814
16277 12192 84668
18317 14866 89822
18164 18879 42824
16907 15960 113764
16961 13956 108554
16813 2313 88142
413 8403 4554
6105 5717 189693
12733 7637 60711
16934 12903 184433
13613 6671 18437
955 16422 186742
19926 16465 134839
18839 17644 158789
14551 4490 158367
2520 351 147431
931 11154 119006
14909 15823 179991
17975 14753 1489
6212 14359 174546
4799 9930 161867
6828 16004 96146
9905 10653 36250
18070 18658 11460
18146 8695 16324
20119 14831 187902
6890 4977 78360
17459 20471 110876
13755 4421 52628
11843 13655 167912
7905 14279 136915
4419 13127 26937
12661 2301 189906
1652 6948 188000
5946 3554 43567
14425 5731 40686
15076 7106 50046
15214 1735 134306
12345 5504 164249
12399 8736 181627
19146 9754 130417
19083 12289 9766
17680 6100 62571
19471 18554 12679
5235 1437 104779
16126 20548 76733
13208 11939 3695
17484 9113 140698
3043 2650 146785
5736 9546 142328
13306 5608 82406
4339 8101 28915
10737 656 11060
6709 13954 138577
11786 2394 157867
6368 12748 156748
11395 18039 62741
1216 10519 97085
17476 2888 58709
20667 10395 87558
3465 16791 129163
19541 12228 65709
17526 3472 35767
13554 13610 163343
9184 4232 134955
16935 4230 61564
12616 10981 94699
5764 4543 198151
20589 13191 180706
3438 16364 114258
11415 16133 24074
20416 13610 86412
6931 6512 171064
15036 12283 168137
16579 14577 157960
13206 18563 13878
3046 14456 103696
6052 19573 71832
899 18054 145348
4479 17735 89535
13153 12278 20843
12925 8183 47681
5702 11310 128406
11026 11633 140749
6154 4044 185392
4662 13066 99047
16106 9079 162830
6041 20430 27698
11865 8073 9041
7009 15257 158578
2210 1907 173047
20647 15472 176324
9458 7408 147674
800 16385 195711
11357 9280 84334
4034 1347 144785
14277 5602 198533
5322 6818 150958
17689 12463 124291
15288 18074 139914
18599 16225 151135
20089 11293 138901
13675 13143 26316
10635 13863 157209
14178 11822 125018
12121 14074 144418
14204 5253 25936
14656 5227 173710
20332 10076 62022
20515 3467 130219
1807 16929 37325
1204 18664 42923
3604 19201 155628
19974 13835 137580
8931 2824 192160
66 20606 288
4463 3169 138091
10974 18373 28744
18110 13915 112240
7263 2725 117150
408 20669 142852
5749 1141 177069
14022 16523 55220
19760 10170 166934
17268 19656 96272
6491 10057 140214
942 6279 95382
17455 311 129740
10514 1095 184283
14669 11298 8027
5456 363 42497
14618 7419 74376
8674 1570 160612
19835 14858 162398
9215 459 66376
8976 5100 6509
14672 4012 153939
16457 2307 56630
11620 18140 71938
1038 6028 87397
20684 19909 14813
15128 9273 18342
3333 20234 156972
10391 14339 48784
2672 12870 42774
9914 8078 89791
12375 16872 136864
4359 13171 33634
8128 4054 75406
13346 5076 38498
20049 14592 104721
17442 12785 64302
1977 18059 147155
18295 14808 170464
6022 15695 75298
1980 11815 20398
16035 13693 94006
13241 8899 185613
15388 1954 109167
11453 3499 73496
8192 2852 154105
467 5933 154864
13955 1893 6342
9614 4169 57785
6362 2351 17268
15742 19553 161958
2802 1292 114084
11849 20423 84344
13976 5337 154004
731 6858 54573
6880 10178 116420
5582 9791 8701
12631 19000 32699
2287 20278 2153
12351 11557 1329
14363 7562 181931
15596 20348 76125
7220 6530 153710
7679 12460 7820
6534 9416 13837
12217 10970 109203
16152 14939 160024
10022 15495 43205
16545 20347 82271
6723 5722 192072
13134 539 22414
15606 2800 86234
812 16499 177706
16122 19301 134570
9178 1958 31321
10646 6091 152308
1660 20314 2131
5324 9658 46804
8251 1859 165049
8624 5044 120523
20445 8768 12154
3703 16165 182931
19496 12412 68575
482 9020 153643
18976 20543 78151
17915 5154 43029
860 17985 184601
11954 2998 138269
16587 15805 98807
5823 10839 77526
16380 2314 98366
10498 11096 21575
13005 11380 21275
20503 18414 196396
540 17811 82934
3830 1320 161522
11411 2093 27374
20457 12166 65139
9557 8097 85012
1685 5221 145383
12892 5655 116932
6219 9941 88995
5475 6122 174797
19755 20574 133349
7548 11196 190543
8653 5446 92743
1672 5050 5187
16741 9951 168508
8734 8729 91976
15927 18973 87279
15245 17815 194499
1553 49 42330
10470 2493 77378
8833 14329 41097
13780 12007 4518
1192 9681 176545
19335 7999 125452
14858 19233 169883
18067 5191 191596
2442 7981 131467
8308 4798 69735
11368 5314 136381
11202 11448 86946
3793 15099 123142
9269 17082 148944
1638 4333 59094
14641 18653 97964
19170 19332 53489
14869 19089 69992
1943 19062 62077
6871 3513 121901
16104 15485 159568
15457 15525 92703
113 19871 34638
17668 11475 78375
20156 17001 133166
9990 19833 138341
9452 9843 88170
17038 10476 5843
4486 9146 128595
19428 14070 160179
6223 4521 20106
1343 2318 196090
10327 8739 73948
10457 15111 11931
14817 17596 59355
13048 8140 140859
16030 10929 80449
1987 4112 23275
17951 12920 32940
13728 1118 91743
20699 14872 33795
17082 7586 156216
18623 18209 143525
18877 18305 162494
60 2915 89939
9060 11597 69222
17329 11505 169458
12852 6779 78588
15362 7006 59136
15666 14828 113392
19839 2056 10408
14369 20569 30555
18290 1815 156765
19109 8299 5306
14371 7477 116464
14971 9493 115234
1932 7415 183384
9310 12439 88303
19495 11910 163293
18509 19898 2928
6010 10786 169520
13294 20529 180490
1200 9074 159377
19867 181 180942
1715 12936 195696
6989 1754 36487
2855 10910 155617
6354 4951 95804
13559 6110 117056
3375 19655 1577
12353 12445 158196
2067 5918 71212
5292 16410 69190
16823 13145 155828
7926 10581 66837
4005 20144 113509
19347 15449 46595
12584 6980 149433
3595 9356 84100
20649 19078 183171
4701 5635 73295
4779 14829 8455
18347 9454 81397
20065 1591 108435
18891 1665 26367
16633 16581 2478
2590 13242 24778
6790 1035 140524
16964 8934 70917
18932 17671 20521
3099 7370 97097
16073 6427 68694
3717 92 111522
15385 10374 127005
9736 519 183259
7510 14646 9280
2864 19889 184551
12941 18415 98891
16213 3236 59457
12464 8274 56248
5757 4340 95351
12357 13750 105295
2571 8668 48377
16053 10933 6720
4016 15682 137222
12911 5107 186732
8982 18983 94845
5120 11 161574
19852 3110 29561
11011 14827 186701
1935 14798 22295
10520 4767 98916
10160 2455 194899
12422 12736 72991
2322 12848 125066
8334 12022 198155
2072 5862 6260
5153 5854 108294
8106 2325 145373
8726 19262 46707
12070 17405 54737
9330 6824 109745
13457 3683 98509
2766 9751 119642
4167 19332 170443
18156 16494 87769
6456 17714 160030
11926 4429 108132
1190 5886 154973
806 10626 137874
19840 12510 199682
13345 1460 35919
13255 15665 131887
12735 2745 10727
2117 5229 69654
10731 2002 141709
19903 1772 43523
19447 10543 33965
18612 13996 2221
18024 12957 149619
14978 9905 28505
2969 11257 33704
7300 11778 173446
18842 4224 166657
12958 8343 170479
4150 12585 166036
1373 16147 195087
9234 11982 105844
16139 8751 154159
8507 2197 6152
13898 18885 58650
2725 12092 56603
18817 10803 25712
14938 2252 104113
20106 9266 71407
14282 17350 165162
7645 9671 101904
7924 20326 168578
11910 4003 179308
19587 17703 23496
20009 15224 152713
6660 13011 77663
18535 17588 7236
20723 17367 71625
19660 16630 15530
16747 6571 169177
12355 861 56764
9768 8400 56432
10738 4838 26710
12517 11743 81451
3718 1239 27121
17234 16488 135946
6879 7699 93676
15968 4439 148196
1090 10573 3363
7375 10302 85492
11847 19092 134907
2305 19054 175663
18494 1934 107896
6975 15375 97163
8988 6908 179314
5367 13379 81175
13323 4890 166028
7130 8919 72055
3466 13233 66468
5985 1917 23175
17638 14584 163026
12619 3014 137599
3980 11038 141898
17654 3201 13136
13840 20680 116849
7443 12646 48033
12718 8368 26114
4321 1568 117832
15834 10892 192173
7947 7318 71066
8947 7329 65565
9361 613 168461
19031 4902 119563
11012 17241 15288
18367 7857 186208
5962 6001 71403
8147 4598 35797
9439 16029 14649
13050 10201 128353
10049 19961 91652
17115 14622 192534
3820 2083 4064
12953 5989 71409
15659 5077 148248
7386 14035 61639
5988 3935 3384
8181 12356 171301
13802 17409 91771
16778 573 125529
14462 16721 62600
18702 19319 87021
7152 16388 187856
16102 1183 157771
13081 19006 99036
11536 11889 25120
5105 10331 197243
8156 13941 146767
18047 16316 22475
8001 656 175364
11400 16560 120311
18292 5487 51821
9265 14391 193940
1869 18177 114699
3428 5276 146788
12442 4122 197060
9051 9712 86590
4593 15923 131096
7528 17240 60629
9209 12545 65663
7288 13562 66711
4839 19024 28480
19308 13099 143871
4406 8070 17356
16668 1354 65462
16154 18011 75287
20571 5251 19071
9017 8902 155574
7805 19633 198196
14582 11447 69100
4436 6430 66579
7727 3874 177558
12894 15682 190547
17428 9007 117004
6316 19668 44142
9152 15870 138590
19615 12515 185675
5102 9788 502
2974 4657 121986
12026 7932 82305
8044 14216 164413
11683 5921 196688
4067 3803 53470
3863 14732 148766
15536 6136 86335
15684 2997 17171
6897 8787 48512
5048 2841 46141
12077 7242 79293
1957 16221 139989
15284 4040 50674
11546 1024 55946
2306 17146 30530
8768 9860 157989
11760 15979 71850
10886 3835 119665
18471 19447 33650
20124 18846 27224
5800 17247 169002
14086 4767 94508
19202 15756 66032
9046 15197 124317
15730 19334 8500
2264 10726 166593
3766 20566 199105
2409 7374 70912
18267 17845 196564
16548 2925 84625
2355 15911 102096
9646 10737 106670
13010 18537 137462
20362 3078 177875
3212 60 141543
12449 20691 183534
12720 17005 131844
1191 1573 78435
16138 15482 192637
5582 10100 180409
9743 10173 59047
2115 9988 69208
14021 15676 4892
8633 13268 132292
17677 20393 34318
7267 19555 55666
8981 4747 188425
20008 5271 178622
6114 6842 13610
7186 18820 93078
17992 12219 167660
13789 3009 165092
11944 1700 63094
20148 4815 97430
13619 6132 196160
10641 5407 49169
4228 10053 27500
9024 11560 147145
378 16553 20633
10977 18948 11986
13882 9375 191654
19704 8711 58669
5771 5002 46893
17573 4049 54447
18772 6176 160623
20213 8080 139410
13312 9474 186249
3385 12553 27568
9312 16242 60628
453 18831 136567
3446 3497 25648
559 7853 164928
6415 7211 147121
1311 10905 115832
18193 14990 79997
725 13501 11635
7680 846 179263
19243 13256 118927
1795 2173 102927
12260 12149 186768
9583 1934 15350
4828 17505 36172
19004 13029 125506
7712 3434 132093
16016 12349 140001
13599 20725 90821
18377 13168 122326
7292 2909 26242
2304 18417 164549
6217 7846 92881
11615 12141 65760
11912 19810 191531
16884 15556 121486
18517 12912 135169
1446 19743 48335
4109 2232 96493
13593 1231 36430
20434 14277 22866
13006 17528 178999
11523 4808 75546
18661 3151 164351
18703 6299 184101
19507 13556 109129
12428 1406 89034
6934 20092 103534
5172 363 72308
10882 16987 25957
11373 5320 60232
6251 13147 84689
9042 19097 131388
9770 6383 80197
2081 6221 129849
19027 17904 86305
11484 17756 121128
15293 1164 31629
10997 1661 138995
20355 11389 157263
10648 669 30697
11483 141 198457
13135 15712 151611
16402 19374 60209
1232 7773 187790
4119 7932 87194
19580 13136 189817
9403 4910 169710
10205 4769 146028
16756 4549 99159
6571 8604 172231
2565 16004 90846
3678 17558 29467
8050 17257 183079
16404 18210 3866
17417 8398 80519
15146 7619 39263
44 2321 45472
16971 4494 164767
9516 10860 177653
14014 5048 199677
7177 11708 76463
10776 1427 88166
953 1614 155119
12746 2241 21179
3134 1064 45271
1527 16432 112280
2688 2613 55386
2568 7439 71133
6032 12622 20384
18089 16411 80835
9589 11990 87703
1702 11269 19786
8007 19113 29081
4666 16946 154342
2426 12882 83076
461 18742 25280
15744 9492 157083
11027 11761 18741
15062 4967 118290
5113 7702 22288
16230 5030 36016
15221 1850 180921
2107 20726 15364
17031 18090 141715
10320 19819 82755
9731 17210 108014
1202 5287 158286
7760 8625 98075
4002 16998 85682
8126 3256 62986
18786 7977 63605
9187 16244 33953
16159 11544 88699
11726 5570 59025
1986 2323 139717
4693 7561 112296
4341 4883 70597
16679 5717 174629
4211 20210 6136
3844 4829 143460
11166 9332 71997
20592 11985 164579
8224 4537 78047
9204 18447 175447
13458 3719 187714
434 5852 43773
20070 13163 77383
8738 3532 55595
14557 4773 24663
15086 7054 37604
6211 11539 153250
3716 10440 47155
10679 20399 68147
2024 2622 120291
18498 10780 85023
4963 16003 69307
12020 14690 58827
14293 12768 130539
11554 14933 51162
3456 6361 65062
3126 4933 147482
4396 5108 2802
1478 12686 9128
18082 10035 163755
11795 18211 39799
44 2773 155747
2310 12444 105176
11267 18970 48047
14633 12006 191549
5431 16267 95734
20433 17404 154642
9938 14019 160451
5224 8232 169616
16815 8398 53787
12618 18419 155933
15105 18242 99308
14975 2418 154718
4047 18796 48632
14204 14259 25791
13847 18090 45502
10729 18361 149323
2006 19507 126022
6886 5339 30960
6987 3214 177778
2857 7223 43871
1119 4256 100858
16140 18786 44389
5873 573 138002
10705 4587 15602
16481 15261 157248
13491 10659 192970
16074 14612 112540
15035 5231 23017
9843 5288 25387
3197 18900 193882
19671 5708 27766
9705 14389 50509
8709 5028 167513
16426 8024 90843
7046 8767 69671
4004 9617 71797
12629 15130 49119
16542 19687 100451
13114 14136 149733
16875 7145 85179
17211 10302 12850
2515 16051 175335
12182 15110 169567
17251 1568 62796
5290 10768 132161
15611 8743 54777
2904 2809 105049
803 16713 34242
13382 1902 125395
9542 17167 8580
5294 17042 131494
13373 18119 83655
1050 15676 190803
1774 1261 123254
9361 3030 139690
4775 18771 180099
9660 19915 123126
5305 16367 154117
7534 20117 56952
18584 5090 146988
18258 1001 102937
1613 557 86464
8910 17871 61873
16877 3107 178451
7790 8379 59741
13161 10558 14236
11352 935 141029
13074 5371 56680
6931 18521 168029
69 7233 101203
14737 436 116340
9145 1285 22073
1199 19316 115274
15225 1372 111812
787 1595 96551
16173 13468 187053
10624 11345 132876
7547 15895 129021
2102 6022 155808
7391 13231 31203
10110 17362 52449
4344 17492 63089
10748 1596 173509
10349 792 124318
18394 4583 87066
5552 12253 68408
6852 13263 149424
5440 11082 111109
12647 9870 70306
11354 19953 96088
6277 19672 51215
13701 631 64406
14718 11977 165058
14487 1185 125925
20500 9311 42259
19305 6971 88580
4065 5181 9326
7468 4045 80360
15347 4244 110313
6711 9653 85846
13846 4015 141662
18917 2270 178667
8777 15488 62174
13335 4135 177419
15775 19997 142106
2231 7150 21313
11270 1063 18762
998 15219 15232
349 2623 157300
5758 5378 35122
4389 14356 73218
16554 11135 156394
17040 7063 107828
16824 12089 104270
16109 3729 193316
18765 6967 153559
15493 11531 133643
10167 5901 16470
20611 671 43871
10418 10721 69873
11107 440 56680
11245 6695 101797
3338 11946 171846
153 7529 93115
1140 439 168809
2338 3823 165717
19632 19075 85321
13566 9321 6939
19160 14392 18405
8533 4728 95976
5601 2175 151717
9989 494 24989
18291 6940 174822
11361 13821 78381
14312 7185 158566
8616 9668 24850
16250 9045 144008
3810 17179 23530
15427 19386 91028
20061 8432 158564
4609 16441 129086
18722 2459 70016
20082 19782 141968
17990 8348 132805
3103 20242 161139
13023 9046 28301
18869 8427 189417
3854 17600 28143
6512 2652 30067
17802 1873 112146
5032 18749 179812
20204 17732 120301
825 12762 24215
17574 1896 18249
8635 14987 95083
20708 17612 74090
14718 13471 113698
5270 8238 33829
9480 19548 130097
14026 8329 65899
10120 10533 57080
16602 7680 117829
17623 15643 112039
992 15048 199467
16846 14618 111740
18353 8377 189008
796 1432 23158
20067 11241 58040
14773 18395 87301
13600 19654 56191
19675 18249 122436
4845 3293 198565
10332 10396 123500
4473 8462 135316
7038 9726 54038
8382 18670 117902
15117 10885 195989
11690 15809 21555
9030 335 170023
16110 9649 104155
5008 14856 2213
16430 13800 101381
12202 8038 165288
17819 11713 75661
12949 9194 8607
10740 19267 123873
11435 11240 80820
2874 3148 917
3165 15337 164482
4646 12400 83031
8995 16876 90373
13310 11502 20656
10755 9585 28124
10247 3159 131226
1076 10808 88230
16906 10239 77065
14833 5180 162597
4413 15138 92158
9787 8686 190634
15778 11416 119231
1431 10998 43471
18039 11788 180160
2422 17051 172016
7634 15880 83180
8133 13460 25498
9875 11021 787
6215 2765 114377
2816 9994 24398
19872 12214 189530
15234 9910 10643
3558 2397 54893
4735 652 20612
18321 10709 93537
14546 17463 51160
9505 8821 96341
6030 10732 61242
6945 17646 94704
8628 4200 22348
7536 10670 174966
20261 387 29067
16405 12239 48825
4874 15050 53823
3606 20176 57016
20107 15334 137397
1453 5191 21887
14491 18874 176602
19493 1053 145370
17760 16291 151554
5789 12261 172716
16194 7042 66904
2844 17072 148398
1567 2309 90976
13266 4720 121539
12294 8353 129299
3831 10634 115136
16995 19495 897
15091 8945 159184
12775 13201 151929
7551 4326 141290
17817 20403 198419
988 20168 61369
5492 619 182491
7133 9053 185603
20430 3083 25189
4104 17174 10949
3785 14091 190655
2179 13299 51280
5106 16699 76665
822 10652 33313
3951 4205 33555
14740 8423 1637
1513 4049 149462
7116 9522 32801
8652 2123 123443
153 9858 112765
18719 439 123988
1003 9237 3421
1687 9151 14743
4213 15885 111297
336 2700 116468
13845 12457 38673
14103 15439 127748
6777 13284 68952
13819 8765 19180
19047 20562 86273
13388 19772 71783
14987 13884 190471
19890 15113 138283
6652 4861 161298
19602 6787 194410
7418 6858 106290
14115 2545 174200
1103 1835 36770
2183 16436 190204
11126 10285 150980
7762 12387 189119
19848 1079 188968
6133 17083 39130
17282 7092 90795
1614 9310 24243
20040 7445 94747
13295 8641 128540
7399 7503 105113
13720 8734 194044
1426 538 84752
11419 15029 151467
2984 4729 55632
19155 2229 87981
12906 14864 184714
5316 20499 132407
3641 2835 197909
12071 6554 102553
13120 15377 75462
16335 8099 148961
960 8369 15545
3850 410 111957
3523 15254 31572
14874 8782 117033
4836 20553 136319
15111 12465 103637
4644 11512 84343
2335 6043 93316
9232 3446 128478
20470 2179 13108
17921 19677 181849
7396 15867 60439
3397 13675 185593
16049 2748 7695
6935 20639 48939
11256 6257 45056
19690 19977 51793
6561 14988 62154
16043 9043 130495
19197 20019 189632
10419 5767 135228
5352 18876 60918
18402 18762 37340
15648 416 3664
77 15561 124194
9219 292 104934
7905 6574 79653
177 8625 8158
12704 15355 13853
18317 20003 142411
2009 16855 192899
16980 17701 129975
17345 15143 127320
13980 19235 25345
8545 18350 137475
2641 6607 76102
7895 4907 93436
3725 2006 25000
861 14007 31769
20516 5571 197717
12000 8514 93635
3127 9237 151624
16156 6065 123497
7239 19317 30600
9554 12048 198728
12730 4717 5312
19651 10912 89760
3788 9387 57798
6406 6203 48056
10763 6270 193661
8497 4831 177930
18895 3593 181799
18196 1341 170526
18362 2236 133897
8195 5799 173581
1921 1253 55843
398 5755 26018
5883 9198 195804
14303 3055 49304
10675 13353 193344
3560 1622 139355
12468 17198 45497
8766 6668 80383
10428 19108 118361
11226 12992 11000
6357 16633 196265
11985 13285 189901
18112 14542 191233
3202 19389 29404
9807 2582 42573
19159 7890 36549
1668 12424 58330
11200 14110 156140
1062 12262 33485
5979 17712 174364
11694 7463 655
15527 12985 92396
9147 1162 1208
19973 10015 56505
20607 16552 131932
18670 17616 41750
9259 6122 150024
19454 11599 37313
3271 18550 94742
11812 17663 167225
12944 17 60778
16082 14813 116101
18294 14612 164646
7689 13684 23740
5768 20678 134857
6417 4847 197692
11149 15094 7194
19386 18871 127581
9758 10329 75119
20125 17080 128709
967 15500 178446
14809 7852 50422
19470 3969 37763
7055 10760 43575
7250 15332 150426
4292 10523 33979
13949 2444 113152
6388 261 196800
1498 10218 192658
9986 6998 119982
19950 7898 141895
17834 4989 25591
5358 10147 34069
7947 16891 31272
3568 15351 146521
15987 2752 96834
9349 4736 101132
5587 4632 65671
7561 16348 111741
18376 6845 194720
10815 8295 50433
10200 20453 40759
8578 12968 172971
4258 4158 106891
4973 2569 134671
15457 18512 141377
9095 2053 69824
1021 14759 42932
10206 7531 150774
15001 18745 13386
8597 17498 3904
11836 15782 196006
12109 15774 132311
3149 10876 12442
18891 9455 1074
7411 15238 69224
16212 2877 124747
4909 20385 56854
2422 4816 12714
14289 2442 133493
17773 1145 129249
6216 2601 170099
13753 13699 2282
17250 10194 189872
8621 16244 149598
20528 9397 182704
6069 16671 105021
4928 10323 140292
6609 15678 176084
13199 4940 32774
13472 11236 49355
11402 3569 168504
18319 18217 66431
743 17846 152521
4216 8994 32710
14153 4024 90749
18706 5875 116385
15671 6352 56470
1202 11960 196366
17856 3639 64875
10480 3862 137603
3303 17096 21701
6632 10580 109430
18035 8134 55818
11586 12567 197645
5067 8863 21117
15977 20319 44458
19446 1477 96729
9449 10267 81391
1019 18283 7546
16086 15479 127757
12001 13818 199035
5324 15824 26613
17337 9279 76388
939 5542 115713
3735 7281 58631
19101 8810 21132
5886 7569 139964
10006 7297 50339
7331 10184 56460
11468 6572 87513
9561 13932 164028
13138 243 139134
9668 17833 181735
6807 5806 130712
4499 13016 170309
19610 3429 7300
4364 14647 69534
9271 14314 159058
19014 17734 8207
13259 14098 90498
17004 5583 158439
6157 8821 108504
584 11139 131854
14276 12985 37735
17516 612 105718
13690 1259 33150
18229 18923 21186
3166 15573 195922
9847 17994 137718
11624 15701 9261
19751 7553 145504
296 8053 46130
9982 1701 20933
4529 20356 26726
18081 11225 3296
15532 12199 161535
13767 15673 51767
1848 14064 154851
6347 16242 170559
12499 979 51270
7235 6070 87987
20677 9992 28216
12431 20023 178887
913 6027 199775
4673 3214 186716
17669 11785 94190
13861 3416 25499
19656 10141 192991
19425 17840 182897
1317 16947 186991
18026 6226 33839
11300 9529 65881
2907 416 149813
2860 2540 100210
20372 14477 4017
13230 11260 182443
2899 17999 196991
6367 3391 81140
15045 5758 119666
12053 9258 104916
9399 17530 52649
8704 16957 122542
1154 2878 31337
2680 3924 55009
6159 278 116293
1319 11315 28721
18153 7772 46298
17304 12741 77629
1926 8566 180475
18682 10972 9698
11080 8162 142662
5861 895 138921
7544 5143 64695
20288 4047 133735
6588 19600 124051
786 9378 169316
5778 13151 192411
17512 10591 45637
15365 6358 86398
9052 13688 99154
14100 6006 124125
5684 11407 173962
1258 7957 116725
14077 78 50745
18996 12602 22950
17002 2807 187315
16502 18491 163188
5832 13209 89157
13766 9500 121184
12658 13059 52564
13180 2829 136770
2245 12310 45471
1928 8064 28482
881 20328 113223
200 12864 125399
19258 11425 195536
19554 2662 197155
2288 17032 189386
5218 20665 122978
6388 5511 68294
2344 19892 111561
17996 7953 196946
13682 13183 76798
16041 19565 185406
12270 7287 164494
6324 16992 86664
8713 9622 147849
10290 8262 90689
14250 5683 7971
2016 14935 134057
20357 6066 159596
7732 19408 988
15312 3794 135374
6612 14554 141577
10920 20265 3524
13424 3205 80435
12228 2902 153309
19066 8417 57996
1786 7577 19768
10971 7907 90788
15859 20399 183250
11193 4721 182500
9016 8469 157766
18434 1241 199199
2505 14008 183477
12365 4744 12636
9800 1011 6036
17739 16845 173964
212 16897 89664
3591 20720 80334
6331 10506 36935
19627 9104 170101
910 4957 23584
6560 14113 143202
1656 7211 161158
17858 12754 55448
1444 7526 1474
18511 3369 100358
1626 6662 183243
1706 7528 137475
11870 4445 88608
19312 20506 146797
6109 4070 60787
18810 19002 182921
7342 18566 175017
10788 3346 164161
19048 15100 117508
18002 1964 95509
9211 1281 21987
8742 726 93295
16094 18814 120976
7207 265 33367
919 3198 119012
16433 11410 37824
2123 653 135980
17142 16916 99473
20378 10912 88194
15455 17627 138251
14210 15964 2471
14366 20502 82660
5085 9185 143393
5083 18410 180916
4802 2955 172665
8569 14785 125914
8820 14838 98435
18501 16361 72324
5230 16887 105766
18657 15387 176691
17207 17425 149636
3117 5907 11509
19286 9172 735
156 16705 123100
5306 19822 101937
9514 8223 183698
14493 6075 1537
6266 20229 88240
14426 4128 43708
10998 14325 136988
10917 2303 98494
10407 11543 90791
4292 7062 11664
20118 13734 170855
11780 20157 123673
3739 2771 103626
589 266 27473
8379 17227 96849
6694 15060 104047
20452 6177 193523
20612 8554 40385
18192 15828 195464
19014 15491 29792
5247 9164 32679
16783 4940 70866
14504 7700 38614
3551 12401 188898
17176 15440 83924
12060 10621 191434
13221 15132 94508
12477 11548 143486
6410 15733 43933
13555 8301 137499
7046 16562 165423
5317 1891 107331
2298 1803 124998
6814 19779 19741
5655 9286 168910
13625 8309 27426
8789 9023 69122
15583 2705 99677
10500 8607 197192
18924 7885 35767
622 2420 553
11790 5350 46435
12753 8459 98673
5102 12837 153338
16975 18894 6149
15953 20088 64834
15518 11592 57994
6342 11558 194961
15080 19705 72282
20167 18647 41985
19291 20386 39541
8145 1427 148635
4957 2311 99052
7967 19775 59916
15041 19983 191300
12872 5432 34160
7927 7477 148428
13381 15868 121241
19423 15714 171543
8816 12998 170051
2192 8485 102645
18077 8650 158801
13255 7313 119291
13600 16776 50331
5654 3512 185181
51 5561 57185
7092 3620 91286
16718 20058 111957
1918 5710 150624
10156 13446 97021
10008 9644 42718
19572 14969 28513
11719 9850 126493
12330 18371 103534
19949 7096 59036
15638 12555 130471
615 5178 147605
6078 11219 19967
7811 1075 64357
11517 16798 110070
20218 8193 177875
10979 4703 113407
10907 7405 91652
4884 4186 153842
12750 16839 8002
11344 19228 46782
19198 14015 3032
2599 6801 68567
1585 19313 26617
7048 18023 143524
10861 14664 95507
16857 850 193115
14936 858 114010
17023 15825 134168
9413 3155 89586
6849 15827 99911
17143 16787 41928
11707 5968 158301
11537 11305 100407
18210 10040 1341
7101 10535 169208
11934 19346 186984
1163 13308 56007
75 5541 194871
4130 6196 4481
13334 3380 139279
15590 2196 145368
1580 16030 67653
10502 7794 119089
6081 8149 151534
11182 17249 73456
14969 12795 127515
18548 9857 142528
9965 5998 46585
10717 17487 11991
8939 4950 85708
16617 18507 160009
19041 14874 119122
14506 19241 67159
4451 19676 148773
4927 522 24518
13076 19718 11180
10199 513 82824
16073 20095 62284
14313 13520 101035
5805 16120 198036
282 6462 185885
6144 15478 90988
617 3300 118764
19455 2385 188130
11748 4763 123458
17013 11924 102319
8943 10542 112054
13674 13465 4304
9950 7892 159162
19008 2698 149429
2526 12527 60345
13086 10971 103466
826 6542 49118
9580 733 80851
2953 2875 41572
7349 16127 146248
10112 3007 133575
13490 18681 179091
7039 3573 188856
134 17765 60098
10482 484 143103
8188 19471 64125
10043 14160 108607
1090 20338 104423
14751 12268 102841
525 13209 36620
5379 18349 35363
2782 15245 162398
15203 10438 186252
2456 5951 58298
15357 23 178370
2912 2168 22348
19465 8319 67721
4578 2899 119267
515 18683 47724
20557 17625 54064
371 4038 129867
16009 9638 63587
13156 6016 18711
9709 3076 103027
5631 1485 90065
11380 12804 94763
19149 17967 194582
19234 20334 90374
16289 595 1274
10555 16795 93808
18848 9727 139205
8952 4366 34555
9243 5467 150796
10834 6716 48570
3218 15762 37969
12521 10756 148110
10178 17715 176474
12380 2087 119093
2299 9337 114019
1289 15610 95075
2754 2535 162145
9224 9218 149425
8357 3018 4010
9477 17772 19181
10385 17706 127561
10843 12078 70979
17882 16874 160078
20310 15407 84097
11880 7825 147805
3829 9385 107188
4669 5106 118451
190 19458 180225
20634 9801 45862
1444 12290 141984
2643 16357 137284
3913 9871 159869
5369 11878 12493
8031 15420 59690
18233 19119 189933
1010 18441 22083
18373 7077 193093
125 5764 158487
4813 7174 17112
5281 4094 42202
11776 2788 184198
17296 6096 23660
17688 5872 10324
13923 16081 143198
12408 14047 23465
10530 10828 155416
9682 920 126030
11583 5631 48806
8146 1284 169438
488 12282 73668
9357 4405 3669
662 5639 114662
20286 10597 159409
15363 17187 61390
3816 10543 24926
8295 3228 31426
4608 18717 638
2276 11552 123635
16409 12 25121
4708 12949 168132
8150 10524 52871
3101 8836 170768
17445 9200 133935
18536 20095 35215
4556 10988 140727
5033 12538 94351
3251 10226 198927
8512 15313 187672
11077 7736 161083
7133 1368 70878
9672 17236 10406
8506 12281 71594
2977 1861 191127
9372 20168 152927
6443 6609 39697
15458 17235 132847
16733 12209 175643
11807 7877 40710
18004 8479 127669
2525 1457 162520
11772 7731 32095
11549 12869 4989
1332 1293 111098
2795 12588 91020
18334 20716 138747
11065 9882 55122
10304 325 104200
2294 12700 42926
2461 2457 104029
13478 9270 40649
438 4010 64096
10372 18629 53819
14946 16865 161638
7985 20242 11309
20350 7298 125680
8694 5 162821
8730 1306 49833
16868 464 81444
16284 15787 16212
11931 12794 55531
8993 139 51245
7897 19944 106602
17306 2277 153236
18478 19205 194402
15294 12118 70807
13604 12942 100827
7381 18184 3872
18091 15398 102390
6653 10904 130581
8293 12997 111953
5160 18123 26285
5179 13724 137580
12230 8502 155869
2970 19413 187111
12996 20613 105761
16276 3783 66224
7223 13651 26293
10003 15938 59202
7838 2065 175123
13764 20223 108793
2425 1824 22677
17161 17987 26159
3102 18975 91609
19385 6073 3829
4840 18614 198517
10309 12109 133147
19765 9091 56443
12373 13525 183851
13403 4633 114303
13383 2032 76169
19052 13839 108962
6457 17806 113588
17014 7221 147838
7928 15574 72845
12332 20104 100409
5976 2295 122235
19822 12163 33321
10842 6151 9926
13461 2774 80538
16369 17344 28552
10925 5779 61968
5368 10805 15381
14561 8724 57869
12119 2428 134625
4575 20444 144256
5925 1869 156923
8972 10782 75527
3261 525 177939
14610 13246 38150
2993 19543 184774
7093 6327 96267
14238 14667 86557
1688 8831 139085
1510 38 15939
7488 13506 188547
18892 12568 132046
3175 13399 76231
19772 7763 153132
12779 3966 180494
15689 8017 61412
20578 3504 73039
15358 17923 192648
11748 5504 36290
20147 4447 84130
15301 10191 50654
9034 13013 129822
3800 5321 56139
8892 19940 16263
106 19834 87463
15657 19349 34976
7161 13525 108644
1160 11339 125658
63 9781 56916
16939 11231 143638
18308 3765 181553
2929 808 175954
2143 11005 101111
10838 11889 117165
1374 2687 185529
541 13113 86702
15546 6364 47341
1038 4128 126048
3712 20337 9680
14470 12519 63438
11718 8217 174943
16014 1338 196679
1070 12096 34076
3142 1 128780
8503 17148 185223
2561 7368 178089
19700 6000 108344
6287 16222 128000
15634 13534 37927
16859 3328 34269
3421 17059 135850
7029 17265 60812
7971 12192 189189
18699 16755 60628
2572 16865 9620
7229 13046 140220
9546 11109 85813
18953 13857 48316
8719 123 16141
6432 19742 121480
11087 17023 137201
6698 1433 93622
30 14983 42404
12616 17807 104690
20684 6749 142769
9444 19947 181358
18479 3976 37388
5777 19206 183676
18338 3900 6027
16318 9555 126381
18875 17337 120992
5843 14638 79034
6568 1876 124343
4507 14086 117709
16269 19780 176065
7358 15291 40861
8011 15897 93054
8069 5180 139915
2538 7873 132550
19727 5545 153973
7771 449 16556
12658 4390 113669
12756 17873 67064
12750 4812 47147
1378 17237 92972
20343 16604 101214
18613 11294 197987
16953 2918 71005
11029 8864 179987
7068 9001 191300
19857 20094 10320
16614 13175 127789
8010 6267 161327
13503 6495 20972
12988 7120 162770
19870 262 122544
18986 13028 73984
7565 7507 14981
880 14859 166605
14665 65 108335
3191 2065 179627
13119 2031 136818
17800 62 99723
6315 20668 31490
18357 12036 84524
16459 2562 129793
11217 5580 109219
506 10035 63298
14124 8867 19604
597 4383 10687
1903 19246 73126
2527 677 86141
19130 8194 196528
16590 18849 94137
6090 13953 93232
11611 12387 184355
9373 4126 110022
12881 7013 116636
6298 15857 158659
13320 5808 67974
5881 7696 2896
6148 8814 98369
6613 20652 69524
8501 15449 72899
16216 5679 183137
20280 10471 61815
16977 12523 13083
18163 13129 162693
11639 878 70440
5612 15208 54163
5172 13515 155969
2961 9793 117762
11349 5203 86425
18192 7965 162114
2941 4715 190457
18703 1844 67707
6859 20178 174311
17728 17640 70602
8142 17055 180885
10073 552 76308
6789 6047 101026
4839 19042 4226
10108 17956 71066
1947 8647 176041
16217 8871 148215
15865 18915 62165
18688 18580 143169
12704 3221 175065
2541 19710 151369
11627 15084 184149
6168 15315 83327
15981 19692 181212
12271 2039 148952
16147 16329 65904
8836 9907 92061
11468 794 162523
3104 40 44661
1026 7489 107475
11315 1760 54070
323 16762 48712
870 3297 197362
14039 9416 28799
8126 18173 12702
6580 353 74950
4271 17270 183519
8495 5517 38551
10553 18708 81193
6007 14309 92271
18784 1673 57767
5522 9948 73762
11379 2690 74884
10848 8691 108847
7279 1441 152497
4143 11886 51443
7214 19796 133096
8169 8014 142910
18936 7780 30277
19779 480 149422
13253 13116 8790
13068 12895 68768
924 12542 64256
12323 19320 158035
11774 17852 177575
3784 17907 32103
1681 15147 115759
18593 11898 157274
5347 17726 103715
5734 5403 165016
20659 19336 89376
8116 1796 32503
13243 16600 93567
8861 5455 25299
13294 1651 136342
11602 8612 1175
19702 13503 41015
10968 4656 119323
10629 8052 48193
5165 3878 91741
3628 14598 156775
7972 6703 112379
15715 14517 192654
927 9533 41797
10050 3491 66253
6265 20483 153802
8931 19106 145650
8384 9108 74156
5876 9173 158315
13788 14410 144606
19678 16393 26596
18817 12185 45448
11550 6997 86598
10296 9054 7604
20456 16528 43816
20091 15231 77131
3124 18947 140328
16103 17208 162252
7195 16948 75220
18309 5401 35522
15150 8530 35230
4137 20447 102921
9097 5557 153162
3462 2204 197322
15356 9657 153595
7737 4022 35122
9233 1413 63327
1617 11426 83417
10953 11119 3412
19785 9789 128395
11229 10684 65373
11154 19063 89069
11739 20211 153592
16311 16988 31241
16082 5162 110291
294 11314 43195
15445 18307 154749
2400 3027 26739
12967 16433 1985
16684 8233 11522
14068 18081 132172
3078 9949 51169
8852 9482 106843
8577 9116 46702
16305 10783 155012
12273 6544 29287
16609 7514 132937
20687 742 177633
6939 4655 120929
5071 3983 103125
17243 9764 109462
7963 17144 177673
19874 2200 161341
15325 4881 109483
7192 19190 13318
7664 9498 144677
12895 18203 170830
16784 16847 23870
4490 10758 5298
19098 14470 166942
16408 6736 28103
14671 15443 120083
4999 5954 171175
1563 20307 19808
20644 4525 117210
9889 8282 40587
18088 13637 138758
13607 16268 39984
19737 3986 108451
19084 15100 180840
10993 12496 56553
3805 12964 112367
2023 12893 117802
20029 17429 14841
146 12173 150484
11013 9302 166803
6139 4435 67266
6179 12833 13326
5082 1755 6004
12043 8938 64792
7322 10518 151715
7607 6585 10314
16564 14710 78070
12510 8745 74935
15710 18767 190217
1741 2367 141247
11643 14053 147381
18710 14827 189752
15951 19 22629
18451 13837 129220
8520 2670 65826
13003 13160 38008
10831 3062 51889
6390 19100 107094
16205 20501 44965
7860 11360 128154
8331 15045 173599
6386 2263 146099
8763 8228 17247
17336 16008 35890
7182 16095 173969
15456 10857 100598
10828 3178 130080
19415 6572 69111
327 6618 76519
3436 20323 51403
3890 20521 193710
19343 17215 66868
17090 14312 151887
16264 19918 165650
13910 2740 45229
17169 14486 36780
11115 20105 44835
18047 19784 101264
20550 6895 155598
13175 13145 125695
6357 2013 48564
18152 18505 153706
11272 850 154735
20681 14984 6101
6221 13132 20909
5858 586 36751
19526 18110 98218
14617 13265 51001
5690 15086 40453
12806 12512 145901
20480 12561 134176
9081 4638 149028
5238 10940 28653
19109 5049 21073
5945 9651 3090
15372 3294 74132
692 15474 166503
19161 674 193684
5181 15419 32368
5391 11166 154737
3735 10562 97752
8556 1392 18857
169 838 42944
19958 8531 147537
10400 17019 53459
15922 20285 194760
19738 11422 39316
15953 10921 122045
19775 13187 53144
6382 4516 55722
406 15305 118920
1574 11160 150795
3572 17745 36156
6417 6670 105893
19544 19076 67088
1852 1542 143215
18752 15017 4107
6169 18848 86884
19516 10239 119194
16456 14216 95771
18397 868 6634
3279 8283 195492
2534 11696 129144
16066 10229 143738
15997 16703 124055
14005 15474 65303
3568 3309 101204
18592 12792 14672
12528 173 75075
20662 18178 4733
4589 9485 129350
1820 16137 37493
17426 11101 174560
3489 4604 78797
17382 4739 116624
13863 2940 81750
19750 1099 33585
20533 5477 130582
18253 19153 189526
2168 1349 101764
6778 839 141650
1418 16243 174393
14217 3659 170622
18254 8362 91158
20672 7324 46545
14346 13984 146916
3555 20490 44271
17592 3443 169791
19599 16972 150816
1848 11770 21881
13988 14741 71268
1993 5331 38739
9503 17413 164708
19359 16057 32131
17754 13319 188186
2496 11295 137941
17438 12879 173920
12875 4900 189631
7364 4312 170619
4515 5940 102560
4912 52 106633
10515 15199 44941
5691 979 63629
10659 20302 128977
15586 8688 104240
4077 19945 63061
526 6128 121346
16219 2108 72058
14240 14254 164112
14644 9430 75729
11610 5009 145373
3461 7356 37325
13476 20162 130664
15722 8987 84614
14787 17367 78181
3410 9724 97818
6833 14162 176813
8915 4509 77696
13387 4984 166922
7979 20557 52632
15717 16591 90597
18031 16498 102263
4966 19068 38758
5718 6173 162877
18187 17618 32802
13070 18285 170735
3757 4293 80797
1845 17552 110513
11084 10936 58095
18893 8684 96306
18123 10612 166736
19890 14769 180477
10566 13711 34496
759 17365 16954
1949 13816 58523
9848 14424 186234
5029 13483 71819
16489 809 139129
13965 722 59341
9650 5120 76315
508 20266 62905
3449 15360 84879
8151 9470 93427
3632 1065 104743
16328 15790 19743
17556 3418 197387
7855 15826 25593
11975 3990 80022
5196 15670 34108
12841 2964 122912
14538 19701 86146
10570 11749 2437
18542 16128 43222
14446 17881 137649
16522 42 187237
16381 11586 101112
25 17127 163402
16497 20139 32911
5021 12254 81575
6948 20175 179949
799 12932 185079
3424 13395 15283
8308 20325 151760
15688 889 192084
19015 12871 33139
13637 593 30558
17592 14654 186682
5827 3696 69672
6302 16142 129512
20207 5392 65126
13461 7449 19508
4384 3283 39927
4404 2625 163505
19941 2775 184615
10384 4570 129423
3540 9567 18911
6963 11665 67996
10898 12779 4359
17191 10059 132562
14819 7799 49522
11365 12049 45112
13468 17629 192690
8670 2933 34030
4196 328 111371
9655 7002 32875
6195 17788 57599
11584 18922 16961
11758 3588 63803
1000 9903 196007
928 4986 83546
10536 1291 194950
19646 7786 73522
11476 18847 68656
14192 15249 166483
5168 8985 48082
5098 17657 62522
1858 20206 65643
10733 4336 20974
20306 19855 834
12965 19935 102942
5028 5598 101133
15153 15642 195167
4475 10778 47385
11481 20473 44073
10378 14891 198793
3465 1207 191239
4419 20688 148308
17507 8246 115817
2200 12811 42103
12663 989 188830
2744 9894 170689
18381 17598 60057
12413 9124 34514
13720 19053 149506
18133 9612 197508
19328 12376 45026
19488 19821 180386
13038 4664 1405
10545 642 83403
5149 1744 104788
8009 3252 151453
548 17488 155809
18448 16401 42823
13365 18206 193328
7045 7448 2829
16195 313 66853
11371 855 158013
5726 20209 191800
18678 18129 178874
17861 13843 135953
5400 8486 145292
10345 7458 103841
5279 17435 166286
17537 6744 151622
5738 20549 172038
14195 14444 32040
7174 15041 168417
10845 17521 4952
1489 14624 173546
9086 3685 179239
20657 7311 9198
8632 4045 109338
18119 2186 85979
3785 8200 129886
6376 9690 195418
12597 14085 27668
12453 7933 161210
9104 11697 161780
17647 15851 31369
6950 20326 40533
20113 19124 62845
19991 15213 62978
18724 6973 168596
3149 11572 21951
12042 8242 88520
17975 7441 119467
7497 224 142390
14595 17723 64177
17789 15907 154006
20300 942 115283
16890 19821 19452
10630 20400 110763
7151 1615 152752
3985 13432 38966
15476 649 89286
14010 11309 130154
5394 6140 166295
162 401 152186
740 12694 13609
19032 10004 123381
4580 4366 197802
1442 19690 98859
3168 19003 181786
6282 244 41524
5133 2663 156478
15796 17717 114197
9883 9592 27074
11206 4345 84082
18057 7280 65564
19707 3188 129876
13167 17799 182672
5003 1523 171847
7783 15417 114760
12583 4175 58689
10636 16982 161056
9296 4380 82997
14263 994 107847
16869 120 85569
12990 3105 41110
6399 7629 37312
12251 9103 117166
18389 12272 151463
14198 7470 162487
16510 6522 99957
4712 10252 13566
18982 19865 37082
20718 1691 31242
3885 9025 39115
4776 9405 32631
10149 15721 160512
1800 265 189409
9222 15816 35846
2315 14518 16484
11043 19202 119732
3791 5657 132813
17529 19995 73873
16570 9207 69892
10136 11460 152504
5822 18791 142286
5053 7808 126079
12414 8015 98815
479 7976 104300
5978 15919 82621
716 10719 99764
16901 5800 4388
6995 19607 79363
14385 20596 111204
9799 16839 36850
5091 14043 135712
11446 10980 108902
19943 6202 127533
1744 10198 48432
19177 8716 42533
19875 229 182460
14226 15386 84663
10338 16812 61162
11007 15165 33558
4412 6637 120535
4770 13324 152458
12630 12034 166858
11188 20397 122553
13996 1211 142495
5925 9616 141239
10779 12509 136347
7180 6695 97851
12132 12028 152007
3796 9603 62203
10976 12636 41818
1059 6246 65436
19081 11492 121366
16176 16298 182478
12898 16616 70544
3411 13248 148756
2138 13424 53420
13682 485 14972
1523 5239 55191
4062 9437 98320
2035 10611 54021
17844 771 187632
14679 9636 18206
4568 17576 9758
10593 9148 81901
9963 1452 141569
7806 12680 49158
12708 18821 161370
14546 19143 193574
17330 3678 37022
3852 7385 170803
330 2552 103622
8412 7870 31802
13664 15234 118834
18524 1689 89596
14480 18137 150656
3716 3270 141387
17922 16055 80775
20115 19206 101128
3992 12419 99558
19441 2136 140489
19720 8615 169246
19583 16680 58499
2819 14865 15330
13000 16297 44804
19392 15489 189293
6723 14843 193484
3066 10578 118195
16867 823 150708
963 2910 81840
4809 20081 91053
16599 1864 31082
20018 15023 86402
3797 16243 8851
8106 14593 158632
9819 18983 23614
3506 4274 161803
13392 17184 66412
1117 9666 94388
15082 2807 166706
10060 15436 102662
4647 4241 84145
4032 18284 86166
5219 317 5058
15652 13054 147631
12954 14992 113212
20099 4742 113807
8688 7801 171710
16227 14353 61682
14773 9659 10866
5293 14882 133699
7734 16230 110973
20660 10262 73958
1765 9073 89312
5796 13871 163542
15151 9745 151736
8321 6846 84886
10433 5377 183073
10642 4309 157081
16155 10362 189044
15616 4730 179463
7854 4076 123828
12599 17744 37481
19061 5115 47642
5266 17157 7221
14400 6584 109171
12485 13261 120916
194 6055 134338
3123 17702 137027
11018 2689 112676
13141 15228 96879
12081 7108 17575
15810 3065 41054
13222 2656 110251
1436 4614 67708
20038 7267 70060
6291 4000 116249
9207 7995 100041
8447 6507 81686
10308 9262 39657
12257 4992 72779
4247 10293 80177
8090 1838 101198
9900 8335 197784
1662 14525 190914
6290 17939 40762
3526 15351 82876
18058 5939 106854
1518 9979 115170
9174 4089 39267
19439 3926 182285
11702 8817 9319
16829 8553 180354
18506 19145 2814
549 10769 127806
3323 10714 70008
16382 18558 108124
20559 8541 43169
2686 9679 128584
13292 738 176303
17677 8921 176871
12090 18638 31045
8079 3490 195654
4678 10665 125744
14378 12264 8534
13747 11901 132927
10837 18849 103182
20603 894 139660
7084 18627 133091
8463 19518 47738
16936 10742 92018
15057 4894 189087
18601 16191 8582
13530 9676 138013
13966 13763 84770
4416 16435 83104
16734 9231 93743
15087 13124 156672
8049 4391 32354
6535 9957 125407
4356 6120 156090
19817 6071 54809
5040 5382 21759
2708 12102 164897
4089 950 41739
18058 1170 99154
3343 16631 48566
15956 20078 111226
13626 20550 27260
3162 11068 184771
15406 11217 84317
7851 16521 27505
17481 10810 178108
20433 3291 139672
8890 8498 89551
19689 8238 34882
13157 6790 85558
18993 3354 63240
1995 2269 161091
4179 14191 76913
12346 5648 70516
9260 7208 15252
16730 2237 181132
10942 16085 136885
10466 12963 87939
18578 4600 68427
1846 18825 27340
3870 8430 161074
18056 13939 69194
2883 14739 89673
20379 17828 171880
19035 19082 171564
6746 4411 118923
9064 15593 134332
7006 3739 94542
13061 8907 105748
11818 17962 23950
9081 582 51846
2989 3954 108862
2308 16137 129089
15012 7989 31949
5937 1932 60764
19131 12398 69163
11620 163 164206
13413 8453 52509
12021 5813 114975
20350 20542 59011
3106 17717 140225
6147 20446 7263
2704 14818 122684
12877 1955 69623
5258 6864 101743
9003 9838 25669
17580 2297 36946
16108 3348 29016
18859 12632 135512
2717 14493 147273
10717 11343 183812
18045 19267 72285
13235 18228 143597
8058 12392 167132
2587 16489 81457
2573 8886 194275
15623 14780 91292
2937 9639 134897
4648 97 5022
20619 1462 147593
16603 2041 21864
15082 5558 160665
218 1450 181532
2365 14020 86930
8311 150 70138
20330 14951 187758
2885 8461 66571
14724 5057 180328
6946 13667 118090
3841 19158 55887
17895 5608 103575
2309 11738 100407
14290 9833 48145
4685 11630 146606
6685 13502 24836
3278 17077 50635
5528 14942 93259
7109 14311 168773
18013 15965 34324
12637 19789 14244
5482 3697 36975
220 10176 180665
1714 12074 56261
4766 19221 133344
7934 12631 70585
3966 11719 62741
13648 930 44734
14980 20451 186232
4042 6865 193997
9434 659 89891
8035 3445 142607
18190 11924 85113
7500 3617 70255
2206 15524 157729
19104 11770 62482
12458 12391 10133
14733 18705 1695
8711 3753 109658
9568 16191 168493
6329 14900 182121
5219 20567 34143
13419 17912 143511
6327 20690 113540
18026 9978 125408
249 5070 36817
496 2248 104352
20011 5158 70694
13657 799 171786
19275 13884 18878
11619 317 91295
15547 20250 144856
12076 311 176362
6667 8748 60194
8908 2186 162657
11574 20667 46726
12541 3858 113097
2216 5490 183882
666 9775 40714
8593 3533 68356
2839 17313 74283
8153 6882 139580
6761 7326 128966
8756 6563 73085
3941 20320 20243
12575 8515 190845
19518 4630 26781
6346 6663 169350
4485 8128 153405
17137 3159 76923
18569 14892 142160
17782 12859 115534
1162 8692 37978
10525 12517 160170
10710 7463 58829
8681 1358 40378
18839 18899 9356
15477 8219 33673
11959 14682 189690
12198 1192 102975
5727 20280 199771
17919 15932 190377
793 16348 23891
14222 13933 27995
13620 2997 91404
7259 4480 171217
9412 6478 116741
18143 13310 8012
7744 14137 47410
1723 18513 4371
9141 6722 51436
20452 15000 118999
7557 4349 160306
6375 14404 99379
20547 2588 182435
12125 12940 6777
19093 2323 17905
20425 2707 5870
2867 18893 44475
5121 10841 50677
20560 10307 168872
8917 20376 76901
9993 4937 66765
14459 19151 18497
13334 18755 186325
20034 8279 162902
12432 9369 2572
14435 97 110595
18526 15821 46928
10537 12282 65328
19625 8883 117416
15303 847 127517
2114 1578 116268
17900 210 52892
7542 12275 89517
15324 20675 114615
6900 7988 189270
7671 5506 194925
20495 15333 61198
17581 20361 78389
7726 6029 6210
20595 12939 151467
12752 9253 20266
896 3001 153196
20256 8101 169760
13122 437 191371
3904 10469 74770
1342 361 193982
6614 2340 96802
13761 767 79401
13653 9226 16233
7899 1555 13173
14881 13380 37973
14737 280 161057
19614 6967 63881
9822 14356 109897
7833 11348 93644
5817 382 97752
8258 8396 120680
2855 4699 30634
14087 14454 86227
12472 5775 163836
15894 8627 11502
12393 10000 23221
18499 17003 112407
7902 912 99620
10098 14078 157196
15166 6664 58618
19310 20541 157460
14552 1367 78495
12831 2756 171925
8405 18704 161784
19804 19155 114983
2075 16620 176443
841 7361 846
17542 17767 195170
2915 9901 53743
11052 4092 46531
921 1379 196896
5977 18571 115863
2724 1960 88127
5887 17560 7910
20183 20547 73023
10137 12572 195234
16734 1277 45246
16188 7055 178061
17945 4474 71915
9883 3654 22140
19185 15297 26218
4489 13913 60539
3350 7968 82615
7933 12930 91954
16763 2312 3537
12515 4866 49500
7345 20217 68133
18423 2580 85732
20512 18929 56827
12887 2297 111369
8277 7701 141173
12016 7670 78011
11704 6864 132732
4927 10872 35190
8389 5156 175904
15397 19583 98511
4589 2408 34965
10960 5716 56683
982 3045 165800
3051 1242 24213
15871 18094 163589
7460 17017 113127
14735 5814 173520
2298 6423 9366
13495 14675 71841
18726 6258 108971
20380 8063 3495
334 19803 61866
4206 20523 115267
10221 4059 92056
2815 8506 112203
9942 13161 145449
19707 1877 470
5107 6533 125142
11787 18593 153129
8304 15871 171221
12956 20594 154604
19790 13429 19245
12069 16455 178998
11710 5052 60725
13886 12683 9782
19391 18305 128354
18399 15358 52694
9059 365 198967
13031 15536 31631
4245 9706 187972
634 19960 195614
7189 10102 33272
539 6239 168059
12602 17323 73580
7382 2346 169589
17882 669 157821
19180 6984 38961
8546 14875 30174
11761 3359 13570
20421 3857 137128
16141 6764 124988
10351 14308 151188
17715 14770 159250
1646 3788 168018
18041 927 53502
7258 11734 45982
9868 4113 100623
19696 1304 185476
13203 14787 62557
9392 12935 103231
4156 3458 169973
3870 17500 161408
20518 15983 160384
710 8444 179035
14530 3085 74849
4906 7327 174106
17242 12392 185205
4266 1191 13943
9027 7647 65970
5933 10203 22467
12865 6728 103527
14802 14398 61907
8136 9247 186929
1670 8818 197350
7012 7473 166932
7053 18033 15443
931 2813 64919
8139 675 182330
19404 3244 18157
16941 2443 114322
20339 14707 118123
18785 7040 189331
10459 8482 135524
18833 3599 170635
7013 18163 75747
16959 12712 130805
18699 19358 186407
20185 8525 91685
19638 116 148549
427 3121 128444
14126 16131 3699
10855 11117 193364
93 8622 175999
11425 12085 30738
5038 8512 167487
8456 1794 109012
10921 5892 188589
9061 16011 140629
14384 17785 75311
8380 13756 62611
5952 10608 140150
16863 7124 1414
19805 20437 73012
1221 17205 74280
7209 19536 58840
10918 9260 25920
10824 18971 177932
2264 6816 176287
7098 15354 117591
14649 16883 141213
12416 15200 38434
19524 4736 120004
667 3982 95192
12573 16605 186479
5007 5276 51950
5087 1589 77023
2758 19350 45372
17538 12855 1599
19169 266 184889
20187 3300 43141
9182 6411 134312
10403 11279 16075
17183 15944 186592
2774 12380 60448
194 17294 107937
2478 8526 3176
1804 4946 30838
19974 1460 38987
12105 7040 189617
18310 18209 78657
19162 8047 195742
17740 8225 62061
5315 11466 150406
17470 5204 178285
16000 19158 53606
18488 5660 102135
9620 9094 170128
6983 9968 72228
11388 13391 80356
6581 10026 94635
18632 8558 116827
10153 8575 67147
10430 11177 89934
14741 10139 54432
18931 1769 8740
16261 12116 157515
14602 17152 55662
16320 14451 114706
18124 6486 25908
17743 11081 112674
3050 7197 30350
3335 10865 128726
5164 4456 94237
20239 19776 37930
10181 7807 125570
12718 12406 73238
15744 7667 7625
5186 19988 55680
3527 16986 174151
13434 12696 158846
1443 10355 76599
4464 18083 129049
9277 11672 174464
2345 13003 88652
7279 4420 75466
3923 12762 163899
18490 9002 163639
7258 6536 76162
20252 2788 22551
14916 176 67565
8424 14067 77747
13648 5793 16036
1908 17653 52120
20146 14505 126984
7641 10164 101939
3486 1704 177010
10213 13826 29574
12458 5681 98968
17412 14133 111511
12897 698 52375
706 14227 149779
6149 4729 167027
14202 12580 149962
8349 16142 15545
936 315 77745
7151 167 16494
13572 7173 150825
14931 17866 139341
8728 20346 150265
9409 20219 107695
9909 7319 149605
7706 4682 88625
20555 6084 94288
19533 9299 6448
16739 3002 174501
2105 16954 160670
16723 11943 117598
3252 18391 164685
11572 16952 190590
1931 216 113747
12069 2678 68739
5537 3846 65759
7285 3270 7526
19296 2700 61773
16378 10055 88210
10447 12354 56966
17789 17868 198988
13621 5573 192627
378 13908 149193
4382 16265 77487
11377 11759 13074
4431 1087 179889
5603 8765 93297
8203 9669 58609
17233 7779 160840
19071 15674 139793
3170 798 198122
13747 7224 116098
19360 5991 95389
104 15991 139685
6802 7595 109529
14306 19540 29842
1214 18689 180097
8656 1949 136856
9665 19838 110584
10671 10373 20084
15085 17323 39323
1945 12239 145854
12406 20504 24426
7303 12617 118791
2644 17524 32950
10186 4142 190765
9801 2995 174597
20157 19364 24233
2068 1266 132519
2038 20469 124697
17874 4000 190692
10264 1032 72115
8876 4102 69018
214 13351 81082
6558 3232 161420
17067 10171 172425
3843 5905 60121
17816 8966 53982
1234 2444 132675
1955 6101 169631
13052 17611 32072
17849 14050 115241
16078 3152 149774
12896 15578 192084
242 16452 78068
20371 7499 112605
7023 18402 161668
1157 13409 182024
13647 9445 170179
10086 18156 79076
17755 2750 101888
2952 18314 62942
10051 389 109257
9584 15704 38132
13997 16411 45027
5437 2119 141592
3592 1365 156886
523 6100 163650
9076 12759 51008
18278 4820 63464
17647 8644 94673
11679 7319 154484
3186 8951 77021
7095 2738 85340
6525 3352 123615
2521 1124 119229
761 1143 170693
17145 11916 90022
10192 11285 13559
20360 10572 79230
2531 11337 146284
12916 2194 35435
5541 19734 114343
5685 15736 49390
12679 10512 11996
2505 19836 183262
1520 15502 142297
11454 14967 10694
16859 625 178126
7997 8490 9599
2578 1250 68644
1823 11456 141892
16969 14604 127542
9436 9048 127872
10959 15551 26938
18380 11348 25451
983 13066 152180
18711 17879 123618
5595 12425 101401
6826 18467 90742
6245 9732 135976
10721 18605 133992
9605 16840 45714
16233 12046 128267
13374 19212 84171
10499 15383 16773
16532 270 24354
7165 14492 169828
11228 8425 66027
16479 12977 143633
13105 734 69855
9210 6206 28152
16197 18230 91592
9967 3049 122281
16274 7599 17614
6053 7409 118650
11146 8401 73446
12857 19969 135021
19418 2503 7121
5482 9171 157772
10056 10340 51523
13391 7148 144213
7822 15417 22628
20449 5746 148674
7191 12093 118503
5313 17864 25205
15021 7614 153350
9121 20620 73802
3144 20495 122928
12138 8311 180574
2966 7394 187077
10606 18129 109033
548 12849 1439
11161 3575 73555
19305 4908 62713
1789 9169 150570
5688 6330 185804
1376 8498 101079
831 14345 98699
13375 1061 102947
16899 18755 99659
1434 6175 29713
14687 11927 89842
14803 4019 12530
11174 20484 49787
4824 7064 29164
10282 15414 41114
4133 6328 63213
11690 15428 181107
10918 11556 176189
19163 5046 84277
442 6751 15330
16287 8051 57023
15118 2446 82460
7035 2281 81858
11943 3126 23184
20196 14358 34961
1500 11495 100092
486 10421 15819
6325 16866 142013
8907 668 81742
15997 12245 184768
12191 16850 157231
13561 17992 32169
10549 19422 150705
16419 258 159971
19965 678 1291
3991 5220 110198
12437 7204 187771
6639 236 163511
14523 18818 12126
10653 6592 31095
10853 162 36996
12080 9365 183360
7914 17704 196554
15655 11033 48445
14096 11404 151489
8649 9187 178450
8213 14758 174304
13237 13444 166462
5407 4417 92513
10704 18043 156734
8662 10880 90284
5739 14929 163560
13856 1184 110825
8537 17718 128182
14629 121 57287
18113 16196 147544
20134 17709 165422
7582 8146 48346
7814 13019 112993
1136 13681 189649
12589 18545 152728
19701 10863 130805
5410 13130 167660
6608 7525 50665
13654 11038 62595
9902 17931 198617
18193 19680 151880
466 3713 13630
6437 20575 138407
1504 16164 24409
270 10693 116704
6045 2161 123314
16203 8218 89607
7252 3851 55539
15505 4917 21212
5531 3044 30976
5361 2984 5038
10429 19302 124920
11568 5068 9957
14658 10437 173870
10015 13176 1938
5610 1596 36274
138 986 60793
17474 5345 99565
20132 11688 74670
14952 589 135938
530 18151 142650
8206 1499 102455
9066 8372 120722
15562 11669 131254
16834 13214 36447
6521 13440 88995
15820 9381 64550
16474 17064 64487
5207 72 112
14659 5782 45543
1511 14214 166719
3549 8737 102690
11393 20436 46930
12435 10683 179996
1577 10799 145470
19985 5229 164328
5657 18981 127374
5111 10945 163921
5343 2246 93782
11961 8213 136860
17140 13997 155223
9245 16618 117524
19450 2703 55244
1797 11532 110790
14105 10538 59413
4713 4024 45437
11140 17387 178385
8232 14726 47226
1209 10605 154631
5413 14411 190717
17799 1196 972
13995 9367 13948
2721 13935 77742
7710 16761 30741
395 8977 176890
2304 3553 176817
13627 11714 145944
4231 6904 99385
14123 5891 227
2023 7650 17673
1186 5126 108261
11486 20388 49633
18132 7409 182339
10725 5560 126615
19864 13354 169222
6850 14140 148481
11290 4944 84656
712 8857 118232
11461 1056 143265
16125 8031 73327
10943 1890 164697
14595 3453 143284
12632 6510 21300
15842 5894 21927
14407 1423 102402
534 9924 68039
5215 10924 24478
3973 18208 190384
15860 17370 79499
18796 20563 115309
20293 6816 197989
4745 4386 97279
5729 10765 123157
14209 9249 153713
7620 6923 57465
2104 8521 194469
10163 2199 60268
16035 8485 35961
1106 17375 157680
18061 19051 189201
2693 1118 108837
14884 8475 90132
1078 9985 108621
12339 11093 198433
1672 13665 159849
2151 11528 26603
820 2256 139921
15992 17138 30841
18293 10620 27707
6972 18051 109631
20050 8599 64739
18689 10944 47195
17128 15894 123015
7169 73 158272
9696 625 100111
5592 2892 132121
19939 12550 190298
4985 15651 178667
2633 15055 27147
8575 13189 35336
17698 2213 37402
2126 2672 59882
6245 6337 53627
16557 13595 72146
4039 12389 107849
299 17769 154436
13912 1515 60752
14034 16837 39037
5489 7945 21214
14177 7260 14254
16436 17522 41231
12499 747 171276
13205 11779 40130
16208 12523 101920
5350 5388 108110
2199 11331 43207
19218 20625 30213
11292 18205 135957
555 16776 166358
2022 5522 183025
11892 14273 144989
880 10743 96164
12379 9524 75208
6183 4704 151906
6562 16145 172880
15701 10943 16622
17524 456 164356
14237 15025 106577
12776 7566 80074
8598 18001 63614
12180 16123 158286
3704 81 114032
14167 7280 193745
10159 432 14471
2834 11964 150469
5693 20670 145044
2637 290 92341
11705 2137 99207
20709 1178 162039
6038 6754 64837
293 13032 113422
2348 9262 129659
13864 20420 157115
6049 4801 32945
14625 10071 17294
9879 1969 83816
3950 6907 61011
20676 6610 30898
9463 9820 53057
7369 758 189541
20338 3269 159298
16956 565 19258
192 15435 110932
8901 5005 132331
18838 8513 48816
5503 3667 14035
15794 1399 5828
10272 5340 196522
16801 1150 60463
4724 17652 110783
12207 16588 97403
19361 4030 19597
15413 9862 18054
7578 969 103664
323 11085 40748
16944 5016 182879
20530 16444 87657
6185 14375 152443
16071 16731 14735
9036 6821 64025
11600 15377 142656
17667 5232 160097
2350 1098 76879
4094 1213 124584
7545 4311 18265
9509 8496 139927
9434 11766 85282
6251 4523 37922
17862 342 161399
7498 15441 49320
16647 15966 62134
16654 3556 10132
368 5807 133050
5353 18071 82326
2127 8419 165540
17954 12554 154263
12928 17063 163084
1339 14300 729
14269 13159 166831
18225 13113 33351
5147 1963 182190
168 4476 109458
4225 12846 90124
6021 5673 9132
12715 10080 77159
5757 13538 145504
14015 18687 69220
1491 19652 114174
6949 19351 29395
2290 3578 8230
12448 18896 8412
2632 17036 153406
6636 10519 21481
12502 3011 180574
1564 8775 101769
16643 5216 8275
2482 6644 27666
10364 5056 40247
15183 6446 170153
1827 4630 96422
20241 13474 192148
14429 6738 14470
16500 16364 156195
17825 14297 63901
9988 2149 37915
3830 4923 157242
1603 7150 158316
8991 16051 121157
5233 9173 172559
12394 4888 116409
8570 13377 100334
3093 11112 100868
2814 12105 40937
7017 8918 60723
9890 16694 52638
8596 11095 123570
19557 2614 46047
11133 13714 59391
12571 6866 85946
2544 10740 51584
3812 12337 187590
10762 4665 128507
15235 16211 165054
5860 341 48220
9032 13927 18689
4423 8313 191576
4997 133 60391
12147 13749 123694
7574 1209 88563
19223 4799 147911
14139 2885 39170
4531 9985 110665
6381 11646 22206
4812 19350 49615
13379 13993 138131
1181 7722 18541
11395 20457 33378
16096 2699 85018
145 2987 137154
8956 18436 24753
5377 6610 75659
8368 9651 107410
1633 2934 44223
246 13083 185777
5587 15052 81255
9290 10775 183948
10040 11935 188098
5001 14917 172215
12269 6192 51444
9314 13828 161373
11341 20650 66029
1880 9680 93692
15651 9340 40971
19615 4510 169349
2021 18872 159708
1529 2140 157254
1636 15929 31610
13108 16395 145938
19915 9689 121630
11053 14309 9945
11923 20298 67813
19085 18675 120929
16867 17624 143964
2981 9292 45685
17933 18006 162048
16135 13816 169675
159 14163 45071
16622 8630 62293
7220 8771 52183
1173 17053 176002
18543 11283 126810
16457 7613 193891
7576 4757 178834
4653 19178 187223
12482 4099 165937
12604 7555 108333
8802 230 139505
19784 1582 57839
18520 4122 53553
14061 3984 121561
3893 20141 71712
1914 9534 127955
3277 1253 85576
863 5920 54853
19809 16237 176687
10563 20235 1534
3342 6843 13115
11765 17104 119251
10481 6961 161934
742 18942 185037
6537 17130 70336
10748 6825 86111
2152 7139 28707
14472 3034 175859
1670 12242 41121
2408 12753 186283
6594 3414 79445
10834 1753 72898
8884 8549 190441
15978 16565 160668
11569 9872 134541
12482 11445 154547
19207 11018 165834
13950 1147 113588
18745 11919 81436
14386 9347 205
14049 16132 43974
17293 18841 147098
5912 6247 184321
13992 8587 146341
8269 15200 3482
3341 10422 184068
12129 7659 183447
17422 9751 195970
11604 1469 37730
14500 4270 40672
6435 1308 16877
17218 4495 167587
3689 14236 72287
9904 1876 18187
17515 11918 19029
193 7395 27673
6313 10560 68436
14303 11194 46834
8292 16664 85498
19768 7355 179551
8572 6505 157150
17891 19040 30105
8320 10128 27208
20236 9400 167338
5913 16424 34429
20336 20467 31101
10532 5057 135016
3477 4357 51824
6952 13042 31257
16903 11574 96908
16337 19215 79280
17186 392 66421
14368 3128 2690
17997 10059 16845
3963 13342 169762
14565 2908 114673
9374 12818 45442
5607 14113 188260
5629 8022 22383
6319 8701 111718
16821 7241 38540
5365 6403 29160
1919 8244 85962
15341 20194 17031
4370 6006 42838
8560 20024 90469
15605 10697 9622
4639 16963 190454
4265 12660 73991
13167 13698 174235
9080 15745 128094
8299 937 169618
18171 745 164903
17276 11195 124069
20108 18621 178279
12154 12610 89641
16675 890 114204
11720 9998 315
16919 15786 183860
5348 9374 32402
18766 6301 132411
15983 4167 51801
17614 10548 60642
209 9395 179042
1254 6264 110997
8800 14730 114211
17457 3325 94156
155 13768 71366
2110 15246 166495
5278 14146 162775
18562 2225 49242
8283 11810 157506
3590 17347 103427
806 3801 187160
15254 5257 97183
16967 20049 35692
4689 3404 79366
14313 3541 141467
6585 16649 74736
16115 18576 145950
12221 18497 42313
17545 11044 951
15244 17340 32915
7007 20345 186039
9123 2299 70525
16361 13677 118809
14840 6396 50866
2004 69 171237
11253 12526 109403
14033 10549 5310
9391 10840 26562
14494 10001 153162
15443 13281 73159
11124 7690 174318
2360 965 144900
5956 6621 164390
16333 7608 150507
13058 2158 24073
13470 136 67882
10786 3822 147270
6059 10688 120903
9335 15639 127501
6813 16050 133117
6063 20179 184149
652 14042 106817
17965 12250 180846
14789 16049 108141
15570 5031 110044
17278 17195 154193
2032 19472 3766
15209 1565 66934
9157 7983 185505
8756 8762 113682
5944 19987 154060
1871 20015 176093
3756 11248 156887
10232 6896 151109
3837 20290 92392
14383 13883 178694
14876 11999 6184
8968 17354 131752
13931 18988 80897
15597 1129 103171
664 17213 88263
6588 1767 60284
17095 10919 157268
16020 9323 53720
8450 20152 6954
17307 11012 19426
95 15052 6165
18063 9766 69554
12533 186 62495
166 1312 136777
9749 18393 195867
14322 18474 195438
11647 8922 101242
15104 18939 37956
3228 6547 22175
16612 13623 99451
2441 9874 32109
10540 7571 109065
2358 7608 184532
12082 16176 75825
16912 6555 456
2305 4424 190596
18857 8378 191358
19307 11646 126864
3721 4315 52426
3901 9807 159766
17666 9550 169248
13216 16755 147341
5689 13073 194897
15514 6428 86157
20565 8626 98206
19948 20474 91517
5339 18888 27848
15515 19535 26870
10070 6053 42628
4445 5941 99810
6405 9043 50670
19786 13533 113894
5043 10599 192404
8880 13792 35220
14588 1663 117714
15230 6564 65621
5047 7994 130177
14963 6175 131694
18057 12699 87458
1878 6770 106554
14402 3766 3441
4595 11507 162625
19230 12963 56818
19142 749 28475
15480 3951 98649
12133 7325 58813
2416 11041 87727
13033 12819 34178
3124 14661 41493
17136 4594 180496
14185 20052 52936
13975 6062 152444
4374 3507 113534
13685 12982 9907
4574 4151 32863
19767 5634 158861
3237 15766 88176
11321 12476 68132
5815 836 30081
19848 1885 109601
4914 2320 75186
6563 3548 101013
7906 14978 108526
3247 17304 156377
122 2728 80627
7461 924 36223
13654 3897 50125
18541 3945 124131
9013 4961 156171
4483 4458 149813
10539 19162 85558
730 17980 13568
10202 4504 140896
2992 11393 137246
5563 11066 30451
57 6645 92717
20080 9664 144653
7692 11429 125800
6669 2398 2549
3485 14670 75081
7914 3636 117350
4091 2577 53340
310 18394 108894
15685 10412 147231
15329 13364 140134
19467 3856 186800
10216 9543 45560
20277 9123 37245
9720 9149 86094
5842 5165 35970
1941 2381 132313
1069 1884 6118
15355 16534 73733
6715 13926 118602
13604 14509 5054
3440 13302 106923
9739 17172 71525
6182 16466 191313
7785 20188 140502
19227 1430 123972
8123 12338 170246
12142 2667 117680
11793 19397 107402
10654 9412 53492
2542 17325 155257
6446 16047 117129
8198 17178 104428
14060 10168 104160
8563 1311 55499
6795 11684 187732
5093 1539 42828
15573 19561 3086
3503 12246 4097
13914 15418 70672
6163 12018 82122
15097 20007 57987
12112 15640 187152
5819 18945 27597
17858 2638 173066
7842 11742 133073
2332 11623 58659
9567 11819 138994
18697 12830 53208
584 6197 55965
8847 14465 180286
750 674 104866
15161 6124 94421
20064 8149 100045
17111 3469 75106
2723 20694 173857
13565 15831 165825
18342 2192 8430
18625 13924 131769
11677 5965 172600
8853 259 25651
17338 3508 131808
17661 19265 23457
2545 9185 22784
12314 13535 102519
17667 5356 2224
703 19733 46581
13443 8651 140525
2481 7842 27699
9422 14026 192484
2634 20213 197852
2931 16391 135980
10038 15031 100204
18578 17883 71119
14440 6456 197899
16657 12659 89121
16182 9856 12522
14953 5460 123192
11410 87 57866
12397 11725 125736
17067 8402 151273
4732 18433 12380
17909 71 75927
1220 3239 114005
13663 19118 44612
13879 15684 107372
19748 9934 12066
14943 343 30215
18272 2764 146120
10619 9309 192673
18939 5016 91608
3682 2165 133394
7865 9591 41182
11145 20305 43794
4623 1377 130909
4877 20710 55769
19459 2141 112933
2201 3699 170233
19371 8712 149679
2646 8247 179823
14972 18987 11788
19134 343 36665
4048 1832 195354
4337 14054 59380
3655 5201 97696
15490 11816 31977
14264 9823 115441
3563 7884 77616
11049 10492 30272
5303 13042 89930
12409 2433 159010
18468 5075 46076
2749 12916 57812
13264 7130 198031
195 12966 109385
12535 19405 198405
4781 1752 195738
19621 11666 48179
7964 13971 24330
11353 4791 193710
17978 12839 8936
4227 1706 108002
6959 349 127862
10932 7355 119862
5205 2245 150098
17054 1514 112766
19924 11319 9287
7414 11332 46458
15089 12880 32651
9120 264 197619
18443 4907 185828
2808 8362 139221
20492 3703 35596
12514 17442 61556
8464 67 136397
13473 16392 67900
19721 17141 62984
2956 18608 74082
7550 12641 30500
4972 3623 11562
20062 6685 12671
3597 12272 7226
19468 6220 182964
15898 13307 171369
11857 4093 84165
18383 12405 195338
2798 189 190337
3947 6277 47629
7283 8189 161559
5982 116 40068
4460 114 42066
10883 18356 91389
3793 10337 76993
10807 7847 14635
7898 4460 117012
410 7583 83792
15107 13312 76784
2529 14701 20181
18935 9962 197174
7908 12267 193628
15120 10068 90928
19939 1495 72990
12778 9574 110641
10377 20320 121246
9661 20319 93900
6254 9548 78559
11607 11996 4610
15150 10820 11225
17773 9939 199153
20263 2448 28765
5668 11103 92918
15243 2082 34122
1978 14437 50419
11167 16355 136453
14333 14848 42001
19531 1468 189897
18901 15595 152220
5938 16710 96516
11407 2971 151220
1966 15370 156643
764 15540 84919
15853 4173 156342
10504 13977 113108
11119 18379 165772
9663 412 68172
12960 16882 10235
5019 5227 10942
12269 15185 155578
1648 20602 123649
2575 11687 160027
14594 7628 162682
11360 5024 60414
20276 5663 103266
5089 16759 97240
20000 7606 145854
11658 20614 39839
18358 14885 199609
4972 18790 11571
19537 9143 77703
10569 9134 191831
8143 9744 194133
10148 11112 133737
5389 4568 178225
17985 16894 75530
663 19420 100104
8820 11333 181164
20546 18995 194262
18338 9702 72606
16740 13956 5808
20524 18906 170726
14328 17821 86579
15567 18655 67623
16280 9520 47741
9959 14124 73005
20716 6461 28744
16258 19172 140451
13928 4141 38017
19523 6198 144603
11590 9864 152879
16637 15437 108067
8686 18035 81275
10231 18055 129227
19028 14506 145415
17377 13206 86320
3726 1692 24496
3910 5239 165376
20231 7180 77413
1594 4087 158339
10250 2960 1186
5075 12717 168813
9619 20610 139150
4675 12347 14579
9015 7293 70570
19590 5994 105753
20208 13590 115146
13923 2936 189567
12063 18042 155463
5452 17372 158737
7236 9810 149861
16112 8029 176167
20226 4674 9523
6130 42 107217
19793 17768 77113
11810 18392 115379
2112 10950 109916
2714 10132 58463
1534 1124 195397
4670 15572 150022
15264 4278 160822
3056 10334 128389
18483 12743 193985
2617 3374 117221
9276 6521 55046
113 15817 28344
15129 953 90482
20568 1826 57199
20190 2500 7807
18597 12067 89603
14553 3426 32922
1945 11063 47282
1543 9616 134569
14227 19077 178724
4031 13936 169379
6131 12898 187286
13808 2624 67851
7687 13974 175684
1219 20529 124642
15197 8104 52906
12280 14305 113671
15226 9534 139362
956 8653 123719
20544 3267 139805
10411 10920 173741
20104 15448 72116
17202 10565 153700
16976 2466 76953
2470 11535 49363
13102 19837 166830
2417 13531 108575
6551 10312 139047
14572 18739 198093
20304 17009 78836
11075 12834 199788
9034 13752 8935
6529 7713 49297
17548 18873 87089
8795 6528 36058
9212 9192 189390
14005 6928 112767
1725 4566 142131
3388 9773 69269
1260 10174 63857
20208 18544 150993
10408 5516 8717
7539 15144 79585
2848 1887 75309
17853 16758 170679
2342 20593 83852
7443 16443 177523
14383 17061 143150
15531 14208 12151
14100 873 118498
1244 14304 50145
13456 14784 90546
132 6436 56407
7856 16803 31965
3761 598 47907
17057 13229 51774
14750 9876 41260
18343 10829 64431
6164 4327 1306
8617 14283 29572
7154 10273 171927
18127 15475 175249
645 19442 143616
19703 3188 178913
14583 13850 20767
19142 13078 151275
16601 170 141468
8008 20221 71936
19594 18070 113398
3358 14573 41131
2062 14769 66161
15590 13895 50214
17097 10260 77563
14286 3601 70333
1333 13036 82865
4834 16707 128936
20253 3729 97165
3643 19529 157936
18213 9179 191168
11291 7703 155308
15695 16728 67909
13808 10672 188468
15454 10830 189109
9615 8089 156398
4309 12102 100947
3187 17209 157853
16973 16790 1790
20340 10522 69710
101 1113 171511
10069 19660 172220
6793 3059 20818
16143 1521 64411
3353 16817 43459
17972 8159 70674
19214 11256 102786
11844 8345 142866
6889 948 52720
994 11462 25080
3396 7991 142409
9091 3811 113595
5550 13681 66174
12385 1998 143485
12828 3155 75456
8727 11579 189324
18953 19167 160070
1432 13177 108736
17514 19961 62923
14986 10115 186400
5030 8113 98863
11685 13221 112782
107 12824 54897
20231 14712 30294
12322 10245 108435
4644 17100 142092
17097 9863 169277
18313 15557 184398
7486 20373 84917
633 4965 178711
10370 18997 179032
2376 17141 162484
597 5935 40670
2743 15527 92952
14176 1310 129905
13615 14251 183045
14900 12311 146444
13129 15169 132669
1600 12204 134530
19377 12797 151691
14099 20129 73103
16903 6295 159252
7194 7938 105771
15083 3181 167004
13631 9681 125922
15148 20267 78954
11435 16450 164609
6821 7362 63328
19659 13412 176496
5632 1422 146642
4858 14847 92596
11327 17696 16256
4418 17704 183096
5670 3296 49785
5959 1122 28721
202 3791 117537
18790 2494 68439
11399 15980 38992
10079 12410 194005
1705 16353 13066
10915 6966 66432
13669 17844 17046
7666 15663 122777
6383 7984 108278
13349 8744 170690
17341 2765 4727
9565 9487 145970
17508 10379 6225
6 19178 96393
8593 7806 63865
9319 20505 65597
1402 18407 104329
15811 10287 142614
801 18048 150169
1271 1512 133744
19122 3322 58662
6040 2547 51269
13831 5703 14231
17546 9456 129868
19786 7560 137128
19975 6745 183637
3714 12748 167104
7532 6252 80173
9857 4140 21012
1590 2524 199828
13352 9366 13941
6000 11601 153827
758 11234 108134
20652 18831 103840
7196 16908 45273
17380 1754 145399
608 8102 97412
11936 4711 47227
6323 4325 110131
12145 865 1375
9577 9890 138836
10333 17838 51872
12344 3141 60765
13858 6476 155095
1418 1759 128357
4899 16554 163051
19555 13606 151098
15134 18503 46782
4367 9070 106730
2366 19061 179906
7840 17540 166058
2602 14571 157870
11172 15187 140280
13947 272 180610
3361 16315 186807
71 14012 135862
6447 15140 186364
235 1621 61725
20508 19264 17585
14349 5027 46089
9316 20110 117797
1021 11929 144950
2034 17599 185803
7049 7733 15545
7465 19315 186407
9290 14616 75529
16955 5868 91690
15453 10148 815
18887 17048 139557
15065 2211 121388
1638 20252 54559
13318 7377 196001
4814 13836 78943
9391 15946 71265
7076 20074 115992
8370 15716 20881
10140 18495 55742
4465 12781 69219
5737 2403 64477
13589 6110 29111
19356 5647 44306
10752 17793 40889
17802 1309 10216
19901 10795 12602
2015 14109 106016
13632 4354 82649
18877 18680 149776
10685 17635 125184
9907 17450 35858
9218 5694 170069
19734 1247 73859
5964 4347 31832
16493 20248 140008
8878 3602 35016
11007 6445 174591
8391 15424 154429
3946 18444 148031
15908 19414 69238
2124 10418 90131
4379 13123 67241
1709 18911 91880
19695 19195 8123
6797 10928 118224
12690 4018 182460
16438 4511 64023
17474 8442 12358
18360 11426 168139
3195 1548 173095
18711 6899 118798
17813 14166 77734
19505 3435 24921
2448 2064 131902
9281 14310 164711
11413 11264 47393
16248 1224 171633
3497 5406 156214
6054 19138 149026
5747 19222 131851
13889 16757 186338
19570 3522 176371
9526 16165 93492
3449 10422 94257
13502 14534 2678
14397 20244 171393
20482 20431 141459
7283 1700 190781
13706 15289 122584
14190 20193 176145
20368 18147 123784
5529 10298 175661
7559 6493 85552
2383 16209 65773
10952 10315 91868
17427 14636 118512
14603 5950 101921
4371 8617 21845
19753 1487 16457
1739 14094 51036
14783 10245 100660
12065 5737 173791
16929 1298 45418
782 8130 15503
10613 17404 108938
18385 7345 92739
8405 251 191401
10306 18675 173027
5596 3313 41350
9145 10859 39871
16972 18092 155974
12397 453 128469
1212 9722 19945
1821 12579 54371
16814 16028 185429
17545 8090 168280
2715 452 189413
2705 15138 187586
8567 12907 11063
7515 369 70575
12698 17584 171823
3532 14812 52032
2976 15990 78177
2905 1847 3861
7348 18915 105225
14714 7048 184390
15551 4221 45089
13449 7446 174465
18679 4485 23159
13719 9133 116623
2351 13551 102629
318 10689 127796
11489 427 55789
3744 15435 158934
6452 6672 151614
2703 15645 97037
13321 17122 25590
19870 1970 160297
12475 3931 21830
11553 19741 58564
19379 5837 168396
14393 20126 3692
18830 18003 187110
18060 1290 137966
3113 15015 57658
11151 19490 37971
5509 12309 156273
5440 4205 22113
16745 7938 149668
6453 6040 102247
10658 19039 193783
5616 14352 160391
5913 19121 86891
20470 12384 144017
10154 18693 1849
4202 11066 146637
19384 3196 77265
17317 13872 84369
12293 9873 91283
16360 10456 182063
7843 4394 53166
1009 10048 26965
10002 9758 4924
832 18673 123486
12144 8159 179038
12668 1858 192838
8534 964 56631
19882 18609 173248
9583 607 113352
13772 6553 68240
5531 12248 120601
14790 13417 8997
20111 9789 65470
20628 11199 86398
7187 15602 145478
19354 4828 113207
20572 8349 63566
8369 13538 133047
4806 19565 168417
1683 13358 83639
10336 15295 53933
148 15207 84342
11181 1135 107556
18645 14369 87233
9376 5222 179695
17854 9547 35211
18744 12238 21260
20693 19294 127337
10077 2371 145125
1915 19877 43921
5487 9403 177840
11570 18006 122016
17874 4692 23183
2805 1713 13332
15412 6803 40017
9472 19338 108318
9032 16624 129490
17399 13277 167199
373 13887 199820
9486 13213 41321
19432 17573 30306
17041 2284 186126
12507 4925 19338
17422 20060 29589
17828 19050 124287
17199 13288 165551
18295 13046 57916
2178 8455 134608
5416 8214 53293
14624 6978 194704
670 5084 123451
15947 12792 94897
2096 15733 33637
16774 10707 8516
18552 18672 35538
17863 2436 6585
2645 10890 118051
15497 228 62802
11061 13118 128357
6219 19914 126904
4867 18229 27991
8495 6748 156393
10978 3513 40146
11255 19655 13105
13440 9352 168632
11692 11039 76694
529 18030 104436
11233 12897 123576
18595 14645 175636
6805 14514 7533
5513 17389 132240
13877 12922 147764
14409 11287 122703
18078 4994 118574
7615 9519 146992
6404 8557 192876
6275 15473 95790
3376 10822 141721
11921 8003 58398
11673 16650 8040
12519 20135 67167
12427 5037 23371
15426 12621 87429
17448 821 100826
10843 17949 105746
11603 4638 165396
5472 10772 62074
5244 19461 6483
16650 9619 107963
6777 16487 91647
14668 10310 131419
20410 8812 97166
5996 10326 136396
11553 15366 81489
12285 6307 90829
1018 16171 142976
11129 8808 80852
15673 7289 102793
2619 6244 58640
11658 17917 158407
3241 969 14152
337 10383 79887
3518 3777 125269
11999 5433 9059
6300 16952 99382
4308 14057 125510
4750 15215 182928
3903 20227 20181
15331 19110 102379
15912 20336 21169
18232 2851 62563
8825 4955 73622
1206 5386 52959
4985 13643 25278
5480 11289 173821
18556 1227 62128
5070 6359 42563
664 10120 14028
7318 785 79610
2843 11995 16307
18387 14129 25657
7201 7675 150452
17945 9842 138207
4473 15097 151951
14559 17982 67233
17610 19745 199666
4711 13170 16079
7954 17185 113889
10265 2057 42555
12626 19079 12062
8988 13995 176220
18330 8999 10733
6759 15941 87334
7718 20281 57002
12868 8733 31023
8989 19417 146105
5054 5750 126058
15438 5725 13412
18688 7094 166638
13606 5902 73779
5398 10708 44913
19183 2182 138400
4586 19169 147813
20404 19370 101347
2769 13860 139453
14581 8517 174789
16011 8794 31237
13121 588 50061
4755 9099 92364
18970 19893 5096
13204 16088 185937
4035 8789 176044
3807 15720 3837
103 5256 172058
718 3363 44348
18334 17843 62624
2964 16596 148249
16938 16962 170543
1805 5355 62798
18493 4323 115514
1132 17692 5477
17107 8373 54770
17481 7640 199560
600 1959 54307
5914 9626 37782
6071 9077 52877
10574 6401 137571
11897 15212 155344
4255 14235 136017
18648 15283 152937
19102 11581 159055
12319 17761 4685
1647 4191 99150
2059 2382 127990
15896 4363 7221
14082 1732 193706
10977 17206 39372
17456 1011 107437
6755 4279 160222
2605 15338 155487
17805 8883 61599
14448 10305 186610
13454 17460 160404
17590 3452 65610
6924 5898 120157
13498 15166 110923
6853 12773 70152
18746 8674 2026
168 9532 107047
13088 20685 6742
3894 14224 129573
17459 15587 173927
12407 8197 74195
20002 3384 159668
17380 4269 60278
7906 1356 177007
18359 20178 178402
1027 6111 12752
17745 15210 111077
19223 158 75978
4082 15397 192269
14608 20251 63702
9365 2007 70395
5224 1906 80051
7814 2419 18004
4790 9073 78360
12316 16898 40832
10894 4223 156606
12902 1952 90969
8050 20294 45991
19662 7294 109670
12199 14947 186006
19614 18564 90285
14336 5073 75262
4300 7527 139156
4726 18538 12849
8382 19832 417
10676 18702 52044
11680 2650 177723
19966 20513 24512
9575 12495 170327
7937 16076 11771
235 3768 158197
13572 13847 107081
14914 18514 109284
14330 88 178317
5047 14627 142197
7003 855 81392
10431 7627 41815
8723 9029 30531
6602 12934 16516
7366 564 107597
18492 20446 184988
15014 14997 181661
17899 16352 1752
20521 18835 106016
2539 3133 58534
17114 18323 52979
20249 18905 93947
17970 15135 158884
16715 13902 181407
18952 17280 107940
12867 7228 7076
20553 19602 92360
6683 14806 60117
10446 16229 48445
20538 17772 17362
10970 9050 152723
17855 3197 191609
151 18357 65680
7984 18460 125141
20153 19314 86520
9419 4553 109192
3680 10358 37734
12624 17108 84776
10931 11441 109509
845 6353 67665
1624 1537 112037
11355 6014 101492
8472 14745 182731
5709 1408 184933
14166 7328 175272
18046 18788 196657
19956 4591 9124
14558 7268 185874
8651 12184 121309
2963 20137 86704
13774 17766 164080
743 7624 146906
13882 20275 157689
20150 6820 130962
5533 17369 62141
12609 16477 54596
3711 7112 198282
14804 1386 74314
3855 17168 23496
4137 8081 197613
6516 16508 136256
17378 3736 70595
11965 11758 72477
18149 3603 131095
6829 14193 183349
17105 5605 78396
8551 11349 67694
6165 15942 34346
9126 16932 127219
1906 8545 119593
7844 18634 62151
14305 5900 8534
2460 14359 184378
1149 165 181334
16303 11747 61024
940 18954 117788
8840 8529 193716
2556 16943 103759
12597 713 107197
7070 3968 26001
13190 16769 65550
10623 9273 91734
14157 17046 137946
17245 14782 54414
6657 2796 159513
7686 6133 68440
4969 15588 171326
15176 18102 95937
9240 5311 84338
8829 12676 116118
16578 20075 138760
7088 1773 62671
14083 9096 92116
14055 8892 65759
18715 13740 109572
9806 14507 153312
5740 11124 66429
19979 15567 171707
19584 17021 66231
10474 11726 109591
7400 4761 146980
15998 13084 111335
1531 2830 7409
11306 5113 116719
17240 19639 196601
1852 12443 19216
9284 15549 178817
18654 14478 39055
1833 19968 7221
15290 6162 49470
3158 8536 147577
1980 10688 162065
18738 10579 4135
3066 10958 139713
14314 10365 10231
11740 16501 42985
18869 3088 157500
5699 17229 25523
8559 7107 142757
9470 11058 198973
5563 7487 115888
6999 8119 167355
4219 5614 142127
12467 11989 157737
16295 19609 16420
6201 15136 67293
1033 180 23540
3615 15862 8923
14433 11763 154322
16724 19433 78792
837 1270 140653
12367 12095 98244
5731 11169 72311
3439 19554 135565
11715 1856 133732
13880 14138 120764
4662 15717 45591
6841 10009 124621
9074 5881 145004
17757 19921 98218
19030 5514 82145
16921 5299 24314
19843 10000 191036
6888 2171 8391
19051 5469 190283
4691 9163 49817
11434 6873 177063
18060 500 23826
6015 19747 80682
16155 1226 24837
2563 10297 103607
17272 16948 13390
2360 10746 104529
9367 15170 170886
7453 9637 10368
19994 13166 42384
2548 6976 93985
12971 15236 75985
18991 20001 86104
6480 6705 153407
627 17602 53110
15426 869 87886
18844 17995 174898
19196 9851 137226
15526 7215 99148
3804 16063 97344
14736 13500 167079
13613 1005 74321
12601 274 171664
8794 10317 35136
9634 19252 121822
20189 16805 95268
12546 468 73366
6231 6017 99264
3938 3646 146152
3834 5767 97935
16446 7005 41443
7415 14691 57208
11777 11676 90903
10555 781 172757
12555 14889 66506
15112 2711 168589
17377 18154 50610
5681 5320 38223
16516 13472 121833
11251 13377 72351
19726 17087 12739
2196 18498 112187
1897 295 199953
5974 17797 27689
18627 12501 155466
10010 18696 135411
16312 975 104433
1249 18837 107924
699 8925 98376
9718 15306 122137
13746 519 95228
4139 11262 65422
19314 8935 181128
7990 13875 126241
15887 7010 25683
4170 9443 153533
14384 9317 131183
12574 17263 104479
7403 12761 76776
2166 14412 137555
4693 2735 171923
7178 4591 199966
18384 2916 186567
10129 8749 79918
17957 7227 159525
3195 14868 9476
8712 4532 87653
3611 14533 13541
10544 9481 123670
18520 18680 15691
10416 14606 124324
12578 4635 173233
9156 12603 147127
6045 9285 75924
4186 2973 25887
7714 11635 158327
2554 512 33489
14292 11656 109629
4151 7452 122810
980 4229 18855
10233 19496 175105
3630 14046 35218
17415 10665 4721
376 15312 10502
17995 11682 85402
13353 9917 20361
15629 20327 73749
7106 2460 133335
4427 6171 30514
16076 9050 37896
17675 10113 56727
3053 4064 60413
16450 2635 147983
6901 14302 92879
11750 19482 157519
12627 6024 126235
5946 11780 133646
3496 537 26500
15175 19987 111165
4632 7831 29278
20698 12128 158445
17807 16430 58448
4502 14392 50686
11629 20071 53609
5478 17913 63775
17643 6743 197438
11010 9840 92718
986 17967 112803
16058 9913 194856
8381 9142 158051
16572 11325 103666
19686 20518 2990
1829 15411 103709
4357 19150 155482
15824 16470 88511
5413 7585 37032
16982 18497 180875
10092 6451 171717
14608 3246 43458
9138 9429 130831
4358 9258 55361
7125 15273 145921
14450 10846 147553
4444 9306 65616
2865 20364 151996
1509 3920 82172
12344 12504 90581
5931 6405 117111
14915 9791 169034
464 15776 62204
15465 4845 197367
15947 70 140267
17582 7451 1807
8048 11449 100887
9710 6592 155642
12018 6083 135915
19689 64 74428
16037 11210 41925
1624 3565 190522
19368 4337 36180
10162 14299 181291
8751 15798 132087
644 4172 129256
14986 6229 173171
94 3117 136014
10429 2300 30223
1478 15660 150844
8387 1287 163148
20558 8508 30284
1457 17123 165507
2951 19096 36900
18303 12972 181124
547 16258 143883
3357 316 166222
14647 9196 107405
10947 673 20992
18934 13476 158036
16116 7436 79502
16531 9274 78637
18748 11785 154076
13430 10214 177656
20115 11696 18341
16594 14471 124964
18409 9120 105493
11302 19053 144405
19272 13328 10310
10336 17711 192149
17271 2467 65791
19844 6826 95765
15309 4792 166625
18885 1082 2749
12655 7198 41465
12009 16699 76895
16616 8942 197966
2369 10622 21813
12308 6144 16246
5369 3002 93081
823 8290 34756
13550 10284 153127
16405 11884 195281
17475 18121 165516
11798 18348 57227
11884 1268 123662
19593 12848 29256
13901 3574 97996
16394 2777 128487
15502 13742 123544
3832 17559 27880
1189 5470 186412
12038 17428 187801
13304 15181 56636
16998 9831 107957
17752 7312 28080
18104 18009 52342
9925 12182 161125
14292 2096 118236
14036 11835 174942
10551 15170 145593
2206 14699 80338
1883 18763 176195
8383 20670 91314
10208 1830 83817
8178 729 28049
4266 6992 78397
13587 2144 193491
17265 15068 112030
8163 12997 185230
14927 18087 120614
199 17961 111606
3137 8235 174169
3780 18053 167681
4249 15398 38490
9670 8244 33168
6746 17742 88488
5844 17681 107122
9779 1508 119453
11907 13673 152160
17531 14423 63181
13695 10692 48345
3221 16643 82663
250 12360 67063
11216 15252 165774
601 11371 11168
13690 289 24124
15290 11659 192140
922 17312 48506
9814 2769 84251
9867 14435 177662
11496 2100 92619
3407 5281 188688
17234 20365 85347
2698 11141 10480
11514 18827 62809
5128 8808 47811
7825 17015 137555
19603 943 58821
3976 18367 165082
13859 2333 129617
3943 7422 135588
13854 8165 21522
13699 13860 180458
7864 4092 143344
11814 14004 110160
2466 15044 128398
17866 20197 116319
6560 7727 123313
2778 7649 192498
1658 18271 94305
20233 6913 147081
4212 2324 118656
11987 11925 189747
12085 7541 20714
4918 4179 187500
19911 17060 50021
15330 16988 119150
6485 18432 16831
11972 14564 167449
4508 13421 111149
7796 7664 176990
11022 11708 131879
12786 287 64300
10796 1138 73975
19010 5130 76721
16889 14846 80901
15450 2273 177308
20029 13359 97173
6906 643 195243
3577 10617 70365
17291 19667 11520
15046 17763 159631
15008 4291 165217
12675 17396 158935
7384 4076 177570
10507 17636 149690
5917 18216 127385
17861 4877 146928
8360 20419 112862
6159 17390 119152
18089 3351 164339
531 11566 183812
61 12847 122847
11431 9100 79859
848 802 171285
7451 7729 30898
14579 9916 26630
19239 1346 176399
19115 12691 20260
6538 6188 134396
19419 2166 134316
3468 783 178328
5199 14696 169765
3733 4408 153305
15739 4449 35105
12968 2509 76469
20554 15232 82553
508 2712 90269
9633 12705 59690
10531 11001 100433
16836 17562 167402
11900 10321 190041
14076 3127 146007
3731 7439 61701
6773 2306 57351
3459 19127 152436
10237 11500 168914
1704 9868 92115
5444 13157 17647
12667 13099 93352
12009 2177 48548
3200 15538 2995
16370 16558 67608
20163 15691 29557
4379 18286 54381
16678 2135 131272
7888 5471 173079
14614 16669 51573
4703 5638 194830
7538 1992 86966
17587 15482 77315
7342 9352 104103
13215 9323 103428
18 12255 21493
5132 20172 165699
20295 17146 24742
7230 8416 157220
8754 3832 63820
9533 16434 94985
14122 4761 67097
20079 7210 27406
5305 4465 94660
878 14698 22596
4183 11636 120623
19375 13125 155766
5846 8267 56695
18982 9298 108022
12208 3463 32097
11543 17513 161224
17541 631 4193
1428 18329 23780
7129 14172 110737
3312 4192 30152
8184 5396 35676
12043 2258 147093
2970 20696 154858
6168 16550 148945
12809 5675 100132
2856 13856 55485
7903 18858 42355
11722 20044 32019
4995 18531 122917
6460 17183 136455
7080 18640 162741
4289 11464 72734
1201 9515 91626
16283 17543 167993
16542 3329 167819
3264 16419 139371
14085 7478 36725
10831 20229 86232
8958 15276 38559
7275 19691 7845
10990 3930 62324
3738 8815 42985
14915 17180 39608
90 10266 47522
4870 16129 44884
11002 9285 167033
9234 5903 141247
14450 11222 86253
19456 2502 192080
10674 4713 31262
5161 2935 47052
15040 11830 2568
2936 15525 13179
7226 18098 94104
19215 16203 55478
9279 20302 79054
17841 995 6822
11958 14893 123316
5476 14118 120914
2932 20237 166055
16414 4709 69095
14186 5313 41669
7913 12181 114958
9137 20003 81692
13958 12899 196984
14961 19801 13350
4305 12299 79575
19137 7468 40578
1346 18814 158506
15409 3757 64208
2836 19444 172642
5461 3000 193484
6654 16366 89269
11856 16785 41249
205 12551 193002
20352 17884 112928
14393 14387 19295
9996 18372 54859
20497 20711 128417
10969 11263 130668
12947 19530 111668
18138 3665 151861
16423 16392 189091
9401 7156 45791
17118 15047 159776
1036 6612 42716
12950 19895 150782
7404 6970 54624
19616 11418 95416
16425 5695 145179
1451 17850 162068
19091 9033 58400
15916 3638 182391
18860 12145 161501
2015 15380 197680
12987 3266 86608
8636 11387 132045
11050 11954 114537
8324 5250 154441
906 7568 53409
20093 18731 152115
11796 10301 153513
13952 3974 122757
2585 19550 100543
9052 16540 129964
10102 9469 83080
719 13661 84943
19193 13462 95501
3314 14574 128677
256 5973 6730
8629 9250 128206
17655 4961 61970
19899 1517 153393
10832 11195 102291
2244 18199 97173
9167 6329 82568
556 7351 92684
20135 18422 24670
6107 1205 153611
18930 20506 5504
12540 223 161787
11054 18288 140214
3101 18286 141111
16001 9144 177922
358 20015 1438
2396 8264 108180
18490 7529 11715
19769 16647 95650
15662 12844 40732
4780 2853 95036
6836 6170 143908
5502 15217 2272
13528 2061 36739
6769 16349 44990
18302 14281 118190
18007 18778 53938
10321 1978 12443
4788 18503 166563
6792 5490 143158
1396 5508 90597
8466 16097 175935
11729 1613 35588
7071 14411 5309
8901 872 29063
5036 16527 128662
11816 13358 114667
13714 20630 12983
4218 683 176690
661 11905 81722
1156 20004 37821
17839 16522 15120
10307 20216 148894
19738 16533 98239
16278 17620 122987
7942 4210 141978
20203 5766 4406
3257 7164 191060
1637 4069 181035
10324 3180 95556
18815 2832 127800
12216 15719 78448
2655 14697 21385
6333 12828 114533
5138 3789 49860
6574 13518 100129
5425 6094 98905
20392 7987 37647
9527 10192 141104
18716 10423 27922
14130 2378 179625
5993 2491 185393
12539 20656 119806
1758 3683 26928
15875 3095 111861
16486 10400 48644
3164 9749 184327
2072 1182 50561
19543 10394 44843
8952 20379 72567
7000 9633 83557
12702 15768 181608
11326 4252 181243
491 8728 128384
9622 7240 94818
14374 903 38540
10948 1719 17683
17984 10851 73623
20728 16908 196851
4140 8745 160529
10739 14003 23828
3048 3544 199112
18527 18889 78886
7417 18555 85426
7213 13076 99784
6084 874 127388
17916 11454 111273
3493 7678 51399
820 4758 76076
11508 32 16713
4782 16356 100577
8042 1538 173065
2877 17776 105465
7020 7820 31233
7104 1971 128857
9821 20719 186282
6503 8214 84388
13299 4459 96895
17212 16973 37891
10805 10119 32897
1583 15761 115420
14348 13031 75800
4181 2226 163476
12941 18663 177993
8167 15478 17693
2341 11775 77883
6922 10799 178278
16538 19473 71545
6819 4846 145577
1873 18999 96248
5572 13230 44373
5333 5972 163151
3495 11270 131991
18114 7533 12827
5505 5628 115103
9782 16206 188283
15658 10057 167221
5606 2793 96467
14517 4194 5352
9845 6831 100339
19748 1013 184280
5481 17189 29703
5385 3670 11722
11504 13607 152049
12034 7423 124396
3959 13285 30215
4132 20373 143741
3265 17571 150370
5711 1284 25194
20584 9529 140027
14053 89 138878
4871 11183 132948
7352 15734 181411
12451 10188 143806
4954 10515 126617
1965 15798 71026
19139 7363 88477
7358 10592 34962
7334 592 187334
2362 9407 71517
9181 19694 96146
4548 7368 118872
3853 6096 36612
17058 8314 162011
9256 1479 10311
19640 11050 90586
15233 13881 105619
5323 18114 98120
7871 2453 102245
11339 10730 61029
7367 1275 9117
6056 5248 183517
6648 5086 192669
20112 17396 63393
14394 10313 58633
18454 14051 180170
4624 14632 134280
10195 4573 171059
215 6798 137277
13011 12483 24241
15342 7435 34466
20063 10130 22922
6018 8641 184489
14725 16879 154143
1075 20458 43894
16105 16523 112013
16300 1705 152966
9094 5798 80208
17867 940 62349
17901 14239 128608
20556 12120 168229
8336 7122 152998
15555 3007 21409
12346 3378 61751
19682 13300 95657
14879 9351 104530
14713 15902 171112
15688 4050 83477
966 3609 199629
18836 7364 135988
15663 14473 70807
16853 16669 69812
3877 20129 11277
3953 1542 18952
3189 14073 27316
7337 14316 53014
12984 11678 162134
5465 9510 93948
7388 12801 166323
14328 16485 189576
303 19608 119612
7958 16410 199116
2747 19876 189831
8472 11359 131657
2172 2112 162446
7168 19973 28
9007 8600 174490
10138 11872 32661
6105 10690 170671
19609 9692 166658
5455 20092 5813
16565 8021 171751
5322 5405 83416
5110 11115 141562
20216 10589 116827
3403 10999 14622
977 16251 167713
5421 10795 10735
1033 8016 130833
14899 11762 191290
20411 9303 137344
15646 12628 181374
16250 15779 97050
7669 20262 77972
2948 9162 159743
6064 15004 81653
7797 19964 81426
11444 686 70054
5536 20697 45608
7568 13918 183870
13558 13097 20298
18105 19250 17670
18644 9581 4469
15247 9703 34453
8412 3580 73288
7276 1965 11875
12148 19946 1975
247 1452 180361
5524 16271 111737
18333 353 161018
20692 3068 152017
12212 4236 96487
15999 18823 35729
3855 11318 159725
22 9956 4240
952 9418 196507
11692 18453 137597
16912 15202 112034
15418 20152 63288
17684 6729 194079
654 17635 34302
17581 13560 12825
3240 10862 182687
6954 16974 93021
4225 4909 48412
20005 2890 12504
7188 9735 105409
2719 20175 169863
15989 13510 147201
8243 1989 102075
4095 13722 175234
11191 12771 163027
18106 8992 74997
20646 17876 31235
5491 17674 55810
16626 2756 196566
4084 17510 143872
362 7308 97458
20601 19834 24487
19328 7771 62118
13925 727 110546
7472 19593 138395
11409 2932 194045
11134 12835 71246
14008 12946 96093
4818 6787 27542
8835 7073 69373
763 2327 10533
17968 16358 45047
5271 12680 71213
18573 3193 113032
8458 7367 82523
13527 15978 79478
17634 4660 83183
6314 17779 152453
6557 54 95043
14017 18725 161008
5298 10995 91641
15423 8034 85531
8399 15967 22496
15186 20240 148001
16492 19292 5031
5647 8056 56248
12247 15028 100370
20200 13507 131849
1348 2239 3919
12821 9149 15102
11488 2327 96944
11643 441 64646
19573 16357 29858
11437 8272 187301
13441 2971 177171
9168 13463 198716
18378 17543 150854
3309 13552 194257
3798 17671 63903
67 12825 179389
11725 5479 69510
19242 12723 91358
19098 2333 141069
11811 10940 119309
15755 18720 74393
20724 4463 40838
16541 748 133972
8166 8048 12696
16611 2616 162211
7071 17371 9088
10985 6206 105595
13323 7454 129082
4497 12856 151211
20344 13537 77893
4601 1765 188414
5240 31 107620
4009 15915 22070
7510 13721 70221
13988 8753 55613
3833 15408 21290
20349 19770 59516
14563 4982 71794
15218 14259 132016
5705 9441 163079
19136 4440 105500
1863 20076 171679
17444 15295 71568
6319 11136 42010
15226 13770 27075
13751 2492 33594
4930 14996 126813
12809 20053 132202
691 5518 88418
6222 3289 52033
9065 13581 112788
3630 9881 126827
3828 2029 134938
10236 7359 116253
18437 4609 35354
8210 7749 32228
20591 8335 179652
12209 8155 118346
579 16670 29387
34 789 48219
15105 975 20422
8851 963 79031
9300 7224 168796
10402 18027 40849
6500 3231 31210
5642 10683 153563
13718 6363 43495
8531 6185 61805
14084 12589 102800
1210 11443 1118
18282 7757 59406
3273 14846 76240
5185 6284 190423
18328 19996 157710
6393 7783 181070
9351 3210 30896
13937 8499 13232
10469 9945 171469
15872 18909 191984
17130 11966 16027
5022 2435 42581
13522 13171 105741
8445 8091 111438
14723 15623 56020
8675 18324 21612
14365 12404 190430
8781 16844 73043
10355 20166 187075
384 11798 62935
7904 3841 136926
4493 13496 150563
10043 17300 153294
10975 1237 106686
14315 476 95936
5291 12436 156796
11958 9402 187086
3607 10082 9602
7862 4450 144033
14999 6425 89869
12407 7128 152952
1360 19841 22470
19186 1842 91969
18809 2810 23706
8420 8205 12671
18666 8601 169792
20407 5715 119743
13378 3876 101856
1612 5730 133356
12158 7741 85988
4747 20224 39324
4500 19767 115788
16986 16451 160157
8523 7764 67608
2894 10966 176972
18955 13405 3242
710 8639 195554
20207 3454 26166
2324 2402 76467
19409 5513 23423
20072 16659 29187
19676 18165 81976
9855 14810 122476
12889 7453 65691
8001 2044 137842
18386 15746 141444
5748 18113 149435
12549 13571 102833
10064 12307 9281
849 15154 143039
11490 5651 21613
15501 5464 54270
3229 1127 97356
1724 15680 183858
6981 16657 67622
1732 18584 11780
15416 17253 47809
5766 10753 109351
20056 8449 22795
7619 4824 177375
11451 15629 169334
16933 5919 11475
7739 3210 2063
2082 14944 119571
5308 2475 189910
111 12419 56478
7303 19970 76051
11492 1221 22669
13512 3609 105692
17550 15174 101937
9058 8236 167944
18371 10101 198731
11674 10155 34733
3633 19934 146085
7096 13439 43183
11947 19832 122148
15922 1618 23130
544 5658 122525
6515 3697 473
18429 16959 145265
9767 10685 189034
7697 17174 157613
6296 18335 73711
13622 13338 146777
1786 8437 79327
5415 15069 104936
17896 12784 126880
1947 12467 68734
12329 7879 173303
10861 14496 23317
15074 16134 122447
4193 9974 97526
20270 12531 139548
18855 10036 152469
14457 11701 135178
5097 12169 49422
8678 2209 111579
6617 16467 49375
11189 12648 180509
17583 4981 14959
14248 1029 174926
16192 15872 169935
19241 1557 34270
18055 4268 177950
11947 6837 12841
914 2697 156978
2732 8724 71108
904 12790 45587
5919 4833 98378
2144 8761 183556
17273 17723 74278
11902 7610 24925
9738 4026 97771
18121 1466 175560
9420 14886 100372
19427 8134 153272
1688 1874 106449
16753 2395 182636
6962 4722 182471
135 11061 91049
13108 20527 186699
15702 14709 162011
13187 5838 78302
542 16754 183646
7632 18224 44419
9750 3533 156741
7591 14089 21570
8646 9610 127539
2710 9595 142520
16991 8477 194971
12123 18587 26027
5957 403 9211
13936 19346 87591
9683 5829 72371
6136 5822 104403
19654 10794 144552
615 11167 33601
4759 18660 20678
20238 11108 12537
8660 17599 41636
20539 14558 76726
3437 4506 184564
7613 7047 119791
14032 19933 94406
13878 6734 175428
16163 15452 196579
53 12152 167430
17173 663 186220
4417 6108 80566
12307 3063 135822
5302 3512 70887
17808 14445 34977
10836 12215 91707
2389 3769 73912
6191 3082 152367
17637 8788 72614
15433 6156 47267
7031 8610 54133
11048 19718 82483
16794 11028 72052
16325 549 16060
4222 8179 47160
18084 2270 47344
16989 11332 41238
4058 5041 196101
5235 16578 79892
14149 8816 73455
6472 16153 169899
16543 8873 100595
10243 13470 130966
13642 19569 183119
13448 3233 146068
11150 11060 73912
14761 15494 92580
12464 19646 191375
5649 10083 33896
20679 6397 90975
8103 9700 174339
9999 4375 37563
18522 16175 189439
1016 11576 192651
15403 14700 68153
13254 16806 45385
5507 1559 74016
2939 9918 24723
8725 12315 176550
3642 12824 43427
11511 3807 90099
20287 5727 42127
6433 14401 17758
3394 7916 128915
2148 8908 136082
15163 9840 187105
5806 8439 54842
15281 18300 65211
19418 12931 155587
11550 5056 49005
13601 82 70025
19743 19758 126091
13408 14221 141167
3557 2490 46945
8893 1940 101444
18040 13136 165705
19217 8843 1626
17937 7575 43361
12007 18487 91913
5214 12710 150147
12570 6820 149074
19591 19835 199498
8307 2626 185019
2685 18519 171424
17565 12566 80640
688 5438 154430
13098 14182 156829
1893 137 76065
2396 10649 38005
14044 11290 35187
14410 18501 7450
6719 5498 11240
9769 10339 158907
10231 17142 49396
4398 17947 184225
11668 16130 12997
3473 19783 82448
11423 14948 86765
7091 7075 188908
12072 19457 180129
7784 9058 95873
5234 10405 53929
19390 3847 71476
27 5532 13155
15311 12838 173446
4287 18607 153546
18002 14017 45199
9158 17171 5416
4830 6953 37057
3864 18782 33198
14125 1545 151677
13519 10018 51870
1911 1675 176106
5094 5510 45979
14174 13239 36418
15157 11624 158950
12233 11213 112619
5190 20689 120477
14974 9312 192296
6200 16747 165558
14154 1445 145458
208 4524 12433
546 15644 138797
7899 726 106368
16241 15238 21994
17934 9180 48198
12817 15421 101915
6937 1037 80440
14114 19403 130636
17351 4555 190905
8115 12134 20848
4670 2413 105800
6556 14469 123734
2205 9399 37783
75 18120 91787
5395 2449 114582
11864 17561 1100
5656 4239 60430
2222 11942 558
14535 11229 6725
15323 187 82123
10190 5475 90417
18251 14461 8170
11147 14131 122685
8211 17052 73466
781 11184 193373
12607 17395 195633
1289 6051 86261
4862 13868 63101
12089 16922 140025
1271 7953 191194
16607 8246 128816
2912 3330 25065
10652 2731 141130
20481 15348 191118
19393 20535 190949
14772 19622 123913
188 16022 145982
10639 7406 37853
18240 3059 176726
6286 13993 159743
4841 4977 21220
2746 15463 115243
999 18136 194221
8941 14543 143391
2479 9762 157425
19282 13370 113147
10750 19501 158087
1165 2113 171637
3821 14606 62286
8390 15286 199608
2488 6855 79403
17365 4365 76193
797 12198 93969
4517 7476 169377
10542 15032 65953
15239 1463 160164
4748 312 39624
1641 4629 106249
7346 19597 2128
9579 14390 76189
15841 12959 22575
11259 16497 195142
9896 15584 19396
6184 15888 96019
6034 16305 185795
4990 7116 99276
12395 5094 141538
1017 4704 64959
16583 9627 186251
19488 18464 55896
4261 18099 38669
15808 3141 48452
8569 3698 109177
6288 18032 118377
19323 6832 116981
12460 13903 136813
4688 5557 138731
2438 2073 157816
1406 15517 143056
7250 18427 60209
8690 8542 158584
7732 19147 164787
19095 18635 95967
1247 20233 11566
17283 4836 106300
11963 5114 154423
15934 7532 1000
12474 3308 42250
2540 1882 63799
1733 4671 118297
5809 6768 96643
17880 12303 100291
5691 19303 50414
13837 8497 70838
5152 851 6631
17910 1312 28358
1643 12241 125125
3026 17534 187287
639 16732 76955
12303 18235 1649
19704 5254 62023
20377 14814 129916
3169 14913 112033
1085 1997 159374
17054 1493 54785
6939 19330 74718
5331 10902 99760
12016 3348 156852
318 6300 96496
12594 4168 48822
591 5375 169336
12724 1558 148830
11880 1788 195922
12774 9294 101910
4887 5035 113725
19949 8548 110402
5156 1255 41333
7427 20367 176628
6847 2578 39086
11606 20292 110823
4971 19270 30388
112 15847 37259
8959 10773 94436
16038 12900 64551
19168 10756 195892
3663 13704 119419
12855 6371 153133
19764 2106 13319
4842 2803 167325
4716 1674 2024
9777 5821 31993
6597 12405 160743
12399 7550 176579
926 2658 12909
6908 421 138666
12548 13981 60982
1422 14793 8152
17125 20661 161357
3861 11970 30453
6849 15634 145999
2125 11412 92551
16829 18201 102626
5272 19623 1818
4313 19017 30459
20125 11940 117300
18482 16635 186224
14607 8682 129935
17401 3885 12618
2485 5278 105196
8212 3637 96627
10253 1419 40849
3525 11662 100973
6735 8458 43952
14678 11991 22090
9748 17914 83214
13100 8062 90577
19668 15162 153378
8672 10066 194859
10244 19788 63692
12370 10526 100419
7777 11428 16591
14660 8351 131512
3115 7069 8872
11055 2215 164530
9255 1252 11785
16921 16301 135561
7346 19536 165210
13931 4328 127857
1086 9209 145029
15906 3895 131040
4081 5200 182713
18273 11192 106164
8008 20136 161986
17049 19407 160984
10021 19751 117239
15862 14284 163629
543 8327 6422
8552 11249 102538
1296 3535 149780
7278 14586 93670
2219 15914 192982
15861 3041 14767
9775 10750 85992
10350 1300 92926
15213 3225 151662
5252 16058 52632
17960 1378 190131
16290 16566 80854
18904 7387 167649
14250 9866 177643
2375 2952 175340
7745 13830 177605
8666 7691 38034
17871 16547 149634
2945 6702 69649
10257 8761 141089
13945 14609 149928
8158 1105 108300
4426 15891 98809
3123 19220 100951
13406 7457 88848
10696 12908 118280
415 17044 184383
17597 19134 127051
16412 1093 161791
8904 433 125032
15277 13817 113714
10329 19152 80483
10666 482 95199
19670 20473 171745
2380 5018 48797
6237 16909 138910
7770 5604 185404
10448 3805 194069
19120 5644 109881
3217 3794 63080
10240 17358 54598
17193 6288 79597
20533 8346 6821
8312 8426 178241
11962 8713 144
11920 3208 2783
16966 3661 95231
696 15219 24550
11538 1323 158987
16272 13570 9079
19097 9111 157228
14803 17034 106203
7450 4493 21541
2827 15368 109544
19515 248 146528
4176 3701 5691
3110 9888 88664
6431 4505 139572
4104 5719 84031
1410 6002 47178
14657 3967 84097
1524 19888 120398
9786 623 36950
20101 446 7355
10922 18980 55628
8574 6591 177850
7769 5971 49834
2583 8525 44014
18275 6624 42355
2321 7867 151357
11017 13985 8793
14593 1039 112782
636 18794 197827
16536 16905 40913
15895 15620 61829
6558 16630 28491
9085 9480 184933
12365 13833 194501
13896 6184 131806
8237 15637 77876
15106 3896 174235
9740 18459 44633
3720 17607 103351
8813 18549 197517
14200 10923 169019
5594 245 166606
10283 18748 124532
5772 8785 153336
5384 17045 58335
6038 12743 96810
18038 18131 43855
8962 19309 179207
10438 18412 84393
11328 1748 88724
20191 11320 54616
11858 14072 68992
17981 17060 177934
10751 20712 187442
19842 12106 110201
15029 3119 79108
8917 6894 14512
3551 4261 155035
14872 971 20900
6472 17371 9677
17237 4005 150992
11541 17896 91776
7067 14419 97545
455 18083 198649
13842 1112 18446
13356 12730 155447
5833 18475 66747
998 15253 101944
12845 10455 173836
19235 15754 123544
15962 10140 17446
6426 13240 11925
14092 19057 54837
15334 8429 54712
11361 10768 39857
4469 8441 37451
3190 7074 67162
19514 16005 185377
3466 13946 192723
16727 9862 106640
12295 9206 199648
219 18920 81797
4968 987 153785
6335 16958 124447
6523 16640 49910
9695 4544 61026
9417 4434 75159
9071 5209 56142
1722 20047 177118
1549 657 70897
8242 18897 143033
18991 11915 22921
1540 19087 71610
5419 9909 129118
4362 12322 27727
10585 10854 170618
9509 19331 157850
9549 1401 153199
10529 8003 2438
1435 8870 152366
16788 6172 136528
6730 8930 159892
11875 17519 155156
9251 11362 126811
16725 19641 48813
17963 566 115661
12335 11366 149257
13035 18015 55082
13020 12669 118459
16648 1390 135210
5824 8772 67534
11786 15255 176835
6146 11653 11962
55 19079 185971
3538 8965 143431
8916 3073 176960
843 7832 193310
9731 2748 193857
8671 254 140661
14794 5044 123655
10372 3401 52172
19036 15071 13662
9785 2434 150086
2104 14877 174220
6099 7426 14623
8129 11311 7566
16336 16513 198653
5438 12131 35979
15092 958 190196
16427 10528 68924
8715 20066 107255
18345 8649 99172
8011 5707 123343
3419 14617 33051
20353 1864 41555
12353 3276 25444
15892 18698 70442
43 2722 40999
14854 5701 129102
5738 7257 38978
16418 11356 26761
19434 18923 159712
4326 19658 68020
616 13025 30798
4313 12051 7586
19535 2872 125649
12662 4237 121072
4042 9841 178727
13337 8675 27059
19876 5551 3932
14602 14503 94776
11848 17496 182122
16976 10546 43768
506 16713 70882
1222 1416 155125
13922 14080 121129
16253 14184 17913
680 6839 140367
8083 254 149247
16893 10330 122568
4307 2845 149459
11558 1341 8287
10595 11276 109623
4506 2420 143960
16768 16671 69763
11657 1566 93991
7793 18961 102690
20324 6675 113221
3480 11899 90875
7077 8071 32278
4011 8386 97258
16326 2268 193447
2030 6917 105926
6019 4052 181287
6152 14488 87726
4046 11379 122522
12740 8486 89014
9159 13316 106702
7383 18728 183852
14850 6658 45984
18323 15910 160923
15492 17271 101668
3686 14923 72235
17501 10041 133949
13663 11859 110668
579 16520 44130
18174 13616 40867
2233 15816 29502
14065 13504 41761
16628 7 188623
10016 15267 9441
14088 12734 42335
5830 16173 91897
4778 7024 90142
18758 14320 32573
13481 4185 174757
1637 444 96444
11404 8788 167875
11312 17502 192916
3999 14465 16623
745 19121 194475
9725 18463 77059
11335 15865 132325
13260 13044 130201
10288 11265 182720
8940 19126 171356
7652 17058 54221
1773 4399 39671
9613 17458 132895
15127 11051 55785
6518 10106 71203
338 8746 75395
1014 5417 156065
18215 2914 90281
17578 4107 119072
9489 3525 4504
9163 11169 187140
11458 19861 83486
8224 15903 151492
2550 12434 96507
17927 6987 185119
6483 167 160377
2713 11347 198014
8105 11306 46017
9658 2657 77146
14232 8903 192834
18884 12451 26923
8570 9712 11698
14150 1516 16844
16472 5554 190117
12620 14529 164067
18530 8752 34488
14476 6341 160208
20637 5136 97261
8503 4615 11345
4622 19825 112397
20609 6069 135496
7637 11471 152462
228 5953 85336
4778 6974 72223
14870 6160 80305
2074 15172 138734
7923 13706 41039
14767 20454 64875
18470 10989 184923
19582 15484 54322
16256 12796 105214
6631 2207 179574
1828 14075 152441
19090 7475 141135
3326 12210 136096
11577 2910 153476
10873 12459 148495
7296 17749 95715
8535 13027 163157
9768 2947 95283
5769 1779 199514
11309 11975 43708
8891 13131 156833
11691 4584 5329
12703 5241 145214
15820 19714 9609
16644 15792 64030
8719 3331 190681
18887 12157 78963
19049 11669 167660
9958 6477 98975
19618 8206 172159
16429 13172 168309
12707 19458 114414
15847 1631 198816
4450 9808 46045
14682 4697 41212
8032 18221 161301
6077 4116 79302
14111 7996 88300
20112 1652 42653
20258 10475 134368
11794 9664 177033
6326 1728 179343
4433 13580 102773
1974 15519 160223
1916 15187 93369
1956 13781 31040
6744 15423 111712
7102 2928 65076
16799 16698 44829
10496 8088 1021
9122 19644 112611
8881 4914 21889
5597 11140 19162
20044 10852 34250
11588 1875 199592
15807 424 198331
2429 27 76535
12320 11241 163257
17678 17846 189105
2990 9560 124992
10012 16317 157084
2550 13407 120333
10674 3515 145616
10437 16606 58605
9453 1835 55940
3861 15413 157182
4590 7132 97503
17414 7847 25779
2674 9059 45962
14590 13546 148505
15158 14515 135066
6284 1581 14039
15120 19813 75120
9549 1635 110883
18962 9089 95058
8583 12390 41130
11896 20269 19565
13842 9281 44453
9718 1720 192339
923 12846 175649
14206 18424 127479
2762 6292 118574
8865 10902 46073
5687 2514 198121
15291 11552 142327
9021 5865 7836
6285 18140 94467
16362 12613 48103
7521 514 57189
5947 240 109038
12651 6484 119491
8337 13900 150466
9730 8387 38402
14090 15401 9918
672 6797 14763
9322 17530 73599
1445 15461 91392
3247 10541 171566
859 17616 3307
18749 537 21586
8234 12386 26762
1976 16940 111557
5664 15751 97681
7685 9244 189538
751 873 131250
5724 20599 26962
5614 2283 171419
1388 17769 113795
6517 13591 81594
5403 3122 142224
10618 3997 41503
6103 10206 70670
2090 16780 140237
19347 6875 36351
9548 15198 23606
16661 10676 178708
1847 6366 134446
13890 16637 44327
17275 3546 78015
8201 2235 164091
6506 9846 197916
4288 2439 171069
1792 151 183602
7333 10413 8696
9560 4586 72584
14815 12893 131906
4080 13297 124292
10887 10350 87675
8694 12845 63498
5581 9476 39126
18063 4453 65655
9307 20238 172771
18808 19636 157253
20616 17944 108562
15259 7387 84710
13421 20530 60854
8967 15559 102105
15460 12795 136285
7915 17450 43053
4726 3404 94045
4312 1412 29677
4040 3433 32434
5103 3289 54362
10735 514 69123
9459 4100 195286
7452 10096 163741
17132 4931 43864
20098 11058 9621
1240 19426 26004
2326 5135 130026
8070 213 46543
1802 4056 24781
8288 18586 47092
2512 14719 123958
16225 10406 51797
3098 1601 151641
6157 2736 89506
11826 19763 6529
4 6668 29128
15339 456 105739
6570 12711 80562
10620 12590 66427
18453 660 14670
3510 4698 96291
4321 17665 142861
10154 5330 76406
11372 12186 43314
5005 5174 33349
9031 1045 31130
13253 627 47229
4569 17040 111896
3539 9467 53489
14912 3481 77633
19509 13275 132650
6013 9289 47802
4526 20074 61021
7052 9929 69322
15026 17027 94730
14349 17948 119756
17359 9590 92360
16789 7374 198628
17245 19278 130934
19560 5255 130454
20122 4415 45790
6679 19820 37819
18896 18182 140438
15712 6764 80842
10554 7000 267
2946 7410 50551
12978 6123 88567
18155 3047 75668
8307 707 4353
16954 3693 177342
15440 13267 35054
13309 594 10470
10394 1343 173093
1122 1973 145701
13166 7114 106543
364 11569 25055
19043 1081 70526
14812 9997 95589
9083 5888 195483
13286 20385 185827
3658 38 182007
14254 19030 51058
8439 1469 120331
2507 10366 7781
9133 9885 169174
10381 17586 100875
16645 20041 30805
3934 10361 78623
11774 4232 127058
9831 4901 164844
7721 18683 95196
11056 11529 147900
16190 2553 161909
12913 17829 62789
2275 8613 136709
992 4613 166291
9487 20089 179050
19978 9226 130504
8144 14591 167368
7278 11627 178140
1144 14963 48458
8596 9927 144315
17555 18310 24871
13712 8514 118830
18706 13697 163143
10754 7479 150522
3107 6240 8227
16548 18507 137242
8879 9959 72903
20268 14809 110248
8818 20532 96697
17734 16249 134861
4022 14452 38669
13851 14597 90199
2097 18621 135524
20686 2031 72627
13776 17782 113531
3621 12552 128263
9558 4641 136144
6817 13308 123115
12899 14361 115120
8338 4597 85620
4963 13707 24020
5206 10476 81693
13396 3257 53040
1977 16306 193462
9191 1149 5842
6373 8658 170483
8177 9107 9446
10044 11883 27981
15707 2726 10220
9752 7891 153953
11016 10460 103570
14350 2439 127818
755 2777 15846
1330 18886 18250
13080 10404 169095
4550 2972 52061
11973 20714 121375
2484 17286 117428
3291 3721 14984
12414 20093 145585
11909 12350 2370
11716 9217 131148
9574 3373 36606
5995 9300 145641
3646 13232 139710
4212 19231 126536
14696 11522 31212
19503 6869 164214
20174 8366 33002
15694 13755 163191
13049 2284 115436
6977 14376 60143
14135 4096 44547
12111 17359 31701
9707 11337 193283
13624 13077 94623
6900 4849 15210
16146 5310 147213
11432 11194 113464
2272 3204 96491
357 2479 9389
8561 18204 57848
11275 19824 175668
10005 4562 136783
13580 1770 87400
18512 5020 122731
19110 15841 120700
18053 8886 193619
19799 866 47673
4637 9662 133521
1964 4339 131703
19678 7256 102647
1509 16396 121595
18754 14205 135554
3138 4461 10308
5848 16232 62721
2557 3039 54367
10146 17069 76565
4043 3275 74214
4263 577 194523
19018 5303 138546
6263 14808 143786
8606 8750 45305
6082 1919 99801
8169 2548 65942
1834 4706 133567
16081 4319 48968
13196 6194 19263
4323 13881 87060
20479 13244 199417
15108 11110 179226
19124 10559 135568
3361 20013 59865
17151 8760 176148
14241 6582 58440
8114 14127 112142
3074 6155 149009
9267 11185 65986
4388 12318 43896
20083 15308 21800
6450 11460 195777
1241 11805 171237
14875 7959 60641
3939 7601 170341
15383 9495 118568
5140 1131 50055
18977 2468 186819
12776 13930 71575
7184 9604 146848
14363 15256 115379
3570 16503 57250
3385 14429 163007
4581 1593 164547
5374 19610 173603
13853 19002 73059
14108 19415 8262
8328 9194 128942
11373 5386 123125
2163 7259 105493
18531 20035 154158
8791 469 148455
281 13245 161476
15272 1698 118983
8610 18231 15574
1699 20085 54200
3099 1644 110544
19185 14457 76558
17857 19724 118658
866 13521 148045
7673 11503 14141
17435 7414 94786
10662 9257 149106
16844 7794 197803
13350 19424 23493
18557 19942 1071
2430 16416 60253
6596 3146 138556
4933 9673 120858
14989 10791 30424
17869 18383 36868
3675 11330 102410
18577 6134 129281
3386 6439 174489
2808 20068 34216
2904 19479 54802
19823 4130 11096
17511 13037 60275
19387 12754 85490
19510 5868 72525
1579 16936 193291
17480 1533 152352
15913 9156 111503
2763 18455 10854
2987 7798 152625
11764 1677 73884
11353 3728 112919
19901 13574 25397
17091 19122 144852
16407 16809 87440
19663 14508 46690
16784 15279 100514
6986 7897 57566
5371 5451 30763
19331 8111 143592
12342 7767 23728
12993 803 7395
12590 9677 189609
11180 10667 74373
2844 14680 177335
16091 13369 9575
7668 5900 189067
2076 13765 67853
18735 17678 190912
13212 8160 40370
13934 2341 165069
12438 11164 66825
12337 15750 133388
18189 20209 68323
18303 6485 143728
19851 4864 197029
8018 17244 83344
12428 12011 83630
17416 8732 80935
13442 8878 43781
9109 5765 83956
14847 17092 67262
14230 20461 32737
4734 11396 152212
917 18410 57937
10443 10367 155525
18997 2508 13388
11664 10578 3577
13216 6710 178568
768 9544 109611
18488 20607 152921
19173 5512 153334
7470 14207 194235
20323 4893 99352
16989 9134 96820
13333 17974 141286
1755 8519 40306
9897 16507 195388
5569 9190 77835
18806 7639 58581
4720 20582 19398
15452 20706 29128
9960 18959 19831
2083 7676 51708
1502 176 70753
12439 4207 70456
9939 11641 186118
14301 14261 86128
5412 9870 85339
2042 8297 60624
1297 10374 174117
10753 5949 65
16351 6567 143424
8547 7122 182686
11605 4121 187372
12187 8170 38378
6236 8072 21398
7275 13471 97861
7981 16048 44667
753 1587 126404
5590 840 33650
4437 12469 105631
2942 18759 48033
13425 902 152198
9987 19238 195844
17346 8605 56408
4096 1898 10274
17903 17231 65102
5059 5803 95746
4988 5899 71836
6620 8322 66914
2302 14229 141062
10110 7861 172895
8845 1003 149804
993 17158 107484
19928 11374 65191
1188 12115 87223
19482 10664 26733
1380 8097 125261
2552 17280 165594
15755 2217 6116
4835 4802 27152
1228 18180 173459
19708 20091 138195
8425 10736 115028
20603 9169 88420
10150 3549 137322
12225 20327 70891
19485 2424 155253
5651 9348 2657
6244 6296 175283
1426 8774 180331
6416 13188 83095
4869 18261 172806
11352 8938 96658
14154 5576 11657
13115 3288 169920
16816 130 87510
16172 7522 97313
17939 2314 192241
2942 13557 40468
3979 9345 99215
20596 2620 83653
14038 3267 144093
499 17087 5929
13725 13463 73620
15752 11308 96336
14728 18960 123151
373 10541 183327
13811 8667 113377
4533 16505 21530
10569 11137 123682
8604 13128 139193
14768 4917 131622
14542 13383 61484
16302 697 182704
9671 3290 162371
18389 16121 104260
1315 17897 138606
13001 18743 73290
10839 17582 89336
17 3315 34185
14802 11813 36602
1269 5841 153801
17277 5314 74422
19897 9708 187598
1108 6568 99955
18933 7698 50760
833 926 196547
13501 4422 58554
996 6348 142883
4675 4099 64427
8220 17172 130486
5960 9404 172154
1693 4989 31395
6044 12143 113625
12156 12024 125149
8427 1438 105207
7577 3993 180752
6898 18518 89709
565 8183 73444
7298 13942 92220
2949 15131 124177
3901 20140 79903
19174 17391 167221
3569 17943 117927
17063 5488 79506
10499 2124 62764
13329 14908 13016
16994 11820 101714
13025 17394 116216
7170 14499 173075
20154 6247 149102
5168 9362 65211
5570 16993 123855
18590 6796 54023
7910 18843 146749
19363 10661 99132
9919 17202 8846
12503 14016 172272
15844 6025 116403
5630 5857 79477
15526 13850 169088
13200 15427 2545
8065 4599 135653
12859 15592 16992
16389 12243 128999
9042 13760 51149
6043 13769 114109
12393 10126 65752
17873 13872 23307
19154 12080 3607
4402 658 114974
362 16712 89204
16047 11086 99745
13443 2334 63567
17887 20227 73330
13961 17073 26526
20724 1002 140803
8791 17852 163111
6591 3627 1114
6665 10590 52775
6260 11882 139220
18375 5217 159716
19578 3723 82559
11567 4165 92033
17410 1989 26753
6817 7183 141554
16079 5381 135397
7684 1212 39406
2594 905 101557
3908 13497 27859
15059 4016 144581
853 16196 172194
14904 5411 14261
14777 20170 183709
11240 1355 11214
12639 10631 119251
11100 14763 43954
483 16442 1265
10974 5873 131993
12103 298 54070
16025 12608 171553
6897 15730 76625
14754 8750 68659
2518 14562 91515
17310 17095 177362
11991 19658 141533
2455 17072 35890
2629 17568 3168
1789 3775 121058
12044 8019 63568
19580 2537 11792
18943 8856 43218
2189 13629 112631
11165 6546 147398
15094 11438 160433
19955 3416 127422
10152 15950 86055
8637 8693 42069
19619 3234 97948
1365 18464 9871
15856 5883 141201
12701 8833 188896
15470 6003 154447
19542 7117 50513
2891 6036 43257
8776 16687 127492
9304 17261 171923
5215 6093 194598
18723 9022 50066
1904 14155 109941
5124 20648 65736
12719 647 71652
18469 18431 50255
3408 4520 194559
18200 5408 156287
15537 16613 155786
1541 12966 115130
19412 8119 4761
2046 18131 46864
13748 1764 40212
11829 14024 87737
15098 16204 186624
3664 9200 149771
10344 11376 166854
11878 14524 151467
13205 8338 111293
7635 18648 94615
13852 6656 140333
19951 11326 78092
2464 10123 56916
1990 14261 23489
11227 17098 106867
2654 9649 34540
8953 7464 74554
7855 7239 138615
7232 11458 190157
14694 16660 6701
16674 18465 74476
17238 17623 30646
16161 8630 150753
18277 3355 190646
11292 17065 185932
10264 10567 3797
10701 12332 116137
15528 7361 84241
10800 16235 61867
17577 15876 54137
11302 20440 25386
4701 12644 18056
20683 7909 38885
11336 17721 125660
9853 4822 44408
12731 2219 181784
14346 10493 171228
6552 9643 118262
11278 17372 78276
4705 3891 118275
20053 7305 57626
4400 18296 133769
17244 7155 38778
10213 8203 114227
11260 386 138367
7119 15483 14336
11765 5674 164962
8656 4507 116652
19449 3184 11599
8438 542 74751
13651 16779 123763
3392 11715 148839
2051 6408 10718
7871 8524 13811
5981 4217 43497
2026 6970 148955
19258 8565 196756
10157 1951 144197
18756 17998 128003
14424 17003 11741
20254 12796 119054
8928 351 46840
4316 1351 179295
3990 4069 91264
3096 12143 14614
2353 1870 129287
20627 16472 186141
15149 4486 143551
9180 18733 140949
18988 4026 177009
13701 4471 169995
15592 11419 104245
917 8846 197076
18375 5899 12992
4710 6535 48534
14743 4683 33877
2957 13634 4114
3613 630 135611
9887 1983 56560
11605 16646 7827
15780 8580 14721
15864 20027 81743
15738 1071 40534
3193 19802 111902
6925 12001 160350
13446 11123 170510
13406 12534 167143
16729 15564 18365
10715 8303 107986
6072 1496 87814
4580 18628 95913
13958 10127 13525
4891 16763 187328
10928 6495 189406
2786 3260 154634
879 4618 157936
7809 11023 74609
17818 5006 2689
12497 12504 49643
4374 13585 141658
17878 3904 89087
3444 12906 23649
7347 17218 178208
18264 12442 41923
4259 8838 5353
4061 9688 180831
13806 10227 112607
11273 9719 26969
9358 4474 107291
2925 3226 124425
7686 10387 147804
6214 6892 4176
20624 9432 178778
15716 18368 120718
19416 4668 85998
18920 18027 55647
4888 19303 78500
6781 12874 84669
4597 9004 76724
16677 4241 119541
15206 12433 62657
9353 4892 94910
16685 6604 129956
10965 18952 152470
2047 9924 87190
12673 14569 84867
13148 5491 127332
6197 9170 3270
15957 16915 162273
19679 10728 29651
2577 18751 39993
7811 9318 137852
18339 1821 34892
4920 2900 91081
6938 3753 8677
3528 6191 130627
17738 4097 89707
17542 14742 991
4869 12890 36165
6459 4142 84252
13924 14550 180670
3880 2718 2566
4500 16336 183664
14272 9804 115573
11266 19156 146210
322 8017 195303
7350 9600 119305
7330 8544 31289
8350 1410 56992
17360 5063 29824
2804 14056 2082
3613 3192 112532
6708 18116 85022
13050 2510 164186
17287 15554 26474
7490 11793 105202
8571 7796 5714
1892 12623 100006
3490 5307 173342
14537 19501 53740
7936 5426 166512
8230 20676 65809
16900 13089 59161
20634 18674 184641
1642 9276 76012
5948 3363 106660
6467 14443 19580
18951 3929 58487
1659 16985 136038
10802 16445 26837
14376 11065 4788
7661 13529 72058
13920 17955 194565
3645 13047 53301
13899 15077 62019
7813 15964 92608
12994 9347 55869
6540 14245 156596
17794 19432 26966
9069 4791 101802
10987 1921 56128
14714 19989 184100
9561 7556 131436
2457 18107 122575
13927 372 38085
15078 7581 73749
16010 13592 162761
12643 11252 166993
17801 4114 76889
10758 19691 110889
2095 4924 107028
17086 10564 64844
9484 5618 151667
14482 13508 24511
16199 8227 48223
14928 214 90522
8254 20386 38812
12234 1314 53435
16987 8914 37593
18250 9089 130671
2318 9966 1384
9118 1169 92863
8083 6567 20684
16284 20260 28476
2994 12121 5043
5467 6943 37588
5836 1922 143036
7734 10145 102267
2887 6904 134186
239 17553 52666
18972 1818 129413
9382 6464 32764
20309 13109 133186
2476 10013 92395
12582 18998 63289
11855 12909 196858
17125 1757 95634
16639 9363 148036
2671 10430 73928
10586 9014 190856
4302 18551 189029
9301 6103 55781
19595 10348 104018
10280 19984 21042
17392 8186 97046
9829 13960 163699
12218 10025 69142
9812 13982 158353
9915 17419 63668
14458 14265 122824
5428 9577 178716
13119 1121 58847
11132 17256 109911
6474 1353 4081
13462 17215 106470
2334 8280 136116
13032 6232 111497
2313 3020 41786
16097 8255 114964
11743 16014 102139
5646 2151 157414
397 15928 10305
19951 8813 26287
2635 18616 188815
7594 16636 104803
3929 9299 135421
16852 2019 103831
1288 11469 49818
4582 255 28801
8601 12793 50276
9781 8164 126409
12025 411 178127
9930 6218 85237
6381 1086 175531
1810 10174 199469
4416 14906 157541
18704 5089 48562
7485 18989 15918
3417 17376 43619
3602 13426 75044
19452 7972 5508
3238 11039 42435
4755 10028 131957
8446 5128 78374
16793 9451 90340
2716 13576 6418
13849 7088 133592
6349 11751 158507
11158 15491 118024
1794 18824 177038
8005 9998 6803
4742 1004 131701
20342 13859 2177
13225 14101 189035
5236 11287 79517
16738 8619 37741
2133 6143 74245
14432 9373 177660
20615 11967 58686
770 3860 196747
18115 16354 87457
620 15010 26561
7083 12368 162915
307 12641 189342
17796 19292 145254
6118 12530 78239
13070 55 68259
13700 4725 36829
6243 7171 78118
8960 1948 79933
1230 17273 42421
16605 4503 51819
12945 7464 109969
8691 18205 150149
8022 2149 14943
18236 8186 133664
13418 11322 62360
2252 2514 161264
15329 6237 104850
17248 18914 56476
20432 8393 54101
13932 6138 180155
17391 4716 141632
12989 14153 195921
4823 10185 61956
11106 18276 76501
12872 374 80025
9626 15635 104639
20593 5124 10780
11097 11071 161180
7300 16957 148023
14412 10426 61592
277 3157 127726
18732 36 197638
8963 8551 102172
9453 9674 59907
16496 17464 76549
2898 14353 78824
2587 13500 19491
6349 12302 144521
4560 869 198591
14451 4588 17317
10598 19829 146098
5312 6112 144497
8415 3140 106071
15780 16980 88045
15593 981 37978
2174 14421 144279
4029 20671 7348
7212 10616 118698
1170 2271 153393
9092 1222 27760
3688 13829 108020
5814 18411 120491
12368 7952 63301
5671 3086 31512
3491 15018 158270
7677 6072 141491
15511 14941 53045
7327 14713 99654
4834 7476 62807
14830 14375 51668
4281 6878 150817
2613 252 151861
4144 17957 99938
6041 5255 48750
10298 17468 142029
1375 10480 196220
26 2690 36389
19257 7617 57021
16465 10868 185385
15667 5521 2098
12183 9212 17304
8457 14525 4194
9439 9895 48977
12065 462 23441
9466 2660 9707
17697 6106 51182
14918 12663 114309
7004 8367 86603
6613 5852 57002
17927 9160 148333
10516 13671 61893
13803 14079 31779
7107 8615 125980
1198 16126 148509
8932 9812 97121
19074 2679 174823
8677 11314 159634
8077 19091 10802
6647 159682 189892 169211 122483 86407 114731 37737 20948 108252 184331 189857 195587 78431 44034 117642 181468 89282 183622 173682 155870 66223 98423 7019 119999 134593 155975 18689 118817 67016 100921 78332 104966 188432 4445 197667 80097 153751 81836 86838 54070 128570 6433 314 139693 51679 31969 57454 184251 22050 176010 154503 66699 60688 103250 152205 8477 55515 303 96086 156668 7356 76294 197736 53535 24155 163660 836 18485 188742 47550 67864 98503 103816 88390 163630 174476 99412 18690 68936 94985 3035 100329 178773 126689 67006 98707 184508 145552 192662 28033 168053 52359 9025 64575 169154 151239 188186 163068 117150 55133 75183 83278 90523 131421 121893 88375 183175 104022 139728 22099 175417 145572 94240 113369 36248 62619 106517 81173 26351 101759 17813 8640 38246 130095 41058 46977 112134 152811 5230 146132 158598 198090 15110 30920 198207 198247 66986 50907 165328 150617 180168 95111 97580 64367 96780 54217 191567 93403 37371 127464 141287 108188 186373 115633 199353 189575 46492 92626 144968 159395 76987 49933 134630 126863 25668 14533 72506 163125 189261 31269 195628 195533 165535 76986 64557 25237 140713 52418 105426 142311 184439 166734 155682 159251 128002 86220 46493 188382 88372 119230 164749 2663 143557 98221 149220 59851 179258 67001 146642 84581 111186 156324 145661 155282 165483 7890 31953 184694 194185 293 177131 191586 16899 116876 169662 45589 24552 145089 196853 109846 158164 8613 41739 85965 49202 190834 189566 44841 146389 19642 129314 114453 178535 53951 163120 64985 181314 119589 150823 94530 30258 22002 84969 42837 104544 81459 103447 162133 193720 136495 131107 156479 81803 110030 23281 129110 99321 198695 196656 190773 45794 106417 98676 132917 67516 100930 7716 135602 187904 23035 56274 75886 181950 120111 95365 103393 69063 55654 32453 59319 15107 43428 182973 173119 136496 190615 389 163534 36972 141590 48072 168048 157026 117276 93766 89166 199724 100216 10278 61562 199341 6147 119442 7048 106122 40464 199282 108033 86970 177442 103094 28796 62592 53965 35926 107116 149591 113749 182789 197645 79753 85050 81278 162901 170900 162561 195772 68942 174644 63897 141142 91281 128939 19289 103532 90640 48981 159773 184268 6388 190743 79069 20279 83865 57593 155929 50694 49968 51734 90985 50482 71120 125165 71287 99830 128914 179535 84218 76278 110596 71533 63546 84181 103933 158967 49608 169002 70573 174229 100555 68150 54892 198964 23361 57559 29783 156777 143205 50983 111895 14683 117363 93437 152127 31569 198446 110748 29317 21368 162117 52397 25365 106381 127261 153469 8644 4394 162597 194881 66605 75392 74124 141005 181653 20233 87360 148665 158198 106960 126705 113617 159633 99410 169836 156956 21230 161585 150251 185132 98964 114000 109874 68632 71289 4576 62762 150848 117849 134191 100007 57886 197087 61731 37442 108463 173158 14015 105044 118979 21484 18743 106683 104816 100965 91814 103698 78447 50267 123812 141212 70284 55977 140620 72105 30787 100639 16835 148488 134470 15474 59237 60473 52628 8610 123565 52975 156404 105194 49345 108692 26352 25103 24450 75168 119536 122799 12923 124362 12065 62725 192118 155573 186133 174304 141879 88391 16495 15747 183797 33153 150676 171931 116504 184608 172938 86182 72758 188888 56316 12208 176342 136897 61619 166486 57150 76191 68406 44840 71429 136328 173651 89766 8320 111605 197303 107440 99248 191678 31323 177453 135850 131177 140758 61789 177523 165921 110243 192516 108303 111655 69542 20305 141690 18770 120168 96505 133178 197602 91498 40612 147664 15763 107227 158693 56727 16346 16321 151293 83097 162383 104829 109602 120739 48061 13822 161301 141409 5959 67729 6418 83452 160911 122308 34228 66114 67978 184685 196425 5011 48644 21436 2507 84092 139745 189188 148028 126027 15526 48021 89156 151754 14260 150757 181463 198018 159872 160765 92511 48769 145594 38604 20469 51386 124644 198887 148023 130907 191542 133151 92841 117792 163645 156300 127138 18818 124413 25968 153752 65248 133230 150572 86878 43975 49846 175402 193071 11964 108293 93113 148522 136620 82128 142565 41206 53868 98935 186776 24902 134056 139022 188799 141772 52067 28304 88626 13646 132030 88877 192202 139129 106476 91353 29857 130936 137960 73242 156587 153224 195059 150137 126442 150544 64078 30923 107492 193636 99943 195721 112999 74831 82351 111590 12085 97691 40371 27783 109594 170430 22054 61246 102945 87725 85778 154528 59500 20335 186597 61010 89151 75896 180660 31149 184452 86067 161147 79793 24828 73298 61818 31497 2741 34877 75387 111196 43802 131254 128315 9395 24332 98259 156863 72933 69390 142233 191258 69959 102579 6204 755 49325 39805 107915 27483 145992 81845 28151 102472 106238 130938 17915 9885 187448 11475 65250 57908 23031 146946 52008 50201 22531 92696 14182 44677 56815 99879 2508 180612 73468 36496 52344 37723 2287 31278 56010 20697 161819 93151 144529 178933 183273 103577 124170 84294 190318 44509 174702 106090 50659 26032 47587 59610 95164 185868 183804 54640 124799 157969 108863 90757 4889 153316 37858 38281 70293 124453 121198 163863 120333 90151 14747 145159 163531 23152 143034 34254 190564 170422 58620 14819 39688 197734 167419 198264 134369 87164 123418 118890 86306 181057 25154 141105 98336 124563 88429 2623 130862 29530 96224 89803 187656 84471 109110 8756 86970 178208 190014 20626 134217 138499 2607 118320 80241 26895 105729 21120 100093 169268 198395 148599 37875 58310 191810 166309 26397 48978 55209 36538 199225 14215 95085 114581 145222 65016 164483 194631 191255 115192 110728 25734 93045 136822 84605 104391 154113 157331 163517 67748 145889 85995 19725 1934 118289 112225 101319 98682 36231 95845 185093 91770 100427 192191 110110 16317 69959 53008 131282 20606 43765 160561 180682 86967 127299 10369 106067 139502 167410 23731 110237 179373 42391 122780 91350 183579 152061 118018 51222 62374 134519 19247 96081 6340 190843 25653 178792 15899 134956 124493 181740 84402 166462 39738 9973 192966 127599 186620 108874 39057 134874 148598 151568 75096 121261 141444 15208 161372 88663 133150 53642 47963 91230 146996 38321 129514 50356 15165 126474 132304 10750 170778 153995 72433 71013 124302 13351 83275 73235 99768 175775 171615 11372 82387 351 137244 145974 174695 164581 118485 130413 192492 41574 185916 35458 188997 192302 69289 156934 7071 137444 48743 150284 156317 136154 40022 181054 195906 135146 160756 163795 95038 155200 70609 164951 61011 66155 133374 103471 46420 180125 126162 23251 171081 124226 181181 82196 1591 20534 25899 31533 134066 96661 174317 197102 43683 179413 34398 158888 146018 72232 175244 163902 160827 113425 149259 44643 117444 3784 184994 128192 113441 81927 82579 116427 49612 91451 17574 41928 154070 41411 171090 4318 89060 4524 445 147248 172090 174846 70572 35238 196747 37979 79910 173142 72044 33355 59042 66901 55331 194323 6494 29537 61443 64834 100465 139209 131967 181631 187472 185000 33782 24166 110185 17402 59240 182622 49654 93890 42821 135953 179 139338 140500 167857 95058 732 191976 178389 129031 85015 96330 95154 171360 55167 115186 137850 19764 55871 85304 56686 152199 127782 54623 191347 112116 132444 57740 29087 55307 84033 146484 196182 67058 172375 108857 186488 48347 49058 35665 66306 4549 123764 169092 76074 187235 165090 199226 88889 164229 52640 182807 13883 190221 134951 172151 98246 99487 191602 69321 17500 85165 184821 28581 116292 50904 68611 7462 143668 161113 95835 57341 85148 13837 16871 90494 7863 30555 1290 149639 168443 96730 92355 188586 80747 52839 25810 117525 188341 160422 8493 30559 44440 182823 177447 12364 169478 199241 121920 185434 52299 153826 26105 128715 189907 110504 39988 111457 70755 192196 193381 17807 160565 86612 49036 154142 89845 54326 81381 152855 194139 63899 38131 143374 76529 103186 110674 97559 165267 111166 78387 54107 72330 47728 89540 68636 41441 85444 72582 170622 29631 121993 165325 54815 59227 182754 6123 144059 27585 119800 159501 99715 34639 161726 199405 155298 20185 34127 129018 149196 180011 149833 105416 102899 199743 146323 155938 113982 56063 30858 92066 55361 40526 108759 94254 153425 29676 174273 71527 137622 146339 40761 97989 185747 63480 55865 40490 80973 193977 63790 96766 17347 70909 186062 77368 48163 75911 156027 165673 103306 147227 58629 85116 27114 168945 48636 20716 134280 52899 103318 38944 55381 111376 39549 105022 112782 168385 153151 180844 133794 47922 169051 93988 72437 55215 77626 192080 80178 194994 41304 110035 24906 117235 66598 59792 107066 65703 19036 34405 159464 75142 165500 47122 130508 117297 99050 99390 26260 59858 145433 64105 682 157935 65436 140723 118795 116349 62951 192969 91127 84017 38674 24901 96609 169918 70219 112365 107826 140586 65605 133288 3852 72875 185452 138804 189664 30320 128418 42547 22716 50964 18594 175424 159413 14176 128097 193661 19531 105752 163069 80164 148429 43641 154456 19976 101659 79646 110224 185699 135261 154164 164150 101147 22103 49017 109824 59511 191261 83096 17421 174514 166656 46140 41534 26881 127112 180070 165726 146987 159065 96918 28966 35765 175872 2405 169073 86197 145401 79375 62890 38934 27480 85945 39579 129363 152098 17451 7564 95829 158400 197087 177053 101640 167145 89033 152444 3600 15283 25173 50765 47797 55500 81547 110235 17801 163691 103077 183123 45386 196288 109677 181177 60217 34175 160592 108734 81729 46734 69827 178955 52753 199451 61958 198225 173983 24041 163606 189244 76011 169858 182593 179110 164419 82892 194105 155065 118596 175068 7677 157 180977 22585 146620 198769 148050 183505 76197 114135 50928 176232 121125 102459 153389 102273 64259 5432 7490 45105 151829 20479 27378 77308 98758 95457 194559 109307 143544 99677 47558 63364 181745 148857 33641 85649 53906 20911 178979 39585 70193 30222 115807 191404 11856 53726 118525 78180 6479 31139 93759 109285 16766 88577 17091 124794 6546 49547 191733 35930 32809 163536 64922 54950 91943 121808 181187 34455 140837 145586 61323 48386 121678 192045 11973 180130 49848 58344 138900 130071 174313 61232 86040 8033 168825 82739 164781 90256 39771 103616 49055 82048 121416 154391 143516 98342 192896 21661 71424 7344 136355 36657 148275 46150 174870 60816 52848 168368 145037 34367 7525 170141 40457 67446 149840 174866 69985 179114 89508 40749 88325 110949 49707 15844 116209 179155 33675 173908 170685 76018 43089 65925 193418 106530 163365 108326 132865 198998 164975 92654 18539 32793 57836 43912 68569 154152 66229 177524 195070 114894 17698 102703 114750 188699 173138 101330 7315 42833 100207 85662 175278 94262 28264 198159 63471 6671 17476 181555 11847 47640 117478 142855 86697 4344 76705 32060 120235 57429 167489 34881 40449 76332 164280 113903 55608 169306 196475 121878 166892 115650 78882 166256 142503 104405 9963 124633 70629 96615 41376 150409 41240 20100 176994 26688 178313 153431 93316 52595 195404 73482 40897 191596 79412 90406 46069 59570 145288 134420 99969 22912 80947 4967 198446 74852 30748 126483 28421 150247 161466 156535 172301 98670 7370 119354 193325 151641 6254 34770 193399 117855 96811 157428 170071 67689 183140 62246 5143 27444 18049 54475 116168 163555 20880 76705 48931 198634 192170 57788 75985 26600 102556 156019 148300 148481 32545 122997 139527 95589 64985 2084 118128 21588 27645 166822 161854 167609 192782 112274 100966 174428 197587 21550 143906 166602 184197 137874 110876 129335 104413 4385 39094 174114 76240 115189 180782 63692 198111 195613 156273 159190 93342 144210 37667 121906 18879 62981 3692 116540 192121 158285 10214 48629 1656 139694 27793 141437 72082 71145 17027 181031 126124 41889 158006 11737 173522 1203 119560 45310 185322 18823 146718 37531 60483 142925 24938 44363 24223 1716 144666 23512 149370 98804 53267 185795 19645 188668 57806 68692 182109 116240 170306 144412 96519 139454 166508 37775 6045 34345 174348 153808 88420 68034 139598 39849 146875 140153 4399 173957 164568 125835 9504 154393 145188 72032 118583 47796 14997 86175 7914 162986 48425 86821 181607 147610 178936 57732 103776 39673 170837 109642 180836 164503 165431 174452 36985 157243 103785 94705 165614 132436 142611 68494 7091 135886 120711 88928 136678 40912 40806 170223 146526 97427 137122 92041 174770 42265 155271 184092 89649 115703 107211 109554 128465 179285 10572 193271 163180 64488 99633 122210 103831 141363 42374 37521 58101 45145 163105 107201 98613 98460 96353 191345 92205 27545 91320 22485 176329 84380 92751 37614 146509 58790 48592 40956 46329 196204 128268 198235 192352 16234 182234 112367 25165 157658 132326 95513 85405 183161 93428 85350 132664 174083 71674 156106 95749 175990 89186 42131 191715 127170 90987 87374 85956 124536 146078 196508 84388 171037 187524 134953 139976 14924 144428 182951 13272 104210 137891 15371 198124 183675 76971 133386 11652 93685 25415 104615 159041 84766 104817 192609 162521 36239 39059 151492 63011 168 158865 29017 18113 102287 5028 125029 6195 131657 127443 14705 24141 163400 165735 68203 27554 17073 90023 146130 18275 132418 17743 184959 129503 95595 1727 89153 195792 75547 156852 84194 163040 38867 165024 110841 16140 31857 93986 110874 85427 153433 172812 15236 12116 42829 54524 138843 108225 155364 186665 196767 12651 36256 10862 25242 12005 19412 158928 132628 132307 71362 75255 156959 105439 129790 158545 182662 64139 106437 121387 24788 173101 48033 114442 52214 73173 171490 142321 89268 11250 50387 154913 153211 130846 84791 159307 138002 140027 156960 83460 194553 102570 189648 80157 29177 8975 193254 29299 89846 159624 80561 58963 101007 153376 100350 175579 4015 186597 172703 104997 96082 120534 167739 166664 96683 3658 77828 45394 98034 52583 176864 137686 574 30460 195963 199765 190438 114086 191000 108010 198995 79940 133159 79149 16893 83281 152862 29704 87448 150431 58818 159699 148596 126056 68225 107109 106765 117488 197259 165546 78210 31525 41844 77264 70509 61530 75671 51673 132546 184972 125191 183251 270 182730 75942 62130 9542 114124 156210 168358 196004 87707 76610 76370 161399 71253 104761 103896 41408 82159 114621 158897 158304 188754 5957 176852 181459 82252 108530 104405 114819 36959 34341 91948 22748 77121 27236 65741 75795 178308 123033 140666 185552 58436 23204 17666 31783 95953 191627 32151 1104 115437 190288 38170 72728 114087 186359 19589 176851 108557 2313 47651 197881 113558 152 63357 155727 115966 176328 107471 42153 83417 79736 67779 58948 115068 39512 110019 113640 125456 166410 187324 99591 88533 75852 177516 51016 153439 39918 123739 101951 25427 172164 9915 81737 90945 77363 18329 129091 39054 171264 6588 133079 113960 139330 97200 83470 186706 39191 193870 22179 63039 57228 156472 26873 81241 197715 125016 117859 46520 7563 84614 41293 24863 104420 69827 15002 163483 100671 71042 60456 1135 57602 15076 1925 104557 21924 14910 140414 17053 41998 32373 11771 185661 76323 95041 109317 32922 86446 28365 151122 122413 61280 186700 105506 3244 177803 61120 40665 126321 40587 134486 129740 5224 66942 54931 125439 8268 198222 189495 80398 60628 109838 76716 98371 182911 18816 173822 66330 24692 194637 129632 55669 133065 60823 98922 118857 169593 106769 102348 150605 138996 122722 68647 160617 8386 70830 80493 46999 39357 166439 80685 191559 119660 76352 87539 11262 91394 136464 159900 188186 120523 104884 165513 129655 165443 156972 196819 103990 92715 165075 29306 9412 27629 30443 69353 48231 95392 169730 114330 34224 181697 96457 110796 137242 137446 22317 184025 63891 34742 23157 118229 17614 132510 163813 163897 3642 109900 142377 23931 183724 49069 30331 197322 94744 160931 59982 154857 128533 126702 87990 8832 24404 110559 167910 26400 66735 58952 142195 20094 20304 49799 169879 48457 188968 118822 2880 171872 39796 105283 197300 125530 4501 106008 55580 82386 166638 8449 30210 115289 50759 73075 39926 160362 38153 170961 40927 165943 108725 40036 53636 48186 27886 113551 178978 6817 59881 49619 94135 184668 166491 3773 84065 1470 43563 97347 7109 115944 65823 164322 179006 186626 4877 107390 158011 38905 177366 101093 171049 75871 30033 192219 16697 2416 42577 56301 59060 21585 160000 169440 178660 9749 10498 194001 180125 74816 16757 177113 7770 139841 60671 78405 81921 143619 149282 119167 69417 72710 60636 171305 185413 120126 125788 152274 90256 184876 114261 75383 106533 137815 93085 187561 72287 126145 147438 71921 29872 49144 82493 60486 44118 106250 152395 99239 167207 110570 130775 28483 56934 101675 158033 164672 7887 105103 159769 110005 44287 22432 90115 134448 124875 157180 152544 90675 30631 183993 16814 40240 177433 75755 48581 79047 126558 182715 60932 60928 94882 91269 131500 130170 161483 143073 52265 114086 76493 141008 157016 72285 132907 6193 70367 61292 119607 20987 43226 184558 51070 170609 66607 134677 107444 96208 137142 151742 54973 166367 42001 69625 46052 199715 55749 196767 12587 89685 141767 130644 68046 22019 162752 11458 181453 94276 189216 62718 187045 6166 197030 131163 28163 109087 98536 151945 22462 131670 111321 187959 193639 129175 109979 104692 178800 177279 36186 122119 31711 55574 63899 53962 150288 166363 187448 198884 12696 124887 86316 156975 7073 175111 54234 40756 32354 127788 178944 87165 8866 142995 151285 104268 82924 54705 34217 164960 136678 64017 8680 148830 193776 37209 108378 137870 105089 178505 12910 78083 196387 172318 131868 22144 33941 178373 72193 69481 51866 39435 147400 52639 71963 41218 151475 103663 39212 39037 7887 15865 161104 123615 40177 69242 43987 74477 193829 148281 136195 67273 83237 156980 155478 85212 7674 167070 36247 112658 77118 47070 112168 129753 146460 116446 11377 198676 16733 197994 139699 36355 157371 134829 140445 81896 69427 81219 130822 56812 81912 35384 157793 125916 44077 78676 80612 48344 109554 44393 120336 27034 123580 151913 131384 57292 87794 171422 130917 26751 193181 25804 196974 151286 105100 104059 185085 114720 1361 102663 184055 47457 150512 86735 92616 117559 68978 198315 168944 90522 116968 53624 21594 171277 13491 157328 72768 105954 74630 159550 161242 63291 69100 36965 119155 36819 34008 47989 176971 5277 127681 103212 38242 2729 111096 9972 85584 136579 8111 199385 72776 18817 174023 199736 184101 193320 169867 187437 172915 81764 55469 172279 146000 122853 38972 136627 127730 183857 129874 74635 94555 58807 185773 139029 100182 132729 100045 101606 127129 69531 90092 52841 115475 104439 26720 41100 129488 154544 110955 118877 5220 152613 180582 103386 37735 64460 158597 40403 138441 27284 193645 157959 83884 60705 81603 13467 169329 193572 19620 107282 131368 56351 141111 144903 94909 84442 102344 87426 90665 172506 38781 100601 121473 21913 159942 25319 146247 116966 31314 22104 98749 101645 137176 132564 13694 168448 188761 132741 139208 53258 39809 78106 22084 29410 26963 24384 26861 133211 5737 187560 155181 147605 119472 67675 13978 124901 129717 48476 164101 195362 21750 95500 47878 59066 174191 29222 159334 154797 118075 89796 147390 141058 175295 165652 25923 199724 79448 66448 54319 3355 77293 109047 68429 37998 145927 149142 17223 81610 52071 124008 27108 44554 17357 106924 59382 13288 186973 17773 19496 106559 122699 18344 66879 120619 19759 105979 159667 78571 146859 63141 119228 173593 64639 19553 198109 60725 45834 97284 46564 171562 103488 82476 199491 54423 184859 99772 76738 171708 118484 16816 12656 38841 88350 79946 173323 171948 95704 165833 86692 88501 172141 97614 105889 121660 18554 180185 151519 47785 34189 107012 39083 163405 24752 10133 111727 57174 105349 45732 162852 80360 182909 30277 118161 93212 123580 194411 104357 63821 135649 40538 76285 106185 66361 193537 173149 152946 170057 81450 161450 181278 54950 163673 45174 142250 137082 67422 176052 173435 42457 77116 91740 178472 192885 29544 197933 89577 115214 183383 92597 60153 183710 148177 135395 74943 93783 103059 52280 85066 20028 153290 92961 3330 141717 194908 111309 1495 122732 6089 178053 179307 10187 2139 127556 140580 31129 89536 97286 188844 6635 68626 96640 56637 62832 51029 70730 192732 131059 70560 114928 161091 51373 5917 128049 160285 57404 135885 46847 67971 159948 45418 167403 10334 24703 164238 173028 181246 141721 120505 6122 154117 28169 108125 129254 198505 6046 21558 6526 16760 39234 16984 90371 124595 106829 146595 55833 115901 186558 164435 172864 46390 32027 196065 194674 180862 92813 167903 163579 129968 52974 145088 118351 74514 65824 96685 167447 67697 59006 29783 79363 117991 8729 44108 196144 132336 66565 33008 20512 69351 5230 16548 87498 102419 52194 95926 124228 197803 54281 150623 95590 155713 159800 146043 9959 66594 163992 70575 15908 149149 198031 198039 69991 85453 167205 169810 19768 144231 147262 68018 160954 37664 149233 127101 29482 23837 95671 149368 187578 152441 1861 158852 172739 63102 50944 122185 87690 110671 172998 158328 126659 164460 104185 109008 143868 86261 146610 196212 167264 149030 115146 182718 185473 2577 125804 62088 198646 104847 31811 101575 149714 75920 46166 12586 30178 108797 195274 37327 76532 82950 53787 149167 49089 198840 148363 183110 57231 129201 28100 96308 55960 6168 29759 13241 188078 68129 24979 162017 17976 121530 78332 68887 90662 46910 18300 141772 88703 95589 186444 151067 155514 199971 107141 160825 94064 120188 75893 40491 190955 153460 199570 74437 92200 129756 78852 197592 53265 197822 186160 45866 70185 198374 42527 51337 28741 137337 75787 12458 48644 95838 185642 80670 160329 1794 143186 58480 35904 22104 38453 87928 75335 189368 155280 136951 31419 35643 109301 30083 31666 85705 168907 130767 13313 140140 178618 118078 167240 58821 76820 182069 95120 135346 152548 67885 133241 166275 71795 60291 55595 190449 195111 168891 7856 109884 183958 108586 44108 76857 127200 78619 169027 89721 118225 33415 35720 197150 187201 109781 148773 16466 99955 51108 13539 181671 199769 77325 80408 181597 87662 194231 27730 106011 161386 17880 61838 89268 168071 98559 49761 191844 160371 30512 174311 52937 80963 70569 185271 183244 68724 28792 70893 175872 19217 115164 181733 31433 65961 29813 177334 64484 147859 61695 163864 177789 170726 41478 136903 83320 46764 83667 118985 158648 172015 65299 184393 70506 184026 10529 33211 199121 106495 71812 83042 9450 65296 68743 143574 159956 17705 268 149756 114956 122503 105866 118629 50035 184101 168976 67772 163038 122172 178062 119320 63544 95215 42834 105439 96211 58868 99561 31832 81332 187660 197506 111412 48661 63643 94891 17125 188555 135141 148580 26802 152252 41116 13390 174918 170002 193786 137730 17345 183285 94757 28710 161724 67670 155072 49159 173541 10101 39683 143183 93014 130313 126377 164739 168105 2310 127841 190150 147978 183664 193017 137842 159910 112247 47913 36305 162751 69774 183139 153833 161953 184062 12719 135373 89650 20078 188968 165682 56499 17086 111067 79188 25890 44634 20116 67902 1096 87522 109265 127649 16505 149316 41699 161118 80858 117696 107212 71123 75033 49935 77801 125984 183167 11201 176894 155837 49134 93567 40621 71275 19603 6606 71525 21544 184063 162947 172724 187808 120043 143808 171205 90359 81275 89050 182902 91312 180487 38977 187573 26830 123024 193468 180330 98490 8604 124073 32059 186194 9730 168180 114394 83561 787 110041 199429 164242 14303 96197 10187 132593 62956 25968 141206 42021 190011 13200 99647 195858 140401 38095 146897 101566 5684 45928 192631 10043 13896 59773 16538 190003 154088 67777 91698 69112 161570 112823 196783 18734 59647 54468 96534 77665 75429 28309 75101 149938 22206 141598 161692 21743 175550 178547 68987 126676 99796 20129 141781 73416 102821 116226 134274 199532 57006 31420 195440 195176 199993 14175 181902 120499 77817 78277 96764 160677 26911 65576 80847 27812 346 29554 41188 12445 52587 158573 55307 80882 128322 146191 87485 152657 39886 116422 96507 26127 423 10735 157807 12299 14248 129032 48508 19347 123188 151822 58968 69918 142979 127771 126795 104750 104006 136321 8328 165439 145683 178229 156196 73564 110595 158523 66288 21697 99884 143566 101207 38961 26074 13045 168706 178900 40922 126019 89964 109174 107535 21177 58284 87461 108122 22917 33269 90951 139037 143442 13098 115523 179738 157136 5125 132017 175563 107910 29290 178847 123657 66566 180945 114916 171566 143822 73979 114967 190507 131049 187587 123743 23668 159940 183868 150959 31255 37615 96988 180925 41305 122860 28733 139039 146172 60438 129426 84676 80812 149015 188826 155955 96070 96246 110708 116301 155430 199366 72692 14999 35398 29075 72117 75824 75879 51504 154458 179407 57269 166043 129271 118283 175097 78836 181860 186803 72584 94399 96860 109558 20396 191882 184975 186887 155386 15131 171194 13659 20495 165018 100586 102598 152462 112138 191127 105077 167866 8960 103276 151571 164947 44815 68724 77714 123063 116568 147404 91099 160871 81833 57372 52317 59161 118266 72477 32616 72163 23349 167605 2546 194573 143299 116112 170178 50936 21001 143177 103363 76891 167333 66438 50208 28806 128741 129336 53763 129633 68026 116117 185412 75319 12384 115817 1808 40847 44682 46122 89420 174693 51467 91908 52266 80870 62681 37277 33698 62154 177206 71231 76085 57933 196196 147507 55802 169578 149790 100115 137902 75424 142598 3529 123261 5898 86439 68293 99831 82298 25068 51694 107226 87313 44985 48699 20478 154975 191369 32870 165394 60915 63765 20533 135170 160521 135973 25244 2890 116465 67063 136792 39530 19631 116013 172934 54369 33436 142135 72532 121885 108729 79531 80262 192099 92159 181097 109333 2013 73697 35396 486 33800 73148 75062 109429 187481 139863 34070 105551 145538 30123 187509 160250 152183 199235 30207 176927 199641 155203 174263 6050 44190 156552 103211 110903 132362 164881 140856 164946 192212 100804 31293 163192 22187 108364 105113 169714 17317 59291 108303 199376 105437 79699 627 68624 99665 169869 114694 75039 5940 153087 69305 38006 129170 91929 173563 142923 43914 2230 178210 130674 1615 153290 49687 6959 57303 39188 117072 195282 126016 30461 117098 119945 163764 143262 128777 62995 825 36312 181646 167824 47581 99150 32556 35542 178521 159895 142144 89225 126206 150784 110658 69949 12836 96796 23041 99123 60268 36975 56462 9713 47163 163574 184151 151417 197050 81739 133804 63603 161522 7796 136463 16495 88048 150072 32466 111416 135037 9970 96150 132815 123956 77787 159420 156116 115243 42598 52908 143164 195004 133696 110398 95980 42211 22679 9112 66066 81804 112684 165142 118943 18604 30768 14688 48343 122782 62700 157619 120753 147933 71737 115578 23111 159812 170045 119250 125675 123247 154405 102996 26144 50343 68589 177255 173361 77986 78229 57996 54121 49938 39231 50724 120490 118206 91941 107577 31030 164994 117150 162994 20745 49341 186873 82351 144186 168045 145934 134034 79057 106943 43440 177689 132066 186 153389 25221 129888 146696 101717 95219 34848 182438 92342 9141 131350 13299 156747 122565 139295 150854 13010 96129 34848 39865 54223 3857 26703 136267 16876 27204 134508 41320 53433 142111 186300 148284 138045 150922 81479 10491 29376 60328 161142 174862 161286 612 54082 14458 40623 86367 168641 89896 106135 121719 122485 80824 79363 151106 95751 49146 14073 106350 82885 154734 29966 100593 58036 86094 38738 99314 167311 22734 187241 17244 174289 188975 13776 11586 73222 67835 110747 40737 170272 63018 119035 197416 69668 96193 145160 99630 104753 44537 67739 39765 26493 126793 31307 147582 59183 196419 134076 142032 187095 78479 106484 94547 141799 142950 184960 71051 106205 188714 57587 190605 92991 19463 77915 102812 158981 168429 185583 37653 158289 175081 134404 155613 102619 172162 138474 134440 168420 109573 74351 62762 179055 187906 83068 53169 131733 187813 190194 154443 106277 67225 56643 130256 33006 6058 117255 51714 11104 46346 146533 130260 157907 114631 148404 63882 50339 106707 59299 121691 117172 95301 46195 19927 5450 65042 184207 47001 120963 186702 54134 23411 148710 138068 103595 105083 95767 170778 75212 92557 73897 27010 9099 15664 144847 150006 89224 88253 153881 138744 27554 194288 60451 140502 159733 179762 70321 66146 115931 184512 191236 62354 155274 71548 101081 103292 45152 123074 159807 25094 193185 63848 181049 32601 98849 65700 181820 63237 41893 131537 34901 116848 93183 75619 141049 124645 2507 21582 114101 22922 152378 166439 64717 107999 183690 91234 193775 51645 169134 139852 168360 174394 108922 105094 116281 149743 14777 51779 189382 146437 95984 36753 48961 114251 135839 70097 161422 82973 39481 70185 170929 148906 118011 16151 98298 134871 168884 56205 24648 153536 79831 153176 130716 195655 146831 88961 83489 91829 102437 188998 97695 36117 178393 100160 147290 109835 1560 35594 105759 72593 61227 98528 104605 146774 43866 45683 76345 6581 139206 54168 151917 65480 35978 49097 32971 89825 139376 128291 175424 167838 67267 108355 148047 139341 18710 69483 154912 137278 193299 141197 40864 6879 88803 121533 140144 172384 101902 161058 9403 124976 116423 167025 41052 67802 55815 22339 51972 120439 56738 83241 121150 155530 48039 13242 68819 120203 63391 182140 47981 193210 174980 159961 142715 112398 122032 171648 101942 182757 38510 162645 184437 117966 31684 121759 147537 14017 198949 2644 198446 23787 160357 156789 147560 147237 112706 184739 128048 122096 7054 154731 138744 120285 193169 33488 113282 112753 184301 86257 86811 17560 47330 39364 37476 174035 175994 33802 4396 100353 155661 101292 137707 180325 188988 123641 117805 28255 17747 54383 30374 10002 41211 163071 93788 16140 184981 163083 22941 63719 130121 127650 57723 127461 189812 50632 196819 87025 162390 159581 111687 62165 9558 184105 84179 75246 27909 118668 181446 176009 145387 47766 21830 7068 12989 160653 171143 58157 28080 125099 40165 198455 114548 92200 50236 15735 121343 105380 119626 49855 189830 119817 159942 1118 170373 55948 140704 66199 64464 85030 3025 37603 113890 82006 67837 152326 13556 142644 150781 38801 104115 133442 10429 193754 115221 49188 119783 111288 74187 44225 87834 73859 41011 68578 171456 142233 66173 110300 114351 142198 187944 141550 108492 66062 182210 1640 164138 134850 36044 165691 59585 84283 61463 8860 142145 164685 152737 3508 144163 71856 121525 72560 135995 174831 192011 164647 37767 79025 43136 104902 43709 107378 46382 15074 199402 118768 105665 167329 87532 182809 118870 78302 155134 169903 198707 65193 89462 136594 157828 73066 49087 29324 31119 175546 115541 27160 16775 5842 44155 147909 63588 27643 178699 164133 36227 195707 194621 104093 65494 101649 118817 63674 186089 17030 80735 38741 49861 21614 90565 57089 134364 111647 101898 83958 150961 28640 31586 98718 37174 28605 113324 39407 92940 34263 172812 130301 52168 60065 60762 83785 74978 182708 28370 150146 134324 77984 1365 17944 40367 139744 11900 45298 18489 35647 119479 17680 187402 70548 89110 140083 163046 64976 108763 50200 88355 158613 134150 80245 43447 77835 51545 110021 61122 49462 73660 115480 78192 64933 181125 111301 102261 105351 163715 34002 170248 73345 62366 144365 73939 121113 81371 98477 64841 144308 129146 20567 95341 56076 38724 86244 65795 19259 179781 103177 90475 107031 25877 73474 20030 176277 16313 27559 116458 181447 93272 20597 179091 46809 53003 107359 189491 166498 146310 109818 36709 3898 132608 15841 120341 155586 110970 19861 190645 30953 58828 133875 10681 132642 191528 21066 33786 79336 29649 82227 106429 158566 147486 132313 134762 162612 93465 115880 68335 1911 101980 147287 16164 67248 193929 141529 41362 93443 66798 141566 142641 182342 109427 49979 34040 160895 27483 199824 1125 55657 129511 59187 92970 69989 86682 90542 73615 116720 92307 145598 33347 175891 186453 181322 123586 82214 27334 27353 506 138512 195672 27652 131254 196179 167784 3246 33792 175896 79276 58859 58837 84855 55255 107858 129644 129645 37340 168603 8319 112289 115921 78736 150987 100323 22470 189073 68431 37547 89417 125139 151538 198058 12869 166684 56795 161118 74780 192304 41586 174667 30056 7424 182931 108140 13796 177601 76729 148602 2944 92693 72242 158646 117707 96320 178937 105879 161293 155210 194683 181643 137075 198782 63404 175556 90802 165358 48326 189950 56740 182144 2385 123034 157376 23734 195480 86044 45834 129357 140209 106120 22447 45188 35161 58824 97771 138598 78154 28432 108677 42221 111909 27496 167760 8505 35082 31640 108233 170617 49875 111797 90269 176461 141843 63544 99894 152710 69904 173957 192420 37624 69207 25166 186979 66579 117020 37958 195104 145821 90683 195256 16050 79037 131944 193975 85566 33217 6077 29216 28111 130044 79282 181240 118804 165916 21299 120438 86025 36863 75086 160908 49374 33270 66929 181489 62714 79385 184406 143656 12509 145470 155213 118444 151473 98776 190499 58773 142815 179541 166670 141369 38904 135482 66421 67014 70692 93033 108226 66703 183805 155612 16419 7378 74739 16837 18525 141012 60671 67659 87687 96867 68006 137550 120176 42388 51032 173986 144593 48823 62992 77511 72274 108858 161376 113378 81394 21699 24581 16966 152288 45387 91544 46396 175938 107051 50194 85193 84073 85873 162965 158493 69556 144000 26299 143233 109918 2656 59829 93658 19588 89472 88325 122799 145388 55628 95675 23442 105355 197551 187471 6619 116347 8786 71949 89671 152864 2848 1179 193242 174620 61930 93372 176649 75326 160304 71521 9555 15228 110752 130691 126554 187830 151681 49921 73556 112088 37766 109778 107706 192018 24495 104432 125129 131688 61623 83753 139293 194231 134460 24490 36003 160344 55017 181444 150078 75686 59636 186225 3892 191919 198177 50673 29237 96480 27069 138975 137068 86259 48477 25939 3333 125843 116091 1556 148768 11586 29652 157788 60196 195262 157064 44885 130862 163984 154147 178888 115852 109787 8472 91642 46339 171977 53438 171661 22911 113185 165722 152809 6148 18777 97953 30019 80577 176439 37362 153467 8906 192623 73730 18720 144660 57107 40535 152540 88850 98883 199562 179424 48327 85718 45762 179417 71046 196360 129194 28175 179025 118942 46674 61257 2424 114705 78250 29757 144101 43252 122424 166084 195647 181010 135452 195076 53922 119438 168092 170997 43918 189672 15284 150381 103529 22855 84868 597 75989 42137 42892 107991 85753 174251 103051 64320 10460 5456 173819 171676 41750 86354 32443 186017 158446 72772 83292 42435 179006 14686 174515 163145 146950 179477 5297 55681 19235 40175 179420 166250 6814 174527 119830 28060 108385 11710 17795 112725 128362 193408 151566 28875 158920 17344 103039 184905 101046 109850 166414 136293 177842 137866 13872 100635 81740 45870 25078 113879 169270 64014 33217 155371 94625 178844 94664 172642 14919 169581 145164 96347 21804 36769 141355 167812 78148 38904 5330 199282 168475 179832 5441 93009 180959 133078 183697 92797 18477 70258 68204 169345 64702 172933 36073 4451 149051 20591 84444 44731 173719 112324 33507 150865 23042 109132 156206 9484 10791 85248 85641 144196 13767 66283 127948 81070 67343 64698 52789 44345 65558 117588 167488 176918 78863 61486 118721 185061 7826 75543 11934 111442 112108 120732 30881 4228 194465 125949 188695 29593 30199 109828 18007 11579 95412 3846 6999 11220 101315 100174 189444 46315 179339 33688 121767 71730 156845 199926 61148 106134 26681 102761 163389 27678 33256 124849 114026 174519 157140 42119 132965 45024 157117 153702 192119 150993 15923 54249 149050 90230 173884 6545 8615 50413 176507 25070 199248 168823 84168 134067 64677 116345 1229 149293 124988 105354 62077 82149 13526 55446 62163 41916 11805 90313 46997 198823 171959 126964 166987 27085 21997 21335 91832 108255 36509 138881 85021 161454 174747 63873 157308 127830 44940 103319 3607 103208 44318 192241 114117 114663 163055 95994 20437 37806 82159 78373 41032 196209 137120 27548 59462 96205 6876 176401 111027 59789 167554 107907 114388 92043 63182 168934 171823 89947 5920 133206 157429 174377 65610 13854 62006 9547 147457 39449 38052 186570 70624 36000 8383 20468 72108 65555 24594 86466 92074 168346 185332 164538 192271 175195 148999 129225 108243 176138 93673 175795 92274 121017 41707 53016 13484 28182 64733 5411 184940 80917 156423 21557 150227 17156 71727 37734 79440 33755 145331 44804 154137 5176 114163 117847 120584 137207 185947 98193 195848 189896 194599 37784 137033 30656 71219 136032 66404 3644 28397 46802 58695 66979 52534 167305 143992 87862 13797 24645 29142 57944 44389 188121 128102 42705 196336 116245 19413 25993 60947 2347 97573 48402 157931 166661 97716 52221 114220 196965 171235 140405 113279 125729 155505 14556 96313 77455 154090 44236 37880 96140 61659 59771 9200 132833 62870 22024 133191 95489 6599 148858 106685 146005 97392 104432 37345 93395 164267 55132 176617 158193 141973 8222 112807 94674 142624 185625 189056 195234 125050 66736 134446 100256 109823 82674 106874 64401 89548 45154 166478 74910 50677 169716 119628 91372 113068 16744 176300 46890 6367 55674 32377 58917 66069 51105 160861 36691 83187 170209 85737 71337 137969 63971 165668 74357 170720 136313 18301 132964 129507 18700 179895 84752 185016 158883 151782 104794 191827 184384 28824 164590 8356 56955 190464 86922 90651 161529 45346 177991 178265 26883 114167 20390 114966 35567 102869 166029 131183 181110 6123 42473 78515 87020 136849 107438 97012 100730 186968 141478 65965 137131 165196 178929 45294 33145 1703 127146 95900 183900 38238 122064 134933 198035 112488 107243 6883 81621 45716 27841 84099 18992 156608 80470 49544 19903 58976 12579 35751 113076 181137 23991 131799 71086 182597 105051 177243 144879 45535 30126 133792 153999 80222 1289 25467 83776 138076 14789 8059 36069 21435 66343 118013 105423 17462 2050 84904 125784 132295 49084 116719 56248 103419 65776 193793 191749 174909 97247 166850 162545 173389 192156 179241 22201 199561 95627 36094 195936 170428 170281 97811 153998 196969 134427 27060 60721 18240 3636 59312 188748 20442 6486 21715 75549 120935 35756 146721 40733 124323 99506 135360 20196 31471 47594 139772 69402 72601 19559 141464 67121 172520 71015 183818 41581 151614 59866 167574 175461 180324 150310 104815 199047 175572 45322 114876 49680 30333 51138 79937 57054 144254 100899 107302 116735 54779 178134 36680 3023 67125 144593 128364 90024 160009 117158 22152 182754 199800 168764 21311 37437 39825 51624 118875 194078 10430 28388 143161 153587 151226 10969 109862 36332 142889 157200 36451 185124 1321 23557 165158 65775 106295 107546 6867 70553 103037 18311 37937 86944 150394 170466 37405 122605 105197 195823 178435 117418 196038 73124 193992 124316 120325 54536 91267 94408 151277 59906 94245 12534 49415 148674 40287 48697 158957 148458 175935 174687 152865 166521 20174 115136 125102 50697 183811 125096 76729 64922 178874 132540 183268 163774 77442 171489 187564 86274 80829 69047 36074 114352 45280 181160 194134 98816 23285 71397 116699 1448 19574 129819 26105 36943 41192 168734 65452 107502 13155 52503 113947 115287 9405 22532 59399 97399 177438 22910 155910 122696 148880 129623 41819 101217 77716 69025 86352 139238 164394 12968 105134 84122 52956 144479 92332 90051 138811 94867 70437 14791 54132 195642 147234 23030 141975 134290 95499 120406 110516 198817 20705 56713 47965 84883 181972 70336 12580 66927 125005 12362 45813 10828 87137 17558 163145 86681 22510 146547 186117 127636 126259 141440 110287 83616 44835 133325 178929 85440 173128 3286 44738 54873 182694 88452 63786 197029 160196 32007 153656 174899 46441 5012 70197 47583 149484 176838 186474 17237 166883 190139 32891 183664 137155 23149 108549 94732 136136 169568 158797 39503 68723 142244 14562 53775 43622 137765 21423 50013 102894 150477 83248 185175 187446 101415 111604 169122 52828 31222 100467 20172 27349 58950 52298 84592 59404 12931 179045 196623 22265 197535 195264 13716 174747 120683 33114 173409 190512 195930 106556 159615 49311 95986 1078 89177 93315 139212 158607 126587 47921 153252 131000 80114 143366 135593 135480 147057 49806 23296 186707 105786 69050 118161 67992 143196 149193 37290 87432 199322 149015 178515 86000 161228 167547 33939 9247 142553 6093 158037 49587 133564 129624 93657 124378 61854 125818 165367 168010 37421 107929 113234 175542 78177 195283 2206 187574 185431 160169 10827 120133 171305 80866 78596 109880 193634 120836 14423 160694 143069 27452 187348 7142 184486 132842 193340 101231 63455 182877 49144 9899 148932 97962 95198 106977 78508 43739 105270 42021 41983 67931 26841 164401 30063 114117 86211 172512 23386 18563 11783 147284 69676 90836 144468 166177 84687 148205 161170 122378 12565 102273 68146 116279 64782 1706 145666 129821 87869 54875 122816 16874 25626 122429 190824 37365 17862 128038 78458 36540 145761 133128 189555 7223 72166 31984 40731 192412 132979 167374 143764 179208 14314 69998 158071 179772 119127 99369 27683 160456 142225 14613 164817 35058 43266 191497 106494 112675 175046 89912 174844 100651 165269 2775 120314 188961 199834 195570 116127 191284 181789 164854 188284 197045 197095 51211 57708 13093 88335 198955 40315 39348 115377 27899 140126 141342 136208 73163 147643 124401 24089 101554 82131 56995 104525 92498 194486 77703 113780 131872 117074 177641 64113 124647 81275 119774 54691 104999 145593 23805 7690 108823 165267 134263 56524 187043 29647 33447 140319 165751 170103 15886 161891 130789 17614 30326 170393 148485 124155 169252 83990 43623 97999 54510 166343 149597 187595 198932 25176 32286 181213 105826 109120 198841 133947 21684 90107 68917 171227 184303 156826 90979 169849 29061 118779 129774 5261 149592 85743 8442 175810 82269 186909 165070 96057 138617 39045 12615 83857 1332 3680 11411 150467 144117 139180 39542 36263 72122 100749 18247 173605 151292 141207 126817 19999 115964 118302 4363 99103 124186 169401 170246 50058 11035 197664 99897 9305 33965 79085 133975 25573 116929 95875 104899 41453 51712 158127 8045 139610 9514 143546 133712 76519 161379 42190 181325 123797 169387 178622 39207 143639 95122 191420 52291 12710 63365 86638 160465 105894 114807 78056 49520 86608 85106 57030 18645 115749 144336 138390 153315 189058 3628 66977 163391 43053 86145 195684 62895 73739 80096 126057 54832 71119 139096 190509 56391 36767 128007 142316 108971 121437 133329 57080 89399 193988 93015 179128 80198 112062 38512 137213 72388 1768 43497 129800 159913 193072 132299 86965 102694 121824 107358 37511 131950 119642 69522 126827 58072 17448 94613 29610 179583 49045 195279 59317 111969 170384 124284 11052 35571 34093 109282 148031 132984 142560 93559 196276 133326 21489 33221 2840 129227 73261 29051 152857 118501 45847 153722 77782 7431 11829 150674 118133 25672 163062 86363 166401 4587 97505 21656 154466 72405 51012 183335 31281 106020 75564 172815 45578 107978 145119 4098 157300 190985 140298 132653 48134 118645 118293 88357 181150 30017 182705 50676 113918 155767 155703 24018 81829 145682 158519 169066 164475 85657 48958 23929 144474 115433 85036 158511 6620 65434 27453 76205 59483 180284 109892 141677 33546 175509 79138 92780 139919 196404 111718 148313 165649 157623 123049 110084 39029 152604 114447 148813 102004 9190 168218 100961 38998 52722 36542 174881 59988 81092 43398 117501 91493 157269 187490 60214 103300 161090 197743 39580 142250 67058 186205 171969 61883 151395 184699 61733 191120 181397 181868 116023 181640 103480 56198 130707 148079 122273 130865 46035 22118 163305 13658 164788 169115 122568 183596 135468 73450 8756 25149 93282 8259 186485 1838 125078 169612 145121 123513 122372 16482 171172 92636 78971 179092 168796 166778 169632 169482 12560 154274 44452 180628 137691 173326 85028 140939 109064 61374 158325 24931 122375 57726 86564 91858 74275 113018 25062 82661 128671 114214 24095 195353 9986 1690 109463 184 160084 3473 103476 22209 129229 88790 66884 153359 77201 180217 137505 88799 116244 103007 130166 186003 43918 16751 171139 45163 95936 172189 20589 4971 103098 20952 53950 181471 51916 96038 35282 159456 112528 64452 30163 188852 117061 49120 159875 95793 171638 29957 14509 174537 182956 120217 144455 34318 182449 39035 114977 90578 167034 164471 157266 163767 135591 75840 166523 20152 40050 131944 89554 33012 51637 113057 14524 143205 120795 106018 778 41287 74781 37828 42985 23162 91626 23109 88930 29133 189437 8098 130178 42219 92414 40561 81210 17073 67115 32985 66383 10097 24648 118749 108816 78939 16775 147336 185816 296 15811 35832 59224 29100 124612 77683 37927 141290 81405 152946 41100 167593 41051 178011 164973 185668 17591 60873 51396 56948 148556 108054 94865 101227 162540 113624 198810 66567 105050 157230 9013 37087 167857 89651 76139 75262 98509 98214 24608 91804 156684 86729 138869 116646 101718 76893 66018 46025 28144 115399 20383 124995 55079 150130 96611 72242 23644 64775 55614 11574 88845 168063 121758 662 96452 102933 132566 183516 101231 192068 110749 69505 27590 127008 118858 62864 49239 180906 167922 88792 43485 167488 76568 142647 83828 77190 80169 112527 23395 1817 157229 154359 60548 41718 199689 75014 195506 192084 118915 52858 141869 82672 177927 188246 66901 14553 174778 139370 106620 135540 193748 76166 181451 132336 43325 11800 110757 171106 27802 129454 41428 157791 24533 11185 19930 163405 92907 68660 194372 72130 26523 17611 83080 185533 3170 27992 159111 73997 64150 171132 184266 2748 198064 7447 22929 120761 1212 152688 168493 126449 15895 194241 88571 35909 34606 178999 67239 171268 63317 56555 195960 2622 195714 86788 51164 148805 182733 169018 136304 176434 182028 55984 85174 15343 21902 91620 53187 132679 138674 195181 28506 20053 35103 109347 75510 93552 90965 101187 10733 85999 62959 107315 7080 149421 137770 58376 3404 46468 891 100644 133398 130392 22759 973 171627 42455 37108 70133 159121 97707 36966 24721 152396 122012 173652 878 2754 130168 152898 81450 161207 34731 170251 137265 44818 69996 173483 143501 127012 197756 10954 178829 123246 117531 171534 16918 25444 153693 43015 189660 94156 99085 75023 96153 94855 153949 172653 115945 36348 182452 189134 164783 45323 132896 191853 179911 115069 176012 54943 122601 102600 160437 60196 188807 2346 165855 110013 89687 50750 148314 195426 54314 141903 122274 167964 1013 133220 156735 191855 99936 185569 188876 113266 162057 1342 13970 110848 182102 174103 80142 119780 64450 185183 156257 87742 165411 43125 38289 92233 124422 97773 86396 185719 38965 80640 118209 37686 135071 38479 197804 166402 159704 62746 170056 86686 138339 196896 143400 116584 117866 63374 152069 52345 36629 104650 95227 71446 167925 72831 105333 17725 10229 35579 173309 4165 195086 173058 65041 189873 69962 75919 169391 71085 103664 64212 28486 126057 189644 53167 150132 42496 8027 197092 115898 119649 87205 178871 88351 94261 100301 40015 47423 17160 77103 185151 183795 6168 188498 185337 110820 184910 147332 47141 261 91725 55500 58143 154057 80157 161695 68393 109936 153881 184154 38016 23454 197936 48444 38337 163891 137462 158379 185197 67301 186668 190048 17796 27388 152045 147995 126058 177665 90510 54053 7197 48792 99219 104528 95081 156189 61855 49735 73096 10955 43066 99377 107373 39119 34708 102350 110680 197675 177615 185661 120486 28120 16410 166183 27823 191938 129156 7889 169747 193120 82547 136683 119575 165278 52990 10305 178350 32866 97054 139249 45925 192525 131475 1777 62435 81962 38902 167406 132741 100704 110879 61535 124841 199234 17002 94050 132625 553 70753 84542 145082 90038 172436 146698 88128 50950 48613 119799 25904 190322 30013 91187 165873 112831 85577 57320 149450 162714 134439 114356 169213 59085 150643 25329 62185 146243 108867 146869 98117 58520 40017 87458 91940 633 102839 177854 18729 30463 58039 39671 150168 5479 29615 18469 20879 146199 52529 35880 1643 24238 16635 108844 127144 166817 193049 91995 197955 182942 187228 55875 175596 160898 126783 167981 185342 109126 43993 176302 197898 85992 84582 17436 177601 29458 100129 192550 169845 74103 173081 142547 22224 81612 82399 81117 5022 128471 13621 59820 88111 142238 73842 143821 196847 91934 158629 86301 51804 16494 17394 96170 185104 53649 159128 74451 64419 4347 151320 144854 142298 97723 167577 12233 170504 95137 99585 24769 163330 14150 121898 24237 21155 137015 126378 164925 171161 4572 49998 80307 75242 144660 143523 44824 38031 6151 173425 41971 23760 33197 57303 66805 69048 24300 109500 11825 143699 176654 157468 87165 136347 23993 83164 29252 187595 199850 157389 46253 144726 183690 37186 98717 138761 150884 197748 112628 165034 92652 175085 135240 158618 135541 140162 141417 28016 82734 182722 113593 184082 90376 7794 40515 52306 163966 181228 36830 90823 84882 181959 122288 122404 99138 58783 58146 23248 195952 72740 94661 10959 69093 194609 98075 63008 115065 165354 131259 158595 89363 3335 144422 76757 164125 89513 72589 135198 115276 22828 135488 51148 49038 118681 104983 73887 168465 91302 100448 92486 25990 192863 91098 93566 57318 130620 159629 33284 47834 146452 10916 182602 83311 10087 148371 176732 180651 2195 80790 65861 147215 191443 36683 140871 96797 172460 148945 77044 77736 118923 114912 192675 82006 47425 37087 110934 56267 8911 160574 91279 17382 83583 176254 196710 121305 5453 6539 172398 58458 50302 159684 143341 17170 85452 186457 74080 161254 28411 138845 50702 187334 190760 62263 75237 57926 31742 40651 19802 122223 117720 55499 73496 131378 77847 54856 143625 77330 154711 147953 174827 161572 83512 156232 191290 63883 190834 168956 135073 1531 155526 178070 143260 26032 68144 120029 63598 131090 126092 106023 5177 176717 34949 4099 132013 162434 176032 17540 115756 48425 139328 161976 42407 20642 147213 13165 72888 196686 13841 32597 3125 124644 41470 157759 197274 106984 161634 12751 20952 31594 190292 171754 111295 43055 96937 14123 116090 10646 43453 135611 102931 81867 195670 31026 27581 145909 81399 121637 7777 27058 70825 132896 56408 91504 87918 93009 143501 162674 135681 95712 31914 112361 97972 107104 193061 194051 189461 159343 54542 177493 183022 59296 86681 37933 146555 146387 131167 40274 84456 132040 177851 97164 144405 153756 25828 135436 63434 90627 196125 127232 186881 85930 56638 67437 16582 5657 32192 104331 32715 94370 96009 21795 120884 173367 51246 166484 40777 92881 194663 151101 58220 18329 11372 159070 99543 151164 123898 39508 112102 59996 199832 137321 161967 11244 180505 131194 138419 115878 42631 162151 12761 120533 35290 5177 189061 183806 177134 132937 75712 127868 157102 163302 183377 109066 69355 164083 127197 139632 81278 34950 64849 23222 188840 188342 115567 98515 140698 8485 187600 23973 181384 9644 82391 127809 191820 84613 184610 39044 6065 184216 24187 92314 161458 100425 53035 16727 198550 77257 157572 120499 53704 4338 15746 150596 96632 26635 52545 134742 149734 144417 105026 175278 58718 8077 76700 520 35458 113559 16654 27633 185406 150634 177578 165671 189752 18662 181531 46424 155990 120752 113678 164071 3263 116097 95353 179812 3670 137298 164781 45492 122903 15793 70689 190292 37241 106706 85932 11014 105748 194423 66772 99803 83117 139306 83276 189435 89327 9266 193792 196870 120403 55264 22359 143542 180026 110752 61021 126936 2510 141299 109485 19096 48238 57683 193216 129274 23640 179528 17971 166232 193053 116730 56689 41249 69969 154429 22631 18109 99232 186242 53040 90161 94256 184145 178172 119693 4003 115458 85258 169049 55815 62298 69762 86248 91148 67139 173541 97800 110995 183691 32094 118203 153685 131770 141590 15742 100365 46866 172880 125675 165010 131150 70405 2474 148161 19440 188611 104302 51338 92002 177186 180406 49566 180516 178206 58012 45126 62960 45756 144972 32322 46790 143251 163117 110712 76663 156055 97401 153442 134269 196110 95268 54767 145050 163608 170396 118151 61239 127002 3037 130328 192091 123512 120287 175360 29794 5129 171537 194926 130637 161259 139168 148878 133241 52486 144378 130847 62332 144032 183526 133433 152023 1009 66162 90213 26446 182045 24207 175996 122743 173714 41869 139532 77349 117472 169556 83721 76716 32174 3655 123432 60447 49437 163593 41210 91526 55683 25571 53740 176897 129448 4540 194382 150519 103837 91196 10574 163524 49863 43460 7105 111693 199977 2550 11032 164757 60130 90248 155942 145507 87810 154923 15881 157333 94113 139464 163459 32419 126660 153861 126968 143385 169065 33466 89789 173386 70991 96644 14619 151707 70181 169827 112403 39489 119913 122212 125655 25253 194273 186028 129742 66359 18716 76526 78838 103481 24929 198816 44023 121318 139685 102776 53036 144351 166876 150161 112360 134883 151178 145671 13522 35423 183810 96401 183610 12903 37365 163295 169075 139131 18369 165243 199204 181492 112928 30147 61965 11767 135766 76117 162281 164384 20235 57865 8910 50388 95414 55357 123873 170155 4712 154699 4731 15425 153486 133715 197316 26318 94872 59230 39528 28973 93530 187873 88091 2946 49722 117920 48579 69138 15886 83908 195154 175037 110154 15052 11675 103088 15526 139180 172955 82449 193950 103172 26512 54195 170313 124443 54612 161079 177864 174153 83266 12788 118013 154173 134579 77059 30252 162252 157153 180355 114771 147790 106136 140253 131377 62414 17448 161869 107593 171975 40891 42181 195797 157001 107289 191739 157666 35926 28407 2970 96798 29761 199836 141701 2144 89288 134361 173618 186304 96847 15732 160538 121857 7158 131719 152129 19857 131069 3330 36802 178805 54624 91803 170149 105759 195166 48932 121553 158101 132719 122404 38717 179730 56348 123119 43004 78781 185100 109645 124661 39395 51592 69935 8458 186852 162429 156654 176784 40674 85507 42405 148492 88949 97505 76763 160416 159076 174885 7177 39871 146898 191891 178799 87201 23258 131928 1397 70297 21968 32849 8129 197165 75407 151789 144241 47314 86339 91475 141046 108868 169272 141092 105720 111436 96452 106990 175457 14909 150374 53044 113799 175086 77854 150859 191002 181728 192491 88776 50560 43559 165339 123261 65060 198768 194446 185531 158141 29100 177150 121897 37534 76790 179585 80125 188448 135193 57985 154076 187711 44764 27497 124312 84958 284 100504 182815 177595 168450 190409 19572 23664 189348 92220 66574 133982 94172 138207 132181 43291 192980 2722 47759 112611 129971 187563 187916 39029 97522 100092 74053 130432 101218 107841 97483 177551 103402 108438 132648 89787 78938 32161 109497 188416 191466 161034 154456 99045 149602 14762 161311 42867 179087 65517 88095 56160 128058 25113 72494 132823 116826 145406 151090 43412 184979 193125 141156 184160 174745 130786 176893 175937 79775 57793 47774 72520 25945 160665 191338 98914 25568 186655 47700 103422 164981 22910 186577 80787 17799 78104 47361 112552 137996 94746 46436 61475 55538 77417 124252 66081 150686 95477 110041 41355 19845 119032 10181 112192 84982 174962 1260 115571 107196 17706 165689 16944 11341 196485 105991 77965 151269 2955 125364 59683 150891 173438 161776 167079 87498 141657 18853 53338 175336 192632 13302 153782 89229 163805 19718 45867 176243 174068 28925 167618 127653 85227 139773 21661 75354 189179 38802 199457 120028 97626 100841 19330 149916 67990 86269 39033 194557 144283 138553 111964 122967 143254 118269 13873 40742 16236 140520 65859 183715 183400 13719 6 183982 51899 193899 169381 118319 73877 112021 159527 146594 142864 190592 189798 33576 141728 14162 68278 123229 100613 142221 72203 70136 16579 135173 13221 64791 16408 157912 23240 89743 6048 147061 186760 63386 163341 140195 191203 168057 109656 24935 127306 66074 156547 7027 180804 163353 57646 58657 139240 198855 191156 12308 28258 136274 188639 186569 7224 105100 167256 84517 120452 134089 19443 135417 174174 5270 132081 97938 164384 159090 3678 96581 170897 64385 197546 128355 165082 92517 100369 83075 105332 13128 36992 189680 187221 111914 6967 27957 143475 56589 40899 41879 137333 34886 197169 80803 59990 168514 55521 60951 94544 125303 39624 62116 104865 57954 68247 140766 118857 50168 162986 3790 166153 27646 72131 2534 74442 42950 888 176389 40812 195262 46983 140393 133310 156793 36396 58961 92090 192839 181753 39895 78350 35724 24153 133255 159597 106924 153119 32622 45615 135612 190960 81527 106639 45634 25690 163097 59343 151837 109238 59981 152123 124441 142131 43239 193704 169064 155108 176012 134840 42921 149054 150333 162149 51170 172820 152067 153473 111192 97310 178576 28644 19801 38127 43505 165093 120586 29613 22362 137563 18364 67850 104144 109940 52867 15645 152859 107327 104081 72968 132565 158605 179985 46956 113690 53404 42874 191516 40220 33042 186442 126038 65655 69856 197211 140815 148869 1129 103677 153456 167717 105148 96306 71154 171717 115493 189129 5018 128924 106121 135268 154701 127069 24443 47734 11109 100784 88588 149331 94730 15524 182214 109953 192541 119576 189567 6707 93336 11771 65834 110212 118501 102290 66355 172244 85565 143899 131558 45271 115582 54356 122599 81240 145233 180336 9168 164802 67693 59249 92998 157382 12238 49785 11196 6794 125382 130301 114994 193649 123769 36142 165280 190007 4204 184650 24046 164199 29372 133455 2261 171231 12700 23504 192860 53762 13099 90544 58217 11044 92677 173154 46766 193603 155756 190265 79421 52969 8385 30044 8276 132459 39603 86034 150734 168826 195093 194437 99654 190372 66349 167034 199159 82041 27533 168018 35982 97309 24661 149171 179016 175511 21397 27191 138808 132853 181302 97257 92857 158322 19037 74823 176636 159555 174398 85232 88671 157982 169004 184329 33634 103018 132137 137033 165022 14699 133733 15635 21058 72846 188280 9481 186755 188837 153214 138931 89645 184453 188931 55921 82871 165489 91439 96061 115290 197101 36056 51122 129379 40940 20824 145917 97266 130739 150101 7783 104135 4655 149332 34957 13111 130588 14452 106308 48820 66678 114294 126226 88863 183666 28325 130381 178652 179162 41180 152652 8591 61015 115143 85277 11102 117567 91340 181945 127516 174357 21220 76893 37958 777 115236 93736 138794 194680 8173 17212 157543 184015 130517 194751 150951 69773 140859 167289 148590 36896 67813 133795 170169 73842 96840 166284 47681 16692 30339 177832 26914 172888 84544 176986 51779 155454 54501 19987 132678 36899 191251 31723 128092 97247 34945 142898 148885 116337 89926 52016 85953 79596 134662 17838 47919 162279 131884 198674 112292 10538 1986 55185 81497 16435 86452 124114 36358 144917 148480 59818 154028 124112 5054 27738 171475 173188 55533 73569 195665 184146 21048 71045 153058 138454 23790 107582 133230 126789 182480 184509 80442 119439 197122 195155 173881 160456 50617 148133 101380 30936 133535 77681 33844 92204 82273 744 177260 110305 99211 64358 162817 55139 193570 83630 150441 23645 128368 56260 179325 137460 115207 59564 115836 168702 67885 192418 65588 161934 22135 76647 15681 159249 122613 135335 40784 165450 185913 126343 9516 120013 194341 198525 148053 41031 85746 68667 48242 28864 97926 146295 112330 111653 172746 94363 103430 196305 38265 11322 66980 1972 39434 198943 22200 37465 143949 132674 102263 150471 38865 56208 38581 89161 181593 21898 33099 161947 195720 139198 64940 178179 81537 16680 40972 144889 184487 138263 50148 11755 57838 109590 18444 22933 82896 117681 38223 127895 28471 173762 8592 95606 7242 37485 122032 123422 48952 152087 101380 199498 54201 117188 175053 179324 135407 1650 47288 71339 89013 51477 32035 103966 39256 54742 21880 119878 113663 44503 75904 73036 81907 160959 100341 41321 157590 65573 96758 157408 85744 71985 77081 19838 31505 96812 172088 155149 103866 41473 35745 177916 158977 135620 167704 167115 190027 49519 170881 165735 138455 10837 138961 72513 148526 103522 161076 73069 163730 61701 196540 76878 96055 74693 70456 133264 70683 140582 28996 19856 117245 147134 114015 150515 130475 180185 87419 9824 130703 187000 193323 181773 12682 20140 182801 182672 154162 145106 30076 96602 172643 98664 173343 36079 120338 190002 117689 97045 56276 68419 77059 174666 168404 123045 136733 178521 19951 107834 100995 48271 197816 8530 33467 142091 16107 173966 152421 101204 186207 99451 167222 22257 160890 37205 39293 109861 117644 22098 51915 193287 120807 184065 69450 95230 144924 139184 104135 94180 11081 166314 45033 40239 4566 100415 127628 124707 110444 31695 164967 1921 33524 173363 23161 10761 124533 96258 35689 62635 147685 118002 103974 106433 175823 20827 118745 187779 112309 101333 19857 149008 112475 124525 74267 57218 77488 187799 74676 33031 108227 26632 44517 68723 40284 137132 85757 114207 111057 50951 57802 69175 188480 56552 85222 61109 63068 93271 148809 102278 173135 108435 13914 146049 69174 62702 137183 193048 87613 32570 195894 199876 63906 181292 132717 48580 96629 88018 3885 195482 157022 187471 16994 134473 185032 24666 123723 48490 176565 53810 167094 77560 26831 22351 169984 190686 166238 87026 31587 147638 177051 107536 17785 51801 198839 10365 35731 48434 156252 40444 25944 145377 163069 97564 77848 192933 149396 69225 76382 82201 166811 119345 175931 64475 133325 199696 19021 168753 138119 141370 9506 44546 9267 173270 4609 103724 54074 164774 89403 33599 96957 115253 159312 84581 110614 5485 53330 58594 61296 101652 167048 56466 168153 59024 192291 118406 195171 146757 87234 89908 194762 173334 13506 47160 105818 53611 75561 67831 61402 6191 163299 123656 98466 33999 65338 67573 99726 70331 78255 71355 60308 86295 66194 117950 92408 154637 124980 36922 81123 333 47759 68276 52099 94209 158048 194520 116468 120598 135029 56814 78952 70858 26994 198718 73066 72758 148642 30426 25631 33043 3820 88764 174977 84402 121696 146547 11912 194161 171982 44033 107166 66745 73394 3151 1676 66628 81245 140421 146026 181095 163365 18999 125590 97859 18835 105354 60699 159101 154818 126897 47286 56763 32382 166090 29311 2061 100741 39851 7972 186581 144179 8844 5670 109841 177280 65801 100888 137727 153466 29390 8807 169171 199924 131600 165289 81396 112763 87068 89991 40894 148886 24767 18997 15185 112337 162352 43663 64305 113547 32072 138635 131213 67049 181941 20951 92770 145596 54152 133975 79038 9106 61093 28312 94128 121611 77600 59686 195971 127893 487 73095 59624 75823 108112 34166 81438 23296 74915 114735 46907 140891 143486 85856 138840 141108 100778 95573 142694 26845 41459 61040 92941 143641 165040 63253 137444 12256 151437 97987 163114 122958 193119 13925 53253 11491 82596 13782 129811 45375 187800 65093 93493 80003 147563 38865 25932 140127 139691 55893 25891 77526 126490 9051 81614 110752 148058 154272 95699 78261 64877 39754 128393 92423 6689 28603 180953 167288 149213 41101 126193 12076 173678 20627 87294 102995 175122 145769 198748 131109 64725 146553 39509 38818 71154 188332 69915 120296 60672 103568 76972 91147 174993 12282 142413 141597 181814 82695 91205 183214 139014 159656 58329 190165 114969 164677 159518 56219 67838 168338 134103 133549 187546 75943 110844 66880 80348 84929 132137 170816 167842 72835 14560 28331 138373 60614 20081 118748 76983 191937 70210 27530 43820 104851 68983 126607 124447 42970 125459 85703 175968 160326 125860 35252 195341 130795 108573 170541 37330 191230 74305 183185 87501 59477 107803 155208 89797 65382 169284 196874 28546 74431 161580 78407 155440 121587 104154 15844 69901 109462 6148 37853 145525 92616 149318 198395 113095 19290 60996 146771 105479 127626 171299 126705 134567 128961 193034 132562 143884 190948 172573 172825 60527 23032 126887 172667 41880 27474 77792 44964 37624 743 57512 15918 81760 63969 93320 12792 199930 82121 176346 22976 74205 161129 31859 49576 16860 97193 48454 41748 68756 60559 110255 61773 122567 77896 106267 96265 10734 120821 119739 101875 163906 195475 197324 128933 153560 7002 78080 20867 82964 3363 192625 75577 68903 103190 192797 103124 90729 155319 112859 59558 113571 54548 110246 28927 17000 43025 35493 146626 3063 29489 137698 101132 77910 52250 96667 161353 36651 84937 38712 118290 110810 116029 177625 56690 118766 19803 98329 118391 90463 147023 81599 10291 95553 150527 146233 48546 183551 106864 75704 80892 130351 62696 101994 116293 100219 112625 68851 136528 71799 194751 13630 195695 125277 161435 66456 65637 111102 4166 37983 135206 121413 178215 158279 91926 6437 62952 15886 191135 136721 24685 179744 30546 43598 110838 21524 65183 48849 189473 176136 74009 55259 32733 82383 18929 33887 156200 45031 11589 45625 128219 161296 116592 10147 190116 71623 143349 184498 114288 196955 114078 92530 54212 51267 39999 57894 35842 167426 179164 58880 135869 141634 134718 138958 89781 76756 102294 19847 168982 33905 194807 103762 131373 17052 94889 120834 50692 11492 46740 78958 64933 152892 61234 164916 135128 163056 16873 26192 107395 85079 135425 112870 119609 78857 122128 127673 173762 101856 46863 36848 110835 71664 120823 460 84754 188518 91878 58365 34274 109395 12581 78828 40493 49714 25287 89597 129762 165046 30182 188570 159570 136911 161613 45885 98088 47176 49549 147789 126928 64325 154143 9002 185372 64326 8648 168151 141785 183540 59385 2376 30944 145726 45225 65479 128084 179385 149601 109160 30016 42578 163581 125192 116445 89268 117000 90239 5807 15559 184099 183456 58399 98066 195731 103366 86647 134603 167302 113289 153613 72361 159068 139399 30978 150462 13223 22309 188667 101438 106138 17442 125658 27187 129985 112280 124706 85939 126882 143067 132508 2752 117992 178807 168401 171897 52783 21045 95497 48903 4345 160136 73098 184693 154389 195757 183802 163683 159683 159667 138032 181566 187669 128100 156915 7124 184034 142872 80281 112904 195062 43205 86518 160645 87465 39316 13949 120600 109116 73823 183330 78171 139729 22724 81386 81131 174240 3608 29545 164870 105690 188140 35241 74538 151057 24368 159962 151591 130173 124019 148939 118647 190578 175083 166287 58095 135656 60846 3381 114859 76336 40779 105473 79564 105383 30983 123568 41487 76761 128202 61634 118609 64868 144714 38382 40577 61708 34799 68321 53056 103642 142136 89444 198470 74929 39548 10130 63075 89232 75577 36014 12825 149916 190521 195025 5539 170145 135235 166677 115378 23661 176224 10226 85206 124131 194688 197758 30975 9667 99239 192184 10484 156364 34686 83946 55848 77048 160149 149938 55189 143589 131653 186013 44241 33545 12471 199318 36882 87952 106391 143032 124365 54607 99151 30147 76610 13365 171670 57034 104154 93131 111861 113782 170233 158236 100473 108585 82222 63098 148209 170936 197403 93567 86247 175903 128589 192985 141478 196570 155205 14804 150035 138171 139732 152553 135756 142651 55447 99698 118740 50788 175077 97327 147186 57160 87564 165278 176336 58740 90877 70026 23645 34783 35102 9427 182815 55673 85575 76808 129416 38136 11226 177565 45739 151368 175331 43432 17957 8320 152820 149713 6376 68092 11212 15057 97683 157059 157111 11862 72473 81448 227 188070 23563 7509 66172 16706 86431 25982 34262 134097 127094 13720 176312 193198 30065 61712 26612 55706 31241 103372 166777 128870 198054 72182 21209 10011 196995 68018 65193 7694 137936 173707 86908 27747 136751 15462 161675 37463 157947 165553 31992 12135 100860 2871 118945 30001 34490 155041 68278 15550 180649 161724 86310 147653 78946 121798 103428 178257 113435 98987 82038 120183 21451 24211 187468 44547 137024 26808 114661 634 94327 91331 139964 23056 12278 16936 112344 131790 40376 8638 92977 179646 192853 117629 178759 52148 157906 23033 169792 1866 20418 42122 120150 98107 6177 39853 118533 73172 95211 55136 6347 104041 178613 8424 64709 61898 67597 132272 198130 58115 182443 58157 192745 144837 118550 125695 71171 27461 111545 155877 77116 133619 63464 14735 25450 173851 176262 85221 193889 61365 193457 187867 172201 101503 83283 139851 127160 33112 199806 101716 134012 95529 185315 186405 28934 148919 82373 142214 163320 21603 79583 164284 197133 60254 198355 90151 176676 60926 60621 21015 180595 118376 32062 186742 199530 182404 32835 35365 76297 92839 76147 57822 108515 102276 113131 60698 50539 136299 158554 6627 170009 32476 112563 140880 114093 165360 12334 142451 187403 177503 58211 149306 62778 101513 143982 16285 110419 97515 36699 90181 107324 195033 66118 165683 165241 121914 180528 112889 30268 145239 155926 138746 169891 182153 111291 5884 14751 135814 132358 194917 108065 68486 50762 158283 159790 193425 155227 155616 73157 172960 146934 139478 153117 2833 1905 87444 71773 19703 82058 156182 185641 188684 136703 34635 28744 7638 124261 42178 144324 191778 103874 34751 103382 100178 68772 5600 54132 73376 63510 124437 45104 43173 128060 141371 61780 157982 187712 154947 180279 117022 171550 173005 161235 77282 194387 187138 152052 15086 196910 3445 140002 105115 8538 181322 144362 171164 85327 112998 125306 57580 76629 155501 62064 175896 133757 110058 4444 167354 157994 151258 70071 80668 132481 157074 140945 112940 101420 29688 186327 60765 117538 91794 8681 174012 193268 59615 120780 45331 149820 168747 170271 58230 169205 162752 9768 50759 25255 82359 115010 45948 50272 175742 52248 82385 2363 106710 30536 106846 139749 18583 129608 184503 13866 139603 177260 80832 65489 4732 166819 18534 154549 16033 160118 22131 192210 143981 45742 3366 52518 76959 199019 142698 20847 176779 83735 18422 33128 176667 185201 79443 82402 101721 64540 168167 165990 6645 128562 104130 115547 246 186291 9208 131321 97893 152505 73177 96500 47477 68630 19305 180901 90593 170795 49030 52028 33009 111082 149883 48737 133540 140488 196262 155486 115955 142203 36665 171750 166648 130809 59872 8389 44200 128422 96744 144803 138317 37547 18176 116637 108058 187935 38824 75319 44115 123392 106932 194612 58268 54910 126812 97274 162946 5183 113092 74328 96017 175753 96260 133817 157346 23842 173404 177194 173618 32187 77361 133848 89078 72841 159754 105081 25565 59647 79102 161266 87219 185745 131651 106930 52073 18539 115834 142381 64272 60863 121455 97541 120544 154816 159161 13190 63152 165738 102992 11231 97769 446 142246 132062 129363 171142 138861 141538 103288 98802 133642 52649 106608 91775 4756 121348 114962 51196 121545 32217 133229 53009 149043 20493 57663 154514 169967 3299 165585 59118 140034 90341 24879 95217 168024 72539 51723 136 26500 47274 126150 139106 108510 167711 106171 45204 147379 62482 69925 37530 21475 42692 1472 24682 167618 53457 103087 155536 176901 156288 103685 88125 152237 25052 161254 40957 16848 15811 20623 120512 127863 54776 108558 46891 50266 78391 169508 36331 40293 131162 65445 111164 71131 152791 136469 136150 123906 109597 166178 46555 21984 120570 146891 152989 8262 155923 131707 187695 105262 150722 184340 7704 108624 45400 164290 176072 124804 67167 119715 10638 89292 197204 8916 54099 171591 197416 186378 92770 85153 42438 31352 158318 16674 137018 127271 32737 87232 98847 85684 171744 147558 4037 131343 47768 70954 92887 177497 22118 25299 162883 123582 83015 167453 19580 62953 6942 134363 66781 19248 170998 27445 80940 52021 101116 129730 17206 81471 132689 197761 56341 141812 151553 20788 54450 154453 98252 197361 193954 188180 91495 75792 198148 147830 28421 62335 109976 142108 196498 76348 38560 191274 46363 72825 103955 101561 70944 197180 98629 10951 51768 51059 26997 197780 27979 182421 174319 35925 54778 18191 189772 185261 59371 155250 197054 46650 25253 185490 73177 38571 59421 10705 191556 43024 92524 75236 78266 62982 34154 137410 34511 130939 144422 20534 170060 48803 167015 48876 2389 144637 62821 102951 18222 138521 158925 41013 45420 3785 127977 1621 127604 37394 37984 43410 175009 191839 277 81695 118583 104024 169603 108892 17162 27865 9400 27153 55970 165777 150932 178956 83611 130208 190363 16714 52030 149227 104762 89610 30633 130596 120121 81726 142552 54070 140493 13770 31190 3732 41915 47621 168522 36003 114422 46969 134097 156864 63915 45149 132261 79466 170134 166132 112844 141775 137296 190005 196709 88928 158768 25806 19061 76609 24012 103096 145036 137144 27175 122225 175986 96844 65790 106928 173338 148851 181980 197821 89398 97375 136443 123816 13016 109615 153825 107731 154150 156533 88634 27146 66030 42689 112437 137733 64071 66889 15441 40023 99357 89745 137027 177688 90595 51352 132548 35767 41000 197225 52013 46295 147121 196930 23235 91502 71026 128820 186452 149689 168180 104275 70647 187048 98767 61480 69689 170818 10974 54729 190623 74223 19060 17785 159597 108640 21541 128592 120405 36487 106448 169413 32183 193402 144914 128498 22192 46457 6580 63352 155823 47287 39724 149068 47302 104540 87586 43251 179873 102962 83610 45614 145241 170672 82254 162503 133471 148053 178004 107096 105465 11076 133216 170990 103969 174735 138748 60580 115666 1068 157864 195133 62354 46156 167381 66856 20083 76412 173239 159015 29037 35968 26711 12575 149690 20687 10674 102144 120412 75761 156996 174433 90679 159589 15339 66179 134400 163586 33858 132486 3364 185709 129622 54666 4594 55024 72820 172244 72467 197738 176395 13348 8300 70650 46118 104180 63279 158792 126339 184776 76469 81951 39675 197901 97996 195199 171487 151650 85244 151439 184376 80837 136105 148989 188666 67927 143950 141544 20381 84597 171622 80683 139144 66040 44768 91386 71161 150264 5881 107564 72906 102995 45799 15044 33173 91659 24493 134673 11645 135835 69998 165607 3351 152077 62430 123423 180809 118474 98731 70759 64905 192452 179921 177381 97078 180742 120454 110689 3601 41005 165879 92429 165765 96030 101872 63810 104677 30089 180649 134904 40992 169371 3605 97359 182084 188878 46265 184217 101602 75528 170253 63475 145903 188065 81592 138763 165122 163513 38001 117219 189456 35769 14081 130053 46059 3661 174952 151781 150833 187950 192032 122036 75600 81195 148134 127221 59634 154557 196975 34182 17440 1876 73868 69379 16871 106172 199383 115662 114757 160642 29371 184552 1087 11835 108052 163455 119474 121500 169776 83717 25412 85803 170776 192817 105477 25180 27720 22561 80144 61236 3256 176649 56967 184640 76367 2895 196458 117473 36777 88388 24588 57669 157828 65820 80454 120021 66312 175043 50117 140432 151881 55663 127255 113751 44550 60533 99074 5900 150416 145279 191055 44228 23702 43878 110655 89497 142610 20872 44489 166542 192731 69614 67479 122543 133094 132390 154978 49072 21769 27549 137259 177661 139881 60586 145203 169607 94908 8019 57088 190505 46264 85533 4083 142028 182673 139288 2804 6016 38421 129865 65737 112800 140574 134994 176632 3104 56673 163679 198587 19368 149073 18560 111115 77921 184598 132179 148307 78241 157643 117935 131762 3287 47929 158227 62599 37562 184510 94792 82016 101711 145640 75236 183417 118930 163265 24128 3383 70253 21895 53859 101756 148643 153956 198033 96029 145478 10668 56876 112349 22096 153554 149297 97605 132614 155146 94619 197934 64169 118932 2001 81846 18503 142810 12163 51667 141895 16033 161623 48505 144865 63769 35895 167777 125374 137945 955 86851 174625 29626 65774 122044 39407 16273 96395 95899 91541 166420 143152 1351 75433 11238 165070 120672 53215 101552 75102 126914 33424 135125 58277 45837 157664 4136 198708 99243 73938 131940 156975 181209 8802 139304 99507 43508 1368 103580 110394 121313 91970 21170 98734 192311 120314 183262 97201 52868 58555 170947 103238 74706 84692 50914 71476 61164 169244 92742 1100 42231 180765 64500 153686 35714 11608 131604 163252 136294 60498 128625 62325 130792 81052 130720 150640 15700 127699 40356 113583 125138 55993 90591 127380 45634 175593 48772 178898 134891 87086 156706 156979 72545 65346 5879 38420 64832 158593 45520 166924 167077 154959 107345 30337 105821 18143 162614 101045 174126 15656 122363 118200 177396 128117 15747 14804 89270 81433 83429 22037 89639 98700 141296 131342 61965 150819 181945 16609 5439 188718 172875 68522 147667 177402 136820 102899 78293 4448 197855 27909 165305 142904 58250 29020 133111 43747 152212 155743 153668 133769 189049 61635 110564 28216 32255 62552 25077 159030 193588 11310 22190 155581 19887 64469 72724 9552 188960 198231 33078 197769 162740 165860 120006 105651 194948 93423 170893 24957 87295 76896 58639 143990 98290 77763 121426 23449 174884 136525 4967 34455 60061 117208 113334 123856 134224 58401 77110 148870 94294 121845 50397 27852 63326 159389 82698 139848 25738 133820 197229 30175 197105 156137 141759 141742 161736 88482 92066 130350 135941 162231 65524 1771 46847 178593 128833 108028 150832 161682 84462 79778 158145 185683 126794 183122 9082 54978 45770 67330 2954 195976 82821 75290 35807 53612 180161 52126 45526 150680 111589 160662 159362 59293 69625 107178 95380 128347 47770 87392 189657 43998 15487 53100 74103 118039 93760 195363 86873 86520 5851 23005 136464 46851 169374 106071 49127 133760 20272 179713 98400 153560 142861 93694 129339 106367 58032 171297 137387 169585 82021 91649 52184 9823 140031 26499 96937 109163 134451 20038 134387 156533 166956 19580 123472 38567 47819 152485 178887 5086 37446 177177 159621 72961 187683 79566 129038 95164 73952 33514 82706 79142 198111 133112 36622 127053 38342 49885 84487 134593 163556 57199 77003 189684 142678 6146 179925 191614 75583 19880 100374 146394 86250 192498 122413 152665 113789 190734 43886 192753 55953 75323 162189 98261 191779 151529 157417 93820 116066 53181 125231 109895 113243 94265 79763 174213 8151 69981 128932 152153 60870 26787 180836 91149 131482 129964 138320 102548 22258 106344 31223 37978 86327 157793 106226 109172 122018 15188 167783 147000 189756 145961 135260 49054 123175 148073 193366 191795 13812 109922 78305 100078 91819 36865 194903 66271 4659 113372 153389 90236 3978 72232 181041 56485 51483 24714 153018 183820 173420 163514 156995 99311 93568 39976 140991 70561 134505 175640 110190 176097 48512 61263 105392 90491 35869 111800 12898 191983 99236 120294 133707 188179 103805 12198 51434 50666 46732 15111 86279 181304 117679 141792 57168 127158 197841 6338 11621 124718 144587 40799 5625 59625 20785 120372 18068 103091 157820 75037 198706 60278 149922 6406 153257 133037 75219 180655 46929 130081 20775 118617 139364 13589 19443 130384 72593 71263 82658 23085 145997 101680 6862 132339 122935 42449 29160 98622 110477 30879 85170 160044 138098 59714 157800 15101 70861 66447 162039 5542 44538 59470 74198 150347 160897 162233 173967 57779 97795 172606 184737 111752 94960 187851 81439 13770 9916 104828 190746 32907 182539 37711 154143 79707 138289 52088 123009 28868 138475 175872 197664 121754 147858 26578 148949 42952 17544 108664 119062 93422 160683 198970 121490 56584 92454 46143 36029 175353 74281 51400 34065 27573 60292 290 110795 17037 88587 35556 123558 141109 198865 199821 194385 8600 100272 99250 188790 181550 126387 104513 67459 196031 49971 50149 136953 108349 26700 3024 182953 134823 8653 91064 46110 199946 73639 159092 32409 86612 193605 4902 140812 39600 157745 173015 154577 56739 168483 28918 152427 35335 119419 103242 55854 58679 173438 84066 39900 190837 142282 2167 24092 173205 69813 170213 50973 132686 62999 152788 181144 786 144068 141479 168470 84807 50332 69679 161415 40113 171693 87981 15887 19690 120680 113762 100700 94171 174519 119951 39905 5671 45691 160105 106841 173598 183043 112842 36308 147254 35262 43053 140445 134692 55731 180133 66913 167554 189143 161767 159976 98735 185589 132992 56381 90120 21101 123053 2635 21458 70111 7562 28342 161892 34069 1680 22096 57555 71170 39650 51336 160003 81164 16317 180522 130383 75890 22214 94761 52428 162534 195843 35432 74563 2845 122048 35020 188992 64171 7097 169369 9914 176051 64491 53706 112065 67219 99656 119833 22010 134367 177259 43625 2559 156202 180832 83982 157612 191120 198664 18649 133495 184357 145049 106934 68989 97024 93166 70244 59487 43356 87725 47107 98028 79128 69013 164283 34147 41386 79044 2679 34828 72425 110912 120271 142471 124175 114099 189375 113909 187578 2369 61810 150419 120644 144552 17833 85900 118468 93128 193111 2587 4693 50127 135970 23790 15176 64660 184120 162785 127021 160230 42547 29639 157335 168473 144626 16634 176067 11425 46478 26169 94901 153158 44520 134044 145567 39901 35677 74405 99743 75868 151172 198373 103867 69907 186319 106266 173422 130670 69865 124280 194979 150177 138426 185698 56646 111843 108265 146671 85309 38440 76678 57281 79881 95266 140491 159428 85797 151183 30626 181730 199963 32870 157093 9413 92450 167602 83624 37254 1547 122383 154725 194960 121036 6591 183769 185484 39967 35286 80999 145140 155090 30710 152580 147891 193267 92614 77832 120046 15520 134526 12128 116095 84367 191657 9950 118538 37192 152848 96514 138140 10228 107626 39968 89401 50325 50926 27455 181090 163065 61297 192434 71795 99264 58164 92767 197699 197402 183584 108017 2679 168571 105565 49635 18736 139658 15104 115328 184322 147893 183803 120905 189112 146078 45563 162233 35597 171218 190851 58111 22633 151650 191500 26675 20661 67296 98481 91259 182363 13139 116970 61996 170246 88128 130054 2838 157852 24044 132721 111061 88155 63257 32022 43700 47566 71514 97117 194708 26590 101401 186634 24952 90185 26483 129956 33858 167311 37721 161850 15362 102473 158979 192221 63491 128575 154951 186455 98981 58086 33986 173126 13715 18907 54664 49819 141934 151762 157540 103018 171248 62272 82937 31868 76742 137255 73464 156910 83848 29783 114599 22217 154275 47968 87021 20477 175319 71093 124866 168542 152115 148016 158234 190220 87699 171420 119669 43366 142198 143416 46317 83992 120977 66515 129979 10687 45304 55736 642 182916 39127 96046 88128 154238 194311 34492 74686 138112 131501 78483 51083 109020 136672 15166 119751 135454 83683 3302 36133 163056 184480 74494 94446 55042 137568 139805 109788 27588 7210 157563 122234 68392 116610 193662 8413 109732 180722 179274 152837 195939 68584 125648 12369 89541 109557 34262 54388 92814 141379 168666 13766 73213 73918 23619 28218 30234 59779 84731 79527 87787 199132 156081 106131 171409 92008 33816 91332 126558 180577 137882 124431 120865 46473 163534 191268 128397 21596 13605 119062 21952 177422 45321 64710 142866 16922 87738 70193 161779 127556 53020 76887 79646 26403 142863 78637 89236 167150 57955 176812 152445 12581 172157 95133 42700 141886 94522 89374 119036 165562 190385 76742 18694 78236 155474 4681 192031 30215 60100 4470 117206 111587 38895 60891 11606 92572 185981 983 54392 190444 35300 122602 66339 111534 165982 100545 149916 156831 184029 75668 114835 18133 196958 11004 111605 157388 120897 35575 41512 63462 129377 48555 103721 7360 77160 76275 131278 140843 88434 6326 46825 163865 93486 171440 119025 145331 76643 73043 115307 126747 58259 39508 130974 132618 107990 137621 93478 30259 189851 121627 121798 65578 150865 128458 178321 20579 102848 131513 19934 25911 809 118753 31050 157311 122162 138973 6058 144656 33196 55992 82358 165536 43151 48548 141184 320 198638 69190 193371 195359 60832 155060 110126 158985 3319 89004 59342 158271 34521 86073 31182 46008 38644 32420 175898 67181 54623 17694 193892 115096 184548 162713 113349 166390 135122 187222 136122 11619 881 6257 10436 152439 60410 100854 166314 176993 77895 31867 78017 192446 105053 94887 129140 44211 105598 92433 89972 16054 121246 139597 152823 85206 106830 1521 118189 195002 162659 125637 107724 11111 149705 191816 65040 35408 53873 183934 173837 81694 167991 140951 150937 125295 92325 172427 118198 101693 189144 59911 108505 97170 76944 183197 160846 22025 29932 140554 71137 86387 129735 185377 176945 45912 190189 101524 73982 59842 187424 5452 105038 156915 98689 42887 77095 163883 13576 162483 30831 25264 172516 142406 193098 185059 51800 142784 138918 4579 73728 118521 19749 125016 151844 54694 135029 171621 157014 47092 23229 80500 163990 105597 127917 144119 182769 23785 170290 110 197038 9303 103051 108584 117886 124777 62611 105844 155658 160881 1845 73434 16001 171407 18407 11973 59927 114948 91632 147448 197468 187297 63766 50944 116188 69240 185265 111757 71604 117066 163629 62122 158084 191755 135915 57505 84516 105585 20997 86823 167531 133918 138972 93067 35497 177177 174298 118538 148397 125819 139193 180751 86697 72421 116491 97538 179025 153918 77616 14103 59419 97542 34491 147679 57166 154080 88292 193776 110330 189158 139829 108012 80930 149277 36730 13188 111494 28425 41114 50191 115768 163381 192189 178998 110349 22189 62964 53570 19690 83540 132783 65983 15582 8552 179774 119920 107924 162663 188309 88604 73856 160716 47430 8603 62481 35123 80815 132802 129098 183210 57582 159072 48975 157671 97082 173607 131240 57927 192005 126982 10112 196381 123037 25261 80642 120803 152391 191113 186855 23349 48446 106785 98807 136140 28037 8730 146838 52753 158857 13702 64687 58545 194259 141309 29401 32197 28215 37780 76445 52105 118149 174595 90996 58621 121620 48843 156632 155849 197017 38211 73135 137479 175382 151055 72275 29253 114109 132478 40797 78930 143648 62001 134239 120828 136765 18804 160058 3122 276 55122 63711 186523 131216 57040 87566 147429 133930 183276 12090 113507 56867 99008 91313 112806 83568 193575 116255 20373 30911 35747 188491 178838 175214 120721 177012 62291 43525 76116 118026 101485 71800 99607 174634 132197 158852 62920 50427 95249 163577 193039 72972 57231 167271 120493 109270 149386 198785 2339 100913 194425 55104 83065 135994 760 168113 70136 158385 179598 129509 49012 169592 51837 35412 47024 175123 17274 144820 26331 60086 175660 74943 10576 68891 170543 145316 181017 188807 168738 17794 67037 71816 46446 85673 196638 33143 156457 30761 10199 120661 79242 72610 86621 54060 40822 160028 151916 143418 58930 181472 180918 125509 102790 38334 36527 99558 102445 96154 3054 175830 81783 8871 10377 194332 193967 175542 153728 159306 68133 69797 189456 161173 172856 179353 182544 40330 127901 588 99679 185351 67379 134526 82218 82375 165626 10978 115715 199233 61167 59918 54418 135794 17031 196034 163878 191867 125717 128640 68337 64988 157124 125480 58457 94644 192527 199154 14516 135633 148250 3256 96004 128692 169204 14518 175554 170757 169318 78537 133311 196249 30737 128289 91382 71190 133181 783 5055 136765 36907 39836 198029 52685 20730 198738 162519 44174 10502 44274 121478 6047 123821 128466 124646 100885 164116 25461 64047 196463 96288 111193 158455 149648 38907 89109 1515 76765 169298 51204 166560 159749 199972 170389 4153 127026 166751 74376 94194 117884 148136 140349 169060 95434 148038 96297 137140 137287 53107 15684 16153 139390 185472 64154 82489 134492 104444 94847 98886 158847 145754 188260 157265 177604 1391 190250 127633 146502 17008 144812 105443 590 85466 133751 181644 187858 169453 94439 23589 137422 81317 50206 53213 57081 465 151663 195264 131617 4859 106278 65262 102364 171145 94143 125992 59083 103809 21439 83157 183127 127356 11826 169173 192986 95170 92367 58699 72391 188668 199324 17118 136461 192843 125532 60457 44265 24385 133303 22851 185473 184168 199622 156452 112359 93308 186574 24944 140926 179257 47572 81453 80435 49248 2338 51011 192951 9991 70585 117819 12497 179609 145595 89184 66124 66328 80296 17970 79815 185998 100050 139458 33480 172490 150273 45811 161456 52353 118257 32158 153232 141583 99789 79611 130094 120908 9232 157241 555 22009 166592 81443 3237 66977 128638 74424 55614 192928 58789 80263 36710 105015 186906 161609 190087 77706 158828 170286 35888 36609 67185 80129 184289 67776 154207 163352 194033 1466 19853 155323 96305 100688 189596 13230 30852 127430 192633 55085 50204 149072 349 32069 146637 138563 70726 140 120045 159880 187007 63233 175948 44039 170722 183708 171409 69806 31842 194603 103994 166274 171879 182655 54039 117374 164220 111907 6222 198708 81616 166702 142864 110809 8877 35171 170060 10082 11851 139808 83525 48690 33278 120036 88529 193398 99007 102020 179096 103488 36987 63169 186837 118791 196558 3955 181593 186280 98409 61005 53088 126071 13129 45249 43601 8466 46226 96436 45449 53193 136234 12175 121445 159341 173561 137669 111261 103444 112882 8444 109596 14717 171256 175486 127399 140244 192263 19392 138015 176559 119581 138517 64906 34386 110315 83101 92399 50236 194231 164206 102316 73432 3467 46738 67675 19871 93025 38671 143651 162280 27395 4852 59671 126717 137399 152534 164372 127023 93915 148710 21321 71046 179838 924 144633 158149 33943 72496 64401 63114 59612 171358 4577 167392 33141 95591 136643 108351 101503 123188 101861 141424 124784 145155 90093 170235 120338 102013 120617 88168 154367 165265 53028 176580 32829 25971 128408 68897 52640 84839 165638 22228 36114 100223 188450 194818 117690 81099 39555 127615 40211 115747 83123 198995 48970 5752 86207 179538 21623 105507 65112 112129 3862 134215 160477 151187 17390 184185 64023 183735 40177 79783 54565 175024 179011 13414 97811 107179 84478 9459 23512 29466 139486 120183 134141 38675 143287 120850 175101 73449 83922 165894 112843 48610 67465 15024 61742 12883 162143 13736 5577 43378 82277 80810 138584 97919 80565 122344 75925 7815 155051 171030 195969 161821 64166 103099 78756 18222 54623 131284 61098 179500 162807 48517 97715 155746 106127 135307 112942 145834 135565 103648 59076 48292 45864 60411 100630 32934 115661 35358 41047 7154 190589 187873 27284 115616 4799 85465 199936 158715 13396 37235 32050 169076 878 152481 97498 172197 74337 130505 182990 140724 65769 183371 191708 52639 193899 146291 111957 120670 112063 73086 44625 41308 154940 23360 144910 60650 123645 54392 127089 45112 140295 123085 138430 87736 51234 113830 195040 198959 120375 107623 190894 70262 131618 114535 32692 107738 152708 127248 146768 25804 106261 72191 110789 29230 71462 119027 138233 106183 146039 50613 64248 65200 88213 65209 151673 139126 56480 113069 163414 83266 197093 27645 68650 32188 16121 69583 133791 164336 51231 35590 75046 141841 179455 66460 47909 55782 42982 15627 161532 89123 76796 87863 165762 35285 173926 195637 8656 56548 82071 191249 31452 194271 192574 63470 88662 82193 71011 69124 91136 9295 115792 174872 90421 164909 150907 92752 49317 153082 130617 41087 78496 111572 12858 97096 8211 93698 37059 86560 141740 34750 45220 42689 48205 20353 120824 145074 8629 191154 178508 162813 188194 50403 82965 194069 159211 24364 183221 171463 117628 162818 175897 10131 103067 191547 18788 46120 175055 109022 167471 138325 182179 46912 132804 136382 25771 181961 57974 168723 126022 26114 130587 45560 175060 174802 123166 147700 13018 125361 120274 70737 163550 195404 117632 83501 35792 50711 14320 164052 20297 116635 173742 118284 82882 99631 110065 157369 159358 158467 49517 149540 199678 97243 11274 57946 150612 90819 42427 144788 81056 73920 171818 150828 126914 89902 164976 100589 24880 63470 107735 78718 33020 10112 142699 4368 80279 90987 120334 188201 142724 159438 96234 100466 52708 150976 41426 49252 150601 140502 93067 67040 183114 59131 199462 17699 53244 192349 144768 120947 119660 197211 45586 128239 15812 75622 54860 95939 191237 148255 157352 54908 162818 26593 148829 190115 129062 154026 182898 91083 147081 102024 18384 115246 197496 128888 29784 171399 37811 74667 72571 156591 35062 133003 20453 144188 30341 61139 171348 133451 131634 83767 76157 169952 157383 7409 168184 76771 5280 55326 150261 163342 28967 132758 154544 2758 50307 64940 197843 137592 108930 183187 79315 164031 111303 35104 104392 41857 133548 3063 40575 84521 7564 76179 84922 32930 94570 112331 10095 178649 80726 137427 18678 171715 156252 142997 121531 94800 198496 182802 59732 178005 195622 163309 45897 50135 27642 99831 57123 127467 116152 135767 2848 106941 54240 49688 8486 143827 79349 186060 79905 76969 101644 172056 23410 62115 9066 79718 21084 170659 183712 49204 126620 165649 84950 106725 42405 157111 4152 157351 26304 149971 113619 70885 138514 65572 69129 20773 49877 36667 38831 158465 26667 67360 192101 129956 82389 30969 44602 199775 108228 168157 60138 111420 121206 94355 127178 151406 131863 91397 88037 50863 97242 25179 4247 114696 738 143365 115209 151299 52093 41377 143132 196761 85829 35420 121361 181270 96026 110987 146112 100390 68436 51143 168392 31547 165820 192834 34698 190827 166347 188343 105954 22552 83640 137912 46665 24249 151018 196950 60896 20513 172838 156788 39438 127414 14999 142088 30367 140328 109953 66537 118855 9865 128141 35122 194302 52436 174144 27727 79330 75892 112338 132890 120889 85208 160651 30171 65719 39994 170659 48137 58420 85409 46373 197870 189631 173881 46551 116262 82489 135607 157077 172739 149226 124280 144791 96926 170477 140510 31885 110759 22536 87381 62725 73314 27619 170603 57442 111802 116561 47083 68896 125386 136383 110521 72502 154966 77097 106015 45202 193775 157432 159696 19347 31516 87121 115821 70198 145240 196215 33675 139993 160921 54031 172350 192861 34649 75648 29059 168491 44082 3802 23864 37384 179500 113136 120618 52078 51875 7916 91977 121343 127461 124913 160242 137936 38063 8175 111583 173527 143457 72252 165894 96867 137753 184368 164513 175812 29606 198223 135142 141165 115034 27844 60999 152916 169667 10807 35551 55302 78272 10737 17277 61931 130625 28056 136286 189129 34278 188555 148880 75661 20374 7016 185178 38515 47796 44559 30945 141589 184426 15024 48703 56270 102042 43052 44056 150520 75199 41232 136960 72079 92764 97970 33324 153709 40693 5474 28844 22660 59716 56965 18110 116759 188591 179067 95834 180975 70654 10391 101984 163923 143146 113113 163922 119091 70608 55852 141345 24037 17853 25369 99232 129697 96580 113330 109253 127084 96170 71289 138466 167479 62094 146773 173278 125600 131889 102988 157750 67709 199816 62270 80481 7352 189038 52296 137773 1269 195902 193242 105196 27336 29984 10852 103115 117020 193032 177182 39548 138812 67244 67420 189981 134847 163423 161024 187157 13944 1594 123272 20856 29434 71691 175345 27535 167833 91459 28371 79918 33511 12217 65452 64633 65514 54423 148847 38129 24963 127460 152391 168409 46022 76771 75833 132910 175336 20432 153999 96965 43589 60655 45595 63379 127488 114892 97490 156586 143554 150989 92742 167946 107861 8570 33328 37760 162546 5450 24493 191354 146132 1154 53491 92112 15564 172940 35501 29147 45915 176682 16915 50659 157692 38938 27101 26136 4609 94216 28139 91657 122031 1797 23314 176659 125292 123026 46964 98292 191286 44640 128836 130600 111801 171057 29802 95000 86785 89081 41819 65636 61400 128688 115509 177171 129837 196048 150828 10691 28222 63734 72549 159653 86458 185352 183773 102455 117278 1034 10949 77875 48347 56889 31740 27912 77470 145816 78931 94235 48335 54244 92044 111979 144415 59473 100090 18725 135108 3507 160147 67725 169502 48141 58048 118027 81370 125767 25806 136933 35615 103083 171515 137115 62585 58331 123495 77046 83401 188237 40838 135664 110890 51204 39942 7563 15113 96894 173864 72242 56410 155937 27076 35264 97316 158044 195581 37195 11413 154464 164896 65657 179529 113774 30170 8241 60940 47290 35581 108920 16346 137146 71292 177213 185451 20833 131999 4679 123299 184165 186850 68424 56553 74786 76660 121477 69482 60673 189523 64314 27748 156240 174778 38658 537 127571 89362 78613 176990 190514 179441 25470 80620 128652 27238 44243 132240 126462 82672 101819 188064 195481 158013 65149 186188 137642 70690 103606 190390 66638 134684 43712 105699 70986 25198 196522 43196 83352 164566 32082 60739 47897 42428 33969 175632 123375 137661 43827 81156 169091 105484 102643 127456 126542 74491 1268 196654 186813 64993 198007 34883 23078 198932 76766 169646 76369 154042 151381 5874 90145 82694 109159 103906 101339 129789 162600 128407 4471 58380 1524 95050 168111 120700 4639 92951 8945 30026 53181 88371 79648 184813 68303 145041 66252 152816 117725 39554 40082 117649 50526 13281 104409 129101 90647 114943 56419 62188 159218 173528 182012 175645 159423 57968 60920 188029 44147 186191 77734 79192 164737 14361 22853 94869 103117 105682 168747 182988 21779 9406 103080 9135 3099 33612 78551 141756 119191 184462 123190 108944 83848 37400 46449 163254 26658 172047 98094 152601 159248 7253 171910 2146 190341 48545 186787 118178 461 130990 132951 84554 33090 44858 24631 194215 15237 49842 151079 199221 76843 58706 120944 63790 19891 5843 93059 110925 34073 135273 194511 152211 153426 32638 109958 186250 141433 33255 33893 161619 132130 153811 28358 198797 82901 107694 90339 81073 73676 163029 1043 190511 171471 60408 164459 193825 39160 152520 60162 78959 73840 174609 194614 108672 35011 28938 27228 76860 31339 119818 2900 70528 34380 115419 71150 106234 30336 168219 68571 112803 192109 64656 34782 100699 75447 130761 183492 91622 36473 78639 32089 60812 176425 109351 113284 114564 83641 158137 1628 104119 53439 107812 179552 34129 91229 174899 30096 64608 195205 56266 195578 88323 47247 105790 159618 70784 186001 127731 48897 79948 90283 38783 22548 31274 36926 47830 120426 193780 141955 14035 31960 124136 197860 117 62017 109611 190284 58046 54166 64158 163167 81201 71349 149402 79426 32211 120490 185390 184863 180404 110088 138857 193651 167854 72928 189308 62620 48550 198960 198425 86176 141 19694 112192 186162 101941 166068 133307 88641 188695 147349 151349 177330 93175 26338 409 171208 149928 133887 43158 174474 80026 71194 148104 174347 37042 52532 142719 187188 37710 152655 108929 97854 178345 16695 44437 190932 160816 167658 51348 73027 172137 186258 194943 109451 28692 23344 26842 11209 77252 184269 167538 42940 179831 189631 2910 31157 62240 86599 94958 83702 130548 31176 72403 154236 5864 58122 131542 157661 59010 167062 194592 72426 162063 120185 160843 131714 51837 139624 171282 167084 24403 1960 135669 92523 22304 103117 198724 61103 87644 37747 169462 174166 105418 34234 85467 3495 38907 110926 173102 190568 97109 19387 115644 86493 118561 149705 193602 181791 172823 27365 78049 46459 75047 56458 6524 79788 73845 165038 150760 104746 191966 105901 106340 35339 16185 94840 113229 97882 164584 165330 196258 108879 37219 72280 79589 62052 169017 112522 143109 72846 170181 142266 36898 15332 179466 85369 52690 123912 195803 161999 94615 174017 151389 42452 87672 1289 34577 147632 33762 135086 4696 184555 117086 2701 133676 151997 157188 195867 187308 170585 1459 148307 177749 58249 26236 106327 75599 121823 172622 74632 182091 92084 39942 44666 65237 70731 186700 173810 83697 168130 45965 130527 97668 190160 132056 149089 181907 186142 75065 124421 156717 50761 89587 73952 153910 176508 73597 30546 153387 103606 107030 37923 34501 169012 79835 131349 185931 94420 138835 8283 106657 116081 72619 116989 129939 121070 23346 169397 96618 79530 3635 111638 142219 184262 130702 78494 13855 176844 66723 80027 187141 134391 5364 198339 189407 32464 190642 173991 128646 14560 115626 152479 54008 67725 23005 60699 9642 110700 113329 196005 72184 153225 89848 12121 162455 40689 141422 75921 57750 161719 156167 22323 137247 91985 94703 158647 71237 198394 78155 107867 44648 48867 198345 21264 147329 33629 11901 108580 117296 178511 144016 53748 173079 68976 177029 126901 169367 181395 27156 195137 161219 15916 135521 194167 5175 13778 31325 169907 59851 145028 189246 29550 160113 35078 65098 185934 50065 18256 64574 93526 72775 189668 53413 78378 178200 42438 69234 12892 107995 105258 93537 180172 190094 139048 127826 43397 169750 154174 8497 20384 165201 48044 19762 51001 86870 160234 103621 2310 149591 177321 105704 65618 159135 134374 10264 105227 33851 56448 160501 98396 147753 57052 161860 153444 194510 91978 53937 197672 138708 183212 161667 167383 122907 125009 159399 63249 79223 182289 122214 93883 47735 123811 32844 55175 58636 146193 193214 98121 5822 91224 102416 84678 24150 129906 45438 93313 74945 75762 6005 129535 19700 158177 25889 72150 160739 109540 174816 34669 41386 134645 62979 76436 35789 73296 172331 194798 13916 70330 188652 105180 172511 130791 156585 57559 29152 64583 46549 128200 89926 12867 54463 150467 184343 135698 106266 37057 81015 50076 182524 92483 88095 48477 191942 58992 169936 48701 188544 25830 42146 68605 98945 73485 13403 171594 197552 49005 160416 194558 101923 151502 125871 59699 51251 198527 27753 121396 130611 38468 114980 136614 165529 32646 131624 139818 22820 156152 184469 58976 170654 133560 129248 71733 177206 188632 173492 128098 81063 90824 88437 10927 153389 197049 79617 122389 130945 183975 70186 21482 14503 84766 126278 97707 170871 98427 72922 58065 94089 181185 1153 113851 179813 35126 114823 170740 173271 164890 179933 54343 54094 83024 26764 39842 168061 176361 42995 128533 155528 78068 143042 100970 1058 152718 147919 127181 10050 66215 52410 31755 16133 53877 109995 80096 29496 113394 4124 136196 193957 51118 45221 87652 22871 43808 59254 178259 68350 179984 146337 102462 175853 64836 36487 142686 8723 106239 22732 144505 124104 13770 20728 197948 125080 74367 29818 51629 118612 152935 72616 141355 11393 114376 181471 190795 38434 164647 47332 124928 196410 110956 141999 60659 35906 167441 798 62715 165234 126129 157190 75859 132604 186473 167315 156765 167387 181141 132860 17270 141117 171399 10284 18808 150946 21945 163732 197948 6166 183082 52208 69431 173169 113545 30634 69951 166042 174834 155948 119603 83642 81345 112772 100705 65233 96155 195329 42412 77716 42063 69894 102545 21033 16298 68367 44152 13767 170408 43025 1663 7632 127423 196738 16402 148699 178467 198773 185848 33908 48813 64356 9414 127875 95962 50118 118719 73016 36664 24263 87193 125461 81579 132727 124816 124805 178199 29114 146620 87575 145779 186427 26039 121650 18630 67179 166884 54687 77452 11418 72590 113800 180601 116329 108191 153639 67017 20227 192404 99869 192752 167322 6956 129505 161112 164806 173309 101211 8933 155801 133473 162124 34797 64454 50567 81446 120698 32383 134085 173856 36557 195850 112156 163605 138611 92561 141121 6684 130506 148345 59978 41187 155547 115216 156782 98283 22234 175795 3329 199844 196061 195060 135680 47872 73528 89772 144027 50594 151624 131068 175179 180160 198185 180882 19124 91003 98586 193990 138577 102279 110587 68165 151297 29200 41360 153360 66708 102431 198893 83485 148659 187037 110671 64753 20877 135894 63043 176599 22262 176009 25886 78027 195531 153104 39944 131625 161624 59745 40528 17082 163590 1985 186775 1895 129691 60064 6472 18931 12465 57556 132500 30857 121664 168131 86413 166432 154922 67015 197287 107204 81174 140197 47496 93262 145269 115049 65363 171092 134693 187079 60060 13268 46666 59015 159691 91670 101901 88086 33935 108018 60121 71064 58 174811 11058 8164 50706 38849 137973 129601 115486 167895 192914 178208 64103 119205 85118 27520 145643 90488 161285 111723 170684 190444 85719 21908 6336 167960 140182 135679 138768 189305 24078 86060 44016 59476 91465 10515 179467 143619 42482 146573 4502 21730 171800 18384 119507 91370 149613 192786 68903 71978 12522 38115 48273 78428 192778 92300 107796 51666 33842 130642 32807 131386 41730 79009 3749 66668 65932 73740 147069 43010 192854 197290 69196 30058 46718 69809 161234 82018 33172 143712 161264 68223 85508 82711 27214 2975 41121 171866 197730 33944 95111 27565 118135 18147 134299 25503 38654 69768 174064 125576 107490 68995 121152 193315 176366 143854 57597 83920 157494 44678 91191 187278 45469 196172 76064 141492 7706 98179 93741 53715 117926 111835 27684 139791 199425 116956 83750 16098 37135 177829 133612 1335 36774 78885 188522 85415 86318 7797 112078 87052 148595 141614 170737 79949 185520 3862 113359 6210 192178 69546 175470 23486 178983 45172 72035 62465 29635 19139 188396 36444 49346 47536 72989 27280 144075 58951 27709 82626 170923 105006 6670 153502 97222 105087 122092 142320 50869 5786 171628 105778 29100 196742 171632 102545 90922 122919 16303 155254 167431 51190 66586 161827 22521 19652 198166 176173 15997 9418 88434 170287 152323 140734 29520 4090 17640 123493 141960 15526 196959 87131 74081 18520 199185 116140 54218 144058 135882 71607 111988 24138 161561 37875 167583 113891 110749 56735 160566 188840 192028 113767 182589 115001 152506 16321 72421 69097 170232 79196 149643 93903 164423 5489 118065 136993 10762 141609 75636 100909 152096 8649 126824 167132 191079 67026 17932 87568 30242 63383 197067 30891 57664 151291 62480 123374 103397 75572 130246 184590 94745 159636 166821 128592 148047 162654 160223 77075 153452 175920 83938 41856 188492 168564 10220 74987 178694 20729 18159 109166 107224 75540 84426 60026 4588 195150 123012 86939 29976 179508 30978 83615 126077 90824 66431 120566 195391 69877 198238 120652 159780 126738 115810 61768 46412 101215 111983 131063 55887 114818 44143 76938 69453 177640 142824 136569 58775 176546 88959 63738 157278 88845 186763 142800 169616 59110 173553 115354 190364 30084 24397 5655 143740 92696 47516 117406 102870 179007 30121 178327 149466 35599 118575 10739 98509 39582 168547 20378 162157 5719 181651 181762 159591 73722 42325 185282 23739 170919 192142 152654 127693 80650 108629 190949 52206 5767 123186 63092 55600 54254 193957 138952 44184 86611 108344 86270 104137 91045 84820 122701 182505 34693 64246 100076 12825 170556 58961 54486 150680 9052 139075 103320 122714 72668 20825 31889 43584 118988 38314 22288 171629 17655 121511 9687 9646 169614 138392 4557 104682 90858 30426 94097 49401 166174 169141 89298 22773 145747 178245 57599 153378 111598 14369 37732 187352 76141 20088 148484 150392 149599 5847 36090 196624 28557 90025 16237 23601 157419 119326 88871 131548 187636 140426 42951 67369 76194 169641 88259 71931 186782 167317 160682 128781 85127 134355 176468 187268 102433 107010 156395 74758 178195 35481 47620 129124 32783 139157 66322 80156 182549 93958 26081 122174 134428 34908 97818 4118 66074 13782 46934 172698 132976 104796 7012 183938 33863 71002 2623 100440 111652 99786 130844 26089 101892 6058 179821 44645 113521 163094 13207 175621 103284 74180 128885 71386 108596 17261 192837 194684 41261 95629 87009 110843 88545 77270 34399 17548 158627 136271 140156 140256 59767 26518 8935 80811 180493 155872 176851 117097 120080 97499 101890 171108 15232 81117 138597 163197 158569 102083 86241 20853 136267 120781 21864 103252 161092 122314 61458 95926 123551 92168 132464 35058 47441 106572 111626 133129 68309 123583 150767 158254 161984 33909 179824 199097 151990 135449 34268 86619 112739 124048 33288 48344 113368 56537 153298 140715 175040 35776 48136 35220 110561 96691 162608 156092 91907 28775 49155 153813 133228 20262 34366 192613 145779 132219 130756 172802 159930 100450 101679 196767 112483 25025 141839 149411 33793 153484 6941 132100 166122 63982 161439 69640 141597 45377 105095 149491 74827 91536 141580 142916 128091 163433 84714 70169 117872 13929 127750 85390 138372 167790 191871 59275 162634 199996 192872 10097 94908 8855 125360 44435 116544 156163 137155 46646 11455 22838 7286 55490 143554 199747 135429 114717 14547 154723 192417 25353 65875 74834 123897 63145 113495 157817 149060 13781 9775 170854 199013 12775 86647 83326 140600 150435 123697 164064 985 60759 91813 171973 159521 29815 190013 155541 115494 27647 164985 193559 102036 160238 80248 162445 144402 69023 120067 640 156562 71989 80898 197747 95345 154030 171298 36571 176489 157629 41560 60049 125779 65956 164571 198950 19219 88002 63288 49501 148045 93030 25719 75382 152552 7789 51254 36286 168432 183172 135622 103035 21078 185217 103026 126830 187281 137223 184157 20332 186429 128457 91555 60580 150500 1729 198562 103075 83381 140095 74461 125678 149797 76421 27828 36577 4629 47921 101487 73758 14457 184570 131190 187158 193191 121815 93504 177438 25358 184747 58537 141686 119487 64789 92207 44726 145693 107452 37990 151702 71831 123639 39477 32806 17969 144541 57778 71226 199961 46148 176559 167247 184178 105856 137995 162367 17984 136295 175906 192129 138785 14191 199646 37279 199272 166319 92772 139616 137536 42386 98107 165484 130943 103229 65414 58605 16375 19271 66745 118015 74314 91613 90544 75036 73566 176989 179090 130027 56957 181452 16748 22037 132276 134650 130082 1813 99263 142668 88085 157378 91764 173125 38692 156089 181765 69966 96874 13602 15549 109541 46900 33792 38920 144486 44009 118251 37402 111024 154316 12865 187749 51518 137765 120288 9335 102898 131987 72320 52322 182034 99056 56427 138707 75850 27927 154488 15104 189125 10747 155193 100144 91964 150312 10697 41587 9193 169441 13212 189178 174088 172214 139187 184159 71731 173679 158980 11226 95740 23198 175383 107010 42337 65354 133786 109836 142215 196007 83922 103829 79235 125980 115358 94308 192097 70755 119770 87901 74488 197867 173869 18485 113056 155863 69144 86975 6618 124747 153584 159018 7460 137535 97674 151504 9443 198057 132162 99380 171805 126447 97468 33262 115622 191289 148181 13690 137406 125374 118188 47973 160631 142101 26597 191704 129044 13722 15899 43729 169001 18517 144217 902 47802 10855 6972 130264 20276 31369 14237 81401 69700 15332 48759 32614 34951 34709 188044 71953 86293 22123 49357 7314 142774 76280 63480 9765 54828 89046 12588 40482 92559 76877 187282 32886 81813 63282 162930 126054 115011 11209 139474 95625 171205 52424 84077 29661 97825 145549 82021 42452 24255 10881 62677 196626 148052 191536 56175 12646 115931 88706 177443 105606 20616 69872 118576 50506 177654 87810 121140 70319 92957 86669 115137 31958 144085 50368 195245 161009 20741 57083 112972 12638 179162 175136 58506 1675 23910 172269 83946 139869 49804 27824 110564 115454 187881 29715 133578 33914 150310 59819 6839 160172 22863 135003 127848 23450 166452 132048 14429 84151 51373 22972 22993 17130 173811 62454 40853 9989 89344 190912 98670 198604 46379 135206 178577 162429 113614 61710 70896 125071 49878 66870 29199 192434 152383 14908 26041 169330 72087 51533 154944 6055 144318 155357 129335 36512 67800 48509 154200 130241 161287 170163 132041 199597 69840 180648 43623 43482 41339 31810 165212 74854 110587 139603 94259 105383 162582 12021 188894 96911 15123 133070 155183 33881 37879 75339 115029 166552 199980 164930 88224 162390 75374 97988 133332 160907 18648 77217 173732 19012 88209 45267 35431 198839 50583 123068 43827 120451 8018 12432 90608 82645 193788 169089 178446 141342 121150 104318 70959 86868 4541 81668 163623 76150 86968 166295 85963 116497 154606 83872 47392 53305 152634 178066 119119 187246 115002 44109 43139 147845 130388 91517 67983 16071 110578 49805 32491 125158 178794 189306 174250 5547 179373 183350 68845 171497 17799 176031 38997 56620 156182 117975 77048 49937 54091 155869 130277 101206 190628 66658 145023 85676 157919 36335 194882 58525 96691 196458 172971 148533 121509 156813 136887 102320 150718 122066 41008 56713 138996 81079 23783 5623 31531 59323 187713 112459 174326 22630 155897 70480 67570 144347 61387 198353 65106 48379 9 50645 257 172931 90709 175716 30554 142510 198813 144052 152185 2175 122071 96127 132498 58386 107745 170815 164152 119322 20705 10320 186858 58860 87142 60015 167335 28201 52167 94200 107686 91924 147027 199865 130694 52915 76551 35614 132227 167888 11665 17691 60130 151402 10897 79098 2022 51217 20954 191729 171773 38895 50082 26663 27658 155795 30395 74236 125572 179788 161359 13415 82888 86641 29737 143237 129438 117487 65495 188797 71434 2949 484 32272 81623 191684 148948 108638 56563 38232 134959 79221 66278 195331 128179 134576 171668 73619 152253 113490 2456 76337 45827 143313 43981 60090 95362 65958 122253 148484 158225 66996 185265 87661 4363 63504 12521 48083 111214 154249 63966 3919 69403 102033 181500 113775 116743 105318 135550 51263 65014 109991 39852 199075 22726 165138 1308 83950 119813 176293 155259 83502 49271 13772 113125 94043 142286 68240 13758 21591 132153 23121 4397 146469 7934 31987 54132 180925 100061 178987 103608 166155 39053 129116 40353 137247 13200 42941 61173 54458 16572 184449 87987 61514 148754 144940 179628 121854 188349 37758 42968 148868 40490 197736 43162 141325 34373 57686 553 98414 135853 2674 168966 33674 186553 91298 114516 6494 84935 46648 188855 15567 185000 74438 167319 98752 199238 126837 96767 111538 34351 36147 155868 197349 83693 106523 84322 151802 161426 125700 70651 22862 115308 24447 126821 141753 31411 172227 162674 18046 51507 148093 180572 116423 91114 17836 44542 12847 26415 169719 51483 131923 71144 77470 38510 72303 34905 130943 160523 71329 197910 105444 193521 34455 148134 198074 12367 7137 4468 189906 86458 26234 5946 48157 25761 111908 54084 23389 141784 135915 70238 156401 194109 109262 172878 128989 81293 75686 130504 7967 38355 176996 160084 149846 42877 119536 134347 101608 128758 118669 160112 54726 25990 97485 146 142841 96044 87146 50151 171296 102029 152707 120482 53978 188276 158475 187063 183714 152091 44242 2801 114323 32577 17997 113415 143971 196613 44606 164014 193942 2523 39079 81505 103342 34763 53446 125978 42677 92069 164657 163227 18757 189617 105146 54113 111596 54938 125372 4362 175174 75607 198233 197706 31086 174317 93091 186533 111168 81503 71146 179539 64397 30923 49591 187945 193954 56437 112858 125980 70102 143729 143885 187932 22189 103061 4151 146904 15602 20503 120980 46980 178898 109139 127234 147245 126653 27273 153539 108208 193351 93144 164613 159231 168052 42367 181024 127751 180984 34827 41528 152120 60344 110382 3978 119170 171669 101641 18468 155675 123549 141138 118462 191967 56129 96691 130405 126914 148636 93101 121720 57452 129462 184338 180670 14221 8306 78488 190047 83100 119030 135908 107553 154763 149083 191359 32965 198652 96070 155660 77659 130145 187137 38121 139430 165224 167081 62997 143707 42716 22035 79590 198795 41993 105017 179119 186858 83577 21558 3151 197762 168712 74541 156860 80509 7169 75860 58575 95463 166718 62469 144206 17906 25172 190249 166498 43300 136725 158772 95095 188635 40548 158797 26184 47378 19490 72183 100507 45349 86377 77148 82377 107453 14828 169894 65633 142355 81036 169595 13513 128419 14483 120821 17491 76493 40676 187923 158949 176341 151225 62291 114608 169478 87213 70790 98489 91259 132023 52541 182379 136928 180366 76813 7009 137667 101319 71836 15662 19396 12485 147246 68432 163102 70152 54171 152523 161886 116029 16022 124217 124693 171059 87204 70484 81465 407 189625 171673 6884 40419 101097 175632 3008 177425 43840 126479 42221 8573 109222 71006 132878 189210 147860 110795 58688 137206 26879 91552 124139 90640 79250 46838 170435 89407 112277 180119 149421 38984 177737 175723 12658 79501 196634 136066 132714 28200 34461 67975 118686 194980 172507 54279 88483 141622 183683 89916 73516 15082 141379 144412 56172 136106 48100 138250 174363 170138 164218 111801 134506 41797 49605 108820 146235 48305 186536 40771 188446 128283 88283 140468 146102 57714 142027 7467 94201 87099 104975 191529 15347 110548 89757 199528 140213 164372 183834 164672 51629 153340 23740 49171 47841 48315 3682 52530 25703 119386 117694 153034 19820 160581 174738 3189 49651 171081 127818 192211 151084 66038 61040 97913 8617 73007 103982 89998 174711 38397 73053 96061 193140 159427 102631 163422 193024 69217 30650 140294 23020 52961 125742 138248 197734 185587 117983 168159 199093 115413 102174 37530 24564 125339 130132 98898 191664 98234 11520 74888 33814 14978 86898 188100 28340 157053 72081 134231 103045 191487 12296 170571 28035 124206 189259 4853 158798 108469 183400 66004 60183 55773 29371 70061 44533 137948 186306 84256 144193 166981 149676 78578 140724 105939 11082 84533 5087 128057 55165 77423 183845 5241 162809 145399 97825 184916 157150 163167 25407 16578 141368 72153 117946 113133 63385 67842 118521 162234 4740 105228 131845 103457 46435 173064 76172 170860 91006 137120 134074 79938 106645 112947 87616 99957 121580 3276 29378 164131 21287 149016 7456 112365 107025 40919 22796 105319 156550 34723 64464 148328 107086 117309 4508 29295 155696 7844 51658 111399 175673 186507 101457 14716 83737 73639 47887 14724 128758 86100 171824 185338 174513 185866 110267 46320 147227 89764 197292 173723 110109 71304 76887 31801 92128 159800 10401 27035 146302 147871 15709 123383 7463 137793 104682 53504 13238 26103 45039 99279 128806 87600 123346 39289 177283 29136 51123 54139 43881 121804 137179 163102 57962 170055 172724 91144 117997 42695 28824 52357 197793 190872 170030 156664 6341 158319 15569 66581 11230 102715 32095 17925 105754 52617 165456 178583 187539 35774 75588 21050 179157 186231 40150 99175 49123 146159 79956 28065 36462 154687 190576 72903 96076 137448 34685 181377 121715 148121 164474 17800 161543 96188 157417 1790 116762 81148 123031 39810 122247 189271 165501 80689 58136 188751 174885 21683 114007 123878 139388 9908 43517 177443 5712 122731 153353 16133 148789 59563 57883 179676 168558 129075 1806 181516 36281 127829 42628 99922 101497 107707 47746 143284 163557 21361 116807 14430 91629 146849 23530 38968 159940 71688 75902 69634 33555 85916 26649 137903 167634 117571 106548 77721 31420 101372 56867 190264 169686 27675 122685 53128 166628 109432 83129 84242 19874 68006 87449 5234 78189 88437 177336 94324 42841 73020 94179 159255 154636 149369 176404 184736 176816 68867 11027 59300 125784 87896 124255 47027 131848 134364 39947 131040 190241 112021 175339 10294 19679 144337 81205 52065 155533 109049 74217 10000 56607 30567 28475 196067 51760 29638 85104 49726 92840 75074 122123 123811 151874 57828 199958 40108 62797 126587 7327 159820 56185 78858 163150 191744 71991 148983 139599 158422 37886 164968 102709 38844 178954 120327 171248 99208 60815 171848 192574 131757 142472 57648 170986 76253 107987 93598 40606 92999 171626 54042 165929 174552 191535 67054 197881 166177 26667 80178 29231 125931 161094 187865 28836 81706 85419 37263 84702 165261 21470 93706 129892 45736 37838 160549 161614 21701 189490 132825 181745 169558 111478 70666 197269 188908 149695 102511 94530 28041 83016 197873 94079 42115 98110 91841 114539 60936 2389 33038 48811 72155 141297 30522 189270 77501 35370 108611 20505 59033 69174 113849 193782 138910 32747 166343 51602 138946 114188 52154 174097 74191 9930 126359 92380 190399 103012 182445 37456 51347 160215 158849 128772 10333 17367 54990 24639 40172 80472 170814 32155 165116 16962 70195 115983 152398 161093 1705 26920 1958 100981 78429 139279 177505 61489 88917 151525 4571 110380 116189 151815 37583 155939 143549 127487 9493 122752 17841 135261 67915 39024 84536 80902 45281 721 13549 97256 3441 74326 136378 152430 160341 106371 9499 136364 26523 41833 127436 191803 38417 131983 142451 144585 102450 152572 38857 25406 182565 45151 199908 83163 75025 21221 69484 62427 48862 30494 42187 122362 199711 144164 173383 93280 50633 90145 70100 93776 65870 39967 55046 61707 173717 176407 81059 108518 128652 139143 138132 56248 639 49009 101005 147987 51051 148166 102371 172761 181179 17684 149313 12760 15348 4158 107709 74115 7635 45704 13342 147284 190383 133468 145828 56048 152604 72540 158957 149822 145178 182235 61497 159723 23801 102910 77704 166619 145769 152702 179577 126267 12765 162559 97868 169803 197351 39337 155974 196262 134667 148152 110287 180592 199325 180369 162904 68815 135527 156154 176631 131554 133272 36184 100363 69810 182220 184138 12463 107950 194705 70516 69532 164717 158019 21452 196456 95785 38974 149633 58437 139440 173691 110107 146179 169480 154366 177688 56784 105204 2412 73552 95934 186465 65247 192835 6719 21254 115429 51720 87858 118551 194559 179787 95044 116187 98205 107416 23340 1165 5007 156611 16847 194956 41643 70306 114762 154391 32737 175914 174140 179975 13649 133106 194529 187456 124073 109021 80597 158428 65780 47989 106867 62668 90014 14453 194387 92003 32823 135965 145179 140200 87683 193408 101515 34556 95787 94763 95830 52309 50783 141964 60343 139385 161298 185457 159051 96483 127868 81757 186023 9022 183879 90003 14066 5654 80220 73220 123946 15599 8916 116306 122099 27508 108457 189013 6820 109456 68594 151666 169401 140226 189453 136381 103828 188302 31791 14331 1484 98261 8655 151755 100205 13185 49076 159045 33999 14423 45623 120568 119993 126750 39346 80705 128662 11992 34253 97982 67267 109828 153800 30171 159087 68550 65189 69617 56506 61737 176261 119586 49289 105856 127360 137200 79363 151863 124323 116615 22885 132197 164940 159024 79613 12225 183675 76418 160781 40896 29463 67710 149031 38951 121643 162023 179379 92592 113629 30576 121960 80629 4163 87075 180198 60820 14917 195937 33318 95487 114867 163489 165301 83459 142547 33495 181698 1171 5429 24270 162794 173879 42892 75657 88294 95689 168753 96611 73665 87399 54850 189178 138583 171070 22847 77759 31626 56735 39394 110216 61599 42405 7066 93824 19900 100811 110736 176939 101817 38662 49952 37556 54831 147448 136110 62499 107481 60564 169686 109661 45203 123975 778 148242 119291 164455 192049 35233 173362 67983 176938 189037 152922 176564 77429 65468 55622 148897 112335 41935 148711 101672 112639 101992 44709 94070 139322 178791 158827 39240 24779 121046 143406 25771 31351 98648 55566 160649 64433 190243 180942 82422 43587 57818 59157 1890 96508 107297 74532 55738 197281 130812 171447 789 188754 125443 72276 67672 107912 91416 121593 185413 42489 19018 160821 47691 90766 107860 70716 69024 87436 47453 102326 73577 43566 16345 83546 32756 32773 71685 135349 62413 660 90372 167515 70076 134279 27811 21947 129285 54617 15152 38821 188708 76232 69713 189837 64166 150587 30555 37828 61385 96855 197945 181547 97918 188078 101974 55832 85204 107252 98535 47302 6119 116035 192021 86519 76617 58504 152629 105032 118425 66731 199169 86781 69953 60252 13307 68711 121355 39204 137927 94093 96559 176430 194078 89925 114882 93565 164562 18824 69193 146337 39112 36737 89057 23472 154973 189924 30816 194190 151850 142648 197084 186963 5234 150419 47124 39016 14481 12213 19695 106373 57584 147667 28299 28822 59592 198519 12788 160629 187107 120991 85876 189973 130443 104816 19727 35510 185136 106993 52629 20180 31275 164292 22964 169747 186112 129381 60578 183444 147427 166527 159570 172396 19607 77120 165621 151639 182924 61314 169704 102728 178522 1819 155995 179041 177486 160932 170080 79335 174140 70378 61767 157694 180045 144367 96399 23238 119037 102806 39182 107920 170543 101641 79056 170523 157302 53879 62809 49560 76839 80394 128566 189179 197670 15517 119821 168513 99490 41644 17820 139394 64725 13588 89333 125894 41824 125074 162414 126445 34204 23917 153714 126451 139362 14973 101762 167365 14928 33252 163315 105352 10447 31419 36171 116851 48441 118188 129753 158688 187056 20401 36582 68593 89361 139418 36443 156953 99868 94489 8765 43190 51009 30986 119316 99135 118735 160079 74622 101198 4435 178014 69760 104666 25988 186096 86596 68872 154407 196216 139563 27183 17110 165043 147064 30329 16996 58602 50316 62161 68465 54251 161884 42751 187570 154374 119974 112677 54174 174615 34103 65413 22110 4105 113733 79280 67548 126443 120174 106240 188531 71229 137098 130605 43701 143271 151071 63163 56380 51049 57406 193998 111961 140281 29801 177141 65343 110664 105921 51394 62626 162945 21678 89763 172941 139110 133452 143267 97211 153483 34516 69766 122391 32744 64284 69776 58523 157596 29051 6352 145165 49860 100246 129782 120023 94362 129788 110176 122477 127207 148445 150841 38448 83558 76748 94623 156560 113385 133248 112141 29822 168901 192147 25749 155682 114639 77429 3385 102377 21129 114373 91465 158719 177453 132462 72674 52676 171333 116575 153805 79594 196518 101552 155828 157290 65465 165509 120611 114861 7660 11269 69413 109296 187038 103972 16141 60855 141155 102418 929 40284 189811 187224 43423 114045 46475 109205 199253 9596 50102 142466 197688 182325 89274 122334 173489 195129 178750 57069 193382 168732 146812 98592 54267 3708 58018 21509 55453 82597 39709 188981 2797 44818 132427 145712 190937 197822 169889 56454 28176 132209 5245 84345 128911 80014 171200 146859 100638 49149 133618 91389 18805 5297 114454 121235 30981 173686 66610 140025 79727 147726 79592 124484 171526 132143 26903 173651 85077 143314 7628 186004 164651 90167 117665 91891 165204 154920 40259 105082 79015 106437 73152 193413 156368 16029 109851 54300 18646 32650 150165 124505 64237 72900 86320 83343 6085 164897 136086 103499 12788 87472 30736 71015 187333 61105 63886 154983 67694 199146 126873 177107 146271 41119 141179 44535 23250 92750 156276 160183 147698 98068 164700 57699 198004 67084 67470 191054 178504 34908 17469 124758 153132 125938 197528 59669 15599 47887 113617 189629 160183 136152 166634 167899 194398 96896 63646 54730 53861 147484 129821 4198 182850 9168 71191 180670 73474 153705 30596 1972 162085 177532 125964 104680 40976 142811 40913 127575 144694 173396 178122 192339 140031 45168 48560 169497 176063 148427 18197 87752 187734 67566 88480 19534 136849 34133 104468 53932 14852 61027 98262 198162 114024 32305 173232 193680 127033 10189 68558 101160 148654 43298 25740 13090 153733 316 118013 76461 162424 119460 1117 17027 91877 60862 49530 178240 183820 81461 105189 37767 191 86816 6665 193858 119092 199415 126682 80816 141149 15686 176088 107303 61870 106896 198732 69567 147352 9226 56482 144561 109372 29663 166810 179213 14591 123020 47821 89624 178748 173150 86885 146218 162708 111981 186434 126000 74577 106004 173657 128304 1844 96406 120935 166266 109843 25682 175104 49363 181302 166910 150315 162961 31966 166304 75393 32255 12884 193414 153014 155982 11301 19837 151006 54073 8675 139501 175400 100403 34137 191633 16995 5205 185727 23984 150968 161877 85647 175144 4209 6520 10207 183830 182569 183700 170923 110622 42285 165703 36037 192503 28150 149782 11387 70944 113381 62958 192644 65331 133247 99907 155985 130330 178372 69853 109932 39600 174571 162172 182484 161894 23378 189250 197328 55844 174969 51663 64788 51468 47574 118195 179712 180082 163896 84422 4752 17786 3104 26548 47921 56272 32645 67150 37031 93643 29567 117601 77237 97426 133554 162024 90 90853 78347 19822 1632 105734 56294 115046 32252 56993 144 121624 37382 142840 28875 135684 178056 55505 164809 109822 174087 28645 126125 30413 117138 107177 113189 31160 160518 84537 59757 60851 12624 178638 29082 165060 141911 82732 1338 37130 53668 72711 24801 37876 170951 199692 27856 188490 128932 56982 30789 116909 59846 20720 85950 101882 21806 127647 130934 189148 85758 29628 178295 52397 143797 156389 167091 2671 146676 109464 2338 62116 174158 153465 64195 6854 64501 104128 131785 43168 165989 113352 137604 28745 33717 52687 90496 13181 187490 55322 192833 77944 135552 31280 99850 48354 27095 109919 39034 46581 4633 152825 91798 194186 120318 134925 137478 59555 170388 124612 57183 27332 145169 64490 147652 12570 180601 47180 27141 109948 74534 21857 29070 44464 124010 141105 91234 157396 48390 71400 171534 51196 39171 48584 156479 171013 49070 133388 81676 174582 99743 105276 129475 44321 65827 104177 39916 78436 30866 100165 127449 53371 107652 92737 65835 69078 11485 68526 70462 158222 121048 12463 47230 27380 197747 55163 81936 151032 34338 113599 88346 119233 198824 16492 188076 18221 173189 152782 7455 28309 42613 179745 166471 61234 104722 155824 93251 58901 77271 42243 112774 78896 99176 81149 122248 58086 130677 115007 146121 67443 110252 73501 113529 117423 176861 87300 186883 44206 154241 178356 93836 18069 189535 133729 187811 85212 86076 92708 37644 41036 33785 150052 37826 49838 4005 150166 19373 141791 93959 113359 90140 174781 68556 30220 165085 68011 61072 196062 129537 80457 37393 183431 88563 33638 148757 106633 136093 110370 80779 54175 91033 162832 170568 87589 36865 179158 156500 135729 162736 158326 7462 88428 27483 66385 185779 48388 153813 197110 40925 185758 177353 125319 8811 17924 45800 146036 182298 152426 185302 117461 21432 154167 119099 176039 13005 49319 51135 172548 61633 102873 90880 79556 94216 110509 61407 180848 55738 53024 102444 32256 110779 83936 77339 69628 92216 89078 96479 141018 133197 154668 131408 40963 138979 87540 55429 197816 89332 115034 52024 151073 157226 164470 12812 32477 5382 175962 37814 196091 71421 87432 29070 92645 137110 39534 72445 7591 40398 96283 133418 174258 115826 20045 11667 62009 100299 47464 160912 154974 184001 142561 32087 171395 153663 39224 146096 570 76229 168546 125989 52843 74483 134243 122008 136225 55934 186271 166493 152855 108647 126693 72514 927 81604 91500 148997 62876 3660 85557 121175 152663 90223 1488 113259 118838 76618 191073 23996 28812 45223 100293 120076 178457 32750 57425 160898 96708 31680 112667 20873 146665 82522 6142 14189 97607 5029 759 192611 93213 80307 170310 3349 113190 1130 175088 68069 12521 65129 110781 11896 55717 54303 179748 3373 117825 178093 132891 5698 189733 73041 33718 10689 4353 89747 168056 93927 174053 107204 7654 141212 88466 13794 27071 6022 150777 80042 2723 39753 41133 192295 69696 120526 190960 130706 188204 122192 163050 184345 72025 41415 131639 97739 174871 24000 52095 56208 13082 7563 190722 78473 190798 11894 132082 137919 170950 89903 92767 63238 185052 153504 143158 24244 190530 102436 63047 70475 176127 22993 169839 82161 151100 91163 15768 44632 67189 184286 139630 183849 65915 166418 69138 90633 107866 101014 154265 90049 94520 100041 107799 30809 125038 51490 183164 140973 161534 109687 72484 17820 160670 136767 140328 76919 164050 8110 62588 191560 129625 34795 71843 63116 103691 132326 38349 107955 140408 18887 70700 168164 128961 16938 147635 2332 124027 125221 64684 191706 15280 154315 12163 195395 51806 46677 139140 151692 52450 70565 123579 58132 112952 162498 38926 186948 33576 52725 145070 199383 71349 18687 99522 196879 6902 32638 82153 117586 146366 58922 183862 127319 23051 123900 123050 31334 188371 189843 2795 175724 13019 67970 137161 34684 169995 140439 52515 46849 15436 32323 51619 30379 50359 187746 98963 104676 179749 191466 125626 60499 16133 147994 199459 3921 36656 172652 165919 135425 127304 130424 166870 20704 107162 170773 95542 167960 36258 121831 77596 145845 161315 197569 156133 139240 172682 30515 122541 152540 183996 149353 44369 141989 151417 146654 105462 21956 164666 2995 18242 83886 86819 173437 112551 72509 114448 41837 30251 51449 29346 159859 16307 183148 115335 104083 188744 38080 168896 142461 113390 6486 8113 42367 149521 108807 95965 107632 154499 61420 123573 121972 174752 179222 30244 134442 104998 80519 17577 84335 118108 140666 33530 91769 175514 78407 66991 164604 75748 82339 121453 156389 70579 98446 3074 176421 33548 12617 81414 187286 184749 17845 149836 16735 56661 112792 1784 66551 141468 46896 118663 116046 180539 192447 65788 84167 85684 184303 139393 110947 161679 83774 101152 90353 161804 197629 132050 29110 175917 24698 157968 14614 63533 183370 74622 77339 165311 60907 69583 18317 32201 151308 192762 23111 101292 180542 170065 1408 148702 58047 78050 111804 126937 166578 19368 122160 71921 76886 125539 22397 81948 125331 71649 153740 110972 171972 196017 16140 149186 56376 164524 70403 148519 75739 170677 175575 79473 9162 113248 30623 187724 177092 193025 167766 20915 188861 27060 96076 133582 198369 2056 92211 139060 79005 177130 58082 163271 103145 156148 54857 68520 11051 30163 38218 90781 120534 185302 91699 94270 182768 34850 140156 148829 166003 115705 61434 111198 132959 71308 161251 37294 143334 154067 44476 86669 124274 142260 34280 183660 111501 2003 98796 10390 105261 91210 119263 156408 119955 137965 51584 195969 193647 31514 123004 103714 174342 26365 31323 11813 139156 54700 49927 16034 129357 24278 92236 124332 122445 33535 189664 102493 41683 197339 142500 11250 5831 188550 107331 94281 116252 135741 114819 7666 88492 131648 169642 110000 93798 39476 92737 13857 157096 118800 111609 182102 109556 151984 99333 178093 172245 27290 65848 151821 68533 81547 62220 87777 184639 87416 11173 183341 165486 99078 141958 120727 198830 196634 25137 6158 19095 76773 179012 71027 60050 40588 33138 33179 119113 129869 170570 52290 165893 147026 70868 198891 166717 73483 177683 155675 163935 143123 68207 161011 192995 178997 69043 148805 95280 118454 27421 151955 88775 81791 72013 77998 16363 152293 85730 16224 39694 157074 86175 76773 1054 109200 26949 71021 135563 193166 66220 33651 48194 193398 145022 21204 182048 190554 28494 164003 88565 23933 188757 19922 51016 167293 67106 55346 56830 130993 47858 198172 97438 127503 115904 143490 138928 83595 101170 157423 125253 102136 20074 182994 98929 92653 80960 98819 178960 108885 129527 87003 112820 58997 53041 75038 36529 197135 176103 131014 130134 58520 158561 186283 67023 32907 74397 134237 22680 27673 31520 63130 98433 24860 118013 4483 154722 182517 100229 145819 187873 74166 73603 165258 192358 120685 128485 174241 66325 184656 78037 17604 163031 197582 78405 31323 59469 145271 103158 23277 23015 54659 166068 83317 175353 172774 41522 145316 77589 152094 195651 68598 139421 66318 93906 195658 175386 120875 101189 35650 148126 185565 11557 140130 166705 158559 170706 116654 37069 168409 117996 85896 102432 94143 139957 37659 26232 191468 122777 165767 141817 151756 70208 32915 1641 51379 135614 133990 92425 155390 59604 172925 97185 8434 172809 192876 165234 4240 45773 14221 143376 5691 151357 61939 35016 110561 91868 140158 156205 125976 13667 20159 20240 14033 39008 81357 119902 89451 15338 90283 116892 126484 162763 108289 89415 75018 178216 152135 195894 144120 82059 99765 30867 148915 180763 145821 902 181693 131189 152340 132033 175950 125232 141922 12811 154045 48817 101602 192233 29342 83546 131316 38665 81296 108227 143015 26180 179546 103444 161118 41490 161704 183037 100705 4633 40558 168691 92174 37098 98958 70412 106168 102265 26912 61175 136479 124586 161253 129260 44159 73257 162696 126532 192728 91429 174439 74470 184596 84606 130508 25646 91032 101614 193296 128547 44539 114103 4196 144333 187399 184138 413 83839 13381 143242 144940 4130 133414 192404 102960 22988 58578 91879 132571 193116 135922 114211 48089 91590 96601 188915 181522 42574 186937 196809 198799 117836 112005 30134 62900 162081 6974 30937 116300 53329 145057 79012 129356 143619 31999 173944 151613 191121 144322 31172 192633 21793 98526 84619 55719 48303 165783 175262 13585 143044 154368 122073 179191 132865 113690 119626 19915 18108 70866 26727 37019 51173 136535 52268 177237 109554 154420 164179 8136 95114 47553 84523 37765 188813 52210 79824 22548 69427 147770 123857 185281 113965 63528 148581 89333 165631 88906 62538 90023 69745 142437 65657 4847 110415 95057 116961 7627 138766 51295 173430 133930 24619 2109 151261 42162 102878 104092 67240 91094 150471 41124 28862 190652 19815 101695 111583 180384 78428 156410 32126 91306 187867 50066 45587 80970 164639 140940 175383 183528 117361 129616 12682 187207 72592 114724 189589 70688 176923 69588 171188 119846 45958 74371 188181 121429 142157 71457 111136 14246 131514 147438 76290 112550 110287 44982 15646 165237 170325 42901 183515 58500 85147 147047 27471 127445 16270 194977 89224 140449 7836 184722 190138 30085 172272 120779 167940 142627 117175 160097 187332 35103 79859 41704 182608 98053 78374 55258 33480 196163 189921 180912 193049 93180 53494 143669 96317 191447 25336 82358 10694 183787 97565 140491 121167 129197 100011 93400 12768 30420 33877 178864 160477 180047 188589 51180 47960 71178 28464 122003 129356 68511 132045 13942 163324 177562 136860 74666 48874 149023 94212 180538 172486 180473 80567 99131 59787 83427 32888 112694 172747 149870 93235 180203 121380 85485 196441 125969 65590 59675 16580 196326 28295 83381 66768 125426 98660 82422 144437 30358 56526 125472 31753 66796 125162 41144 98504 198988 3167 69000 12037 101417 88775 73121 145585 104808 96656 155158 143084 51330 181062 111068 46306 59141 25030 151710 55372 120251 58357 150689 42767 82721 83887 15275 172583 186235 80711 24592 58713 10212 110140 27531 95716 139337 55450 149146 174818 124040 49392 166572 105354 34744 73950 51413 98505 83645 180216 13958 124936 24071 78400 15247 195787 79075 99028 75292 131349 150289 92480 39214 20151 39992 72117 36366 51505 4651 8576 44064 155153 130881 137586 60871 168407 41569 174504 91709 183682 57080 89212 36205 138906 20668 113574 90741 127213 85844 131266 127450 113948 73128 112507 122029 132708 60511 147077 62417 137596 103291 155267 100344 113676 62607 28627 9437 180763 14106 6097 79779 92357 174314 156394 3105 43355 188148 47950 10230 104582 137931 174978 110029 179500 35528 173322 7005 32513 165070 85565 191598 46576 53660 9444 101996 33422 185051 155564 28162 89685 130884 57793 4055 92255 199616 151569 48781 23780 41072 163498 74003 88711 157553 94637 78049 66005 116720 172530 167809 99855 179292 177991 110612 161493 84104 55561 148185 1239 168252 33064 1526 126015 98791 25597 70358 77265 33854 146189 26763 182043 46558 183368 163833 144799 32557 51470 189585 15486 77383 170107 110020 63158 22393 21015 154995 64868 164229 70240 53362 158968 33147 189377 141382 168257 119015 62850 197007 71877 173976 112231 132446 127898 64627 107705 28811 137484 68162 12772 77256 116284 49551 154093 70877 39780 122616 51818 103218 8155 141434 27559 78229 110646 49735 180838 100472 30800 45762 88299 156234 20339 110114 112499 156587 153104 173483 72608 119142 126368 135739 59809 61774 158547 61888 140100 191316 199013 67040 194966 164870 32074 122719 139693 97603 1935 195944 117045 197030 101772 49725 4621 123368 51232 113561 18389 25300 21512 126498 13076 73875 59152 78862 147898 156277 168560 101648 153186 145856 3100 151015 198017 93625 7649 139913 98181 51344 43613 56119 12980 172050 167754 166412 12905 106920 106594 166054 64956 175704 191202 73396 144434 105079 179482 191225 92740 34825 135646 14154 190141 51013 153982 118987 82318 35830 163734 48486 55158 133364 58155 79756 89857 178953 71783 123985 42055 68102 156406 7326 194316 87035 134933 135037 189957 83275 119242 178014 137914 101454 181288 94312 130725 36632 82102 65300 115824 87316 55400 69461 76896 78593 121788 61077 41220 29845 39577 71118 121126 17395 175504 106604 102483 2817 162222 130322 56596 57655 37055 45798 103886 133654 115632 62069 48465 123401 178190 192382 133567 96681 80699 97301 75232 152501 149068 169369 60790 64014 68294 57039 129863 34909 79199 83204 129840 52456 100213 87090 181820 175728 120154 107908 197587 70639 130030 157419 92900 139174 175830 66387 19432 11779 98878 176274 69618 37185 126294 147690 178557 45489 68812 163363 77022 124651 21296 159211 148430 130482 51069 134215 163722 150176 17826 55987 51661 66275 177952 87869 168236 102785 44439 30324 135118 12506 127556 24794 166943 89606 104090 181753 79066 13869 68061 6809 98763 13888 40757 62033 161469 74858 102695 131483 9024 55998 169231 183051 70050 125879 69220 179284 145537 139329 76931 17374 149279 16053 55640 196298 67432 59700 152691 32295 98450 86901 97748 28084 69116 74494 37709 53431 20850 169862 97554 158667 112864 195209 31598 154225 4128 70700 81160 140401 162051 86109 70909 182654 141620 37081 194581 110344 114796 91376 137379 67499 138622 110302 128722 159581 195146 1070 172756 73157 65977 122991 70829 156655 116241 113404 174920 154015 11841 186918 74137 65925 169768 63019 133218 17409 149036 147112 38643 135489 192293 13277 151853 15317 61035 123151 38164 23019 191192 47649 158702 71775 122513 163448 104471 45824 28818 98719 9400 37731 5053 117450 59525 164586 114778 92095 30811 60812 38155 102019 118749 131346 164679 46721 166343 45943 51306 49587 57796 112615 63224 130859 129655 53724 27428 105274 114645 169708 156946 181327 190345 177764 9567 165968 174802 120888 39134 7042 139615 116673 8494 161613 27564 128513 177988 176266 75708 1911 55131 162289 75592 26422 72354 131760 27629 188763 177308 118011 20636 162848 106502 131565 16657 183215 161663 161383 61192 189234 70703 146356 63851 126279 5301 73713 113084 122599 93757 187917 137780 45359 121473 168968 92424 169270 97974 75515 82231 37134 174318 50683 132712 73210 37322 189717 94248 183080 177312 178306 101026 184741 72583 69709 139867 117873 176803 80510 185088 2079 150402 61736 47758 32186 53612 171877 188327 54615 153951 156300 117957 184670 46377 160446 175398 142429 140011 132284 164742 146465 89057 148427 169675 112609 8258 115166 85700 28478 58452 7666 55622 133705 4765 161468 118508 14003 82276 80304 54453 154295 7059 103514 41533 61203 162179 38770 130510 136473 112060 168357 44603 45556 98379 110469 20681 29285 140119 92169 142668 79510 168457 141847 108624 135396 182058 198542 189432 48843 130048 138086 80522 96714 39407 110198 182264 149648 178404 48438 25471 146705 50509 107008 65579 94712 5245 89613 19319 78755 167748 177137 17955 32379 26357 101925 121573 100272 108491 140532 190293 188298 163070 112563 8886 186723 118946 25506 45281 181280 35931 112539 60139 137297 33104 161336 18070 55610 179054 199737 141580 79037 121088 97946 198082 115289 54839 12645 85713 40654 89903 34530 170692 87595 70676 122147 43910 55912 170824 165806 53794 108408 50691 174124 52516 181404 89114 142158 100216 92943 87785 149157 41738 3128 132201 162812 192120 185786 51328 27931 128243 180585 198621 68265 94847 148452 137674 24080 99896 191697 131247 171990 125463 75448 11033 168798 119675 80377 125220 78759 58523 187308 191714 67862 53078 177591 118004 176685 157227 47567 116115 128995 126712 78590 161544 28101 144802 11542 167718 199596 134242 23928 180395 105257 44910 90275 167155 24396 19088 148519 36507 699 7535 54206 160054 165134 197324 157480 131210 84048 31986 155326 126543 25567 158125 67716 20197 29218 182960 56168 123573 180062 152666 44901 81104 115610 186191 48189 67159 83169 94791 105902 67873 138073 112048 152216 191809 157679 15659 18297 68435 88900 98263 1384 44910 193977 182546 65541 199255 69601 184323 55476 102922 120895 146356 47893 58434 36762 8577 29335 133652 184592 13565 99426 2120 168256 13565 51843 114467 166917 180720 166042 161036 144016 120239 153519 81040 9267 14722 164674 99566 102719 91110 117477 75598 125903 149706 183580 143848 87794 139579 85253 80863 13224 134949 81541 78550 142286 31286 158314 146870 66711 115057 127848 50825 154476 72612 122306 126809 191412 118124 179167 97554 182146 164300 166880 122063 2692 34916 145106 86465 50260 63845 83519 106541 182068 46626 2176 97965 91910 151410 1465 34261 38465 69493 61956 41220 47531 90606 177397 116895 179977 6864 3116 87139 147859 194320 189367 20235 30686 153488 150783 123272 75580 32144 35513 182238 20562 10087 88827 50587 149483 154298 15518 175205 80225 119181 8460 149252 17864 12684 99 176521 194696 194147 186782 128206 18879 114299 122345 170115 31594 41986 112198 108088 41301 180304 158343 101994 158471 30031 78457 117588 25349 117672 115994 78562 34374 90408 105626 124652 101030 17939 70511 59574 58817 87924 128559 191130 90992 86536 88747 34568 121140 161956 65943 98678 34021 122827 92671 199651 199509 96038 131413 17459 52993 77401 123642 80515 125886 31448 63417 20690 64010 179672 82266 180179 170066 67832 76142 140066 189914 93904 148909 70969 143843 162188 105767 174044 84191 7872 106340 165306 16363 158961 49482 194500 77669 56917 134387 80096 21584 27516 133987 199463 131438 95333 193859 144047 97165 54672 172074 185392 126520 142723 40609 4127 17602 109795 181514 120854 188205 40815 34516 34422 165733 101299 22059 170906 127843 192501 57459 28136 151805 135413 35301 76536 63452 173704 32265 198393 106566 83224 56943 77765 196338 175762 2986 29005 34239 176212 151722 22637 131115 103315 15223 34455 151914 36758 88231 169493 81977 29610 53325 31080 59892 29322 118398 113131 148478 180344 44974 102233 2567 53680 5726 41360 153145 133172 127793 61498 42485 167847 148623 78140 101797 130557 13799 69373 168558 122230 77001 135522 67820 14446 5806 135261 23692 73009 141312 143705 81295 173076 71241 148898 75851 189230 123128 147933 179419 129500 46184 83501 20446 182631 182914 92597 38330 29608 180221 8415 53790 107265 83513 171319 114762 146968 153738 6613 168442 41505 56802 179646 129259 11203 178256 3023 105496 159909 54725 192793 1142 71181 26258 100298 32025 132133 171529 86686 130768 127714 161180 21999 198666 108045 109354 186614 133327 90369 40406 191994 50710 124465 139610 171623 72963 126406 44678 175691 64503 28948 81274 44556 128520 174366 199136 110924 140359 39188 110764 4523 54596 56191 76896 129278 122246 148843 168714 120064 189061 193737 128985 136529 178249 41711 119750 186844 183348 80753 140124 186038 28219 169422 124903 191444 167281 3346 68161 42299 196421 82660 43520 76977 147440 112503 63091 105885 107035 20696 156433 82998 54641 163886 8721 99230 14351 142127 8374 109880 66765 77218 152850 109793 176858 108046 121895 12628 158503 74774 130561 139091 61206 195278 114115 184115 114388 171671 73046 81077 87468 182118 90079 112059 195227 31681 171438 150812 199564 66958 75697 12563 72845 8002 16909 136402 175415 119386 194877 166457 61996 185891 15470 74777 77855 43493 39533 119940 164512 175543 170473 120847 138313 55225 16151 180951 115329 107448 41005 6404 29707 196309 74725 134435 92524 32159 31440 5433 147139 76560 152497 3414 88533 49744 134131 70113 192648 95704 186746 39958 104084 131190 124716 142257 66775 41456 7587 85210 131450 157563 125782 47187 141405 96151 32657 91729 95162 58562 192210 63788 90510 93624 79984 172554 88123 184928 154101 183914 153183 74740 25327 194803 88528 111956 9196 64820 1777 88472 146229 61918 42361 41622 175011 111384 170308 163464 137881 6687 123047 84989 151997 128612 153672 49585 63815 177285 135291 9945 128411 140523 43373 144508 2204 41690 10591 28528 155333 146955 160397 111752 97534 26933 128276 116817 80913 7479 151682 44874 101312 94182 106088 177078 3486 58980 126789 92707 65779 131794 44155 181495 154538 98371 163888 104872 182214 174376 59208 86362 168007 102175 122042 47264 70719 82745 10857 51682 59335 177156 25397 175575 125732 86392 73096 143846 172792 83734 136907 87693 6335 179963 186870 20041 122924 38314 186036 147761 40377 195831 7819 13113 40401 66247 150128 40074 152243 124983 22050 22489 186786 112285 52576 35422 192017 149102 193660 86886 121881 176211 142502 92571 27707 136244 41595 187405 82715 148475 72641 80679 691 162343 5947 118829 47530 85843 102680 135345 15669 164919 75633 173095 128587 129554 99200 122189 107806 20531 53996 106858 166209 196742 173558 147963 82832 109925 101919 55798 18887 47153 159646 98751 51429 35547 112938 197576 157482 100428 44477 91776 58271 29472 66340 4601 51717 23470 26677 11085 54842 64725 32955 187238 19823 175900 43835 40280 161559 70480 6856 183569 135404 83110 180410 178522 110676 163953 39315 7555 52456 79011 152724 179401 149784 50252 161050 41478 35028 195042 37781 36393 111479 41302 98668 142223 8237 62141 57144 159793 184467 188999 22847 184893 155134 180860 197358 197803 113358 123761 20666 36069 150266 37560 152766 32318 151906 89371 164691 86974 17888 62660 3903 172852 27451 100454 142297 14719 40934 132221 2106 91504 96891 129273 124158 141252 118292 181548 171909 26879 66009 148969 144630 145629 35393 46182 29582 121284 54373 35969 17991 148179 76621 150768 97307 4705 192870 76498 7957 78670 152563 190512 11108 133308 40199 111298 3126 99591 1072 158812 137222 40211 175135 169997 152689 74547 162145 84436 162740 187333 106906 56327 82435 66946 62798 47342 30447 6125 183719 147114 57784 145338 181198 163885 157443 169983 123199 183941 39026 148088 193915 91709 166259 46403 119400 21516 97384 18860 122769 62138 77853 147602 63056 133400 48160 41830 174950 125555 178745 49248 139121 156125 78682 89347 12239 113242 65018 116944 121047 69859 13260 30243 81008 171585 47744 84127 189394 62075 98766 133903 49681 175510 155652 87912 137459 144815 118589 198031 32366 119302 139885 49149 1662 54157 113969 188983 150505 77842 15571 22548 37881 60048 21490 127007 44589 148602 87463 172672 75492 63205 159871 189529 115993 12933 44115 61579 165854 43525 179993 175201 39745 169968 28244 98265 59303 179494 135560 52837 120163 108386 105789 9504 26997 164412 177319 102891 178852 37184 140968 93552 44571 91216 33363 100555 111983 69292 82897 99261 81748 9528 110771 28559 178635 100438 85531 72049 26233 45150 116167 191795 23541 182079 24064 197528 166690 139263 108641 185902 11909 130830 53098 23364 117391 274 124942 154509 120391 53533 48166 29235 140719 151215 98255 1302 47164 140758 193414 139447 17763 186910 155477 77030 104601 123741 48815 131911 37044 105776 32768 40433 91646 124304 59078 41482 34006 46938 137671 184366 23084 198822 67059 136138 92111 122281 126110 128754 173458 194020 27856 76377 109817 39731 88780 161492 130939 8012 89495 110416 101950 32791 29031 17534 120796 156163 188346 70652 114458 96389 185563 44654 147902 21694 82179 9030 114789 31830 81415 3492 80116 149388 172644 104945 49901 89949 113106 103008 16760 149861 128619 18706 20937 75302 117984 15378 86340 22473 145183 72473 106237 79452 154069 69863 35088 92658 90998 73082 73637 176272 185279 194208 179060 48792 55418 78493 116419 51059 100175 34490 24587 117746 91683 13496 74836 108969 144255 174204 134956 8276 102953 171834 157798 117730 85626 185401 153879 124941 162670 11091 145063 150272 173082 115587 123507 85818 11300 162906 127094 130692 95357 129223 77261 154134 107952 82746 182563 160968 171571 7136 127686 116683 39921 17347 119865 188826 173699 58606 34276 102484 74303 27254 60247 52872 168340 97095 1340 63960 170699 86734 174894 102747 142886 110133 6147 196256 97114 90450 15869 77294 189897 148706 27938 24999 37982 95715 92226 26379 153975 107452 3304 165841 175194 62749 151494 107662 3966 42858 93684 138520 71922 65120 176778 9035 89460 13027 125065 90708 148022 43618 178359 193942 45848 66356 159673 127382 18149 43112 165905 106574 20913 71850 188443 120385 38552 168624 143607 92949 150014 150256 6318 92467 195282 37438 176804 127443 72161 111613 128214 66298 35897 131712 153359 147584 32912 55842 68939 84440 8563 179535 141750 56504 145906 35371 66032 195294 72794 159527 19507 23599 74046 102286 166896 113984 159849 184342 83006 56448 163621 68250 165898 170708 190952 142365 146832 181524 150365 59248 54867 185334 90695 28795 103703 23066 185070 84284 126397 191208 165272 183254 101613 107267 33973 14333 86175 162576 106019 130114 74054 35999 52128 162754 168141 151720 9194 91559 184865 134073 157555 16140 94141 2944 30866 119731 69127 134039 107648 78437 76780 106980 147940 149747 174634 14441 196070 89392 173856 164101 1700 152041 58859 77137 170413 104621 5179 158298 52564 57770 96615 180304 157557 144723 76660 2018 143539 163415 58936 124780 174084 45748 92756 63764 162815 44752 139642 40179 19682 21948 38594 59627 71968 51608 119957 8574 113754 121514 168759 175475 133952 174833 20889 89977 122842 149505 195778 97358 195241 78530 196543 105276 189395 9446 181921 91257 151909 54533 50877 89955 35198 23362 77609 68667 184280 39866 96217 164400 132494 120500 178716 59001 17391 188882 135736 14103 148542 191531 60266 61687 182289 126424 149309 170653 94128 77836 72423 57299 175383 164338 133704 5250 190551 101365 114824 195973 75826 46346 86840 172653 63911 194444 2572 62415 130222 77329 34182 90363 148690 22464 160887 195253 181513 44208 127812 79213 65410 195004 78999 100478 128399 174987 18426 98629 42154 160258 109434 17590 152329 124121 119212 132596 196831 181262 101969 7139 13457 44861 113517 60856 140592 135112 119823 180018 171021 191974 181157 118118 185941 160321 12577 146754 55210 28110 36604 96626 187270 177240 55318 159951 79260 66966 46083 48792 19160 150135 110197 174867 120185 96156 134942 190031 29129 65110 192716 134437 130364 192761 108686 31816 141192 76859 52833 197210 191687 11588 92581 126377 19001 103911 8485 44595 187196 177727 72197 133683 12331 186910 124535 60532 105818 39672 49494 47419 161625 168300 10904 36359 15755 125606 153643 76184 182273 25506 11012 114828 115644 17511 111643 178938 156270 36877 125472 143613 26541 124613 109527 5088 11178 34313 77706 64043 169093 180675 62120 114575 4229 24442 56742 15978 32686 31703 171182 193886 135276 130894 47754 84806 156351 81301 191137 33911 145641 166969 29702 61278 177202 147305 1840 131845 171875 185558 156782 194896 130710 101443 8286 46826 15097 101367 125133 169168 119715 175999 177512 136102 70588 95594 39333 107780 130653 16260 56652 104358 165088 152953 191317 47260 123501 69283 56007 142146 92106 42239 72990 58316 141533 76188 85224 100640 139045 126014 37850 157380 189876 18318 72823 183129 13202 83162 137346 112415 121441 33475 148686 96226 26594 193139 36031 61056 163708 114401 165788 166808 74462 83990 164400 97041 149858 83461 73352 37920 117764 197457 39874 108589 45485 66753 66768 89195 53915 42576 193500 131919 126217 91888 146878 154948 114661 130844 169501 187991 120937 137022 177826 50857 100027 26687 190596 23207 43669 104669 17515 21218 44946 36597 45802 158559 165657 49870 190281 85526 144607 189444 188290 169311 42580 125613 86883 4606 7485 102765 3483 55437 35388 181113 166843 37644 60147 32284 62641 56779 1466 66776 156112 149479 135168 19916 1663 43382 11138 1833 94911 191178 54521 76624 68357 98512 126118 90688 99387 165323 146318 15204 18169 139280 144275 173766 184776 139060 175874 91319 175321 140634 80189 151090 127686 153839 39723 162531 76097 131593 185776 156143 22022 141642 161151 4140 96669 122166 18429 63735 126952 146716 74791 172558 70232 185083 137854 93307 53722 122742 197334 156169 132383 17022 91442 199135 69580 3278 168634 68161 158992 84772 103873 147892 60437 124605 93946 82793 76754 75144 17497 12895 67995 135015 152530 142943 157332 141626 12101 118009 120320 128197 5526 161751 7032 153526 55610 65228 7988 87877 72549 146245 153970 84149 177145 2186 173865 16898 14890 31729 179580 1671 167134 77681 59549 166615 192503 124835 98708 153909 20362 192654 97448 110729 95275 194043 124988 38861 60566 146579 2106 58231 59782 198897 174285 171046 6124 147335 103228 131539 194352 183840 112151 149456 130061 133408 49291 51797 76096 8245 183404 116718 52585 22493 168780 141704 96978 165864 17295 39582 197158 7794 37832 159321 57916 196623 138418 7398 127321 83896 77129 50616 185338 138990 5232 10935 126080 193151 117180 23311 43763 24357 59295 7308 187935 24825 149731 181891 119185 191388 38514 60295 165837 94819 76563 1923 169878 13193 79307 59549 34162 148291 145295 1885 163878 59178 122838 109902 7343 64839 300 180694 2408 150930 171919 25878 112471 7104 97891 195803 169394 145018 103580 125115 112711 166341 105195 118964 40184 61486 13322 60368 92128 145582 184117 169471 164026 84871 15705 170347 36277 26199 42434 24804 57547 25520 107259 69097 94712 32880 144674 185802 98083 128562 80908 89765 67440 155191 20417 115034 87556 89338 104728 49644 23633 138900 203 58721 6731 110068 38534 197738 67821 86268 143688 65303 120986 175590 180019 19702 55823 43697 144320 197025 75963 65721 51103 140953 90379 132201 25771 154254 131921 34053 127618 136799 128508 150033 71199 98724 172641 103744 67043 170104 186270 193084 116112 27484 43117 162174 38980 108020 21158 144149 14381 41744 61853 63463 128876 191780 197733 87467 147764 72271 197546 166818 138995 39489 142082 177159 183669 152327 51606 140433 73589 148890 163182 87507 198538 19782 170465 130778 149491 89363 127122 133933 174643 160015 44997 76072 82746 129411 60363 113457 20528 135054 137951 129730 167339 91423 117161 174996 39212 61941 1003 158287 52206 7875 36492 31049 45954 133748 33563 37966 13740 27839 122985 190277 182786 22023 13800 90037 59531 136483 153570 83185 114375 95021 20894 175761 120243 55840 137648 30710 160675 2499 11141 31865 55692 65502 180714 149333 153041 91585 127003 17222 161813 25183 138336 191229 197942 111111 127713 162926 104278 60376 2973 125380 74264 36934 14194 129852 46226 71615 171678 79829 172073 156335 2982 98036 146696 133989 35342 145687 192180 178090 154603 66646 70083 135273 39320 188912 101267 118171 173569 128313 190205 72851 92231 60956 195665 87761 182188 17673 90128 21767 180383 24276 34964 155304 87801 158390 28799 117354 185553 170272 181402 140170 197930 98200 18021 180345 189290 148935 9169 86820 68486 174412 169124 178544 141610 155252 66227 129047 167971 142595 129513 97398 16374 180828 132178 144959 98549 76070 71859 44939 108682 41542 101233 46897 181979 103042 154401 189911 187998 183363 153246 23077 135773 141584 24390 168847 175429 27406 60037 179472 110578 176010 91266 160686 39554 51272 178904 98770 172088 19313 141585 59313 150129 185817 172623 183601 199634 199532 67673 16284 173493 19083 49218 186072 122984 137688 71981 184346 192769 194532 16020 143027 85980 167151 35020 14661 55670 29280 194569 171405 188825 7295 97768 141748 134377 183857 26012 26113 174487 191520 22811 183360 72937 174678 53770 95889 45553 16116 122486 21003 176055 144918 197542 3461 188517 24292 183419 158784 168433 96259 186099 43932 39292 177536 151383 73505 101756 159719 83704 112521 169267 150966 190248 9529 32540 5079 90906 9969 173373 74900 197366 32973 47316 64350 29858 109928 161723 193957 71047 184590 148662 125101 119540 64440 68197 73325 163539 122700 16116 198839 196964 6964 52641 31386 188573 82736 160312 132742 82149 92335 120680 90276 199267 192327 118198 183107 11131 109910 114954 12254 110979 100378 110380 166519 46698 199580 62226 110229 76917 175247 111221 12072 25288 93065 180560 69661 56762 82478 171190 44099 55812 23251 7801 90669 123526 41355 155347 195280 88201 46484 109815 45706 5635 176829 73117 150433 197623 130812 189233 114213 194497 110971 198036 2714 104833 80363 172685 1046 170280 171139 102157 69616 144192 148082 46359 39953 42030 95478 65199 60906 182639 194802 175439 59820 140328 31783 55465 74683 124572 148673 53862 22508 99274 117389 67907 168306 137214 40165 69073 165560 68937 13320 20220 117054 155178 77847 163501 83597 62096 112332 140550 116149 196534 93202 746 171064 118884 90647 150259 161905 117731 124390 167534 119942 169334 170379 127018 36458 63362 62825 46577 189745 95959 110190 59494 101314 89865 84349 55305 158826 13735 15666 138117 172248 139988 19300 190474 42985 42636 195707 62039 153934 118124 60064 8809 106676 125570 74406 76533 180938 142998 84391 98392 83184 89521 75270 8078 180200 181398 130636 28741 13162 27238 157007 139201 184643 64086 114384 164080 56608 181632 92955 58845 110004 55630 68071 122494 102588 114114 5722 90422 180113 76316 1230 153270 69224 47306 15165 90555 188565 96781 45120 801 42421 171615 198741 13689 151693 117718 47032 66213 10956 190425 75608 157171 80343 125410 160706 113220 161439 137178 147167 133181 121668 7655 55461 22673 143386 186838 184563 64325 3604 30607 83991 66848 160660 66252 90110 174302 147719 143427 476 107057 163581 197680 73934 97326 47571 145677 137729 14445 158712 137803 115899 24474 17578 37265 82521 57105 110952 191554 31916 174400 146458 61033 14708 147102 92862 8759 42876 144791 161249 27660 171345 47580 111780 164926 187891 21066 57853 191972 17631 53957 150759 170637 199245 61722 62990 191227 76277 81313 56838 108778 106611 173096 19826 44880 122187 23023 1858 143853 163919 40930 137252 163420 124057 154330 51854 76784 148862 5864 21919 186826 26714 102071 1205 92300 16874 171964 187548 145030 133580 96208 95563 79645 70340 43900 165606 104966 3131 159973 93989 182344 119623 65624 120804 133191 97590 100723 197945 18631 33267 162219 39364 142741 7706 69704 22919 109124 30525 167694 20485 21019 165930 142880 65380 77876 115333 155139 17279 54323 147956 189781 118275 111921 33917 58723 128648 54146 39006 66645 126902 7469 121616 5261 20340 55051 46972 131147 92319 77871 107728 170776 193561 179699 57887 50240 166473 173893 148675 29804 187466 12666 66869 63639 165458 105340 141543 27235 188380 138316 80005 83194 170696 130103 76289 34778 82429 190495 114193 14473 155385 107767 75978 173561 185847 31933 90010 141712 136828 57777 152359 114248 174788 81250 186525 152452 21756 24729 65944 131382 135380 90160 139233 156192 53311 51054 54588 93969 37813 95150 40711 179948 189040 132327 63480 41112 107270 94750 178799 178086 58452 88281 73799 116765 135109 8213 168652 15664 16489 71604 75435 19085 62261 107816 19113 111570 99892 16151 10795 80764 21351 178232 52472 44542 34068 58858 86597 198050 91483 85878 68177 102130 16440 112574 73880 6954 43804 60890 23134 109963 155850 90555 22944 87409 24679 181705 192435 49915 130489 120381 59218 3631 106403 190089 179319 11437 64373 185193 27668 42981 166809 16662 11660 195459 52302 141697 19695 85368 190795 134383 8026 83928 121527 7070 35186 168334 156879 85686 36412 118452 168085 179450 85061 56839 81372 159407 149653 123622 94993 162296 62680 106769 30708 67262 122103 188868 33249 180197 54289 107639 116521 20349 78229 77441 192208 76361 161814 77658 169940 132727 59934 72413 151125 183184 12930 91611 33243 140432 168990 143260 88476 169819 59088 95630 132812 128393 74089 139487 60519 33974 107945 180744 183848 49602 184585 2176 144301 130735 172830 96291 102268 172658 85827 111521 173269 29635 160112 14734 165495 134791 122955 79177 190848 79344 8047 85947 188961 1715 77250 162725 177742 59762 49947 73483 102002 67418 100395 99437 159429 41144 199433 54145 40678 57124 43619 69396 21880 85797 14384 48624 152894 102461 31426 107262 60120 153369 21899 180390 14426 129316 90340 131647 162718 109973 148221 147945 83223 180189 40507 143956 85253 68423 67241 55094 70556 157926 185019 30627 176844 128786 137423 185237 131906 157900 3479 129941 97561 156063 39586 176794 67035 6877 33080 72342 47564 109901 169869 40477 6996 24496 50106 52305 36178 60389 57825 28515 23538 56861 160997 49690 36286 144249 5567 51725 140476 197854 72948 134525 147282 41902 19101 153881 1984 20532 196240 72761 103366 157728 193086 123352 89032 4767 77019 154267 112513 38248 131599 71823 145233 40049 173735 53458 84625 137215 184391 110104 173110 155222 92712 13993 155907 56626 116395 175394 92003 109485 98189 9255 97956 166851 136857 161283 15034 127931 93258 149378 13632 50542 140068 174710 111956 122410 90921 136700 80743 132017 49605 99911 87804 76888 129122 114247 181194 117496 174703 108599 32168 162763 36798 164395 92979 144319 169414 58370 105373 16728 165160 118372 113964 15728 9273 83325 126523 122839 148052 145965 71041 60662 67741 133902 95328 23066 197350 91757 117019 65370 193634 20640 17245 116676 90618 46392 196295 59787 28309 22788 63738 114937 87956 30863 29802 155933 28648 131905 133295 11497 185910 19520 15609 96941 171738 27860 122965 52385 176467 35432 41201 178712 154176 134870 88001 42482 186670 182889 10371 155695 138169 96661 51756 107684 67947 189472 120520 130286 63640 160056 195135 44569 168054 37200 122865 141723 118859 91942 37984 104333 83756 31063 16255 131325 162480 7100 42769 15943 164784 155201 34748 90719 169244 154012 195240 40477 196006 80000 22943 186615 183526 49144 164411 194078 177393 168238 193803 29894 95797 107938 50466 12665 139143 134687 24076 132255 169716 119674 23455 33396 49182 149284 74925 146761 107275 8146 193732 112784 52049 34689 64460 81400 68799 131189 131777 145134 95845 69215 159570 182298 183382 86352 65574 8440 30982 26188 56379 18958 156882 65594 65070 13218 197878 146245 146430 154886 172770 19498 25250 68067 73616 12166 168942 158715 5483 81974 18127 175941 5782 14819 55802 188763 28475 63226 38060 150748 121030 60109 86784 164527 90821 97768 45879 185543 158370 49273 132302 33636 36276 121390 106613 131582 47121 142684 128771 42317 175079 192811 123148 26747 77926 176723 32844 20485 124360 141680 67248 63946 175449 3212 142949 138783 58754 121563 191579 98816 42743 120369 18920 33687 78434 145791 62604 178098 187853 8321 132477 117264 136022 17185 192351 123845 39773 93877 47088 49961 116354 59653 17294 51069 79742 94424 68662 17831 148285 184232 44627 90863 82925 56444 105152 187824 96386 29064 63615 122717 135393 63542 103662 189050 51608 81480 7710 34339 53503 154555 198913 82788 137121 71062 14607 107036 76078 100882 92691 53441 90994 99924 100984 10621 191341 180737 48790 56856 16301 191174 58890 99055 146122 57333 57403 158931 152303 66720 63702 29039 196460 189166 150436 38584 110003 187503 172130 28272 184706 147005 140488 184371 86455 2818 51850 24579 2570 122453 196935 49375 3098 158866 127495 136086 104588 94363 64662 82651 70829 171408 31819 102821 130083 185188 175366 71110 129754 83857 113174 63679 25943 198761 148579 76448 52484 136343 83161 153768 63989 74834 20361 24957 97102 50926 42876 133010 161963 1578 160664 19222 10465 164401 32364 125986 104764 169127 47029 85785 146770 135121 105546 93293 163899 45764 108489 134240 25272 154740 188585 41905 49728 53644 177852 74739 131864 45440 75402 93116 24829 79053 9299 175922 48206 144836 176774 112358 8670 135492 12057 56258 34378 156789 46627 88621 162628 156873 129621 155176 130509 98463 127290 38354 133231 32255 27932 144194 128507 82202 84976 54595 95395 107330 175961 128794 34882 123391 142389 179739 74075 187686 170135 165419 187816 199821 178857 82602 157422 191770 97326 61478 125417 121587 10963 61411 51086 44620 185822 166711 60067 183744 65160 5533 156924 124583 47604 169650 61886 198149 90181 63687 47781 170908 74756 173353 39069 134890 27934 52435 178768 140355 76532 162044 177101 59204 17189 106508 33700 195999 46238 61842 47945 147048 113854 69306 104503 163214 16480 119101 21548 146963 146576 10381 44121 45106 190109 178614 85876 125114 21601 32500 72168 174131 60771 64426 84239 153835 38742 170002 96896 177406 28312 70991 176280 117525 37745 120426 199326 169135 25367 69727 190795 30603 50680 118789 51183 94835 78427 183130 5412 22644 49115 96557 185399 99188 51941 83877 5696 167640 176547 87857 98499 88125 48741 180667 98975 135923 14033 62914 176673 95980 45377 196942 127454 131153 197896 111183 120540 133629 153185 124118 38470 175030 102530 24075 168502 51658 16198 172693 184283 120740 38444 34431 156256 12844 61901 143365 137293 159148 42108 104696 43986 40918 40308 127029 175423 96972 89047 168329 9635 87261 14346 87057 160922 140021 34295 131056 62418 142851 53601 179736 60846 76681 57994 12072 95248 109396 171826 6905 29429 11129 47415 105915 25056 30150 186276 99013 29269 135033 113353 116138 77834 30045 132440 102113 12987 107854 8176 35385 10201 34035 12842 159106 7774 35701 85816 95653 112222 2579 188705 69881 76781 117379 14933 45275 163721 199879 79026 127971 152810 122501 69222 56518 74933 116977 28012 124204 98151 67131 81371 21227 97794 24021 183356 59352 34392 14156 42654 134817 34024 84462 11910 1940 52467 86818 125985 134753 136572 148597 126254 183945 59000 130477 14715 54937 11265 153629 90324 18815 150362 131561 152595 63832 162474 137896 6685 31583 127874 41427 74127 178265 9892 60389 109491 130602 22608 181495 23299 54793 116940 62658 109344 23034 110870 194155 17354 132541 42591 160697 146605 114597 33799 50728 73890 191486 188900 29293 65747 112618 117855 26082 36268 90860 22375 172371 29261 103755 185823 125704 406 148886 52722 156907 60937 132176 130362 189524 164089 151840 29443 191610 13596 12898 193018 47375 67698 25220 106987 31794 60541 141538 20098 145289 97489 10053 179945 52113 163364 54641 52749 172080 3692 100121 173805 164470 13797 75399 89910 30972 23064 174280 136645 62598 121739 119259 108213 10579 110725 168695 57785 17367 160935 36124 131139 97453 73947 180916 156060 3867 61693 51916 54662 170210 23852 95260 32562 124785 92696 1906 166935 149688 175398 88991 36173 94572 97144 41639 167834 167169 195152 107063 172116 59951 61159 252 4620 163310 57832 135974 145958 194837 27672 106662 38970 36445 46779 72740 128005 10533 76815 184542 81339 25138 57729 148050 82897 56387 71201 10824 8388 116490 154492 74028 39939 154156 66409 143585 174778 17122 65837 120833 12733 135647 78979 76522 151826 153101 6513 87769 60864 151751 119167 113466 140552 171299 193819 13907 160103 101778 180081 115352 78075 89379 111463 97473 175223 131250 120944 21938 36280 14937 71067 46649 45989 44760 85155 33009 65250 126066 39667 180319 13288 84536 110813 99333 90128 7110 155017 2794 179879 68931 78858 196631 78656 18622 42641 92798 17513 127615 87222 87915 179536 55526 58251 41772 177988 59406 55846 11798 38999 197257 148492 61364 90827 164074 123814 92612 198164 29251 33686 113231 136808 152475 97498 95494 70626 71210 43205 49316 13643 144775 22995 163615 64951 3378 89377 1302 178381 94861 96347 76292 104772 76004 136754 13897 154145 62403 135435 13502 122954 23116 27726 114988 82905 176891 18525 158948 152719 160790 132007 43889 160572 92570 30563 114730 86938 88936 141373 40692 143273 16970 80736 179729 75181 105867 70653 6831 129395 166469 35412 167054 197594 18704 164643 87605 39800 178853 10784 90703 5685 100737 105021 142417 29204 98174 54051 134627 166936 77773 181158 103308 192257 51911 170407 81761 47829 96149 135631 87349 25636 15878 138600 57958 5437 103399 73022 82478 176927 124447 148137 135585 65832 181083 30716 137394 106147 159384 53880 163519 148778 62792 6324 50317 144061 165511 51124 16391 154151 136112 71152 91308 109924 171831 107156 156849 150858 59479 173495 179499 94704 153983 50374 90893 163960 72849 167025 44315 129657 196696 98389 164670 74026 57070 6635 112112 153124 131888 111729 38171 36006 54917 142504 189297 144494 51488 115346 71651 8123 127070 147975 139925 56751 26865 9433 91804 148813 9353 97949 20059 139291 24945 191905 6698 187233 178338 15751 170480 94494 104973 20477 43191 176024 58446 65744 135470 19590 1052 102785 197493 21173 107377 186369 28655 172070 192870 155447 24830 177754 1973 42742 54104 49595 104415 178813 124397 82739 32901 195436 11006 192611 187833 92444 78959 104044 113207 170821 124034 52759 7306 12618 72373 188410 21480 78320 2040 12434 182742 68899 107356 91364 70087 29534 102801 192495 8786 12209 52931 107015 18656 627 103884 197295 187761 38839 190508 158082 72964 134992 27942 108791 159478 53310 16039 86428 189139 44177 65420 728 85177 127479 55035 165548 163247 31561 52860 46000 181831 37281 36182 7621 155192 145662 35340 100680 41299 109294 100103 41519 175432 21038 48439 140036 106265 161795 162604 94053 86308 192094 118158 88447 139548 173097 67883 147936 119864 2142 24609 22382 87767 183220 171072 187835 8457 131346 169629 154704 6236 188265 199770 34536 97409 155531 13019 45728 32431 121405 24871 48114 179971 20341 85934 156784 64599 96232 2300 96169 73736 88399 93096 23220 37627 109808 77242 191860 60323 113208 139719 72732 57946 76561 46550 100952 14755 154971 184151 177647 154912 168017 198246 79686 135940 55362 55485 42385 72947 152689 125191 90560 122504 191964 16124 193112 197494 185465 189308 121892 63476 149708 73327 41833 90979 151086 26161 199216 118875 67483 35954 191638 157011 143110 147607 198248 100910 161353 17725 178851 160216 129050 173310 195223 199094 79305 42914 175754 10590 28287 30699 185632 119901 59280 125388 116215 19199 159300 95055 63136 73011 134615 46593 89999 14863 93531 58901 41820 70119 173903 57494 199685 184807 163020 93505 138403 160662 8288 143582 34575 30941 54753 56614 51159 48451 38474 106506 72169 190217 198486 92273 117518 19478 89793 32470 138354 145522 125199 90163 150018 86871 21901 180681 133645 65265 155343 160958 74736 107535 33887 3351 123949 25068 148621 143003 152880 35145 125830 35425 69940 197831 98311 89288 41916 128137 40614 194965 186944 89105 95001 191941 157977 198634 66886 96895 1107 20015 101907 85851 6487 34443 109386 3349 74421 13847 181759 192936 164809 48228 29014 115660 109069 158725 105489 150803 138943 15703 82309 154022 48340 44353 195012 23180 21035 162007 26476 179811 12590 130560 120580 72783 132497 97402 184273 104293 44827 141119 36624 103323 95651 190560 100529 130640 123490 157255 126530 2117 2581 16151 175012 6958 81917 176636 108047 147379 30469 122416 157947 156267 177473 189837 143202 83550 89670 9115 175182 8906 63724 106228 77918 117214 15394 62326 98564 112777 14461 159562 47303 89604 58882 10825 20776 5113 110633 81084 158522 104606 146500 141480 66545 35867 94158 94950 60660 121848 79978 188471 61084 135943 75874 13055 189140 185773 139519 73145 130820 167228 9852 52463 146454 73058 135140 95666 50504 188225 185677 177863 14782 160072 138243 89592 44062 31799 164469 39214 95563 163864 31577 32481 127751 187140 64126 149363 80029 115486 132967 15753 149601 85159 67082 64063 18229 82659 126388 169564 198067 160440 134077 50215 130870 70265 141191 190697 52796 119617 141081 37396 195846 78109 142034 185389 29099 16322 191958 178624 8738 77749 182961 77383 131741 31628 22576 118527 18992 68412 23532 145559 105607 18273 195361 122431 105072 74143 18273 99552 138628 76818 81073 143888 184922 67860 11904 58099 103274 108185 121799 40314 77693 75074 197175 96349 17658 78478 42616 34491 3130 19444 26806 54216 126993 91314 55745 106803 158579 21763 95374 113443 64849 145343 26585 38790 110323 58313 127815 65788 98248 162534 155020 189474 152154 123668 60663 152593 151874 55892 13518 19810 133486 189931 195622 32816 45754 186367 118799 60373 21303 104529 61667 185275 199690 28540 52514 165909 27102 39848 66342 100941 90811 120790 35940 137286 120424 29296 163851 47766 124897 97841 186541 14525 43365 81391 111821 181045 39108 117632 25520 101195 92101 7342 134213 189573 33666 120915 10879 193198 76656 89001 137833 45937 16373 122855 136126 27432 153667 177218 109194 149770 197207 16401 25623 147522 38902 173857 115228 111177 57652 126733 75824 178964 90105 21579 6310 52775 43426 174694 180250 52114 112414 39094 14022 199463 95479 3581 196391 99932 64788 115641 26915 52874 65215 180744 133084 103886 116341 3071 69209 131636 149899 111319 150150 94020 58352 171524 35805 18984 19957 107643 117196 103778 105400 28185 65591 65049 196142 175968 190784 19707 67982 101089 130293 19234 152098 9394 151100 53405 21635 169316 12837 100586 79319 79660 52376 1137 123386 75914 52218 15185 129425 81758 87870 71048 17468 89445 135911 163995 91051 103816 167682 39694 76743 61302 996 175214 67330 736 179426 185991 34826 115637 37552 158893 164719 177601 175297 71326 25269 142451 56617 166285 199838 40929 77909 49216 171824 58820 103194 108274 97223 120002 193946 47096 141583 3394 186531 46236 153251 117776 6517 127261 81683 131310 71502 195022 182081 160380 135855 15219 26560 163351 149043 101525 88853 124292 132100 86689 159785 5485 90998 94289 41068 192230 126541 110146 42634 116574 97910 124604 113232 31264 188241 92881 83356 50377 103759 38397 4828 28557 109194 113246 29517 123047 15249 29884 129270 62053 185521 122395 161353 25407 58172 133019 56361 152928 31769 175767 34361 172388 125082 26578 20841 112243 165826 144714 198119 13433 2249 144929 196737 186084 89226 15438 78195 149351 132275 138371 96010 88269 165360 39370 128020 16709 55138 191919 19904 79940 49096 41266 64697 1844 61431 68815 107724 153747 30864 116570 179792 172840 183772 27791 9335 107822 62019 89724 127455 102569 54393 92488 34572 65757 137173 1817 192952 2247 121298 82159 29643 44475 150341 59978 152849 11745 40479 64362 5383 171352 23194 112804 97570 161595 189558 71055 109052 155998 141194 108203 92649 50814 173354 177186 156658 57590 114978 69825 31078 75308 57094 160372 178828 43417 155943 91934 44084 12602 1973 85118 10982 48845 69525 68004 197857 86119 88258 153586 11355 59229 15023 58438 130409 175023 181237 192693 116459 113044 41683 1220 20244 113031 169227 74466 11284 131548 198303 2683 1917 184970 180077 74088 196873 27250 84322 88712 71948 82398 192593 35144 176896 80525 55039 174276 161564 18845 152810 56591 1016 196355 30158 87803 36277 118977 23358 120295 66714 24447 194361 34596 187991 71878 47494 57466 183997 146062 41727 5134 126629 112439 42210 192875 160812 192569 95350 191010 176592 34662 35438 28127 48468 21617 136979 65970 10338 4480 93265 67972 109038 193226 107468 191315 97047 136212 187479 43319 64350 117657 144455 138542 128265 119072 112111 64613 32967 106352 185131 160455 59798 70383 155253 192069 112680 43673 151397 140748 167621 142824 169933 136872 9075 55500 19043 42738 134621 108142 112067 149508 80105 60245 146135 191455 181192 151808 112203 36251 14998 156139 8386 18351 146068 100188 80040 168497 21462 183425 81269 101641 21205 37595 6495 84483 186528 46855 115647 162497 39245 102855 105150 95130 136533 133332 81990 67622 115932 36218 147041 195993 12244 32733 62180 77144 85291 80938 131259 7506 172763 81556 104137 88270 149881 159232 189202 35392 148605 157229 11848 77772 27800 155884 165051 67844 160275 198850 662 55106 61053 165701 120438 145642 6262 19866 71142 92662 3561 7358 382 100406 144232 82663 41732 119935 48302 168043 67178 138965 55785 114405 147234 122829 152725 138437 129221 33579 128233 1997 112951 150906 43795 177725 68346 88759 169651 10681 197490 2009 88708 3671 83948 181267 28878 103076 68417 19762 121882 26302 75285 108325 54387 154972 37696 124354 188827 182480 88178 140609 75373 188782 22675 94105 167208 162732 35762 40351 5586 44840 22584 182526 26929 26087 58900 26817 182259 185043 132121 159485 150830 169871 41240 102809 197914 84258 15954 17437 180739 114193 137769 106346 146367 106344 76715 98811 173236 199568 95395 197156 113318 91481 1607 129528 96243 177046 10016 130585 176258 20729 112297 56820 94450 108319 101088 64720 179797 82477 24388 37674 138454 147928 22438 153174 74255 159905 184339 115322 19867 72109 105526 76075 178208 62049 67567 169974 63682 175907 117456 126180 122871 44909 111206 39338 77756 106514 10942 150074 37144 27027 82199 187803 188058 165162 92569 89579 71882 120439 173419 96126 157613 147081 37752 2843 190860 76921 171607 194598 44254 103281 191141 158929 191516 178820 38427 23971 149938 199858 191752 80556 162297 159858 50417 111371 49913 68643 115246 79390 194110 25968 3486 113299 101567 137544 174162 27883 107030 24588 177743 184166 8421 92253 62883 44563 19690 21433 158125 164091 26965 145955 176298 28174 61962 116951 190288 135004 52382 41679 198782 11179 225 115697 90453 110144 78449 48893 142441 24047 192374 172247 193615 87798 132852 52262 37791 155247 163119 37103 52519 98417 127273 361 120606 31337 15943 67631 31243 182836 67701 177098 8683 161256 80205 70828 107597 196021 81357 181836 8199 40274 62006 179409 184 100128 156850 12208 57070 1139 82394 31795 197751 51227 7424 42542 159752 130929 30893 8419 51102 39409 41986 194754 103051 168701 81590 172622 150785 31860 29240 168709 662 192537 175137 92714 101502 31887 12872 7272 84481 185070 10704 148248 60948 11050 106638 114936 192139 154446 121744 156794 81445 7156 192318 87489 104048 34367 70669 74664 136973 54201 1810 124757 147421 83825 68508 118041 101806 149185 112140 79076 157341 64071 106425 91651 192208 72266 131527 186273 135140 187700 68845 76253 65366 168965 104690 42042 100583 90832 34845 25825 76996 125775 88555 89670 68885 53121 96063 89721 155369 84689 115183 104837 50874 155816 132757 194375 59125 26436 132102 166440 178293 184249 7873 179251 176964 161799 12523 4881 86723 102658 152262 79646 92562 67711 78978 183595 179226 107488 59420 40009 47074 108035 145253 35493 65029 99387 142746 45061 77478 144594 3615 84944 89145 7107 133747 124064 82319 142399 39434 107494 10426 63445 122644 59202 187534 116226 152105 112399 83512 1377 175822 115293 68782 97391 195717 176115 114486 26374 165854 35167 189859 173070 68426 50895 178251 75503 80582 9013 38935 115615 23539 115643 195045 121180 109397 64387 64077 30940 5207 36942 166277 38155 186857 101713 121277 182913 123503 196410 59943 42341 101309 33869 135856 149228 93050 65587 161578 122197 129831 134844 102892 26275 132214 18284 196029 82708 131173 10767 32907 196858 62860 124114 194819 149457 129481 20491 72504 138942 58911 173090 167424 129316 132600 144824 19160 62098 102754 2418 5175 65227 6263 194175 148361 121361 28520 141916 13104 196711 149216 174499 101065 131420 93722 100626 5142 196194 89767 136684 7671 2842 125533 19353 186153 46147 118062 129591 144383 141936 177396 80432 2306 97752 12937 94194 190527 34483 7151 72887 73457 108390 186984 193204 90681 186764 125805 41198 85346 52228 7289 54617 55173 33897 192437 101692 112383 67563 182690 40070 123185 152171 13137 41670 91360 17907 50170 179622 7156 183272 70237 142569 70732 79949 145607 150865 163542 82451 67209 25745 180937 20019 127256 148596 177006 23506 136847 85542 140054 107038 155969 100847 8540 93654 53875 142075 170626 134832 136042 56034 33709 138852 98311 24547 152565 103913 151779 158892 143007 140973 25041 138794 22518 141075 112800 197592 35945 104675 168457 130538 93944 186892 190539 149058 194230 16919 182580 81984 199516 10042 199034 55599 82786 184106 182355 183527 50631 116219 54647 177492 105656 56850 166238 46408 193278 117048 50603 181277 104930 51362 157137 119554 113246 21130 199651 128405 75972 161908 36412 35923 159913 85841 31564 33933 51501 11210 3490 32948 102668 21925 115793 110788 93896 194068 13141 23869 9014 161456 24859 191219 128653 119323 137669 174671 147647 119324 111394 126036 115601 51475 48246 176781 56289 85408 185676 143901 184221 77595 16171 60609 124709 195195 192206 170417 136621 135049 99756 136924 75190 136213 105835 36781 192201 171440 147008 783 68687 154866 150892 36614 76149 10688 44355 59491 8273 121445 154946 170208 133813 133001 14352 65850 29955 75694 120104 39555 52577 115074 117896 166792 104293 7081 162230 19559 32684 166481 24216 91672 94549 162604 47185 183901 148933 20071 18463 125537 20977 162336 114752 92214 102044 37627 156727 36606 126047 10880 182392 14109 153558 14033 88727 111978 60129 179341 92004 134249 11001 181150 31963 39666 43991 97079 124393 186059 180015 191727 122073 35716 124235 115528 37013 75435 91262 138124 132459 110179 183746 86869 76531 192817 133597 181471 185329 64232 133085 75680 2585 67560 171058 50795 11732 40054 87790 41892 4641 41961 129397 148824 76663 175357 117376 190845 162481 120129 139606 9637 30291 130661 81759 169511 125769 85598 64742 138783 181398 129655 121306 10407 150980 72304 90323 79447 149757 146236 147006 168542 118747 143283 129960 38739 86002 77349 180877 22935 137858 181336 22226 147357 10533 156143 98385 111975 63999 185993 162894 1361 59841 38350 65719 124910 137530 8726 1545 198443 4124 37392 87813 18674 170055 199584 73746 155797 177174 166874 64882 92701 19302 174721 124684 21761 143053 118493 179182 128797 122089 118002 151920 162603 73346 162940 11028 21777 162795 175301 142043 196629 65590 111516 82375 5776 126968 36527 134763 53782 62478 183012 171009 32488 167880 144480 34501 92852 151851 84092 70439 166527 46140 54244 84455 116930 52674 114319 26159 60582 44405 188442 32056 50583 56302 142885 190910 33516 57371 50231 80778 183960 3349 91558 155609 25921 165084 139686 81064 188440 143866 82148 106261 30476 65558 47890 110812 54154 139254 196803 140176 91608 19914 94206 53478 130512 62136 139265 45408 63101 35487 152262 30337 44558 194341 88052 109983 35161 78454 39125 53511 35182 2556 77962 33664 71171 37137 84283 139688 99849 144248 125027 52381 176227 169489 34074 103316 168430 132920 128256 82880 69264 102843 140431 83037 140563 196688 110957 47942 77721 12583 195415 97643 84883 184857 30029 55265 133894 177087 81845 170218 143564 7429 75323 124386 47755 104199 78419 182048 54707 51894 99403 182086 103803 67750 79786 144288 21165 102576 56731 2676 72885 55251 113268 89560 185125 103388 151803 173831 73377 51093 100957 8199 174053 186416 9195 123744 45088 176215 40791 17879 155541 108116 30378 41844 78474 92354 147944 99698 122577 70038 135422 50976 54499 35425 193157 165374 67007 185902 83775 58251 97439 20735 85333 158338 168541 141630 190594 122938 76995 14559 25848 108085 167978 99222 56738 109249 76050 150030 173149 52768 193041 27640 83318 38806 25309 163185 29704 131629 62084 72799 17295 188805 162948 111206 5175 113825 85409 7266 143337 127745 21964 151971 103412 135669 145879 171197 27076 153473 54467 13793 68155 64179 75858 76638 16222 182041 176986 197001 159969 143757 188050 39359 158919 69722 76284 184173 158128 51986 196102 145542 4150 112224 5887 87054 168325 6669 128751 87361 116900 10013 13410 36328 178414 95835 2432 85532 23523 100391 181219 86803 134082 78445 58055 38300 60400 93261 14828 70433 71669 156657 27219 69858 45069 3585 189717 50675 57549 86174 4393 165745 163179 168781 158088 87000 81664 117376 12933 30269 43585 37682 35235 100863 174089 108137 126633 80543 6711 70121 186153 48126 67698 92993 57122 114983 28755 128558 87699 6598 91985 90623 30956 103503 92803 57380 128301 175373 138563 129656 21593 196165 168517 87645 186115 79927 56549 39977 71848 86436 52869 118198 171014 55954 18764 189480 24107 135472 134127 101572 164810 157104 144775 2279 18616 119823 127428 141932 191480 83282 71011 120210 181148 116586 19350 49233 150493 156474 190192 128778 168160 46214 129095 174575 45208 154189 125331 78811 61997 40133 187603 37124 153684 4074 134333 128752 14228 158146 133035 90843 125050 52655 17960 172795 195033 62116 152421 145141 79550 146059 51943 97326 107168 72715 99175 177364 80320 6390 29240 32286 111068 77772 91766 145437 182879 109529 127357 89121 92602 158848 120092 85806 45910 198834 31239 132627 8920 123844 187125 32341 74212 121851 135702 154461 55287 91247 186963 122307 188942 75381 50811 172462 184425 147158 51677 122310 168883 5740 60214 103363 146883 126975 78208 74633 17083 116558 68011 3694 173675 141898 34349 84956 97960 169090 165162 54060 152237 10361 148702 194073 15317 84847 30440 48596 25666 105013 16916 125166 168733 103707 144282 14885 67150 117979 34026 195495 124665 167507 134559 135002 139191 45269 130546 84297 114453 107552 18830 145289 91232 58553 170510 30226 1130 183813 135185 153564 157866 17576 55891 13026 66196 75114 76409 44008 40326 124534 147199 110165 43910 24864 43524 65469 78974 74784 124881 120160 133087 141877 35131 102648 53964 130800 164290 24384 122141 12416 109947 167567 199427 85250 25718 117972 26911 130718 102986 125533 40749 103836 121253 109959 122935 99917 188150 16497 74004 172332 117316 185388 87228 89289 22311 69734 86235 40633 174123 196711 56886 66185 36182 166480 146381 147018 173431 89235 77152 187669 98240 76333 165291 174226 26710 152159 140998 118044 55687 125603 199765 146800 90050 83230 186258 47755 62524 24757 67001 47227 140638 50590 185498 10044 19957 85044 188743 148366 107545 47216 125146 113843 5252 14280 5068 77776 187020 46294 34659 108425 144837 171968 152930 111430 150038 118386 191793 133164 156911 176130 47106 178854 141417 127502 32673 16055 126710 41707 12844 29094 182147 37926 87042 23398 17940 57622 58460 38089 119288 193974 7958 190285 93131 86373 197035 138776 132263 68048 173805 48595 140765 69353 34055 170813 183197 177843 61029 139312 139085 179301 173927 28128 49680 68340 111434 90759 43302 168258 40400 43173 189941 28241 169757 129603 147379 186004 157925 86672 165155 144568 118612 197505 107617 135826 185009 67775 182923 101228 62346 174909 64288 49385 114163 196754 58560 153980 40838 110667 93939 20046 139338 140794 110046 139814 198473 121231 179225 134028 7563 101027 72369 190221 175356 126485 83318 170110 176866 67804 121024 191192 37880 96421 64705 109912 38084 190360 71306 179107 183441 20856 164067 64968 38210 168296 117923 72187 168469 199706 5569 123929 50806 102896 186905 104343 165401 184379 95305 106996 29936 99002 39068 15770 73277 42014 185660 130975 129722 129165 1026 68266 89502 93953 76661 56592 2995 162290 145380 15726 128167 42068 92543 55340 145857 144883 154882 106071 191769 165742 37848 148007 4713 120140 27624 138620 37867 3250 130320 120730 84438 137985 62491 48883 165723 91873 40086 88834 179773 123317 42567 112000 67716 30289 91335 142325 43093 75578 122383 7081 199221 118856 190796 122224 15978 187458 173939 1557 122265 43720 23532 87135 184497 120443 171393 153715 160151 195226 75184 13532 139877 48340 102803 30808 103572 59456 132084 171639 151135 109297 55508 190445 126690 94266 67700 168433 102786 22756 53984 34008 62459 47682 48754 105276 28990 145870 126609 170926 62228 54850 107069 132791 68963 132061 146146 46462 99800 28943 141923 38649 170202 40289 196760 32893 48962 60773 154905 175432 7661 188901 20778 21941 187862 98358 20718 118028 194913 198248 40604 102364 194495 188998 164711 165212 189346 105298 28261 70331 80259 71826 151687 120131 123870 106773 16029 155688 79054 153974 61911 17461 123140 82402 166132 73839 122745 187795 156383 143270 89959 16731 179716 40776 171941 189149 187416 144379 177583 161552 10449 101692 126121 88174 65139 98973 155707 87708 6999 112588 43528 172314 70451 56578 192944 163042 178826 67978 116167 80639 108422 115257 65198 161101 89541 57628 120554 1961 43915 86161 150799 198042 35553 161653 57158 131104 33754 180672 106341 186608 68637 48454 31877 184517 180295 113881 55194 158436 113418 145698 95914 72084 171588 47640 120515 128708 135096 56789 36290 61527 7190 166311 197669 108044 3247 154928 177667 32619 102438 142008 148960 120941 192747 38098 158413 16814 67819 49155 38661 110809 167560 46749 178936 60815 4818 86196 3291 96274 97430 169216 14868 34026 83939 29616 160345 2642 74249 19802 161748 94315 82434 97785 98215 15250 56674 119655 175693 215 187665 20261 190511 152062 112367 126121 154891 115661 177211 187659 173181 15914 94309 40869 38592 125136 59568 133421 196090 72820 92099 141629 182880 3431 155132 87750 119513 125309 30919 535 82663 116101 88334 185851 117833 99868 101962 96541 126220 34406 55107 75065 169394 184877 81226 183748 185091 104047 185793 66695 67159 186029 94412 38375 163510 81846 153269 53 19647 173874 143922 65858 51928 160882 58511 26636 168314 149177 177600 12294 18479 12335 169570 131926 190582 131997 147373 138976 180424 194507 3028 168829 178886 26262 141692 104859 112937 160160 69611 37676 147231 109024 133597 26378 187021 182910 120761 8033 48691 121110 140590 58570 198147 98799 17074 113720 29559 72638 29400 101641 74983 100985 86542 102365 42708 113590 111281 23624 18747 122456 11075 69837 23679 35583 133843 120376 139992 70584 157211 182550 72467 124282 35518 195463 123107 150810 165681 151245 56627 38643 57188 31427 122543 143649 62467 123660 148311 121163 64888 88389 82488 27977 68120 169417 18763 160427 126548 134125 154031 75027 154356 37409 7022 12202 194455 58567 177192 191237 155844 109816 62025 156253 162620 143399 66935 100035 158095 181388 124652 193775 131700 77259 192216 122021 8473 193150 19999 141990 129048 192730 94665 18369 147584 149645 124391 48040 180750 134883 166568 118758 120196 58163 188869 137277 90337 75536 18994 112554 20914 11817 115489 59080 103923 176739 11515 176975 198297 50267 55810 99780 104310 140088 26473 120325 115429 90387 57675 30269 51390 21413 188771 151084 147580 44696 106913 137939 74720 32674 112197 152589 92533 92437 47566 68888 76414 173123 62501 133450 186575 53734 30626 133553 91567 113498 34030 193467 29305 121702 94057 118658 163801 52607 144361 158848 69373 23370 176263 13635 123348 80723 46848 82169 48622 56721 161391 168405 20495 132978 16655 110399 15899 64180 41099 12494 177871 56499 137755 60921 73413 23213 19547 36262 19447 516 190577 49907 7105 101312 117654 59850 95151 143064 32782 187880 25914 122488 146692 123608 21723 134595 173559 119315 33785 109986 57982 110469 157132 152137 154548 103151 53317 189466 138068 125198 195585 190681 6960 69758 31299 193876 76335 175127 74520 92596 66648 71930 54391 111259 71453 140081 104422 132155 94419 148566 117155 107100 26127 118357 176154 140973 123025 33366 70193 179848 120164 11740 115878 142606 88336 183273 151034 143910 12826 18618 199748 129976 38851 170495 11325 100812 16521 55413 38306 134593 129946 6913 39997 105552 647 130944 109675 157082 74401 131506 73146 38845 71604 68424 187306 150293 125107 195753 98909 43415 130886 140733 98256 123285 144404 40500 106490 187461 87769 92952 115989 159600 182243 116583 136449 150233 191183 170943 35533 157766 183997 192269 12693 82939 19276 4730 181125 97266 75642 133552 150653 29557 166218 99230 169857 5328 58455 187212 143333 125475 38735 79836 56195 17126 20879 96919 60596 152772 52894 165206 56224 172627 53572 138497 158124 51215 4881 119128 104049 5025 125250 20664 180950 8684 148043 24714 199983 8203 49597 134798 122700 3939 62556 179437 161318 38057 63444 60723 37978 81419 29762 48352 90581 155401 133118 38465 129547 32127 104595 188345 146310 115366 113282 186436 137595 145449 126117 31182 25132 51156 65602 146443 176394 133997 43007 85531 102619 44477 115801 160636 23398 109732 86250 111396 165587 122463 155028 158816 30545 180577 120877 194431 183350 150066 127059 18971 166560 189129 190557 110730 88243 187465 8534 35081 3482 74735 41315 158585 188874 187810 109433 94259 70492 140986 46929 142096 287 141168 14152 111114 138767 104287 178086 45448 103450 20891 149543 128543 2079 180984 50366 199011 86781 158280 16355 178597 95123 174580 181122 61485 170202 103296 161454 64792 89846 106295 126620 149336 85677 41940 73158 84221 198032 151864 72293 101955 61112 57565 60820 130249 41862 188412 94689 13390 185557 59330 91844 76400 82309 40078 143667 179095 118488 58128 65751 146839 96718 103712 110277 105457 10919 29510 95145 4747 40759 16214 18394 96491 159553 90989 194908 137645 123069 104902 97961 90639 74328 33468 113455 49076 92672 119686 52243 103891 159690 18722 32419 177420 165782 25498 20866 58564 66878 11212 123044 142126 115291 158003 153306 43795 17229 186436 124452 72217 45385 135437 55125 65772 151948 148140 180106 155540 182940 77905 74096 150263 122478 160496 23461 132540 39925 170953 173494 9189 101586 105953 45217 46831 2428 68713 21348 72643 154346 20359 185145 90505 73180 19531 45542 46099 56251 147586 114529 69346 92473 90622 79279 2277 131621 184946 129177 18055 178116 122634 147502 48034 19855 2852 188343 47469 196448 60222 92086 157222 171302 182163 20037 69114 130421 10095 2104 105549 146064 3213 69310 53006 102353 102021 168579 48707 117994 188317 175177 140879 170295 37193 26577 158500 73031 89171 81023 53453 157626 125888 70520 9035 20210 35092 193655 102899 10839 52768 182568 161510 10156 73623 36890 53641 154362 150624 160595 36674 22758 25599 199770 73500 17890 64488 195993 40224 37785 132446 163974 49203 169833 87199 162387 37857 181583 107137 169423 156109 95533 117926 4106 76640 90053 50871 1782 61500 97685 161569 189842 178550 122635 62446 157820 181018 100337 139062 48832 111315 142107 10598 61621 90201 155274 95892 146855 106350 5456 22584 196499 110469 20351 7183 70928 66132 153372 175467 118463 146193 74863 187362 56016 164675 1976 43343 53730 57916 161278 130666 34322 118703 64391 136538 193228 50902 56077 64596 22370 160297 94917 57546 49485 36992 20702 114528 127325 59418 130179 192971 81998 67283 24517 128934 160851 113651 52910 153854 162557 38893 80325 139653 133552 52626 54745 194991 82283 90787 189749 79231 94993 74935 30021 178299 75087 192419 139402 121644 61177 45829 196118 45133 75922 2918 137335 143717 17444 144913 190526 156862 134243 9616 51982 25882 44037 95847 128907 48790 174774 137263 132526 22645 19380 80877 172323 754 191690 100738 33479 98541 189574 86199 55930 122346 110594 84109 145886 133151 101853 179201 192316 152397 94245 129347 87677 112487 28174 37828 11488 82253 144658 111324 93570 88397 69045 63133 177057 66524 171407 176035 5068 68957 156488 189629 137297 75673 38540 114036 48174 69106 43266 117162 75041 161665 77637 30334 29337 22618 175566 144042 194471 88821 36883 157845 20911 74274 121210 36343 143540 151261 87014 86175 99179 70376 13544 176813 52809 19479 72255 93315 102510 152507 84895 116030 125604 28439 20352 73942 106167 2802 61990 176851 196494 158009 49475 96929 9187 162813 42170 104301 119972 114658 92328 75142 995 184409 67403 43371 118768 116965 63570 104996 70051 47669 103083 177488 167368 134436 181867 34554 111959 175198 146532 179607 85344 54933 156009 70891 135809 52809 58873 13902 44422 177162 125261 31749 174950 6763 83723 118804 95590 166279 12987 128749 113 109293 67391 109900 85915 146826 141483 17592 108888 177599 197595 34583 188075 167441 151440 41686 132476 129967 23936 159665 3458 96733 28370 90233 106799 118468 81428 79253 124611 120702 83852 194570 73214 189102 5333 11914 102585 80538 174541 154700 114609 178234 198397 83835 41446 49320 49033 182684 31539 195571 162040 99661 35522 3743 173815 29417 179687 145064 58424 193545 189415 129498 3770 15403 35129 14966 50376 2654 124279 23019 95533 99092 153587 21658 111322 132318 160670 77436 59686 17585 100017 197953 36961 76935 115332 86473 84182 113777 50191 161012 21233 165878 110679 92404 165003 73408 103013 117110 32483 44526 151060 129033 166362 33295 105995 32779 127053 9140 173889 175631 79844 187970 10157 91267 141445 50492 177603 44521 136869 141680 74830 70987 113578 71235 71737 146700 62493 47164 185821 105303 102835 156735 52178 98341 26595 182201 93585 75381 30299 86191 60359 177209 181854 74010 58518 75068 119996 104183 36348 70582 33109 76764 129744 36724 87107 106584 139283 86586 84782 55673 83193 141268 31650 130325 59224 21639 107411 173767 17304 185942 22902 169512 72563 76361 113191 183966 75951 63118 55110 30849 193431 64207 192038 10999 105521 180158 176114 90151 141994 47098 102063 27960 112665 17337 70618 58067 156313 5092 174177 97398 119590 29519 160070 91745 161434 146666 17054 185606 48720 119701 166144 155066 83853 156674 45347 72940 152090 84998 162127 147460 40905 133360 59428 159158 12773 7341 90696 171204 102803 48940 55749 108688 193010 87137 46607 196531 126833 78235 81571 152325 142997 114900 85357 48208 76544 120856 59035 64629 10139 198209 133277 52593 74530 92162 117312 33757 168947 157937 86768 149230 82152 104961 124921 42942 156763 129840 193228 168457 97717 199324 41763 130056 153872 16268 66463 70756 164419 77218 49442 80311 56479 173223 57275 3382 120579 72412 96986 118802 132535 48724 187248 69843 104679 27951 98240 131399 113632 166329 40649 127903 104927 143030 194036 173434 28273 81281 136815 52085 110092 97370 95410 125500 111172 67303 150452 135663 154497 69999 104150 81855 3748 32151 94389 159253 187764 172309 55100 94854 156618 100639 37617 165256 170458 72335 28146 163399 180066 112967 80328 166339 87977 86325 175458 38588 18885 105364 25036 68779 149209 52102 40478 69184 147892 99627 5506 81406 150328 187014 100265 55078 24514 59361 56520 43048 32743 64271 83114 25471 92204 154825 143039 18385 40284 2927 117007 178790 89390 83432 117403 26353 81570 70156 98357 41357 162681 133539 102818 65063 60928 122559 19793 135195 197852 295 116963 10011 19687 142936 157792 158984 159701 3230 138925 132440 154745 176553 85284 131232 111550 177617 68435 110440 162949 91326 88071 67690 191656 89784 171906 84656 124818 42110 23712 170526 98995 9646 196490 1609 188201 132782 54843 191981 80095 153151 43545 109838 108099 161126 55549 129999 125127 129290 134865 101631 95265 73807 100260 154347 64729 180672 62516 141007 109552 137977 83518 21573 105977 42833 79041 2999 110551 90746 170520 107481 74023 14365 3694 3231 113925 17574 148538 195517 173115 91355 122897 183040 168640 100729 123817 155147 168555 153715 131336 27104 98310 180026 81853 148799 193604 38119 1701 114923 179255 14324 70742 24298 31188 146590 20275 72053 149284 47696 140981 34894 122996 24203 60709 114739 82943 188188 107918 27681 39673 62805 130534 59361 143220 38769 189673 24690 136274 165967 99464 138927 81148 70522 14579 118991 152673 5066 71999 153945 45041 86262 143386 45489 183739 7856 139286 90031 33580 162241 38025 104707 157487 142911 183552 196089 111510 113761 123035 110627 141395 182707 131464 149585 9565 141774 199426 27956 177764 183251 80247 68838 156029 134516 83098 134992 118918 178967 65229 196510 135498 58594 156690 45200 60004 185612 12046 169486 1979 27225 166433 14928 191538 78510 95933 33949 14994 33815 121815 153433 122954 138575 170698 177296 144560 11576 138245 99367 60027 68421 182624 19432 173419 74422 22183 69639 93602 192429 121162 195106 115111 75752 97595 184282 79605 10721 20695 157767 180636 27324 172213 185341 11003 130830 17001 126941 102860 94369 93120 153590 183206 77 148597 36829 51296 173013 156603 148307 17235 74367 29813 192318 177543 124794 4773 86919 37914 3066 116996 64820 75677 104333 77159 135632 198188 6955 193828 101516 84344 42304 192833 188336 85089 111942 32627 83349 31836 158786 149786 41436 17635 5637 131638 23925 109396 94667 117579 163294 129778 55452 143256 78988 110093 5760 37869 163551 24068 169556 148059 83750 71061 155053 152417 76570 189998 101394 83044 8104 110546 42986 192677 124982 106284 35420 97166 83183 168169 155707 131879 125627 173115 128522 191889 4577 56390 36260 175968 127579 50216 184498 55333 79223 182246 81196 63857 96004 105300 39491 194144 8589 94164 3617 103431 40867 150077 66023 125098 19917 179679 164293 30946 95232 162146 90295 94871 85034 119436 137126 51946 191731 176590 123701 137778 79103 166310 29676 92464 123455 176898 67877 109957 82308 20201 183855 86601 175695 19072 162546 72989 108648 45661 64260 96717 24703 77389 21353 113854 63757 63649 127151 152653 48850 137595 5782 26030 144072 195086 171464 98252 25842 128840 175554 56117 51998 36321 179023 129021 79471 80530 15990 172392 20124 60154 174874 70978 133933 57037 119073 190418 9236 149281 14818 79354 83604 22220 169840 93312 130432 182922 84386 151567 167498 34496 199083 66272 29562 55806 156751 93962 11470 56218 146581 30572 114853 24656 79893 70885 65774 177083 103704 162317 174264 109204 160839 166560 69972 141151 54026 50126 148421 177830 186365 164743 151816 47314 134630 66984 147744 92186 169847 92390 76861 74898 38404 123219 158169 52760 100697 52410 15038 85025 61557 64018 22571 61249 120200 167288 71296 809 185737 173906 119002 11699 2410 90240 92539 28308 41135 68482 44950 185244 181266 124715 39573 81401 55271 48929 75935 166962 167652 85499 26922 29359 134510 85421 84140 166658 34151 25927 118949 139949 2548 160700 82226 148010 189708 187382 3753 58393 101268 12894 124697 118808 18275 91078 129172 58412 64872 154592 98867 28635 131246 178356 111598 144565 102019 83145 24520 79152 30428 117820 91915 65570 163903 92537 60173 41870 165452 107002 152734 69938 160084 185382 143672 131187 83366 140357 187627 44334 113866 188326 61223 50881 51574 116737 45210 65640 108188 41775 170918 129935 182036 48932 143341 35748 21099 89413 78817 151301 78234 160056 108345 145554 119920 26109 108809 137636 170496 68838 125217 62286 38506 64893 46596 181594 31808 182136 164050 12831 152547 98892 75589 131131 116458 169239 67924 15654 50102 163220 45982 16811 88758 78981 145275 71019 144740 103449 83522 23235 130800 174683 11181 100028 144295 51115 81216 47463 169094 132583 62097 177087 144118 164611 192065 108971 169760 90433 47448 195118 143494 145999 197575 23212 90158 40282 162439 102999 168316 188758 55446 185685 31518 155691 145355 86083 161498 129374 18329 26014 188997 63753 135779 13841 199171 27416 89964 104915 128484 62406 43860 150854 15621 84717 143123 58587 87056 139991 130779 77312 36035 102959 81154 177489 92793 77870 73291 87225 9209 63600 69257 164874 110149 7687 84007 109919 182046 59875 74960 19174 114780 61468 45302 31080 96726 197929 13447 59178 98883 165943 160563 77607 182713 137474 177889 183531 71984 197066 164673 101659 141711 167031 117855 36280 73238 40565 56499 150263 116046 136750 43848 196869 166836 82158 170705 14638 104331 115932 152608 110384 103198 88982 113696 119361 115154 166931 164028 52595 21841 136570 29245 56993 173807 26811 107047 188014 127843 199172 160129 164701 182273 29759 176779 131799 145118 60012 24678 118556 145256 83903 114177 53837 161846 190087 173067 180914 73800 140388 188216 5422 98822 55061 138511 164482 50102 169979 145551 192071 198905 147225 103064 109386 107291 142030 34241 6500 165886 135364 59208 118143 84923 139821 63704 17439 43852 169521 189332 39682 148469 130864 131524 45781 174791 60077 166642 98168 145448 53611 142498 147383 118434 8092 104041 175166 16304 43995 175212 126308 168798 44679 194291 149899 66712 194443 185585 154483 4982 18883 113282 12471 93497 34714 117840 71944 99712 199713 150186 67256 82213 136839 31732 139828 12098 3454 144051 128965 4192 117187 115931 100805 102421 4816 95460 70854 191821 135425 119586 151513 125750 156799 51029 81135 100845 104545 124179 93767 78167 79947 172813 154423 104490 7514 144276 99287 11761 85536 96838 99573 105781 186388 99602 71506 102546 34585 75338 130841 72895 19280 7693 46737 30507 21923 135968 30915 151487 62736 141910 102136 123030 33253 168420 118730 18795 73624 44233 93027 77415 6267 7578 35550 145316 78926 172618 147862 40895 139297 139227 194645 50029 78310 111334 58631 181545 68784 36660 51147 113949 151352 141539 194028 132023 118790 40435 25681 168430 186960 159382 175609 119771 87553 135422 121442 165427 40835 36603 151195 157482 181108 150180 2438 150416 155587 152300 128941 176858 159928 30956 12757 52143 3086 71232 49972 124589 30356 157892 39489 168065 20883 92278 51836 154418 175941 184294 165485 149282 144764 123532 36028 107902 52493 146634 39832 192153 148545 148419 29445 189334 48756 124840 164313 159578 80729 88463 183407 109782 119440 74925 66539 23773 117693 18390 72864 55233 179104 91037 116481 73556 23923 23002 170808 151810 69332 26139 13596 140586 459 165202 109610 11665 32383 193213 72376 26296 118248 151497 29864 3646 47379 87913 56229 141169 171757 169771 90304 176311 71187 165778 117498 111106 115512 71398 68151 177754 35702 56187 45042 6395 3048 160064 125493 128826 7140 114074 151779 144814 70097 137679 137005 195575 91858 24325 117006 144646 117722 149770 106463 154536 108083 145996 117334 142080 155004 105780 98378 181823 92594 114438 164870 2582 62809 66369 118327 100551 100047 87719 174736 197216 178592 128173 151974 66671 25190 184891 73372 73804 147976 29382 86297 80310 32707 114804 78863 84593 6304 5897 117225 143696 67572 4487 52347 175291 92780 91626 65023 142920 107330 44814 29875 154789 44330 123326 104432 90281 184787 47626 160070 34467 80775 44864 69050 167688 144367 106956 61385 186238 75934 68192 141001 98020 109462 103146 190144 161390 14156 96499 71916 7496 4309 95535 137491 78345 16181 81532 95063 72384 172825 198897 36159 67401 50753 130681 147704 119601 177441 135294 62509 69480 99100 67334 89131 131508 89483 86179 49227 124645 34571 86933 42735 86248 119619 134728 83261 72621 90568 99991 156565 183627 161247 82184 164613 46626 113579 199141 168093 79997 77775 38925 156071 96847 115969 110670 56427 60531 99376 34065 38133 187252 49507 164211 25509 47495 80092 150323 120241 59297 125042 178837 124677 122467 30728 83846 58499 34374 62926 88392 106724 184221 42034 89666 49320 170198 63918 31322 22969 157672 61540 108143 176568 26033 100616 17667 52237 7732 34863 180873 112036 80118 75330 146356 117767 12104 73667 193724 119289 195003 67324 113937 118401 38930 66938 30981 113858 40895 19905 195920 198611 117511 163167 138154 158496 142623 149432 193145 149065 50801 83198 80426 68373 31674 99225 36877 112430 38056 152473 90590 170766 9343 32849 39731 197145 56613 81303 22525 19026 164118 172401 135085 185429 83691 78831 110002 114072 160002 162829 190985 190110 25978 45811 39032 51260 195092 134343 26734 65071 56068 115427 133849 155999 90692 126232 5320 159197 168626 161641 107803 169009 169056 127113 183964 16128 128698 127551 88013 154804 150521 67254 21519 42648 70027 198060 188233 190107 149065 34931 76183 39867 4048 23948 33349 14446 196601 152619 145679 33392 170094 96779 135183 62543 117575 188533 46136 178564 109787 162992 154832 123794 109668 24596 28056 144310 189112 172534 14259 137036 149375 85752 73660 15027 25685 93735 45785 79518 115762 130466 100452 177181 174828 195039 472 120924 90880 74581 192510 127531 72920 95451 96523 126732 86565 164271 40993 100060 111871 18619 180969 61239 47489 25512 118015 70343 130643 137559 61869 164622 36581 83155 145908 37820 114818 119973 138725 118657 75150 135915 78832 47369 75406 5330 134167 67884 108944 27634 61422 37202 105593 70152 22411 10860 95679 9702 134451 117429 2657 125738 7167 197251 191097 66059 1305 42192 110104 7778 155263 58199 77745 16005 144150 42634 103574 139972 145497 136100 170872 88505 53374 80735 102402 145162 14799 101183 165158 117890 38280 1102 87094 9407 145768 170047 92108 37049 131436 49395 75364 134096 114062 194155 65 72798 105752 135646 21807 99594 145855 195612 80666 52288 116594 135443 112564 66798 135901 123341 5677 112768 167158 88250 139123 5779 120938 2526 16896 66352 66389 159558 21486 182702 2593 13585 165385 148747 160637 67880 188512 70758 151750 174840 193051 128445 108615 89323 12010 68557 91903 129135 85764 163392 190889 91432 73884 15500 90937 102027 173914 78823 11023 111312 153283 81588 176258 119839 184292 6609 109133 195542 78846 185486 135554 19899 51869 183218 69354 89148 130074 60222 140350 171811 34127 102372 199381 13369 132114 52399 54989 97586 25467 57122 132161 17170 152373 74818 56899 40916 92813 177717 130664 192485 111554 168367 27909 45543 127684 14267 196095 43118 174755 190636 171040 96116 75037 108940 152120 168595 12807 108269 28210 101521 69029 73883 29538 43191 104812 30188 69303 85347 64239 141947 42568 59445 151025 188974 194033 145442 127663 92820 111771 98073 38407 46653 170721 187432 13457 36332 8066 102630 148119 80327 29106 136916 5082 94488 149649 107966 44194 167954 193761 32453 116071 18059 182518 63719 1069 70967 194682 149216 167705 47359 168895 131533 146810 137012 39000 174115 191719 92100 181908 10834 55168 88765 49853 121752 166835 199444 54983 18520 90097 158369 25422 39291 109059 188679 132850 166516 58175 188902 128658 103356 140758 33453 195170 190689 131164 147605 45546 142317 50162 16391 124960 64710 121666 6128 88683 123274 29965 134101 100561 174445 16558 27334 97080 42605 149362 190700 154487 132841 13204 152176 54816 41785 122283 43806 32561 53932 156394 38278 172963 180254 44874 23192 148904 85266 4869 145173 59418 163554 85532 120884 34467 164097 92808 4719 102553 163657 69108 60449 42242 66273 132569 112988 172252 95077 191599 72770 127241 176630 42478 5873 141509 35372 129870 116275 131559 16 188916 40598 17023 552 146697 63810 132353 139077 135565 59530 142570 28418 83557 102204 169115 189713 136609 73305 10020 31871 63819 21245 177644 196198 177149 55280 29634 190633 187703 179080 179376 66269 31768 153636 155774 76450 161320 29633 29388 199587 81810 74405 144912 167159 182426 174939 6493 102270 54231 166035 44631 128339 188613 39057 167513 165538 65852 11846 80218 112267 160724 64043 141089 174099 97228 115243 176566 15720 44438 80503 157703 193531 50874 139346 150721 151126 92351 92264 19875 96621 12661 123074 95676 78006 126701 12004 144382 17001 162111 198015 188924 21972 19032 144140 28324 186634 48119 76192 38895 18722 50018 41365 149574 648 40512 163108 157209 22852 88729 136750 173827 62770 190989 29867 167233 31975 79190 131645 80320 120329 47686 71450 135972 101400 120746 84828 38568 146290 194469 15096 186434 75664 84076 117460 104947 119551 110925 178721 178294 56169 12732 8012 113537 108879 152533 94796 137309 32696 35863 158579 43717 78656 147646 3646 190371 127164 172567 79914 139877 54197 187576 8209 171058 33217 162461 23938 88603 173237 129031 58684 95981 10858 7906 161469 34217 128077 134428 173072 177787 132555 149536 75436 92213 116798 65839 165133 49947 174182 136014 25553 115410 34609 66802 73361 13333 136177 38752 166036 84370 12973 67292 83122 112076 107372 30945 160736 113733 6743 21776 20381 88900 96079 188258 38084 105711 46357 53498 148797 151596 16929 95541 84716 109630 97210 145923 27884 62327 57988 153729 76856 170441 153584 30767 146125 29202 191876 26687 107978 4696 175136 23591 118458 14235 72639 63235 86379 69259 96620 95516 49912 6497 38074 150156 113930 156325 77196 181706 179660 199108 185996 23335 138134 1325 156790 15209 189079 182835 103850 110307 8580 188486 122615 58561 57210 70794 137560 66303 22435 24436 132969 168875 99916 120765 15858 74561 66669 194241 43174 153432 152353 39282 40222 19594 30201 24315 131574 112094 18105 176451 85706 34682 4644 186514 81208 61329 69133 156864 179376 120533 75923 197013 20308 14361 143179 33862 8443 117424 75852 119427 160854 124158 66183 31987 25061 137271 146694 188623 176187 141652 108873 184823 75301 125454 88133 132894 126031 92986 143043 38768 26842 37595 56689 49365 101804 115560 37819 45518 11615 38854 12689 192754 111168 42642 68699 71416 78299 82270 35529 126229 115308 60303 184815 96741 53601 53726 160453 37220 58473 26815 120484 114023 125022 130151 81497 105792 40173 86826 121993 65640 30724 138606 64458 171861 48463 167017 124228 12301 193223 158248 99199 39248 89513 164214 151281 104656 112681 68405 97128 33942 150623 58300 20902 76083 98589 42788 61740 143353 69959 28476 102353 30723 140441 178968 51761 170028 23899 142475 26262 89082 16451 8770 116499 55058 7154 168832 87830 190093 137071 4751 81025 167309 151457 38761 47599 176997 196914 32646 50802 133060 145162 50989 112034 75438 196129 54031 178904 106732 82646 156479 119938 189944 122706 108000 183058 121646 105125 109376 89847 27437 60689 12126 176813 91132 132353 195091 119214 179096 160304 90585 35205 51926 67327 119972 25593 54981 176600 36264 57701 84537 3933 91873 106604 110178 126387 107864 22825 162312 174873 83345 127935 154507 199965 79675 40727 138614 71970 86734 55528 40630 10741 65460 121633 118651 153728 196256 165458 44846 134774 140364 195182 85104 39502 18565 30866 34810 4804 171475 45824 178775 57944 172670 7335 103759 9040 67182 130891 35723 184821 173775 114040 199795 127531 65714 820 96972 133965 191183 41963 40712 165721 168484 118088 174601 77875 6820 64324 51906 172964 47178 59028 160122 13896 129015 171530 24579 3188 30531 165557 106167 165014 54991 193576 127115 150012 179494 31013 21179 183696 159533 7351 174294 47570 91280 174844 195672 97903 43607 82940 29026 103759 192530 169865 17168 52736 52383 91627 88546 106744 772 86338 124156 191282 75544 109551 28546 102678 120226 81000 116045 72430 27837 103080 135039 55292 120221 85101 79170 95912 143435 44940 128624 54258 30182 189774 147857 163346 187527 68984 122184 17834 66422 23322 91999 52110 134096 116252 134092 190387 9818 174610 67106 153936 123230 19099 66978 126060 10483 31714 42013 186933 167137 159795 134008 191805 131664 54518 70376 65396 187747 95268 11307 113606 23290 65977 24661 190886 145910 121210 132314 82192 112560 36528 26885 101038 130039 125652 80688 20003 59809 198197 108725 182076 157506 35316 51053 9436 97490 82281 165153 30610 160197 99290 87332 122766 189736 196599 158115 168487 44530 124541 42775 84283 56080 151366 26364 14858 15981 137078 125326 191167 167391 31513 13736 134564 103658 17943 116432 74076 78149 51942 95528 133478 124322 195873 70841 76516 19382 159760 90649 191856 93134 37951 63264 185494 14043 5336 173439 185350 144913 118793 125803 95873 167362 112264 20828 191051 113879 90216 162625 98909 74864 124241 107282 107262 149284 109881 139150 160125 54816 153311 32660 164084 103172 23650 111951 70932 40910 169555 125018 85904 91611 182803 110821 73621 165746 149310 172687 195897 100453 35479 196857 147286 155609 173634 114176 94253 178572 115263 186639 84291 164651 198530 24780 176264 165639 141722 8635 185873 141446 115072 77850 102191 31147 159403 159935 133672 119578 46560 122904 11038 97455 173698 69667 156415 107531 72053 72161 194996 184173 5086 112941 173882 193918 59389 109569 87661 64405 122829 117493 106475 104357 189362 194643 72293 153029 95297 11434 155721 175711 99374 185528 140754 142403 66957 81736 151359 6886 172634 196474 99911 12817 171129 60003 39406 169803 25363 82438 15602 79950 13101 32368 189226 89966 117371 189780 26148 198788 81035 139902 162203 103761 176733 143999 133800 190793 94233 157176 31989 102561 182405 89164 194282 161109 180480 194193 80597 116241 160949 60842 147757 119508 64714 176066 79756 42736 2091 174741 171373 192582 132401 23859 13135 180258 194031 71102 91871 134077 121768 57568 104532 114169 140514 91460 6046 139327 108301 72647 71377 115227 133346 107302 109921 161776 13002 120995 177413 116059 81658 50295 52785 135992 189362 166819 72720 30407 73903 95666 123595 139468 113637 180234 161528 54170 75302 186619 106321 48444 82355 134874 52277 53159 113817 95600 50096 144513 100844 86699 159429 32828 175891 168048 38365 121583 191379 84877 184677 35363 113885 108783 64808 32691 133043 193566 93391 180585 35974 59058 163149 43539 155748 182648 70349 178127 13284 184434 123629 151432 187544 67129 89396 191256 144316 15314 166111 142344 31439 32899 143173 135621 151974 140946 176808 74464 130336 113926 73876 84518 185376 17929 82467 3412 130004 127007 50473 148006 161695 190923 193457 62260 166690 67097 182798 63543 15279 9432 138603 128126 102008 168430 97955 23730 185162 5887 252 191367 198527 153507 140599 104360 189932 170583 80334 192419 81211 152866 134182 106252 155751 126311 22900 197686 80284 19425 57489 164230 11436 4377 103246 80266 78697 54696 132459 28829 61733 53977 54483 25813 161178 166829 196890 51207 184552 118030 150322 126844 164623 152564 20149 16469 110597 180787 1661 128276 126002 56359 140849 152857 26876 50844 137845 160679 181833 56538 50898 72127 103953 161692 58578 153590 53723 13782 104718 136226 83047 124779 172794 27250 27492 124465 136393 33466 126212 21148 145740 183061 119633 199402 83126 184374 114144 36072 180894 139869 124680 149208 164348 182878 19548 148501 66366 128601 13703 154903 137421 145216 159524 118677 37572 156477 66113 94092 68996 149874 22159 180440 137130 194412 6383 116375 84400 17921 69785 25702 10367 35924 161212 44492 118196 171718 48119 56934 60883 120748 105161 161073 80575 117786 5729 106305 35664 83543 187174 80855 56547 193975 51215 56230 137563 137245 65907 43568 32608 167157 92000 6918 174604 33935 161527 118432 111350 169628 90465 14968 186749 37900 87163 82828 169559 182621 26850 151334 99397 33567 87057 54403 101268 132270 111131 131907 142355 174873 146891 20021 149084 94798 167216 153676 56397 156666 102888 142466 146972 96477 128277 20377 128797 20230 84527 135645 77163 91401 122117 127985 12822 35763 138387 190539 3413 68697 129650 151175 94410 74516 86137 28098 171385 37058 122446 73493 49028 29734 54961 68173 129893 56178 117989 118380 178930 20076 196101 112986 170642 11545 25267 20582 166151 184255 47375 34701 186401 59765 153836 73558 117785 120370 188182 169985 61628 192894 155807 182837 99397 188119 190853 45114 73588 152963 50894 132487 114700 80009 190955 25029 79076 103193 72449 175998 114708 58502 115226 61714 89167 71585 164114 66397 41704 191686 148477 176597 84911 120087 117490 165630 177581 72597 115601 75685 69444 22583 50138 155731 24076 31074 184403 177222 133620 145347 33676 40706 146328 60407 30963 75311 124759 130290 94176 69151 78013 82679 71269 156586 15646 35330 5676 94599 81432 191573 114530 69523 74471 24756 126622 151159 87861 86065 194299 32343 61626 183215 177650 35016 186089 63983 175776 122080 157913 149562 48043 56328 50491 109538 33654 94000 187039 127782 25687 175585 170930 169853 182903 54351 145364 16113 114432 180784 197803 65967 135740 133893 132181 67637 164617 34548 148212 161020 59571 140158 138213 49485 181646 121958 53231 167909 166987 119326 194148 198004 116969 141416 103092 122861 60592 92144 115458 120052 148997 53007 62139 125936 19443 7764 23102 92083 46366 155151 194744 50654 55539 93160 64693 142905 167765 196629 76563 37750 97612 73653 140094 161128 50366 18210 35866 54477 78258 198327 78024 186738 65553 87423 130828 12355 28277 133710 189392 90539 9145 19108 192163 96801 198894 133856 175873 48088 14403 92654 97182 183445 119240 4489 153087 114311 178761 26239 132832 100950 47715 80176 178324 133545 129345 18009 132695 39937 32271 38443 64214 160104 1856 176879 36366 139963 186147 96017 148739 102243 140879 14970 109730 192402 13150 154342 183011 185243 169561 68161 77403 42111 88872 104577 37132 75800 184669 143742 174280 113438 89884 179321 25232 21993 5282 18724 317 115139 62270 40422 62376 167374 145194 100680 74162 170462 31156 32842 104604 154463 110106 117377 41397 176148 155042 192393 95142 12068 178 5486 193950 148315 153209 65821 61569 105028 168212 116689 33765 35935 187750 159607 117107 164769 137082 100219 65503 11149 46854 99952 40009 64691 117153 40182 73615 16518 139810 150242 49473 118121 97091 148901 78888 72588 77105 48042 29016 107945 30304 135356 155039 54064 40864 20352 128841 166768 27673 169231 6678 32400 53338 90445 73117 145641 176885 100114 3532 86550 53467 176371 189744 42553 166351 91162 46617 160008 114234 112613 23418 87674 87026 98528 44337 101995 193597 31115 17065 30917 32277 174898 195186 27193 33199 167070 123320 136380 142038 163552 133504 191851 81752 106078 166564 176171 187245 21760 102476 141901 18486 17759 32725 60747 157052 119075 111968 80809 132836 180352 150875 100148 85436 30577 60720 176862 10034 162651 163948 152049 94632 51247 28327 109109 127368 39059 77367 59790 144728 107869 23444 43115 35083 152545 66455 131585 16685 187292 158049 116275 42759 45712 151882 8673 176777 133724 164662 123644 127107 167999 67213 133463 141532 35910 126212 65300 130726 165828 13259 128251 78770 85916 184814 150462 3282 105854 190487 12910 134089 45799 69199 171371 68398 74985 31288 85848 127775 17186 88631 38605 166719 28424 172088 158220 93784 93586 116843 197045 16937 167735 199874 192754 33814 177294 83850 154980 148415 11670 140976 96426 45449 10384 14013 60751 80500 77114 144490 29619 42175 92322 185359 23915 133222 80773 129749 109418 37991 64341 192435 59109 47191 172921 190323 50561 68568 16747 20328 133519 9528 58447 1523 130968 73122 144655 11132 87513 148050 10636 184906 62318 121398 111702 114204 130091 149082 44644 95444 130497 172729 61770 116431 75655 190340 64409 110737 49693 97501 177772 151964 46158 21729 20325 145511 33297 37293 4817 181863 198554 165042 86405 184443 71653 4154 195423 88414 124126 50533 4834 9186 84183 7891 28666 144371 171813 29197 129282 157515 153098 120328 185965 146266 171805 23169 55630 178415 37857 49516 119330 21053 58879 17642 90038 120945 73943 76544 134863 168314 129318 105768 103018 90075 23098 79242 141305 170837 19245 103851 21782 19260 140079 132965 132657 68671 175854 173894 154500 135951 105219 179210 60204 58189 162769 17635 138839 57595 9259 129258 71171 194814 19678 141890 69276 103785 79416 125748 22233 90833 184761 73478 40398 33127 46620 120847 151841 59470 89488 90801 86021 101871 167573 96604 24496 199162 109739 185881 195155 101411 130771 19794 17840 94002 61719 54051 82271 64792 176120 45388 135110 338 87964 133245 23200 33022 69365 55567 76270 185078 97216 107978 112566 35029 131977 130125 8154 156241 4119 181759 171845 114181 65976 40245 107694 93875 199965 52835 108376 162614 33678 21656 83853 186685 196457 195484 75985 86428 165675 188300 123737 146046 21921 142255 183298 95889 46069 191896 185274 88211 8294 144763 37813 122316 1501 101362 150461 197113 77843 138632 187932 177488 107663 27759 137962 49734 120581 124357 3063 101377 160671 48887 146129 196353 81153 145799 59945 30832 75899 100872 137970 52419 115613 97181 191217 87943 155469 50910 164776 109969 71353 85235 33535 172922 138571 414 101638 106119 5488 79837 145937 103292 15436 27964 132837 36668 2954 129764 106680 101029 163477 157200 123800 115672 114134 15689 94240 3549 19120 138765 50002 166381 19034 141495 157613 138509 104400 57354 124643 134774 69453 174212 82540 124921 59555 184983 20351 51665 23872 79192 20342 189784 100832 8631 183253 158235 177495 65819 36854 66065 103217 166488 106386 46694 33863 16973 61382 91394 142283 77248 65803 142305 190039 121426 129746 87015 162261 194571 2171 115003 134048 75207 97563 83092 51500 155011 66471 159588 128278 128659 70658 47598 130024 117787 26444 103416 158320 16529 33601 32021 15061 183139 44410 105457 134885 2484 98114 168302 131161 152068 163438 94031 146929 100955 30416 81724 55950 14173 177768 83569 67028 132385 43769 5915 138962 68260 195287 93863 43455 112380 35701 186359 50896 64733 136941 185546 55769 108603 122441 190193 86974 97971 106691 172558 25877 142005 119172 103648 178315 198132 133055 39727 99198 169504 136128 86409 40742 97709 34512 171767 26856 105124 42232 94434 71592 22078 126415 145651 170806 46020 18661 147771 87266 9391 189102 145959 64746 132436 102594 71785 46504 199528 59703 103836 8848 90054 125176 36720 15034 65243 32245 7879 143064 160315 144448 175045 21685 194843 153639 94520 56605 59146 112617 5073 65064 113391 103593 35879 14024 194635 113595 69690 74968 148273 88273 183469 123286 159088 417 72766 40480 112871 189991 55605 170231 17573 84909 88014 9131 12303 17732 134889 27148 183539 99308 66526 57939 165964 120342 171492 134865 98698 33012 194059 10293 107268 193293 46761 146869 28367 141098 70367 189656 58176 60187 13769 92145 172731 139165 26389 42057 78851 108586 90353 97854 170387 121357 132246 103312 137175 75111 73365 55569 86694 101465 1346 98308 99397 75347 165815 95933 42052 171159 70112 56382 117993 188499 123603 89566 113593 12126 164955 107579 18772 84647 94358 27400 164810 16778 166764 96475 15197 60051 26108 194143 21687 41272 122114 58372 89632 149940 30629 54127 164031 51478 183550 13389 153070 196754 54376 159834 18368 133966 34535 25192 104497 10570 2232 78306 30654 168124 118579 137738 172912 138532 106811 29954 69818 166504 79880 43354 97711 167049 151088 169222 90459 185096 153045 146752 172597 61159 52623 36285 50998 138872 54927 26869 92461 52804 1101 10643 155791 58581 28489 108777 147843 126795 4458 130869 166719 139073 2506 179078 97879 11755 80704 167571 55352 93894 17343 193914 43589 4883 147729 104633 111585 123821 108795 77585 54174 114601 19922 60930 22596 128506 170205 194916 107287 78686 183410 23224 115496 152505 15201 102740 24554 67792 180778 6804 169107 177201 127680 118639 199138 158135 164047 174578 186211 114043 190339 47955 4921 48276 72684 54009 52463 12336 63904 124370 46321 155626 48125 33122 4420 70078 4247 98894 105787 45430 25542 50452 131055 96811 51821 162687 76798 170256 31895 10435 106648 2084 134968 27297 64395 30672 160204 68689 22583 196287 158498 144332 92452 173780 110695 17503 156411 107751 197300 173034 65994 90759 189879 114943 4425 169390 137196 136812 140677 83732 85091 97568 106846 178325 6328 197208 85732 21287 37141 68800 112044 37346 98950 33130 64623 97071 14837 159520 53969 49406 106329 176419 29207 118484 127455 133754 102904 43796 81717 80181 139920 114442 138696 95221 158737 83994 85503 3648 197162 192240 176613 50155 28389 194743 25051 27511 144035 146469 131179 101380 193995 141627 15387 164290 118191 142798 167523 52722 136409 18521 157546 99053 39952 91830 155972 67795 152464 8734 125006 181813 75604 87276 84568 36163 55701 26973 170412 185984 139933 161542 165042 89884 114017 143644 47603 157180 54819 879 95729 78500 19799 85941 146725 79567 167159 149766 65473 132691 139375 176830 193577 122302 103336 165893 114460 58750 179284 160784 113049 56338 176947 86959 25966 159964 48731 64518 22783 103000 33790 164128 51302 6486 85613 155206 45580 74885 32298 12998 19606 8821 32013 119973 171384 63446 189560 106734 81681 77153 2701 81056 135827 151528 29716 20943 25207 57301 114944 142518 10749 67683 81047 110640 173612 186456 147807 102250 1646 73901 136190 93910 179962 115463 167844 72600 173952 138996 87190 180334 137980 21168 111932 143871 128536 106855 110892 178675 194995 93047 21190 6154 36442 6784 158346 2074 16868 7938 141516 107232 86405 71469 101390 64963 116342 117210 27622 189729 44522 32578 107993 125953 160517 155352 116102 159398 64990 94519 116968 503 179220 51434 112859 172955 152229 89155 140577 55251 140296 146500 26777 91274 194439 129380 25934 189026 47394 167843 107347 101049 80376 100614 186875 178478 194719 81913 57405 170180 42720 152180 56324 167618 8430 103428 195746 105999 96151 75751 85677 83882 101896 113739 191384 38171 44655 195759 175772 155093 50105 123327 146773 176758 171542 59199 164023 92664 105358 164541 63674 195142 9934 77012 199262 182612 63301 88054 144716 7468 4315 84711 101802 34388 77045 49490 54085 80239 42920 15056 16423 85171 50650 144058 155110 104627 163088 39958 16846 115193 105980 191769 102603 120026 78006 138360 92185 37918 79800 136893 19827 198844 49425 129776 166323 171889 137746 184467 74769 11530 40288 96483 131515 73389 62749 106992 50486 138625 59419 114096 80155 198123 135515 180370 172118 65948 115008 78363 182670 75784 51242 192353 4042 19398 88009 131343 29878 140413 199179 168905 33617 172620 182334 46656 64217 17946 189187 142585 122781 166566 164817 134277 84230 62065 132096 147554 91867 80804 116732 87679 75673 36837 94372 87698 76382 93791 108829 22611 35119 56147 40436 111334 36163 125244 42141 55611 40316 188534 176180 11546 18583 19459 17964 110717 177250 81210 18860 95907 150869 40071 28090 155667 25685 148892 33012 97560 175955 78041 21553 91797 61255 198083 162839 81457 93229 198307 98867 81016 191562 195640 3471 194303 22637 149067 179431 38312 127192 183626 96554 133296 80286 108954 111147 126135 141416 160684 133677 66480 53249 24108 39770 21621 192181 84163 109446 89550 18286 105295 65531 27100 177126 5499 170528 56876 193415 148732 163345 30323 75861 153665 173098 106454 2102 86563 6517 67721 159562 10022 164572 100267 74470 142700 99429 163117 11440 71911 76749 81863 171975 146623 41432 106826 72904 152768 59964 97606 27976 161887 166111 69172 57153 29901 125796 198265 36781 44769 110919 6724 105386 9620 197693 170516 168249 109167 41245 6438 140160 37996 41966 136811 39236 82534 66568 95460 120083 108394 36076 176280 184373 40581 122557 196691 183126 13475 108124 164977 146013 1505 61788 142516 15634 136663 73684 107165 17866 35617 157442 198947 180295 14940 11669 129200 139701 189427 113030 138491 143277 136921 28857 141134 121213 159285 55591 179480 45535 13272 1119 100641 71596 65286 93142 17215 107196 14593 69998 158710 111312 53039 52361 104240 31246 2141 71429 29161 112432 46981 44591 173616 52564 179750 8292 39079 71369 76312 53502 135550 17538 16665 156514 30403 87868 146475 17118 132542 144229 76346 40753 484 124370 87061 44504 64674 87355 22340 82572 124584 35261 41233 153705 77962 71241 92475 192948 99839 21799 24520 85496 150574 186578 52871 162704 32863 107502 34887 98127 87941 91535 147033 155278 17649 74383 66114 1280 160172 31792 52040 145411 156281 16302 137488 197920 41917 191616 27737 102914 11432 69073 136765 76307 131093 88486 43123 81902 26398 60046 39622 125992 74560 79735 98931 43492 97131 199101 135220 153116 132510 122863 29321 193437 131865 121468 68694 159297 142029 54154 135261 192534 179792 53920 198344 116621 139732 6853 188391 92637 113853 45901 21280 57758 144090 72009 113498 68303 198641 94305 109662 184329 143982 15802 148380 114776 192602 165881 2135 21462 181135 119517 21319 56153 185044 98252 6208 160887 12599 42625 38969 21050 40571 11141 82586 1074 123628 102456 64881 51577 41505 169848 125182 118251 92580 165384 3450 146052 137642 52357 155758 105775 52162 167546 87131 151945 141671 175756 129491 197440 77978 9590 134626 35013 44119 73097 24552 11392 156102 706 88039 90806 26757 49580 154723 49919 66570 189477 31313 31642 191293 121557 150619 183289 26685 35688 39806 84590 191941 44935 52877 13093 56563 25058 126575 57369 192132 172225 118093 94487 9542 20458 187692 186460 128472 139951 91965 149952 58534 66124 55541 187619 1189 72448 138860 29377 190501 74450 196001 6363 150451 176915 130015 17834 27106 27338 28765 10525 107387 66137 159604 26467 98905 159594 134674 31247 143956 24828 80744 100102 90169 193674 186614 116518 161718 84019 150227 186348 172407 6156 139140 88856 105547 13105 180990 130418 2174 138726 33930 173505 94626 128258 53910 41332 90106 72227 83457 194478 93418 67436 115522 74560 82284 170301 100196 165186 72881 122059 85045 95029 63053 138231 37805 142740 47780 94487 171148 105961 172559 191974 186642 67773 92849 135711 99826 51307 185231 21008 111593 36636 26032 119938 159947 104114 47845 63796 49018 27082 40199 168103 7237 26718 133839 79714 39998 6054 48258 105915 13539 18258 9857 154328 160401 31147 16246 153059 167750 174427 91281 46299 196477 198450 21884 171460 85724 199472 59187 75339 96253 39909 104666 114670 14940 110182 29105 38598 20148 195381 107807 169904 85111 158126 27883 17472 54644 161651 68399 91226 78478 57721 280 5113 158339 64186 40208 143193 193506 150906 44145 81969 24041 143886 172688 176618 33877 144319 67800 5131 46475 39560 61289 68940 101727 50691 105522 101800 15682 77190 171131 24250 110731 160490 99798 31495 33234 73929 136777 48979 13305 20656 172899 110098 94496 77362 66091 159678 132907 3192 86223 57833 133257 164869 169170 194658 45879 116587 34644 113195 163063 116811 2596 110586 166296 182685 160492 135286 192598 58547 158236 36821 122781 91172 139446 74977 112719 39026 42327 112646 138367 9615 191825 158434 63880 133311 53074 142788 27419 92986 199521 36701 73488 37322 176157 169660 75863 103879 190153 82030 124617 38275 115992 182459 89458 135345 124228 15756 116678 17298 184648 60343 154722 26105 146340 155484 110028 123712 123102 70261 96092 163509 111023 22412 74743 25576 54803 95677 192603 106446 57008 79938 34144 103483 36653 86220 172063 161991 9592 75300 154094 15286 197590 81835 40182 73579 84899 28311 173156 74263 178980 184372 6487 121619 85499 38154 148559 8262 84593 183469 1857 136783 131402 87864 72938 181211 55963 154850 69628 197131 90363 178708 163231 119522 7458 147137 110402 40194 58897 21551 49688 179398 11168 137460 74304 181239 104560 41223 138894 179211 17082 87864 147379 2544 38995 151995 75284 155383 126310 189465 112582 187412 80996 119635 186349 173687 69476 7232 59392 147759 28009 174188 141163 73213 197652 145102 192727 108843 26609 43217 14912 75330 180103 36897 178684 171545 106024 9188 92146 179653 125425 190269 131308 178349 132140 133428 110686 75475 23052 119569 164117 134283 15339 13518 177067 54947 31743 40305 68764 162022 11783 101071 53831 124711 19154 27054 104641 10324 33544 77230 113714 6837 148713 179046 67916 107031 99143 106597 105562 116895 20106 153528 183907 38551 55743 46777 41569 65172 141263 78117 188807 165868 196075 37089 151335 504 27902 50580 153014 24518 152875 43076 161373 86134 31622 77241 40962 3921 116987 187312 191746 62860 39881 175055 110867 156832 111277 4735 74891 151107 191273 185619 125891 5014 80398 133753 198926 145645 49052 4635 61620 22947 30016 137569 88986 41665 71681 28220 113221 107161 177827 85241 58750 188796 18753 181973 189392 39862 87767 23348 128378 112084 121868 116477 107426 110372 22990 123342 165842 164936 102881 199971 162840 88033 177286 29822 38458 139679 188084 112134 155495 192574 104643 140526 169378 20893 65075 63834 131794 196490 167480 30044 51345 116544 3176 92060 86601 62730 189178 69396 7682 6918 143054 27234 72856 163145 9559 65632 74184 96385 1882 96265 9297 196345 109639 150850 21503 195521 89210 58068 2176 195765 18157 167154 7973 16121 131418 125916 8392 82781 181237 119817 22857 199529 11818 189937 120476 140840 92146 111605 193349 179008 6004 63342 129768 166398 113047 15104 36462 22024 179117 142935 58898 106373 181308 146963 140522 41804 51051 187861 83798 27348 70630 86076 150712 199081 73877 181581 130477 84509 92987 112592 180861 26397 90987 140849 160477 66402 7175 125828 193820 51680 131678 157739 147918 160271 86781 172976 148872 81273 73022 125161 148401 23417 196963 97414 189051 40796 124240 67317 170994 101065 128528 83417 102974 26251 106316 171440 145074 105087 106522 125167 177559 64611 115356 81951 86229 46967 21225 119589 178051 157163 108562 154332 167348 1414 119645 187601 130081 100571 181685 76507 136688 124063 76890 75199 16207 55178 60703 5719 189828 45569 119956 182371 148249 64698 164897 35847 55624 185332 173940 181211 47678 7512 26191 188050 145418 135510 67069 32343 91540 164943 49341 188683 22730 171439 65857 101540 2784 184477 151767 191296 100018 190368 191890 23332 85565 30622 76314 34395 195373 83473 109552 56785 148472 184029 5778 166842 167764 37031 145006 105763 168265 190592 188105 31800 77522 180637 72550 44348 150078 117282 174294 596 187287 127271 166360 120004 130242 106993 175309 147613 86048 150544 56634 24435 140320 154128 171602 87657 4776 117155 43331 13968 78003 65599 115359 99369 532 89351 67260 107410 7202 59136 97944 185985 4657 95942 142966 53547 186825 183481 67327 154227 21840 60434 129126 154926 117783 6218 168675 172554 186884 176435 135309 146192 160816 77335 147645 179293 99811 80480 185476 186762 150863 10952 148218 21459 81510 1506 101750 198404 184054 80717 37689 66586 89064 119432 6399 5967 168013 35862 22451 91239 53442 98304 38661 67928 150962 70664 12296 132666 97591 116277 28044 176267 145573 74203 75703 12617 177949 47284 87539 49233 81079 5671 21053 53791 103310 98742 82870 141606 59872 662 190216 100409 17426 170075 50694 60566 122488 74186 29178 45561 179505 41278 74414 100333 23485 169116 47985 2654 173365 192208 195981 68518 149294 117131 73086 92805 156050 156088 98602 128397 133230 34204 160713 86660 196544 165634 112422 132994 136590 177032 72 132104 84607 76292 144127 147339 27889 118395 68259 148265 122458 38285 46080 112144 180488 152646 87455 109110 95902 3011 89175 140867 187936 142129 81027 7576 61477 149794 184196 15079 146585 185848 7408 36098 137482 148255 132415 197278 115893 89494 40661 159524 133550 47078 174015 102000 69613 354 51135 33702 67417 176902 130477 191562 55390 89480 118793 15471 13712 43092 112941 87993 15338 181185 141453 73528 147147 81954 18530 39981 82147 154976 8661 78348 85408 99942 4428 104993 92834 150307 141450 27549 114131 90263 114202 125517 10592 126009 10873 69955 88622 160784 112682 183168 26374 157640 198290 87835 193496 166308 25421 106013 53089 135510 181455 387 156216 159108 145483 197143 118156 79290 55787 124155 194325 199040 130166 78455 190624 154674 164462 63890 176308 108472 173344 29067 177503 185631 91755 37546 14154 11760 78741 128131 40479 73737 163446 67004 75485 133507 120133 87029 11248 95819 29023 109763 35400 88045 156102 73052 149404 126126 90880 53571 22319 105410 39748 92501 15207 88470 166046 100064 177524 5176 187584 85448 9859 21711 174059 170241 93572 102314 33432 106194 38305 86001 43691 167301 34551 4383 102956 128429 104208 178294 3445 138078 33635 197199 31299 189317 195119 16606 7838 76390 130286 160992 53937 55386 90668 199706 125055 123518 133579 178144 31103 131919 48806 177874 41055 192500 143248 73235 163362 190886 155322 41462 23416 54343 159315 127921 128099 134537 131730 135030 122103 50760 169493 15543 111996 84494 10135 122202 89540 125718 177547 112881 40990 180067 196948 57670 48810 43493 185153 110584 171279 79867 56362 124516 151027 133904 146573 126622 727 2015 38026 53585 48394 96922 8684 173397 81867 53894 174179 69885 49229 150547 41377 130648 182608 103016 9488 68128 35909 80735 24749 162440 18426 141110 52663 68225 54982 148519 15552 48647 68341 110231 27534 189684 191541 7396 158041 125545 145213 80816 59606 135185 191338 16832 88041 162247 28770 84336 164507 25487 9882 45065 9670 49819 68854 93609 194271 161152 14914 192249 12062 185823 110666 186238 140464 73429 66788 32241 169680 79067 146021 50477 60813 9255 30271 134120 130901 174068 131195 14022 123866 174109 11567 191131 89761 17374 197913 135785 19483 190686 142101 35160 155654 16658 78872 81579 18503 45778 120892 102535 153654 196509 144282 193885 29668 126909 84317 181467 65027 73580 128296 183112 14432 129378 1400 30784 94499 20240 126200 175977 33714 44726 64012 86553 63909 193691 199900 82197 150076 138088 80555 183076 58536 136531 105437 57397 157804 11541 160246 178797 84954 181171 61704 146566 123930 87028 199548 194482 179664 158738 46006 13636 129315 143496 62554 57962 174644 150075 192223 189608 146568 181155 11221 86592 56143 70460 16549 170061 8190 32401 29457 84897 50645 38126 87472 152750 168041 170185 29706 108766 44790 191673 77858 6838 149790 109067 176910 26648 13818 35918 101403 175212 116117 145322 15349 23589 78528 178782 27050 161066 122542 53816 82272 160075 15779 194739 128096 4169 198410 42905 146906 142322 149459 83925 108709 161850 188992 28255 175768 161738 98024 179266 122151 116210 120901 48041 14962 9391 140992 126538 165585 16946 56128 42730 69884 63282 6184 128760 189496 8298 90664 181034 8070 48827 157256 173577 91785 64228 79358 52050 131358 79956 22164 196216 158054 166051 32413 166475 173393 192997 103779 145446 55544 174277 165137 127927 101093 141239 101596 33542 96569 66752 25519 92769 127274 51089 127027 125708 189064 18753 138354 54468 198921 34460 27935 188906 130259 171801 86383 88399 100353 190805 22677 68701 19231 63936 73180 23206 135151 55475 184682 49420 136023 90811 74654 58726 6279 173709 119443 7545 153613 102470 186977 13572 95938 111098 59298 70142 39992 153858 183530 139386 66425 194787 73216 63907 106364 166309 21822 59741 60919 160501 140657 92359 32462 100511 28342 174858 99530 38922 70264 20997 193511 118935 70028 43460 153129 21222 117650 152049 115148 143607 76199 188196 53597 122939 1827 98609 163922 61038 15569 108983 120811 108406 71926 4805 16659 180040 69871 64895 16082 69804 88188 163547 176543 2658 120213 49442 128359 56989 86507 18552 65119 62382 16717 82164 26630 187889 194546 61794 91510 115514 45439 41296 163274 107071 79721 38367 32240 176085 122890 159087 2028 174269 26487 136438 6042 103205 44286 23598 25416 2765 62449 198927 23447 28270 118780 100846 184154 181879 37304 77655 179363 79844 152673 76956 111232 172820 43328 63831 90255 165809 175606 55089 126647 122847 145329 29980 127171 39891 39100 197795 79532 38965 154573 105888 12091 194662 134100 25514 99575 47354 72031 60641 141422 98383 77104 28581 70923 88717 49433 149160 92191 88235 194902 67679 169411 70090 70429 19853 163099 123570 98 31331 61790 105858 53619 4355 55696 181332 99533 108542 76635 18785 148091 133406 140398 66982 62370 121027 34627 65148 22598 135755 173950 23723 184156 62293 34627 161909 21265 178472 167913 49830 88998 157079 12652 46852 25511 75491 45686 161296 130265 18089 19689 777 63782 57718 176241 143480 143146 59541 186364 18540 162035 123289 26378 26792 126457 118399 81162 163013 80811 179171 63961 134663 100945 61303 147140 11533 49591 37574 80984 100085 31081 156078 121986 114134 42153 129244 45200 62664 83029 149429 2582 23921 164507 59627 190344 116527 155763 70106 80693 192325 178950 62544 103181 161817 134897 16698 13136 32237 81295 183414 158347 165579 72871 41182 175141 32807 171072 85594 80602 166153 164627 78800 69448 138673 67927 74220 138073 89095 176005 168514 186738 136166 14528 188963 199216 20286 42021 164595 6994 26880 180653 71280 76751 16197 109028 41031 74599 139679 43478 89597 196491 125116 92643 198465 166556 85221 184546 10467 17248 195417 135807 101304 126169 80667 149489 16041 137849 52107 141498 186142 61352 15784 53504 74770 150776 29594 37627 54235 113838 131293 14428 42905 183144 103880 130948 130849 130529 190785 162177 150460 135626 6961 97705 110165 64800 110463 185248 30528 138759 44606 120983 6235 39214 45176 170253 69243 118759 137315 106942 75820 93040 47888 265 163806 19448 140814 61777 55935 76981 64119 131639 50651 188592 179750 46132 15326 108539 88988 197177 61521 127373 145316 95999 162042 197771 59315 108226 194276 114012 84391 4584 104283 43252 175686 67611 59942 35755 189210 108035 156579 184594 85790 165465 20288 136286 96079 129494 149714 165882 20778 138294 23125 128024 107417 1763 72165 148664 32704 20069 866 39800 65661 184072 6035 40009 2448 32427 91786 177611 142433 80133 61718 25996 42261 184510 193396 151043 58049 199184 53425 114659 93977 32490 58500 101473 130881 44974 69954 199263 34535 154308 158591 79972 28352 101716 72651 44132 74994 154715 106367 36268 13225 111975 125698 6941 54192 176830 155358 187396 46246 143837 51438 65499 52003 196339 125709 94338 152107 64987 65132 44940 94207 116599 191484 171828 115028 84520 41245 60755 180406 87921 33805 106644 93827 82183 154499 18415 28731 88403 9478 165486 178948 39439 141274 79373 168562 29995 139010 198673 36702 167703 125273 65345 183992 146958 142831 62863 85923 27660 135272 139797 2887 128512 153036 24251 85247 43657 11040 129437 35497 87246 53865 9863 114477 91831 93807 7745 189397 92382 112761 153610 3202 148967 134625 192317 140486 47307 91585 8829 11635 15393 118492 147995 151531 5206 24825 198244 151377 24596 179134 129899 105585 102790 192655 174150 117430 168683 68379 21218 53051 123953 129588 165105 123129 48014 60587 183279 199282 67941 100000 48810 8613 24310 54540 178687 131899 30780 55488 87053 74157 30390 129133 165364 166811 92057 125176 91371 79837 39974 65412 9587 87624 20416 39987 19516 4708 95366 60248 30728 184224 44158 148529 188849 81899 185569 170131 82649 6474 157213 84510 147656 179388 138848 132664 65112 106504 48379 153777 101662 19508 168340 15318 109625 33069 177350 19826 21325 128607 20920 64483 111556 156156 54798 171739 11104 21958 19614 49022 53277 106729 14038 24269 40087 97636 58891 102106 135336 81328 96382 133650 76824 64054 141578 39959 196542 85484 166271 196373 108661 125111 35426 133219 84457 100581 79005 184208 133311 186801 42491 96277 191930 174475 192160 56781 112447 74201 195734 57317 137946 152031 157044 20980 84413 94428 143510 65266 127075 68778 74320 171618 182992 8770 100436 145496 155218 42589 56248 28293 130512 150834 26913 75307 61456 159199 106951 143023 199256 135561 24362 3446 93737 12144 168424 81744 32795 25603 63763 104263 71070 153065 86446 197407 179959 162759 86001 86486 127838 5011 81848 120256 131088 54903 139499 55262 46560 168387 118347 118030 147088 187640 186102 71497 77723 136891 198639 50313 116814 58792 141659 43516 137347 56908 43448 193123 142636 135233 180878 42931 182298 48290 145692 185727 120539 52772 136605 50682 152279 51730 121200 86931 2911 143876 158421 158507 51710 35313 93444 186190 26161 118276 96136 11390 127683 115933 96660 129027 141923 4091 126184 1921 196781 182855 81874 97114 42643 193349 55289 151126 161273 44201 184012 161784 164360 108523 146302 195794 11933 33985 66666 179652 51395 1056 172695 49456 18259 116924 75579 150498 181138 83465 186667 26432 117280 108458 73335 95634 8564 125332 68851 75658 188376 147794 66428 167348 93675 14504 10624 64321 75130 179901 3212 194620 27218 4624 132418 151611 96730 36189 159241 32967 174052 193495 115274 8328 115928 40211 376 176025 120396 179606 182 153791 191070 799 106590 179093 165120 87058 8307 169752 125604 141219 121452 47752 124679 134365 64841 72392 165165 78577 199560 28071 43489 153314 166330 132795 8225 10604 116274 157162 106555 176201 189548 93905 105346 143800 195733 12653 166842 177940 187819 119442 26794 78744 188233 172147 81629 83083 3495 48932 1210 163685 76361 133842 11970 76446 11384 142465 149697 185465 179267 92815 34205 178180 152745 110868 185218 98808 171641 112413 96148 68906 139708 149964 38220 133428 73488 110049 175358 72468 12936 65195 73497 151929 199081 38010 134102 149061 86096 86857 131153 88426 12812 93100 192188 143377 5461 187002 168372 114993 69989 170381 148092 11955 185500 66772 154825 172611 48415 41189 61054 82865 33474 112371 106528 16390 185274 83292 194171 178804 177230 60855 70332 103928 106553 158688 64437 127282 114917 68356 188393 49160 76686 136839 161838 70710 168409 81282 131315 192538 187471 89160 50415 188934 55002 102205 155788 92357 46678 190456 191506 16941 175852 23889 94892 66198 45614 16902 14762 7077 78955 32835 196127 169073 6828 17271 197924 75358 63923 116869 42780 48478 164049 30483 104742 104694 35296 148572 50998 75465 154591 99249 149732 182218 84718 37801 4 98621 45895 110117 149846 42829 93320 111499 35269 31273 83680 125620 169857 9340 14111 86566 3647 137126 50284 140743 120805 37368 107932 121016 97114 161670 164336 45477 146426 188341 15009 93687 172613 134704 173341 2226 180898 156769 138763 55731 67099 138824 166798 163484 42828 150398 119159 74196 91920 69697 35696 29735 165007 58336 115057 14714 89619 147518 55125 132946 42103 173183 142605 165515 34192 193376 1605 173601 167103 184468 69842 27259 158781 102836 181436 151535 6355 65734 128282 97007 140941 45411 43979 22452 27172 110822 44086 117406 51187 192132 160222 40286 105610 103965 40875 179601 34757 116771 197565 23680 196077 83997 135193 163578 33666 196982 33646 143054 149742 163444 148050 48782 107935 178065 159496 153656 174514 160766 8059 132176 79599 158987 74250 44968 107085 94945 8369 41753 68498 131384 101363 148937 183866 27605 100495 57001 85453 191295 75296 100064 86774 48377 43276 193977 112584 187587 182166 14742 57638 78379 83609 37586 183048 49912 168864 81965 96764 142224 173202 158192 133200 180249 63312 79920 96860 124240 127486 64510 2588 101617 45667 155464 85945 68306 101010 160103 140252 156526 175726 177624 193774 169152 78210 177209 199642 142383 78147 96939 67346 148420 23672 173290 57702 148426 162456 147358 141952 23520 49914 86299 97086 135124 60786 124574 164474 102912 124277 59563 127945 29344 76984 140995 153377 97782 36384 124560 125933 196882 84851 164794 111237 62995 24671 154129 81538 3245 20426 196451 35893 47121 14028 172024 145636 64288 80165 163472 196991 126086 166404 150993 5151 3633 167591 98754 162113 118243 85258 5896 185540 58585 191713 36907 81022 170396 1931 189586 18675 25882 49136 24115 163929 55371 32339 118693 106354 195745 96257 2644 131135 34713 163577 54551 81672 2705 53535 90947 24356 143382 60315 140538 1044 153349 74545 152480 111268 150509 168794 29954 9922 4645 16295 128616 98705 22786 157489 33017 172919 100592 53703 114133 31818 107447 22113 138573 123536 80210 141796 119784 42699 171427 115777 157752 68775 111352 189053 150233 114286 171966 153188 198929 113233 99383 72359 130549 27403 112215 65702 65004 135187 19190 16201 98641 128595 88937 194971 74339 132772 84374 198768 123171 182347 162915 63796 171984 156963 153104 120134 1721 168018 81732 136612 81426 71227 153260 182228 12853 56895 85407 114205 138020 158268 155768 33514 89652 79741 152744 53890 136429 22563 36685 61027 166580 172561 146812 32687 25741 114322 143665 38931 51160 46162 183273 157019 8361 105477 85973 194521 163822 166037 162199 189177 127635 13756 141260 112773 154619 121456 117516 189796 49658 84259 190437 41257 52891 125938 193671 190764 160294 17447 4157 76515 176800 7703 30833 85103 185301 45598 20562 65324 107224 194465 163100 3032 55140 12357 44800 68862 23606 49299 35706 180639 57491 20053 100921 61597 126016 148565 76953 114466 76291 118383 6124 173362 148266 148557 173714 26173 101930 108382 140872 106264 66371 66757 48804 39959 140545 13195 184589 77653 42604 40264 133626 102202 198808 6235 28893 42817 35030 176636 174804 75895 168339 39241 77655 171255 93311 189299 56232 146624 136423 86593 145679 26985 83731 87094 194517 141128 167963 176288 174764 140423 194592 97976 65824 29357 144893 31647 196637 93327 50951 53982 162161 86617 12497 68084 79074 70097 195841 22609 129604 34686 55650 40911 3714 14379 10129 55841 138150 60109 130810 33377 128500 198654 124077 104831 26822 168071 83775 42019 139055 74285 42302 126950 7985 178207 148872 15925 183628 146470 143637 88385 161787 144840 44756 92337 20329 186883 116047 1406 148293 21139 177041 3595 31376 116488 49957 11386 67838 158006 38206 88219 164987 128625 36502 165490 109578 78781 92253 102781 37383 115946 47902 61402 8400 130353 89311 157680 34777 137173 72 7870 191963 43054 30168 182366 108482 147166 77398 138740 111892 8360 180990 35715 122510 153778 131530 75720 6408 178449 159276 26952 95512 69813 49398 173684 64727 190983 133059 79614 60305 110011 78848 176573 50096 9426 164663 2812 182372 47329 18398 140682 96992 33917 44901 14333 187688 188620 163540 99141 137353 42895 78898 132986 47194 22655 162664 38241 149268 46246 19938 146106 66980 135237 47103 7287 101358 132000 189753 66033 2087 191420 64418 163190 4171 39574 1351 180738 197631 93175 162577 38978 109238 198503 105816 7393 27551 44042 150887 31648 169850 130665 100297 143458 32853 141242 128902 14328 35957 25439 54315 156054 60898 81852 107403 99490 108800 12538 165034 94388 117501 175971 93136 79749 65849 192904 32390 176443 194782 53299 138149 167632 117354 41423 75948 182875 167659 166655 104291 12390 95109 14567 73395 135501 123951 82712 108098 126537 131161 157950 135217 15327 148129 177358 125882 194675 141192 101107 57033 62829 147992 138132 43601 64131 168234 69594 27175 108720 49086 96458 12027 196005 162352 9688 184476 54411 24880 75989 123446 41935 166434 11200 154082 71109 93794 148011 29668 160014 197845 77455 26851 104679 41209 98261 111602 152145 6281 174821 89777 11272 63408 151726 91503 150049 171624 134494 175677 14048 77660 84403 100734 122563 133520 106153 155750 39045 193298 141039 67489 132441 81607 104111 48570 133215 138914 33039 49513 9957 52458 139927 24919 85492 126706 50705 70360 111289 191862 111411 149059 82481 86000 1635 157498 39504 162960 195510 176970 34702 25570 130547 91797 3430 11881 7325 64748 105200 137443 65349 146622 83525 82027 173501 141955 5568 187172 17814 30078 23592 108101 198287 16863 62837 174332 176604 73655 115293 169268 134175 17657 172881 39102 75325 177448 171214 91559 123651 184262 105074 88013 65835 68892 35423 161510 25912 166137 34515 179522 178150 70911 163416 165199 165427 43414 55014 85411 163444 125691 89590 173103 13269 39936 94242 128451 35185 48967 62319 48215 9864 89450 197215 53610 38733 3156 130582 115933 157586 72802 135077 169461 73729 21872 27764 57376 33631 132388 133486 66884 186269 159569 87208 126389 186824 25847 177054 145188 67954 187131 191221 161604 199231 26203 119661 104853 82723 142354 85982 82611 157180 145131 111738 52502 190726 108930 161523 197119 180029 17956 78755 63862 133171 81716 170197 80318 89206 173094 154632 138903 159429 80368 176510 157914 148174 22298 109199 18510 121443 136828 180135 91492 67451 22198 165069 35308 185984 55331 144998 35862 197409 179018 21075 8612 153549 96410 90900 141915 165223 85324 163701 161862 26822 177237 165091 184206 128058 185648 11580 135139 130560 25462 44035 48557 107859 195340 33381 19729 55039 1189 74085 156661 180905 46868 127576 103489 133195 92971 192012 128354 187714 124257 43938 180705 105373 107029 31314 194203 24879 170967 28350 97221 10703 160103 33516 115144 86643 70584 101617 42829 54785 71567 199465 161746 129475 157634 173966 41129 44840 47643 184313 184059 108960 154047 161841 9691 98148 38349 153890 198395 191992 45081 108293 15820 186276 108509 188571 152322 187216 112592 105586 169698 188449 99739 66675 43084 94034 191846 4225 148523 112092 189268 188804 93890 55613 6284 192646 154424 18291 105163 147318 48329 57010 108336 79578 23091 172507 39827 54353 139404 196003 109634 130189 122276 152363 42851 143017 85557 61587 79876 121418 186429 191526 171242 11726 50093 132085 68768 10950 24299 71471 142440 4629 166011 5912 156745 114525 19523 111360 104065 180863 17715 194718 47934 59747 181953 179698 189379 75242 155614 26352 145574 124527 21564 12827 86457 85379 193386 35926 183055 21238 168843 159162 83444 37854 59412 108313 27764 71984 157379 170352 198958 171407 166115 4347 13951 83069 9446 75512 10075 177952 86647 140607 164170 108329 92807 16848 184560 148235 36324 34078 149227 90946 193701 130391 64593 49614 46249 182585 71281 30334 70616 66858 151293 2389 120831 91688 34049 95296 106052 70381 36792 8850 75282 87201 41438 3894 161417 105488 40120 144553 63154 184044 155832 163844 3753 41697 39094 155231 199732 46362 189205 150064 149030 129697 4205 126092 52678 61610 109335 143468 197651 197744 53599 88761 154548 174473 45370 4610 51189 76016 95638 137721 80544 28749 128219 89221 172538 85639 112219 38981 171524 79227 182234 83973 115228 9478 157434 96741 93885 3384 110048 34792 105922 168950 199432 193023 40783 115688 172272 86797 113938 168295 67854 34730 151214 35516 39874 154031 98905 94871 186777 176538 97873 104604 161831 87844 128095 75938 20611 79300 100981 43361 126814 140018 137874 197255 59998 21941 65568 55053 74615 39844 37884 19541 34035 139009 51190 152971 57135 132304 57391 20568 62008 185758 48805 187674 20003 187237 158275 144109 99186 161778 70627 158897 58117 147973 195039 66162 31846 1776 26749 107926 149784 84483 124369 97581 186763 56360 197633 16573 131285 76481 153265 77353 119468 83464 177794 169274 27045 75552 117958 128027 80804 45906 176414 96751 172496 32966 136031 199577 1718 172672 63837 132550 110972 170694 11268 3696 173832 174250 176572 14269 187733 39159 154228 70158 188664 93611 149276 62041 174934 18479 86786 19667 88547 185037 39869 411 80067 177548 123872 198574 47437 17452 94387 138973 184014 108943 104390 132930 46215 109800 67253 40769 13819 122363 65591 135400 86017 12743 71670 25420 3434 126882 161077 54781 25896 144380 3949 94340 20820 157231 8556 41918 177848 199788 147440 57264 121079 91168 113423 175586 142133 119209 71425 167749 187127 164456 26184 117307 173196 19098 142270 3548 88405 128574 196749 110996 148071 8918 35331 175960 85397 184146 396 163744 4816 56324 90952 104804 178525 136336 48163 115853 2851 149222 170176 92520 16710 25460 16169 106464 71980 1065 120941 76079 109024 131284 128393 151968 27258 97738 165798 162140 180019 147612 38467 190397 137983 109310 87014 103531 94194 117315 123705 83545 76399 96 46462 133425 86179 14029 108251 79449 165684 5975 165382 64819 34746 193504 9692 28798 111913 34152 737 131540 102397 134829 54330 198691 139787 115415 87761 66765 109592 171101 85111 169914 166498 84676 154550 93146 19069 24449 177448 44059 198865 7196 178051 60784 51550 98867 14787 188077 60772 183056 183438 20520 97084 93985 71883 180881 139642 14651 100898 70437 26098 57888 23454 35740 93281 17260 3078 27270 33233 104195 198867 160892 192809 55002 159718 40082 46892 181886 174210 110004 3313 24889 99478 26705 7156 193008 127786 70501 166031 65801 99819 189120 195218 53563 164651 55842 198088 54724 162696 13386 117466 82042 165080 185386 52175 160514 60336 120921 186827 67132 189654 111522 32716 58677 95809 52149 76286 23821 194983 94155 43310 100717 5526 112937 89039 129247 146015 134962 141838 80555 188693 130889 110308 170074 84601 177375 108281 13769 119645 71718 59492 189258 16660 192002 52921 45279 195846 134449 126955 139575 156960 108681 154937 49018 100362 24709 170291 42231 157536 1899 97091 22947 165337 69131 56459 40605 199810 8705 84314 147869 57623 128096 199433 196612 44510 48533 69901 89048 171144 143170 101500 155356 54299 26736 59432 64679 72750 92188 128731 176664 190832 145452 96350 181274 17346 43199 40398 945 152632 75640 171769 65270 168367 41445 66127 17522 40766 114892 38809 41301 76952 68716 60621 77020 189214 97776 560 92997 43322 44705 106945 153214 197613 169309 6150 95075 1963 36297 181138 19920 128650 192432 94500 93060 7825 177488 199162 40237 2307 91532 69505 91018 9304 149416 95523 839 18858 121599 177830 172900 194068 17599 26772 119751 128723 67342 131138 69090 87698 14334 57715 12213 163900 50781 25366 74442 4585 40809 83748 47830 56347 104613 161313 111117 161650 194278 41483 19363 60443 132952 137963 38929 36535 120587 123458 121385 91658 76818 99580 196746 170240 54011 146465 188082 55550 44131 104380 57973 150876 184719 193348 186167 67800 63897 85755 103864 180428 158735 74579 147361 25660 52458 136603 3789 109816 59357 19062 175437 10987 110232 27844 134695 158553 28399 104454 78686 109776 29882 168902 56363 118872 23056 183588 156939 60799 108330 40873 11286 186665 49306 62541 3083 124903 75788 140325 61638 102540 124759 25390 124266 82327 36834 19785 27429 122229 194914 73319 152546 83546 7594 140906 79470 101808 154709 82238 54816 37082 77590 159551 79508 178913 21120 57726 80936 164413 66209 22705 184308 194177 149879 48762 98956 64352 183214 174571 70006 147457 38168 66162 187157 73670 95074 41661 159581 138764 162964 70444 49719 18794 140043 60394 4463 114389 187241 6992 161509 27991 180219 137680 164889 103974 2358 54830 27489 47190 112845 154187 55946 147634 175952 117649 77915 119073 40277 174533 197115 75542 171728 155344 95175 112156 185717 97454 34479 65800 186926 137245 12860 15313 128956 85286 145374 27381 56807 117306 108177 7643 116113 68337 154614 85032 55791 70571 12255 6203 149982 195534 60389 137363 85278 116311 176876 140016 119180 4684 79329 75577 6789 178825 26326 579 83325 155921 190883 127616 65729 70569 37994 23662 18579 183886 106877 102421 152444 186062 126016 75468 58946 193147 93290 10584 5512 67159 135316 127399 58312 64091 185113 118781 103191 56603 84395 11291 170173 132961 58660 151294 179201 149945 190568 139256 115132 151804 151192 186327 14524 90422 325 191397 129296 142969 180629 13839 99738 11682 3984 80047 186975 177053 26458 595 120587 155379 130987 134834 107449 66202 27725 98059 111386 73943 82559 160843 36323 196662 149987 137112 7124 171154 101295 26781 147694 12524 129874 157368 88118 39893 8475 189494 191181 181417 141630 157702 23176 50859 20942 85358 29345 116523 35308 119027 179144 8233 188499 145753 139856 199255 3671 28832 165132 42624 36521 5891 131008 142884 83929 140382 128411 578 50461 100780 153016 64884 85942 57513 182445 129241 50949 106732 21422 77438 28558 185831 110764 126791 51189 61270 145310 137388 9680 27028 120143 156422 80448 176026 28587 45865 51967 58800 74567 49670 8568 180985 37352 31394 174207 139712 22293 159757 154930 83657 6125 55907 184550 123133 80616 28506 32927 78274 153948 156853 57876 10874 48257 182423 185634 101598 80868 28498 153140 146881 38579 144726 136302 187740 17076 78694 110669 147912 115937 115501 167954 79512 89141 1994 71871 183686 140141 21359 195825 186578 21115 157009 24302 186460 85530 15478 75279 129533 28575 66326 7289 80143 183482 67087 28631 80731 155110 115211 141715 165519 123687 52845 165670 185183 96503 143921 128433 74519 44393 126825 158338 76682 136302 91483 155874 67067 27501 168363 20099 173363 63691 53110 134329 127969 89842 34168 83247 18293 18144 56631 149583 47475 97546 31212 102182 10560 118259 104897 174876 117156 194914 124806 28521 48047 107018 146723 129805 8321 101497 26171 95232 9368 5975 125779 177207 157045 139320 30993 57753 21097 50453 58316 53470 185577 33052 120270 77108 107039 5956 150672 49869 10841 136448 145965 110985 104443 62966 36267 124187 56640 2495 120027 157820 50479 191262 152608 197471 100466 133737 173296 148282 9497 152245 68259 138528 57638 46310 20587 112889 36321 168844 122258 49345 14219 111637 45786 116354 58316 44755 34633 109007 32097 24480 158882 161656 60611 111854 73416 87416 153977 185991 81724 121726 29445 92749 180073 109289 43147 16402 182101 55322 188368 120142 148037 2244 191725 198646 152248 29561 110515 52459 192981 102511 75069 170903 110182 87380 144811 164507 194239 12580 126271 154817 169898 76077 164362 53475 179440 179641 166436 40541 135201 40401 34928 197964 20822 21926 26395 36354 53263 41589 44651 34542 62674 62107 70150 90493 77892 155511 12782 36152 88780 102330 158652 174040 104622 146728 129624 55644 60525 148977 102189 110434 170185 107279 141109 80027 94896 172493 188399 156544 154557 135781 104408 26862 32828 170397 151528 117540 146808 130145 127203 165711 71799 197916 48192 10870 178763 113504 118077 79222 131890 166731 82314 109568 136196 135042 145358 98105 108805 180873 143370 185699 168348 151073 69641 48055 58730 33749 22515 74748 185059 196999 193334 141262 76200 140241 23022 77346 88160 33530 141948 178567 66294 70081 75591 73715 25233 13716 157969 99049 81181 51082 185721 117007 58266 171198 181229 62909 75683 189945 52091 22212 171379 187437 167830 145658 158667 129792 84824 78492 72940 62339 122167 74434 24404 196884 187061 175363 118898 124173 159587 199214 122478 63553 23565 171708 55272 13374 115027 79218 18785 35382 142285 153506 175324 146317 173654 37878 3089 47723 26370 131435 76479 37696 103751 112223 137973 131487 38381 130318 21809 183930 47005 57007 132919 67373 157992 50823 50908 101657 61901 29971 42114 49032 154037 62559 123936 119161 28798 63164 119593 83640 125422 188136 152689 150466 77753 70616 4477 63744 25374 197195 96897 78172 80115 55843 47058 121363 62210 57423 54401 15628 146826 197626 159630 110502 191649 123720 69028 150268 80014 121145 92229 13105 163197 80788 46127 139972 103901 140925 172445 89499 9758 165731 104666 161100 105786 178560 61393 6866 57669 70242 22380 69473 33598 111507 16300 141843 194824 3025 6212 40958 47673 185308 370 14041 119150 3501 165936 140373 148882 99876 149163 138137 90014 32399 46978 158335 150412 180117 34289 173053 116660 70469 189408 138794 151858 14378 33071 136757 197236 158521 25477 36055 100726 83131 142506 31712 106929 135942 70186 30231 95515 19113 100103 59033 8762 69812 86376 36186 175481 6286 151716 197418 154893 73543 102293 115844 148306 48753 161264 128393 86764 124778 48079 92979 3444 99457 143043 8945 59220 142372 175125 43555 3429 130428 81355 87226 2933 122969 78378 28328 95601 114838 155414 134861 23230 132875 60071 61599 105527 112664 47247 168165 94285 120309 122090 61934 63647 78355 160476 13593 52203 51426 71468 41611 147693 77212 137917 93952 78912 116536 86577 43372 154826 166190 37355 18725 42455 54877 151005 61703 38088 183953 8534 173108 194637 129677 132211 114008 196503 17800 179790 108208 59632 42530 64678 137536 81849 28491 44213 101595 120129 139745 140492 26625 103228 50471 58138 2861 61828 90057 128935 29433 133336 188409 46273 62611 127739 166997 87420 61224 193700 192475 40321 58876 136236 106665 157810 19507 100387 151521 147572 150710 86249 1945 171930 28704 89483 124044 115333 104658 161452 5518 131609 13523 150880 118355 48707 145267 179609 50103 172122 157173 115351 117574 48427 186671 49659 168894 174396 59953 77487 144330 198668 28152 115669 123525 160744 61185 149966 11373 185866 80092 133080 88012 37499 179365 186405 121767 195557 117621 183405 63572 41472 14486 106285 43549 147374 79900 134786 76300 73628 11873 162821 145015 47221 151448 15477 193078 127965 118038 36219 109248 125002 172311 112818 137386 45880 141759 16596 151845 104051 180086 48113 161057 146346 87139 121388 153490 87380 123894 57025 39498 163530 152875 49761 186206 163710 31025 104505 109084 77220 13584 66453 69928 112667 122624 92682 173662 174904 4391 91945 152640 154608 194830 154586 10403 57767 140445 91238 34270 175568 37444 192844 37694 23963 16059 116057 39357 81030 17266 50293 94413 130179 101566 5492 54112 24813 126563 9321 50747 192220 162962 13388 120992 41739 16215 140271 150753 177863 51814 83144 93031 44929 172010 61291 1084 125975 39688 127644 154880 35274 128571 48870 146872 148341 182163 153725 166082 189182 49782 10832 90139 160466 91934 53466 198407 89731 58048 29791 32154 15064 104187 27235 126149 119250 197721 117621 111901 138139 4983 61070 100459 66746 197714 100842 150525 178673 42179 126409 157767 156943 160975 155992 179887 18746 31486 33462 54778 28318 154651 124148 76241 30479 37638 165107 133917 64625 199500 130283 83030 93344 31148 15395 186783 110294 162406 198385 109911 68637 55321 153159 53874 172064 90612 115875 150992 148909 190447 43602 43450 156062 156397 93785 158397 110541 96708 8859 121196 10622 170966 136741 126259 109404 112314 16793 176337 86080 25638 139669 37413 8483 109481 139628 22659 90586 73575 57909 199510 126145 38272 153177 191840 137174 144762 90512 43609 171682 129657 101670 29843 155072 26417 2955 166077 180219 1222 105918 178446 3867 40394 65902 122025 151568 196599 115296 158316 97987 90071 53555 84647 58012 156802 37020 42594 39944 60470 56483 163080 152457 199771 87257 144972 61374 12470 105223 170025 2327 36150 70186 180947 57466 34660 170091 8735 47198 16266 149676 3608 40961 57939 66673 138601 134612 32010 170331 199589 151777 111334 145041 42025 36672 175885 13380 23180 10156 97770 138078 70453 121611 7220 35581 102924 73634 14843 47592 22349 160517 24824 114137 111420 44806 154449 129773 80760 36234 83966 76025 191385 41872 195226 19276 156733 108279 41889 48503 169559 176059 14884 49968 70958 63430 177734 188482 72931 139519 80731 183410 198277 118721 183265 72890 38677 10224 158262 9631 195164 11663 48499 18636 98552 72313 136830 137823 123579 67186 159982 163854 41114 81248 75962 70791 122818 27662 1552 8065 116402 66536 82055 184147 59763 10652 4705 123004 150577 120503 197786 194878 125378 91364 54022 140617 1237 85636 194407 116590 144743 128892 124453 104988 108352 79374 33757 7486 198646 24847 80009 33954 76514 154277 7864 94754 81536 84885 110043 170596 11456 198299 70824 150381 75647 33191 40318 46056 4712 171388 185369 44633 179803 124226 12208 22290 122680 134543 156511 98039 40993 134659 197392 28166 119752 81756 145358 105418 155076 151126 141218 82444 198738 88094 31189 114991 84149 32760 1132 91319 167611 84953 144178 125309 141604 60918 140562 173523 190928 1064 9414 11989 90192 99204 12588 86354 66435 193106 43336 80483 166981 130800 145034 127850 10379 74638 178549 23630 175971 80914 94049 153197 144972 139796 151634 87398 14649 105138 66173 86368 137388 67872 4321 97637 15947 133919 2633 150830 104107 84445 79456 117797 176729 164245 112025 158777 32380 45096 66140 48149 160830 106441 198218 78453 77729 148126 2555 24618 107171 117548 177883 36828 155607 125649 102276 26627 29926 170239 15156 36525 67672 159204 17229 16171 149892 40091 44493 167752 82076 126989 183799 110603 64859 11453 120982 171119 45074 64083 25548 137217 100952 49858 156227 116949 174975 61462 52483 119429 65857 63291 56770 62434 114120 10644 160116 188245 45668 82942 54444 182542 101804 94375 183978 160309 107579 61212 151358 17570 114561 48095 181926 1142 44433 6401 35551 99923 136242 96628 123014 65503 58328 129131 61870 110870 199163 155791 164747 157367 117935 85980 109352 147517 170120 167312 59634 12695 174113 168562 121302 4935 76284 73123 17719 108117 122597 89113 53877 58941 71219 142944 3232 125478 157533 146301 144887 20593 164887 66146 131926 182614 26949 48192 81840 7677 95109 15300 137769 91278 143911 158118 164006 64993 173485 9350 93589 14634 167249 185868 110590 150496 37974 81897 34802 55023 84311 30644 33577 194654 110423 155129 89944 18639 50935 72818 34939 13123 198052 109359 194621 3551 197980 9797 147348 126094 75486 188126 73776 65455 25649 185841 106175 153741 101977 151679 96314 24319 83874 112891 3526 28005 134723 189821 197726 189313 68830 99142 55338 170939 56652 179396 46027 147679 105322 182770 76727 132936 88897 37974 93600 90272 46696 135238 111809 185390 190547 112525 110099 87172 1943 13046 50076 169411 16264 49118 1032 35126 154157 164907 45008 156914 78610 107159 83024 85595 22014 47176 104231 96065 102989 40573 135006 124731 183499 27657 169096 148003 193000 101179 95655 10160 71344 153582 29000 157371 167717 78295 156787 68131 116852 151711 173769 140059 97953 142990 180816 153108 97247 103674 13510 65160 82143 146098 122592 72845 193366 65908 75103 172519 167600 23777 110025 66688 76003 96295 81999 32264 71386 173969 43821 96902 103306 83560 88288 85264 187494 111685 123871 6676 168843 67636 25708 87311 160114 69854 46312 178784 186473 155129 64328 4706 64030 199964 140101 158936 115685 62933 54700 6251 29453 74633 18413 128181 92795 85634 169893 125541 90853 34582 42612 49697 44287 52100 187842 133804 144994 146128 142570 187685 22498 146822 188072 14213 88126 10773 99183 109886 104540 129283 30578 62811 35797 119301 56019 52366 131421 105424 53922 138970 177730 197624 126667 9180 135247 95405 85405 174725 182794 190613 82726 58363 37938 184072 124131 199095 183946 24322 28207 184763 51395 13459 134209 40532 10276 148871 35520 150081 37924 984 195336 135774 54540 182552 106664 137594 20445 149148 114761 179730 106571 142676 189477 77319 69021 194609 165163 191561 8196 135412 178102 124773 118692 28626 190027 88890 18733 89199 38873 187780 112497 17888 117985 30033 50931 95110 138954 118956 28766 164799 149390 100192 148874 115567 81141 174740 37379 95143 133227 152164 149006 31434 147903 53102 75723 83867 43233 149604 27678 171657 149776 22326 46332 141917 167051 179859 72179 40666 144061 139672 136705 127857 144783 119160 78813 13930 149184 102778 56831 44945 117887 6610 139991 138739 171949 197886 6267 50556 136545 29480 135041 9549 165419 159969 4334 127233 61116 80686 134440 172453 184149 23895 166442 37409 117817 42061 31452 45423 32665 36086 44451 173603 60494 50954 80921 179624 68021 43566 28567 167170 112585 165082 10826 190001 68560 180147 191216 94211 28982 93800 48487 12042 65371 42054 6486 21533 18294 77348 175460 109695 20409 75226 74441 135465 143597 151437 72929 2757 12836 76306 122444 159591 120653 161764 123801 93299 136917 57395 70100 74625 96770 84419 71573 123246 143691 120045 138717 2822 60072 125881 45908 47606 20978 16585 29225 68355 179203 117383 109159 179374 182830 24590 166131 28698 91658 101934 37906 183981 75226 84006 106868 177968 55874 86536 138213 113961 168655 171239 180780 102116 127335 104088 105253 24350 100442 138961 45333 130998 146938 138711 180560 54896 100520 190991 114857 128362 180571 152228 43018 189248 199232 952 194494 107707 179562 33446 96352 132755 38898 58484 132122 65174 127940 24673 127217 44835 186234 48916 158607 112884 45186 97155 64978 141967 112052 57071 3439 13186 103367 76856 25152 25680 125981 63493 69118 117148 170203 172160 48195 92504 105950 132835 137572 46922 104447 58738 16541 64764 131184 62716 99152 75149 184479 58690 8265 198577 50920 183422 133637 196268 68342 5404 40958 163862 24817 142180 50730 84288 33997 73719 42111 94613 170189 131083 52631 78847 98369 21464 112192 176504 124274 180062 93089 150164 167774 150175 112147 64685 45843 56140 32858 181918 193234 121313 143831 134665 16854 164984 117240 133255 99710 178406 77877 27829 103330 176335 56994 62820 32889 192544 91677 71028 21276 27531 29004 179041 172916 27396 17661 57263 155725 39204 173452 126208 198123 112037 30814 52582 83542 73970 118579 48895 72918 61227 198814 136066 15695 165266 146553 71798 180361 27973 111126 121645 155369 135362 85586 182789 197797 164231 178457 44531 119506 183490 168536 147993 133434 188896 76826 82295 109039 18929 43515 125801 122238 96910 36960 187443 57682 163483 27312 22139 149339 198767 98151 104735 140527 131749 139974 83064 102356 126111 115174 116935 114511 25128 51338 111144 4710 90296 67976 194838 103216 70893 117317 48198 5619 188435 51629 77632 83422 10483 43328 13185 6629 142328 50713 42224 133596 36939 108009 100044 116186 56948 119080 133157 51218 167285 18041 182933 25071 49549 152138 128325 198708 151975 94878 21270 144008 61186 27586 105630 1553 135678 184847 80674 2986 167132 144224 21653 156675 38171 5445 65770 101384 184837 114947 13110 23023 170986 75880 85857 34372 155692 62477 108905 137272 171054 58022 122672 58661 111142 137695 19839 97048 17676 181895 31066 79475 86660 24719 68149 196274 188954 18596 198372 413 123404 82092 128090 119757 170976 199623 44807 143757 77719 115198 116899 20109 31736 155928 188365 58562 6924 113936 127102 51378 35255 2710 6619 50466 149462 130125 12358 58122 78784 152107 165851 135706 170678 74602 51582 146384 194023 112777 69182 45701 87909 164066 28084 517 132086 130643 44000 181043 43025 59273 179209 40050 15516 88684 188048 127191 83866 41146 104508 101051 32007 177829 116577 141569 194566 196889 135080 7974 51585 198700 184990 81366 25584 128506 96443 158609 171137 104039 101726 93828 36293 188994 190254 38355 62807 55163 24108 35679 131051 176974 163974 46022 130351 145557 127876 121403 159152 159076 35053 113461 176510 5782 26857 134963 89681 79327 187867 49863 10089 2907 152172 29457 153333 29862 169363 28316 42518 67202 24033 38379 79942 117649 186299 40254 73341 181346 26867 175493 55496 147654 157907 70824 127646 59846 37702 27484 94544 120849 40116 180729 106892 2976 142819 1175 164832 58077 12231 12753 154597 121107 162125 192120 23126 80696 104831 199995 142753 131714 131721 114186 122168 197526 48791 123239 127163 181836 39909 49985 197304 98407 25020 50136 176112 51829 116411 91915 57443 107021 104795 29408 84602 196102 71323 31479 27129 17425 55850 15986 102431 103011 138133 77924 33627 160603 97171 59070 115525 31874 157575 43271 171380 108755 89127 38947 68073 24005 115202 17114 18036 46012 14767 160045 167235 1721 112157 88159 93917 29225 1635 142032 41245 164509 141863 164210 142744 69587 180891 169847 151105 3572 91362 154619 138001 190989 33987 133478 149215 184326 66773 149774 134877 92234 8689 171414 50957 19641 103348 17193 18468 115818 67069 120741 30489 39948 68571 129722 169669 130840 182642 62819 132114 183894 38760 55974 186103 93509 198732 85538 143087 175503 84526 58318 92648 63775 177666 133196 140229 114368 69305 48963 71175 43480 191209 91966 114426 139171 160904 150635 54742 49232 144720 10168 174503 100705 20521 166974 41086 143580 110199 73366 17127 6284 152302 191982 76125 143340 106230 187924 55749 91201 35028 199131 132376 80285 85621 32907 23301 168118 98003 52904 158528 163031 143177 19587 42807 156281 194543 169758 94261 115211 85832 15879 37279 62006 123127 97021 56546 7052 153932 26986 105223 156028 160713 150511 69074 158252 144576 50512 179193 121746 190789 132330 153830 44018 135882 56083 156990 116126 194092 50258 9639 129794 95529 24006 161749 133094 19825 147599 141314 113714 105531 186996 52735 199353 4583 106229 1959 160549 195650 189118 27347 87042 54737 79914 163040 101594 3876 109317 67143 64574 67929 98435 53826 197224 126833 113228 7002 167531 105575 4260 160434 23373 135153 48198 183153 97556 21761 176624 151971 194726 189443 160503 6284 144862 191831 48813 58422 15984 54593 127231 161330 153420 28587 167088 17672 74587 165394 101713 159716 63207 97806 178323 117762 195725 82177 5590 81362 48151 198902 80183 21336 137180 167757 38406 94715 53014 85770 112300 45644 91362 193477 197919 141121 3779 42340 83526 73482 16348 66447 198242 102542 131465 78036 27947 89757 55924 159130 58173 37792 184053 28012 14791 93012 74876 16555 79839 58025 191243 60343 114709 94615 40490 30606 117895 40645 37632 92933 124401 164533 23783 176815 100407 112604 37506 108102 9911 25180 12738 34516 20665 146778 4828 11143 9298 62785 166826 19685 88798 181236 158712 157579 133230 101684 51411 197633 54782 20340 165743 139015 192257 122717 159983 155916 27445 34309 1618 8382 84505 30099 197555 55939 178981 8842 1618 167271 162318 198712 45087 128226 131113 175651 197250 163816 186670 75552 50138 71699 45951 97866 169283 44017 142971 135904 70111 93966 149464 128736 53140 137197 120657 93163 113958 55500 51742 164688 198854 49546 160953 128103 131009 195739 39560 88320 106113 123660 116491 145151 122525 8334 88242 136043 24586 152138 159969 69709 77138 110966 57152 126684 128316 180677 168455 64567 69304 174261 70930 22931 190537 61750 187646 164718 10788 125646 134968 143599 72638 181574 113604 82888 132295 70164 199600 173083 75048 182814 63383 128624 114665 46288 120421 80217 80451 171950 72674 99343 10021 110288 73958 134789 127063 73040 129453 129258 140532 88118 157218 60608 8471 133611 190108 108741 74187 102917 8549 65345 108191 91772 143614 43710 9038 30338 40360 28236 92876 144931 26284 174659 148625 89305 14718 16975 172652 119058 122859 186110 189415 20427 96238 42404 147215 27811 182427 106850 198496 152179 88543 87110 38450 180384 56008 194541 33973 136719 166099 76022 192740 120381 2842 130530 118908 199290 16992 193336 87915 68802 98900 49315 164258 33344 15013 171630 105633 41356 184670 90765 12853 16220 62976 114207 80737 170392 173203 179357 127361 19345 14050 92357 136301 179407 154548 194747 12495 83327 27780 153834 142563 7000 28886 20802 181537 92354 109954 104250 186954 169841 110632 39562 78893 47881 141007 160107 74262 72438 149082 16314 126364 181977 4429 160792 77860 132766 110141 67731 51230 79550 135889 181543 24256 69276 23988 31340 26306 77493 14493 48743 119852 197133 39649 42797 98752 82245 127673 22516 13984 85085 47297 199409 172102 165660 76952 37239 159622 136375 174425 172797 111017 59678 81441 68782 199370 130308 141648 109052 71570 83690 130845 117169 44237 194174 117472 33400 14292 112760 180241 70222 191183 141157 181717 190740 162016 92775 103086 194658 108693 49184 129626 120333 30700 90052 143448 174061 114313 106098 158820 173886 146475 152265 16043 99303 76379 8929 134992 186600 93961 127025 110425 5465 107336 160187 14221 146839 33036 148345 52257 70955 54808 52324 134491 180475 165612 54355 126973 186250 11433 90753 185355 79180 158023 84983 153858 37155 50726 76943 43089 64445 84796 91158 194725 93824 124668 110817 107783 197130 35797 149315 74189 81596 71061 119589 165627 199032 48074 195126 106957 134204 140541 97059 110426 158256 114084 36509 182757 131917 9715 107860 80328 35663 142028 182703 26494 40693 34369 28769 1318 102447 181679 190650 21976 40305 166578 27555 20756 44999 42180 37061 78856 43782 64137 176061 148444 44935 92398 177845 128174 80965 127878 99648 192063 106624 149670 133418 55659 70336 25988 191683 171731 3119 56880 83727 97511 94147 191922 69902 65800 140152 180111 72233 815 155266 41998 132419 31098 194685 11809 14856 184619 15077 16912 89902 132330 149918 70826 70245 65280 127581 100517 39010 48882 153931 85417 110513 30533 53986 137228 2624 117098 10167 91718 28639 50500 104405 103955 191084 44717 6349 97940 4169 144942 31663 4677 55282 174668 107658 179100 13338 175851 161031 37686 37198 31450 43983 193277 161090 19326 94606 151854 198807 43769 58327 147960 199223 198903 17596 145557 194243 142229 11990 17454 183191 116086 123428 68926 186184 55191 115265 23341 42409 144982 198271 154755 86314 122236 192995 55044 54099 44776 59878 110062 137402 81435 153464 122859 124434 154557 8160 97741 175542 135452 70774 87863 18930 47345 182753 67397 185545 85348 163816 184155 100506 4070 126861 46303 164624 35183 8552 194347 198946 163978 137966 56884 55673 103602 75952 131614 190846 145583 25011 149825 123585 123272 134174 180938 31034 44052 115187 92083 178656 81586 50511 141771 63607 168305 176224 138080 106072 155759 60420 126186 142072 73774 134136 63003 166288 96688 112267 20567 65464 55602 25129 193750 95350 156915 55922 168477 40238 10185 184006 84016 121689 35127 37501 9925 69157 142542 173492 148331 22194 57856 143453 54601 92746 81786 121244 15527 35709 124386 178967 15469 27108 90577 17859 15016 51465 193709 60911 122267 2749 78747 120727 82267 182138 55403 58023 14878 144109 29622 126710 138723 42825 168858 106579 59517 19528 142925 125596 52110 83811 191029 185374 34996 65757 182685 48032 113121 176266 90262 10612 33216 193746 55252 4632 82629 45324 54765 154728 46672 144042 15294 106291 126275 171312 18638 102201 53708 92330 162732 75756 100061 45039 40335 101017 86830 40911 99436 50369 179279 170377 178499 191017 101693 110554 144494 15122 103999 70794 70792 16415 22079 75031 42951 47357 186983 132234 178191 55380 166831 67470 921 125983 174521 4867 172201 156329 72375 117111 153679 107030 112371 37793 113578 22065 170370 81925 133956 152525 29002 77361 72036 36930 184824 98454 189874 67362 107610 54350 197590 89642 77056 91763 197258 83170 185082 68144 141791 25228 32452 58374 8078 97319 177571 103865 43689 134109 130497 29630 138471 158682 104404 45677 128514 91747 177396 189701 22847 190036 51834 112199 124343 101434 63941 155077 118812 13169 172647 113464 81683 98402 68054 61117 31257 187303 92963 169922 54579 6183 4223 137042 137751 156392 89526 20048 56429 64298 152311 145806 188757 11491 88580 93799 13227 112469 38393 137995 185700 139705 42981 139688 73019 179672 86590 162215 49263 60454 137134 88463 146505 88336 182235 57672 128878 81163 135649 1099 8797 93538 135232 18660 67187 800 38470 163107 146493 6796 31930 65773 2329 115159 115860 80711 164777 191017 111589 184458 33555 144071 88957 76387 39940 93592 51169 134690 136124 129965 9744 158877 75263 65875 44912 48879 158248 93160 125293 51228 124937 152864 183273 50032 39747 149270 182908 31438 137093 124855 61631 34034 50312 46492 5742 96641 75945 50816 131841 27205 85991 15403 42884 78712 151930 164952 187917 79590 149822 25007 91443 79999 119257 183476 140653 199740 129238 97607 25677 112538 65265 119132 16048 121231 79788 60241 108083 82362 6668 137789 89594 45454 89944 105918 11963 161036 128690 36571 157611 141114 93277 79745 95802 113636 56977 120228 174814 24689 72123 81437 115949 65191 158569 54921 9770 85493 76382 9706 145913 166084 9935 162180 90984 167741 55157 148977 176982 186955 62988 107916 80994 160771 85096 160620 13414 114416 63893 14718 151689 192506 67518 24572 71045 26863 180581 18531 72179 52662 87964 99965 94620 111871 141472 78400 33137 161216 1191 7948 1907 144742 30560 26411 120139 168206 113651 65414 104107 171272 149058 77064 140143 184457 179225 54223 110456 88477 78895 55954 171480 45361 38605 13236 64396 47369 172271 109741 82902 165707 2164 65730 15650 122167 188984 94519 87787 73213 113590 167940 190334 117768 122016 150175 79480 143755 23627 60417 146865 120874 192830 143321 47285 17027 87300 4232 79287 6990 76346 145535 185244 173479 140546 195333 165767 71522 136381 109729 163932 151459 87974 35683 156550 7297 187655 42194 149733 73589 129198 172964 50284 175557 45155 796 193722 17602 193212 155335 136702 188043 171619 92290 76790 98110 96504 61417 28548 124032 33184 126807 156724 69664 109498 150981 24209 172407 3158 43295 59947 45354 38984 114867 34510 34109 128001 83821 17121 1862 74289 64858 136746 93306 199743 2432 182023 190871 102051 148278 82791 191780 115298 112420 44263 198521 160442 123517 18132 1527 95473 160199 91075 148171 119948 563 120425 9900 102269 66925 83566 190579 157239 41979 174923 15397 174628 81802 130690 54615 163308 383 18438 27707 52172 58583 105537 130674 135651 177708 175884 127263 63588 93971 743 198053 168569 49543 192087 84058 122639 54035 24483 17075 173808 11838 69148 15167 143167 26701 62104 105322 149241 85206 66673 71408 16945 159115 116992 35073 48281 178949 131828 173088 81368 191846 4996 97112 138654 89570 20651 65867 15085 125460 110382 136755 33600 38434 172358 6246 153196 59358 58793 41976 137095 195278 21351 172803 196118 104195 31813 110588 104302 131661 15936 109493 175487 32687 197466 152711 95188 44243 124327 27759 167307 85103 14901 100839 98287 148681 147433 92994 113826 171394 178061 7494 136424 26199 96806 41723 51555 44340 41690 112001 141838 191743 14287 96191 41704 129010 70034 198251 144462 44048 114925 168486 35850 115411 112532 19391 100708 148236 78938 74511 146893 152811 155393 51022 10317 197280 185049 58751 20367 198656 101050 158718 50391 101834 96230 100241 142552 80508 84863 111062 53070 9369 5619 125454 19112 31332 180198 180070 88094 112232 60982 135887 40362 194819 86476 49552 26255 110998 39537 65761 121652 3678 63189 51297 49003 195942 196632 181406 80740 73752 90129 27496 198959 38607 129046 118426 178228 91423 111530 129686 111874 68359 47394 66106 182046 63448 186702 138571 28695 53702 99044 41691 7238 98495 182511 28601 88795 75791 68847 54953 21188 3076 46216 28649 138253 180782 70130 159137 133815 190058 79200 169331 62844 83664 144708 109816 101767 109303 26905 171782 88505 84092 84625 170155 62285 8821 59637 196853 140257 77397 185074 48692 191392 156997 135767 178021 13815 149128 151086 138065 149148 131150 140899 75008 71855 40321 42876 150154 172929 143391 84845 24831 25372 60905 26277 40331 102781 176455 172887 189954 192276 72493 76492 147872 119003 183390 94247 139866 58056 189572 1905 190875 51964 183469 196737 173994 163606 75900 109286 100154 117700 63049 135101 12501 113090 177175 49547 169437 19121 55600 58045 190421 26280 67902 189569 154196 158988 104977 192116 105137 130369 182243 18658 65767 76467 7533 78914 135180 182381 127988 59421 4425 90436 16802 199509 154060 120830 55371 150638 114585 59967 96139 113503 188493 132479 136627 180006 147829 42641 31339 155696 133858 113309 127379 143138 14454 81894 122038 134476 159007 199894 58508 24928 105710 160179 26961 132537 68292 66057 11055 95373 39321 83123 190555 173877 38152 168695 108807 71527 114294 113631 33002 85612 115324 3813 54581 155438 47814 25571 134845 87386 166448 60530 179852 87930 11555 181777 42188 85461 148790 32646 96680 86286 129782 117547 30711 148638 168060 22654 132851 35888 94339 20620 41242 185402 112930 193718 12663 152874 12811 192532 118067 149763 169392 24948 73058 53935 167984 141995 114346 65965 161422 5419 17001 189751 88555 110607 13300 23579 19271 164920 15521 68421 157733 90485 195744 92618 51016 20815 61540 31815 180054 60185 14629 42665 69067 54472 35851 124348 99930 192842 132516 60597 117600 155378 177695 24788 104042 61523 49654 167763 82632 82735 71694 5792 18946 156973 178300 48356 96868 146611 80927 184746 68046 8792 116632 198926 5860 171236 176765 23406 151077 25769 164012 16004 70320 153753 106009 66394 179859 182362 46973 93842 89709 27614 144967 5028 20695 146391 90998 96364 4358 164617 176692 86338 93457 109947 20383 41665 90712 91864 175830 91331 20649 64400 1743 25287 5522 120977 73372 71868 113011 88603 179159 49614 139235 157748 74443 180144 105971 57568 52663 100597 89033 102309 20926 16233 118966 112511 68059 5199 87699 88602 65039 79145 102911 168867 112038 132308 169818 75272 194805 82116 94376 167944 155580 155110 131716 27811 16139 78433 26854 177698 146313 40589 176391 33125 169282 101062 102937 5623 77364 166503 158128 195699 50251 7730 191804 123533 61849 313 146176 91690 136165 158897 185984 148453 196554 63931 122322 52528 36488 185206 445 90215 67227 12848 85009 136643 71326 168058 177787 172755 93135 76154 144149 58759 188443 119901 103960 88844 128205 58508 66294 135400 169985 171850 146361 55817 137863 42899 197615 50545 93932 64890 138236 57565 66620 19714 48423 15406 175212 142717 94875 74129 84310 154806 34615 103750 122323 93834 128090 35165 96960 20112 181538 127600 105150 147792 155326 80183 179856 123709 4015 134421 176526 60509 166832 7381 37353 78201 39893 44989 149666 108862 143631 185851 108636 23651 76924 194445 15766 83711 179043 195604 189237 125833 174216 121668 28257 100418 119451 132631 125412 27903 36602 83188 77185 74165 22029 58662 132122 98953 51304 7682 51547 53343 187072 140238 100044 80701 41649 1202 112276 111255 109925 106515 30750 177337 91789 40909 18591 39701 142222 190381 153686 130286 151049 184189 15652 42799 110392 111342 57913 194322 99294 16814 43822 135038 163966 150544 62539 130114 17598 138434 122652 112503 144320 132226 190852 37567 79567 47006 69024 120826 151728 199269 45716 104473 144420 155711 173579 171839 121189 61458 6383 48906 168017 50309 149644 176341 181381 163777 155317 120287 187868 42771 112496 143337 171937 198281 107929 115048 166719 134159 38832 156236 49495 47978 85826 128712 13331 60899 83127 112338 79707 153597 62921 106766 152590 171261 143777 136086 173324 105644 19899 58155 173727 62916 170557 97898 42994 156969 92410 138072 64937 141100 117848 49578 146465 75411 124736 35268 122676 19688 104205 26239 111482 149963 81655 69333 122923 173771 177840 186325 163232 74231 15302 157918 77035 25461 43320 18892 66670 131181 72767 146461 66727 30339 136895 77649 149191 166036 104970 175817 55209 51693 108857 75224 45189 164603 115442 84837 140684 81260 15234 189961 20115 173177 157386 98170 105919 115475 47139 85160 54105 181450 81589 108719 161023 49059 142563 176830 197700 141143 77548 88158 69390 168335 59163 119443 177720 41685 54029 187024 157567 83658 156386 176061 192538 87328 85764 127704 24515 40259 19201 26854 100248 65011 113472 127742 155254 146806 122403 109461 107657 177955 159544 140225 51971 141628 109740 123035 20756 133392 137913 191495 71741 896 33041 21145 24830 173313 162392 187352 193066 63622 650 15547 119005 62687 182698 45066 45536 9012 114153 86730 55506 108997 82035 169636 94800 94554 116882 126194 165478 7719 91211 195984 38622 85007 54908 84746 161085 38426 46641 69335 38626 114319 65272 72166 27376 21334 17619 35459 147825 176200 188101 23136 20118 71350 33750 111649 20686 80378 92760 109595 195020 35435 86398 81905 12575 143414 48073 175322 192665 168543 125726 141806 708 158495 44427 27312 98112 151210 55746 27155 71451 160010 41234 171532 35637 109444 116230 176664 184652 5999 102281 132665 97639 66820 42318 113898 44246 84872 54090 82612 118148 140439 108793 158660 119999 86906 45790 98666 12526 26390 69995 87583 195560 58445 176475 114372 114277 189750 7124 63171 123531 63774 20558 103496 58078 195353 179829 53202 64479 183656 44655 25881 40558 167373 96269 103129 55877 11619 137940 11459 10739 156558 80383 47367 187424 195220 7145 170750 31381 150484 44683 186538 82085 123524 84257 169583 187706 108501 175627 193117 98772 86537 50341 147674 168390 103466 161287 97299 117529 56139 177426 148116 36741 54078 138666 84695 53714 148420 50850 108189 67461 4741 177047 33886 107526 157760 195678 59341 131745 17069 153008 135986 141852 93772 75345 22627 168641 152987 11222 193070 13619 48995 137014 196701 159369 818 76157 162385 42973 182074 20121 121457 144441 178501 66133 125951 5720 36275 82599 51197 91157 58643 148363 149322 157030 167425 113264 109860 163319 141900 109538 103016 152999 86672 144011 192764 34801 193518 86384 15750 119515 124463 139647 68482 150576 129753 136499 169654 168566 120169 41197 102634 181207 7539 110680 2066 176068 42768 190092 179832 115290 55116 148204 194444 80855 23607 125367 57610 145267 88869 36362 16560 38259 115640 168995 135063 21503 151237 117760 74619 102688 7956 103160 163206 47208 165906 92369 109404 33643 171373 16468 52025 85827 128966 134260 130510 46326 167619 168999 31902 47861 118216 196722 53706 159244 104343 182641 96823 3960 149839 41901 191700 91988 133545 38215 68310 125193 174345 145238 56590 146551 51603 187730 23468 133200 84535 164955 5291 97317 47369 68319 36280 186600 47751 20267 198953 140216 58047 52191 39186 44376 80405 107340 178096 84388 95818 86939 72330 81193 57505 139184 188462 102162 35442 104055 100376 168119 97474 98533 65980 59108 194777 30543 69770 10676 97114 119157 44246 48153 132109 76677 7543 12253 187091 131814 94238 22986 129984 165732 51674 178400 167647 125254 190307 136567 103828 119744 72236 167398 32669 45462 127438 57820 40724 96989 40300 112390 153370 199916 24620 88341 84327 169554 170970 188750 101060 49822 134987 84006 45424 169242 182639 55137 140642 56486 64453 181257 126789 76891 28998 103878 139060 889 146614 20567 53484 170322 186526 113035 63839 161749 10757 139708 123064 143807 110307 102272 60926 141125 101529 187687 172874 134881 154894 34492 102225 26639 21078 157005 43371 156657 86858 152587 143956 141786 54620 173338 29071 150015 116028 22326 39099 16155 196886 89193 167313 2902 93699 46861 17679 66360 53912 156182 147621 162212 74526 63340 132972 56280 22564 13984 154888 20895 57872 27495 63518 143983 51278 80905 130114 103043 72983 145047 87947 15363 157087 170237 46092 84974 158811 9848 51234 18184 138476 37249 79906 8132 1056 121386 55829 143171 26190 122934 163164 169724 62627 102999 119130 86137 154070 159616 193663 23909 52041 62962 115199 23738 63609 64420 136759 185443 52492 113351 22744 175608 104899 73189 25510 47985 45032 61646 170608 64845 180003 8289 8042 115611 85857 90265 162622 171771 74366 5914 189218 62213 24516 172624 41796 110228 133735 147845 51687 20199 108945 54368 39392 189105 177622 109563 189542 87333 36424 40725 180116 158191 51918 54765 175749 169219 113538 63663 122348 182137 62237 176207 130545 116066 34297 194677 89060 32425 121231 126044 33724 99248 60510 13070 191955 181219 19888 150709 28690 108613 171974 64065 83357 192147 39518 15710 15455 53067 115065 50793 184697 54063 47989 26285 179063 70053 143842 34864 682 86564 15913 51662 38129 99784 86968 23975 184850 198761 4971 165144 29719 109631 62628 191182 172596 96702 161821 140168 169492 151350 86340 174432 199031 123426 4587 106686 95431 88640 163344 39602 60451 157389 134082 102106 156630 171955 93995 35716 165620 108613 184005 26595 82917 56239 156134 131442 138045 54835 61176 75545 35825 8858 60564 198169 184671 9066 87299 27258 93363 75911 73802 50221 168321 95380 161118 4288 123040 136382 75465 37976 130681 162845 99112 188024 127798 174788 54144 168800 181407 61538 144057 29137 139323 166373 193697 107628 93416 82471 175583 35936 97380 11832 168849 185843 126732 30868 149332 59787 178824 160373 20387 170618 25601 94986 80462 114237 163637 131 22618 34960 68350 126189 151153 197779 184380 183741 124593 181680 154471 15865 172839 175003 126657 5283 197083 62468 187121 194469 10964 21350 83119 120167 66285 41022 62868 83783 161181 89840 6608 166638 153994 133971 186080 175214 67228 61637 178490 15085 145435 74912 90226 142966 130386 101583 43424 100211 101214 39132 49854 171878 158614 17827 168672 74997 123205 84440 161793 152780 68498 139964 67185 162217 18326 71885 74700 61349 60596 184382 50818 143335 124194 167291 87773 20014 178206 98604 106104 102015 128037 113731 56106 158930 169434 112660 177089 183715 171510 3022 70403 139977 4412 146065 99459 141453 5137 46411 19499 67371 102537 67307 71924 174961 171110 159144 74267 120775 182471 137980 88315 63829 21422 145152 26309 16340 192002 139884 83659 57720 5266 161150 77889 180079 127334 157598 192702 195981 128699 68632 110775 161486 123878 83091 192335 53385 76593 196891 198389 100126 82652 71323 164465 4741 158671 92588 154464 41077 5239 100105 169146 151018 112828 142348 146335 183280 58041 162353 38347 14824 8094 126273 41590 140688 152609 72346 33829 33924 165352 131668 117074 82835 34208 103226 137566 2370 182202 123031 36656 58728 36794 52870 95052 72608 138558 27022 77175 73523 178030 7279 143711 127877 49755 58658 131434 161629 92787 160114 93764 49673 87644 7166 173207 189983 87012 170674 57520 137543 76921 42005 197119 191632 35208 97878 187266 26191 198881 39613 137233 9704 171141 83603 137342 88468 41256 136225 110580 49176 100250 186281 18232 58310 60883 110210 132295 72052 75215 62059 58902 171604 56564 93640 91998 138213 24131 148352 28737 23056 85137 12155 23596 199938 106155 198055 96645 183252 173948 33677 23692 184272 133809 51740 193897 113114 95686 80222 116496 77584 124494 197967 22291 7129 62136 233 114808 62466 173006 141140 100624 64610 80258 188182 172115 4134 100300 38406 92310 180926 186931 147278 98455 147315 178105 100364 165761 43514 133306 136134 28928 150500 55559 39540 95477 79310 57376 90157 197409 199125 133275 135981 59131 43174 93234 54801 156223 170026 185814 81645 48663 142391 199821 4548 108014 62834 195704 115433 170468 33211 6211 75806 160084 126273 107951 10242 36375 75070 35251 56949 53614 41284 126032 21485 11868 72090 184269 158066 57472 193364 114895 86501 142892 186914 187077 8082 112911 4614 125342 198891 153123 74515 99035 177449 82888 100597 184964 171765 136757 120081 43773 152148 132526 179205 192097 165277 10616 1440 192028 38501 20720 150396 57336 84369 118690 177538 106901 28502 7427 19396 1122 73807 198591 179467 148310 60473 62827 50611 197454 21437 21790 27584 163214 44916 2484 49460 61293 196086 24058 96423 101426 186838 187827 108815 44365 47077 196867 175230 163980 151315 91056 95821 197112 95366 152676 179486 58399 115696 57804 2573 185767 114884 8371 108615 131753 184623 132696 16976 189224 177665 64061 73980 186284 124341 38751 99818 64661 193579 133928 181609 110118 107374 103893 92402 839 193954 198745 112583 194798 186474 103650 77130 197297 133842 148027 146668 174263 62716 198396 6701 33047 141488 170276 133552 175578 99302 77042 122461 23158 100532 106460 197419 166422 151770 18317 117414 22043 3461 58210 29735 198079 161645 62984 145458 173206 137494 157903 182831 65937 79102 191888 19306 85691 152216 52050 175997 77741 122520 66043 153088 190747 150435 179471 114099 169565 136304 177907 53438 133787 122107 158216 9154 172839 54340 13473 15846 130417 174169 90068 90093 14108 183968 172924 23876 179787 54605 138307 19499 157050 35181 80683 110951 194849 54540 12440 178244 78203 3628 168158 37518 94160 44842 83422 39269 113414 6510 43218 77894 47969 68560 101310 13249 9926 147922 13896 102295 147238 173107 503 16133 101996 28449 11966 39140 146939 198555 62164 10956 97777 105352 6051 87711 186712 88654 10312 49623 19309 161094 142388 100935 7862 105989 22452 59330 87335 160529 12610 20879 198320 160222 82686 146304 160884 79870 177773 39118 14383 199579 194221 33482 60370 18080 36868 161383 159621 90667 81283 164474 7755 191681 129659 182780 3395 56352 153181 44343 38718 10236 166586 120875 83818 154099 42605 9579 52414 19864 184621 106315 67056 57964 125467 167111 140454 55585 113687 100680 5588 22658 89758 17208 120328 125993 179501 2910 24999 196304 175364 27657 198665 133286 179612 6718 105026 84977 138605 21265 86768 199007 169715 195672 57918 105754 199801 88252 23598 50371 141870 72622 149606 156908 33746 2966 20245 15099 111887 62588 140699 139771 118601 141987 52207 175799 32493 26830 46114 143748 101669 67860 27458 133748 102772 84027 140989 81861 69632 107491 39042 133141 50889 103349 75163 57396 158830 159112 160921 133439 115532 190799 72328 189240 177576 69029 186367 49661 185461 120885 64756 39498 144087 175375 116595 117635 126648 154917 123109 90870 185326 28803 50001 185108 7059 17563 165078 197133 46289 188713 133691 64035 117988 162379 185681 147276 76055 79905 75325 192995 175995 56675 156963 53388 152282 102833 181604 176037 141435 172317 140600 3474 142357 39155 28002 115081 54261 126150 106381 191652 61073 74638 172315 42812 110057 62603 42739 16844 162808 152451 90573 30753 62042 191591 128869 98731 131316 13395 12893 105821 106079 114509 106928 17223 84447 167479 179590 101065 171911 80078 77811 106006 35327 93050 108099 183124 185293 121983 168722 150000 64552 102586 152862 149403 87528 174271 27755 48651 49618 55539 141324 183861 35390 6574 161150 148026 157363 51942 96279 140335 68775 112851 109021 50910 172373 9726 86147 78642 162918 123455 43002 163332 161169 159431 184609 37971 150682 198494 183687 163904 95772 67505 16752 95174 178362 73804 179038 126455 32867 179387 118338 191035 35530 63429 144976 100833 10314 38669 64935 10229 121122 162479 104952 23212 179258 57589 144881 105507 32952 124719 127457 107626 119367 37585 148143 70513 90920 11664 151001 3528 35617 92153 189435 162087 51241 180377 21288 67243 129670 175196 108640 156771 89668 77167 153073 30558 45552 51375 166637 137793 24871 95256 40612 156597 64647 63718 37267 157077 99821 109335 86153 185209 116861 162665 178060 118247 31974 112366 110212 154348 60507 22547 92069 170515 13176 23552 27920 110693 128743 56098 42585 101930 165940 131818 26304 24504 27825 146581 96953 162026 179968 182949 136192 54888 142976 193900 129356 103961 150832 24786 77868 25220 179632 45134 192501 95027 62584 21022 169271 59469 15856 58266 16909 65690 140922 143006 60264 194399 127796 141072 170779 168003 79158 90405 126824 50245 168369 183999 133921 127001 107704 27825 180886 1302 144992 104097 195821 40716 168126 20228 83859 164542 134885 74157 189914 130036 115711 137059 57735 41569 28840 15591 32174 154964 10095 129165 21702 31804 77596 45893 116812 9197 117570 143208 50842 84077 58996 57433 106531 73623 23762 98737 53381 55274 67227 152094 72943 96881 108292 59712 20147 189064 138561 67700 20034 8974 18119 146731 9496 100308 42624 81880 172598 179715 163571 108321 156810 71618 33648 150885 171624 23341 151663 46438 108489 112994 87366 90676 64164 5827 11759 10156 175867 101450 176709 198311 149045 13540 182207 22038 145732 27771 117826 161296 87918 49476 88821 169595 133395 74850 50156 195669 122965 138540 193067 115048 74375 185135 102345 3115 122685 48156 171446 148441 127596 144501 85363 124904 25365 165789 75481 67723 94799 47112 7670 71104 31346 88066 48012 133431 181531 65425 79421 59441 146864 30929 158966 180695 87289 83290 191726 41653 188424 196113 134736 119243 159221 118259 61286 180086 75850 156945 136472 37609 156975 44481 138515 96742 172713 147519 3464 139132 37553 152346 188500 45139 50963 17139 104134 187173 112680 111255 29196 82406 39469 84448 141924 150293 90201 172827 110256 123320 121353 56325 21828 55355 184342 155421 42380 182574 79973 191165 17953 15929 152370 11334 123425 149236 36038 133215 3274 141090 21414 14424 64787 156106 33586 50075 36895 6655 40583 121653 15504 178558 105202 102557 86236 42705 94471 69560 191779 88409 168088 16698 9005 106611 72254 191657 169255 139641 8007 106841 123644 28124 142550 121405 46841 163191 136063 11663 29281 192015 111541 106667 190324 77904 136722 72913 147688 10287 121451 62153 170888 176959 123306 17968 84007 36577 184214 174852 17950 175821 189728 141964 188261 101067 41704 79339 193423 188930 198239 190433 6489 50994 146961 115394 122898 190773 138221 29965 126608 44141 97431 91412 64725 127736 174099 197747 41710 192990 109984 184952 27175 50019 187491 21862 30222 71239 6603 63195 99053 116807 35682 127375 152337 52562 191613 3109 198466 112884 132351 71452 121446 93090 30230 132658 48762 197799 142660 191281 14569 112951 188139 135450 58735 152815 28924 127720 6265 184682 6516 100330 126835 17729 17192 107838 71032 169115 68489 101834 104363 122309 111274 82601 87361 3640 168912 146823 142129 51638 195596 54149 3180 32848 57509 82821 137682 79994 38869 96313 128935 142968 13517 128723 103074 99957 132115 180403 6182 155416 73414 1716 190955 31462 120171 4673 87951 194096 166532 188467 28094 147245 106711 115636 152092 125029 86439 43335 193844 125069 162392 33472 83122 150702 576 187984 186952 176048 1079 191111 3176 45155 17499 159637 113243 82358 164534 122994 169876 126705 4375 152675 36019 110102 145289 50516 96782 176646 30478 146221 101093 134379 95566 55246 30470 177566 32539 156013 97296 179912 161870 184332 44622 13839 133177 36537 66189 179588 7431 8824 104961 161702 189593 198713 165667 129487 22902 42399 15254 141547 35669 1671 178193 27232 137871 65921 143179 105173 43394 19095 143811 90098 125129 29304 112352 171612 32832 66740 154405 169796 39298 2898 69951 127653 68328 19441 2562 190548 115023 37176 164925 192943 63643 78498 150737 64440 111292 162277 62568 143635 55839 188634 3861 196972 171451 7620 71993 75535 155991 80267 103777 19805 178794 174627 161960 146956 181516 181823 151051 168222 66382 63561 17875 142220 123049 197271 100188 103128 147245 161255 165973 83471 40681 107407 90178 176402 161395 134567 116435 59654 185487 182342 82010 21140 159157 102308 111425 84418 65075 142137 148306 7017 106473 162611 26334 191589 65720 124651 13351 56905 46196 118873 104402 48740 141421 11231 63355 60970 141785 197477 86398 101780 21733 140079 71221 134578 184163 104834 76961 160865 143956 2431 12224 180575 48410 123763 90019 191216 6324 16887 185470 38502 112669 31014 112239 47158 20502 130045 120927 84936 20716 53644 190243 8157 7962 140544 21200 4333 76850 168084 195717 62887 146286 27968 150560 171378 82635 78545 174564 177993 6598 170768 188017 67234 181810 64964 71924 6814 193433 171812 139021 178203 140016 79161 111180 76379 49939 156923 139541 59473 58866 13875 115001 110049 131056 135996 128925 116375 185940 108633 50604 190579 178453 127874 190084 48547 63821 11144 114161 165005 66137 110252 62791 102558 126316 178651 121896 106674 54567 189550 13403 185400 39383 11329 88983 176266 58604 82970 23031 171476 171582 80609 141814 162916 16279 23966 79981 40220 35263 83905 180927 116614 113233 116951 50017 118391 157727 30017 137560 1208 163872 26176 109718 175625 87381 184597 61003 124585 153298 121179 123875 11877 122435 1217 77259 4230 55859 61103 41173 76306 123662 104860 40188 194443 150778 118075 29889 77492 87280 78835 65097 25110 53671 167078 41477 172316 130816 186179 39647 161948 129385 121663 113137 154965 128398 128250 1907 83259 124266 155764 124623 193539 1016 110473 176450 191198 32402 95656 117735 44781 45834 60312 126244 153550 76743 21197 29850 61161 115950 160911 64664 121018 136444 20418 152726 139339 22934 162105 131134 105630 74782 13910 163088 55343 111308 16346 49196 166979 94360 120241 93457 69430 142511 93307 14257 62972 38549 135215 113771 51231 146541 40028 71000 37625 63137 120618 143511 178102 191776 174530 157310 184417 171536 127630 116978 175432 44519 89726 51248 174598 113133 41825 102832 17717 13114 135638 21024 20306 138259 100966 151817 124982 109898 75645 54332 72975 148869 87012 86603 82903 9149 104442 154567 196591 111903 195227 95320 94791 189318 153731 140830 16809 5681 82771 104047 106079 31048 186668 73164 52818 165 86786 172679 168469 60215 76975 75443 151573 145074 106673 180764 100468 91923 81376 168301 70606 42485 143561 177525 64913 94988 196731 133177 77533 140034 127306 24134 14984 22502 75582 62318 350 16891 151175 25130 47464 161650 58422 7168 2415 88330 42889 15999 21724 70613 85032 27061 129677 41199 19256 190852 73345 42096 151485 94518 177713 131671 107284 31083 77010 177213 177246 101020 3114 31399 59181 30520 95917 71814 144493 122997 118274 131002 160706 146333 131174 34442 153290 156017 33721 148164 83974 7719 46604 53238 171842 133350 94428 110036 147838 37913 110542 47966 194847 116887 1046 163173 161895 43006 82898 19002 113533 38560 195340 136 26129 144759 92958 192675 46379 194871 93751 80669 175840 48152 93809 154967 45067 33962 135122 192365 77394 65646 45500 82289 136494 125978 147895 2408 197437 26766 196382 139843 198720 169682 188403 143148 147483 142573 116369 199381 41620 72693 4768 135744 58008 112547 23514 62529 82283 75956 175848 14277 113529 31385 186471 119930 128283 81996 67667 55873 103962 81700 186963 122246 8937 156001 97217 39003 91357 64762 172582 83595 162642 24551 158050 21797 131174 56030 116638 42423 175788 81214 148329 58073 66843 115425 53178 154089 175034 38808 78265 70471 63096 188898 184490 96952 138705 117957 118497 122822 43716 85053 27383 43912 177355 139318 59039 92802 69484 147534 77009 10399 128963 106009 65857 47988 107055 40619 45420 192076 22057 131919 163598 89125 92305 121511 31800 135885 7880 175638 67060 101521 75593 98844 115457 44773 32040 123063 47362 106711 89746 192199 90464 76706 24072 34967 35011 177139 75061 183305 116022 123125 164361 174897 30784 96627 55753 70904 61190 4014 142225 153657 72386 179123 113110 53514 70378 10025 5159 20468 3347 151706 55638 185632 20165 11017 79123 168119 79362 31531 21925 198952 64202 3829 137924 152947 8397 158982 151300 193849 12735 110661 176052 136257 83738 161231 34377 188465 103094 138285 124889 197912 63694 52664 196882 80056 162087 88303 154190 115795 24110 80895 138493 25262 117286 96099 81152 139662 179210 56170 1794 158927 108321 136083 17329 78593 45384 39209 11680 87023 46889 98260 52608 69589 121643 187020 150386 187275 72258 91090 96947 88687 984 198634 98348 56667 79123 27789 149117 30241 149335 186708 137027 154471 197629 46265 34693 131818 120841 196095 14029 139851 193158 131495 32519 6522 61633 64737 69986 115621 179017 192816 138007 54563 107048 132092 102588 144307 66317 109920 65560 1598 133115 27550 159316 70777 63021 1484 137245 165765 64413 48802 71660 137217 40155 117432 83676 28681 155874 39196 145036 95472 18835 133578 6526 34903 182927 70504 38677 163166 78041 40010 16126 112681 194450 47788 78471 134614 20824 151215 172716 104030 63187 95749 164456 18998 192115 120457 66563 6963 73997 18165 68645 938 185436 106771 146502 157432 145523 122328 108009 33501 117649 165739 46970 101261 81358 95286 170264 159715 100171 91894 30049 146656 108865 87667 127143 134494 171323 12540 177295 113633 160372 140632 114680 108740 53554 51521 174755 53325 137592 57019 18318 168312 111044 56836 68466 14703 76568 69082 8838 119747 159620 61642 38892 128598 97005 18119 195990 41059 5067 27549 74136 10965 130494 181245 134725 46357 82926 155755 138185 153006 195270 34032 180850 34865 55690 138878 134923 9703 140525 56538 144878 131908 104810 184559 194382 126228 96131 50475 108915 156059 73182 111988 106401 15760 157810 40516 148502 180832 78267 97628 129777 110694 184082 84472 129184 14639 70616 142044 34876 3892 193860 92428 178927 199446 49665 3882 54489 34195 180260 107606 52821 103645 95005 180335 10807 85296 11856 45786 96665 166196 4092 159702 6347 47966 12193 183458 85875 125879 118596 91073 123182 59242 32684 1198 81900 22640 132878 145659 43003 76296 149559 21243 176437 154038 46816 99568 31139 139453 193954 162947 136156 151765 119525 101854 199681 10905 188726 100800 137957 79974 155001 37676 152115 194568 75379 143382 174075 89146 85419 137539 20947 46865 116762 179924 107860 148887 65046 3797 61563 61443 77284 124589 83026 183241 195250 137749 119384 73840 77592 84385 158218 175246 140581 44408 168528 28834 6348 92126 155977 134978 171302 116117 73752 171098 74294 35645 111215 23893 89529 189480 22639 197601 171671 156722 33544 92182 24564 179115 188477 71605 138123 17139 54298 50299 30053 111764 23405 93039 74956 106666 10292 5742 185436 60469 91659 114433 179537 132016 135694 178351 7546 72120 35469 184934 62926 132964 149839 68747 22268 83873 123355 164226 100703 78165 27447 11575 50390 130604 66962 141539 8024 115932 126915 34812 62892 95962 136883 50334 168550 165105 477 35828 76941 33957 138498 180502 175571 26309 115465 157911 64844 199321 129857 177937 194667 117247 9158 128306 27134 29101 187682 175041 136459 16882 169501 19408 138904 122878 23915 44334 182262 198332 194198 71906 138762 42620 28406 31275 5880 10209 191823 42029 164738 14817 199992 111652 88756 119225 59462 7856 142907 40090 3657 179170 199260 84708 40772 56493 85534 199517 87222 196840 121091 83375 65019 82558 199505 19095 128388 71645 61721 77444 7543 178504 74518 123980 95233 29049 73224 96811 41206 134592 157484 49599 128908 159663 155361 109382 109841 110622 146188 195238 38420 190892 135212 119438 199968 182533 68446 79802 39157 192141 141397 192843 96937 161463 69763 130160 169048 177553 71707 168222 21515 117417 31855 136228 111188 17675 195463 31567 56384 136816 1321 187531 72443 19867 196785 57923 164560 22770 44044 1254 140698 158071 83582 91627 172322 91172 124274 8724 104502 84647 12357 65743 82549 81766 101538 22563 198156 98938 195333 186252 149844 77457 118696 29463 172509 190484 4390 102398 93057 17636 87829 195514 42178 128189 169544 68735 120735 139012 194798 164656 149423 41122 170519 193814 139119 118345 162862 196788 12218 195304 43582 6971 2399 141024 32152 103876 112899 85893 128531 197611 34740 192625 4826 159119 12059 31611 147948 38325 29233 152323 121188 80270 5205 57845 71980 84053 80379 127780 129124 187544 81488 115116 52649 176579 98072 1391 46223 125989 6279 19248 141629 25723 198944 196421 64362 125151 26960 27373 199814 118192 15034 35251 103420 190067 6995 129541 8231 174321 180866 114139 152495 73021 100885 199775 188145 107861 135888 112725 78937 143764 12040 158774 175469 184236 80864 116244 76976 124078 100333 58852 150304 29202 99813 144937 21001 195601 43438 127088 150808 118537 84421 160314 64248 165816 39091 45291 173530 89897 169118 49719 53054 156482 282 90801 176821 109082 183311 88905 143301 153764 149697 77940 186873 159243 108248 98588 99220 61376 154175 3598 1080 43220 82671 72213 66371 53897 109960 120543 12452 74722 132625 54642 139699 119073 171534 106985 58803 65209 109037 109933 4960 47532 145060 63980 74653 77714 105442 132403 58137 162183 50758 8064 8651 14663 12408 97276 39584 14997 142034 59591 59995 193895 163662 78282 106416 13396 115559 70386 112473 54677 181847 193763 165309 191941 47163 41102 197888 170594 17174 109827 16270 80477 109561 101252 48032 114637 5728 86704 119939 127179 109670 78024 186691 140648 55340 107331 146863 30908 89539 191603 102275 29089 98156 104624 27595 195782 25859 143948 178092 48393 126475 65554 151309 92191 110402 78818 35156 5134 184415 100026 85998 157162 71120 68803 187030 196087 37369 14089 175037 163339 66261 66684 50920 68930 194178 103674 107650 3471 2491 36625 168543 134737 178899 106883 108900 117571 195330 113514 104405 99682 32681 170642 39464 26174 61899 10898 139342 125954 14543 77891 1977 49261 132483 105292 109523 156562 100478 140207 188434 147992 151537 109610 24166 185559 25106 91397 33450 75660 109068 93929 87176 186869 3020 122344 67510 138249 175619 123654 7493 110994 128117 139216 107931 117889 194857 14322 32053 62329 143118 17950 148232 160420 107281 108497 188590 13140 126884 124690 186056 90956 49427 55716 96483 134578 62693 91142 147464 135143 54374 190679 143700 104469 88040 9271 13647 68631 170317 105325 174424 189154 22034 32983 3323 99953 182346 72267 6431 151568 75574 90219 130413 23782 25704 93458 44553 183861 175549 47297 66264 135388 133864 108006 61140 125504 98540 56337 32706 132255 173166 14689 6913 134940 151869 159235 167355 115679 2028 196216 97531 158530 57793 192557 96843 108802 60932 143105 36797 157131 55619 89617 37684 139156 57401 43008 95733 165076 155806 24893 174953 16607 197571 47980 102535 165554 140089 179011 152118 45054 55709 46914 61340 196886 188334 15089 156091 38792 26851 8674 163080 188256 163339 120693 86904 76709 89517 55123 90576 30121 120268 191119 135269 191160 64543 197654 195645 190258 16157 173298 168335 162067 107040 136866 75883 78937 65867 137152 106694 61156 74743 187510 153309 97181 105199 138054 30724 122763 102371 128952 120561 26287 170294 142354 140571 194372 172381 186376 182965 85355 76871 114736 130320 158559 29934 138192 32991 153267 102833 104704 12778 85107 99184 18062 175410 163088 104430 40916 193301 106134 73449 117742 70905 113988 161414 124509 121652 94521 76261 80982 43345 16876 181468 106221 146819 20469 163897 74126 121768 82049 94633 140465 122813 165134 162497 153586 80276 94907 43606 105400 54485 32327 136571 148933 32973 21203 43153 24900 143051 30632 82 10393 70848 160609 69454 32382 46174 43590 132864 159730 44378 136760 142490 166962 85670 97280 35929 115993 161274 175984 16823 57709 171555 163592 129831 176142 109658 69282 68963 152255 43485 11097 114741 139055 125600 166351 139861 69912 175838 176568 143037 140027 186951 132573 143136 148495 8240 38614 168168 32346 172667 186893 191180 135543 40624 159141 158220 72170 116289 47947 61018 116451 124046 30468 153267 185134 149098 98956 113071 175832 57747 118690 88865 176882 104077 181433 121215 154095 111185 184670 9754 140692 51183 136733 113317 18648 55842 157631 60378 133175 173477 198085 198345 8688 10975 93526 120292 91720 158489 141500 194771 97180 165224 98448 176548 117567 17800 64054 158856 131096 69037 4884 149315 51140 27094 94351 180015 162659 159381 100680 36227 717 120070 12793 3805 62287 167149 32926 2311 81767 154705 89964 84466 98399 112991 57656 177027 2961 141648 74670 44060 180402 52560 113069 101056 85189 61004 98350 179661 27484 156875 116321 2514 107399 9181 69888 133524 52265 37311 170882 23342 34996 158797 125354 171244 60565 36431 19052 160888 104960 173449 73587 48844 84438 4517 64029 174308 126652 109395 139902 127778 110232 84450 168605 1171 153005 153780 96081 392 25119 60902 176684 163113 987 145546 108115 171357 31140 108262 50868 93121 125388 126936 61873 4575 54897 6696 49136 33421 147166 17581 136202 153985 136665 102347 36484 178325 107696 41026 150233 89940 108705 123276 57135 72723 148796 193849 32612 81462 177025 156846 38308 117665 38714 19644 45276 79513 150675 122057 119713 69258 77397 61851 115923 105352 62460 3142 85470 9933 161628 145093 190779 11266 131435 41437 73592 169726 95827 189592 85671 134326 169256 36077 171662 27658 156020 63886 62519 4401 80240 72056 39269 76995 105591 112009 107510 23898 9364 75966 195410 97795 163753 51244 86045 32858 114227 171213 192890 188711 122254 64881 3289 168192 197969 56402 81833 9892 127743 95099 119894 7700 69021 35596 101313 191565 52689 45301 155267 132582 113980 55483 70640 158813 131999 64740 94225 23729 122851 79589 70340 87091 89263 86660 184088 88685 159014 101090 31409 91815 136637 12818 163361 111719 125816 67540 141603 128799 72935 78482 107630 186341 26745 143356 133518 7648 126451 125133 63349 76419 191437 113318 15578 34431 48126 125876 150144 190502 183458 1990 146675 91158 110056 101901 190017 81459 3747 27301 83090 199325 97700 129409 62919 45952 93820 136664 5600 57829 147532 29855 100444 70959 98813 77043 3031 93045 141213 26552 142599 63815 84080 147806 434 85368 104112 87454 99850 18803 96349 23310 62056 14072 14584 91970 29808 168280 107746 140893 136059 28048 39257 196983 185310 120473 53059 102401 115342 184611 171036 81311 113136 185553 190685 41604 106048 137367 78920 174469 82555 66085 165922 133797 108943 38396 199316 73646 97996 166250 34091 10436 84895 172084 112678 160003 5541 83873 65334 186120 21125 67532 10954 10152 43720 118168 89881 162508 113475 27062 186412 57605 190926 20213 177844 162544 107675 35703 173476 89611 69908 144096 170643 159631 53594 194644 169833 169657 96702 122808 1123 104327 80624 154081 130827 92569 78498 37461 12252 50587 143314 179762 2804 188203 120890 184002 89416 75852 26291 67181 108194 55369 96420 62636 25617 26265 130177 24974 105729 159166 191691 78184 8202 196756 51930 101602 154551 196373 99362 132600 76487 7108 142987 155886 54310 82053 107977 193289 90570 74270 44105 63499 8622 36372 82931 53274 142567 126219 96653 83296 125168 52248 71139 186773 193652 171864 75963 82189 154880 50371 109345 171568 173217 137250 29760 14809 147339 190578 191188 131359 4248 122262 32583 128261 24830 98535 174529 100781 30519 42601 192937 115299 31252 151702 142804 102977 151886 165650 15898 181022 82933 15078 114917 182083 45175 153882 130469 93689 68740 28202 128429 187341 156773 158990 144192 49385 68621 81198 107496 133792 196210 192474 70919 115662 47895 198456 68360 128727 99126 28505 35100 196937 179040 50032 100637 190382 196365 5211 183178 27384 168014 157120 174550 166110 154026 94081 20044 32972 122472 166924 92532 68434 170772 15411 169591 126498 156994 2952 76088 28141 147342 64582 170249 130114 153353 172760 16766 176385 34169 147833 139209 146089 175321 10155 5674 192896 111913 4598 14081 47800 88989 153106 137987 90111 167910 101463 193084 34695 14176 119139 8176 71662 127380 192445 45229 118636 179639 130346 6094 132629 194157 80861 122325 193386 109033 94953 71542 91336 193085 60566 10705 180863 13029 54770 138871 189805 123418 165728 161764 37776 102089 161743 152297 134967 82145 183549 99810 56614 98332 18520 45462 110247 146383 67186 99146 199438 17199 135368 138861 144111 115949 114260 87004 151508 78983 56166 172852 47854 132561 7553 112072 74231 165381 109628 194705 112304 30561 56270 88965 47309 161353 49881 30840 189766 82010 74172 87368 126675 132494 191138 101470 69756 17034 41893 8574 34120 186434 79488 15416 11337 29603 66979 74614 146076 189018 129687 47800 109437 131501 181904 181568 43275 39792 190213 174711 41408 176650 29431 95324 40419 26822 130904 162588 25876 128757 131134 93099 10873 47751 72749 61323 48087 92528 26314 116531 51930 39819 114692 70763 151498 75445 123887 57810 89362 185337 145994 109638 133393 9085 170211 182372 105597 40161 38144 101774 163830 83719 102831 141867 13284 4137 57442 1482 133958 13428 197858 130286 186824 125385 145284 157903 72666 165912 70417 70443 143610 176661 162771 57355 8298 20460 55050 60035 138968 43605 158679 151019 29466 132850 68115 183714 82252 89890 148631 51701 102865 187714 155176 17359 82165 120234 186976 42820 186442 90351 21500 183615 147047 29467 164943 8527 192449 135488 167822 53531 191074 138333 120977 194142 157162 41341 40501 122626 120065 198121 140633 8106 72766 83461 103332 83340 164845 87555 199581 50863 90126 101027 18790 115942 177941 122312 173357 119391 10695 196616 101953 142019 116789 42497 116673 36205 191849 192476 13580 165653 33879 84534 50116 10869 129620 128449 122261 161920 69779 157070 85846 101548 183510 16068 28255 165297 26804 170657 122845 8484 92638 118500 19520 16907 173201 70289 70936 126862 77008 115391 152118 151381 67337 92218 54523 170493 94300 162541 20355 66901 155614 155090 139470 48601 174092 179923 171407 74281 89582 13542 131737 97449 9635 50400 110310 75046 1502 148955 102524 90357 22566 99614 38707 21829 30159 55919 67151 95990 75616 66853 120524 39104 41985 165670 174625 183341 118926 53673 63553 73380 75606 66541 186684 90462 89057 169899 128157 170417 182575 80909 178575 141086 172276 182993 1181 33534 9747 150325 184723 134660 89525 31011 147479 135234 138202 64942 130579 179114 65742 162828 143961 3455 70821 23022 19816 121667 58348 135447 154283 65968 27023 71525 97594 1821 31608 49975 126217 23836 15921 163528 30641 15901 13250 197212 190798 171851 94714 42257 170050 161907 113078 31241 66405 153248 12530 48610 39263 106181 171909 70869 183314 185230 2889 153416 34830 12788 58957 184739 68505 17489 195658 53637 168518 30918 32553 97316 1416 82915 187512 85090 40699 73640 105558 60558 144486 31477 66668 51074 62113 63504 71575 86397 42216 8984 169904 115337 86704 181160 33463 13114 156124 85168 85320 109155 134120 142301 99534 84901 5782 21930 74529 151641 195092 117735 195615 163442 138004 174572 149357 64570 112335 1510 76816 110314 3535 23303 5029 23317 38632 192148 194324 24583 139746 78835 159913 143146 54955 159385 31613 132787 181292 54625 96914 40122 179733 73113 92704 187482 60801 187630 58773 31944 177588 84843 130189 70039 54980 154048 24372 139620 160057 15228 30295 89037 99541 76180 42890 140305 155916 145759 189956 10767 122833 167744 173985 158948 174961 160947 82093 192358 136686 128556 145130 198947 3943 103005 194163 34718 130979 121993 59185 65988 89035 113400 197155 94708 3692 19367 163867 122250 82436 114993 116248 120140 106507 61319 79446 164185 90789 4794 79820 123497 135555 90418 181671 47005 104855 143143 63870 68434 146661 47715 136894 132858 105997 131617 96547 114945 185729 86578 91141 194654 20140 168671 147703 62759 120307 160779 20639 145738 38321 45355 51393 168918 177706 97466 108827 175542 24675 17992 283 184117 79456 180833 33946 179866 109286 13757 54216 98576 145888 164515 44446 104313 122115 140768 106476 36006 17617 107009 178047 106378 31593 76200 90005 127384 13986 169695 102982 85720 59881 35627 120106 75816 181138 154599 118972 125044 87866 48870 163562 81687 116577 28741 190030 103948 176389 197872 188248 171242 169572 48476 106800 154219 158319 87289 47632 78649 72885 4973 95212 28360 151970 153466 75014 25366 63795 71378 193719 120737 58100 171184 12666 88924 16451 85609 81892 97190 90261 81180 167975 114200 9082 35694 138855 169900 83917 50376 32294 121187 68857 93682 118169 62959 151537 66199 47027 181614 56560 129220 41994 86168 170518 41025 132001 68851 111146 143510 160174 2529 74074 178231 16426 118988 131556 39273 88897 81743 142060 172501 17993 161130 3936 184536 171214 159058 131713 35669 43899 36127 162507 134091 163289 135950 34544 159804 141262 97984 168791 764 88884 48644 55149 14317 100569 128590 144539 110232 104438 9987 109398 169387 159537 176918 67457 35276 150553 126458 180679 34865 133938 83556 23162 89985 12593 12876 14324 117019 160065 58019 185197 32200 62649 113933 176032 56175 18877 175695 174795 122625 39888 52632 111267 88224 48614 112833 145298 79983 163726 111357 126053 134355 164402 120145 26957 113460 123851 99451 74823 38796 151448 112041 175868 109169 121857 147522 45069 57651 105031 42510 43502 128270 26536 60798 67791 22776 115970 110803 193276 91761 173298 1341 168664 55210 174875 106552 5480 103141 112433 127258 195118 10059 1412 5453 113278 101475 114526 52791 153448 159013 169764 181199 166234 102773 104702 136459 170101 66496 25704 45400 98851 97941 101767 159911 47076 194683 195835 154013 136955 8736 154332 138886 78822 12452 188269 160384 180208 33127 17464 74186 192404 160936 10465 149510 101422 79594 169246 95065 183631 157317 26845 115149 108396 7998 81883 136430 77480 36347 140412 187806 65883 63872 4472 43047 27948 21911 131228 64272 116564 117404 109874 55320 176885 145447 104383 185924 121332 107244 127603 50681 35157 180112 94323 154455 81306 68963 14142 136994 58150 170780 167370 164081 176608 126070 81550 189015 38851 64903 131411 91023 195058 99432 34321 148513 185786 176028 115692 161498 45945 44336 170856 85324 12124 131162 109384 29894 122599 36117 9405 177912 154137 70513 29596 49790 72888 45460 125038 115220 147708 79116 59490 109884 130459 194594 62225 91152 21221 52660 73715 100353 63663 136061 71193 178212 145431 46125 26719 55552 69167 78830 164001 50570 31756 87321 170179 104076 153519 187015 11873 74833 60319 180013 184116 26148 50907 34381 43537 19955 159406 159978 93739 154305 103141 98341 114519 12743 35306 9448 194797 86137 152920 141770 123132 67632 129092 45144 42508 81391 9176 38595 132504 52674 61197 42946 42427 179198 119703 17591 175608 13218 187192 82597 146106 48338 66684 165089 129020 21496 37963 50933 178720 2824 125294 31140 196553 181156 90176 137981 157436 110895 67569 94038 87932 86904 147637 77053 34102 131986 146844 84458 77506 30254 65941 96 86901 100386 148739 196741 66698 121379 164662 16640 146670 55479 58248 27758 10959 18284 18671 125044 174441 109016 185950 168199 26922 101183 184379 30383 9390 64977 181039 69238 18281 62828 144501 105941 5097 76955 108830 199190 127004 89010 170770 18643 41039 76345 84745 175819 164890 71705 65935 150643 68504 61645 75047 190652 82119 141779 138850 188061 101881 89526 101410 147468 121234 85951 177200 10676 6630 1012 171268 144123 159725 25918 148143 4663 62369 186209 81514 89007 6963 70322 42190 151034 132854 114500 73113 131130 60191 198502 75638 34315 80235 160338 10753 36554 89101 159618 146791 158204 83549 131017 77775 99492 26732 45626 94740 188303 95357 45832 112987 30611 39529 128702 23384 94762 5109 133486 114680 74265 181507 117332 100832 58302 10333 52534 93416 54327 97914 99420 23257 21163 132144 151938 151879 44981 176352 20904 162245 73493 196492 179922 58332 61150 69323 185681 195242 121526 188192 158546 48886 787 114475 150061 67714 28981 9391 22030 16964 42281 148170 123851 183276 110857 17474 138339 72248 108941 48160 74608 20893 82836 141020 189317 58177 44269 163220 113090 115554 174832 105590 4554 16759 146358 90909 72602 81467 62110 78821 61048 20192 109780 64776 126778 28862 183703 196529 138860 87482 56628 108034 17011 135911 136814 126281 38491 58394 65288 139051 80349 128969 151490 142960 50361 33772 55828 8296 126972 11000 90552 169360 81557 66702 102676 63517 85059 10180 120275 124449 72730 119673 78787 184036 189909 56018 154304 70890 156347 157958 175092 27449 89213 137970 145692 21489 97673 116102 97965 9319 86428 118928 10703 53076 148765 38076 30721 171074 148185 161245 122309 9194 161447 151984 27116 123953 117756 170781 5409 36850 49336 136666 169535 88153 62892 131924 151160 113016 64043 109138 169902 156121 151151 168776 7741 64248 49372 77386 76 186861 77588 173286 25996 68991 61649 38072 8184 130368 20484 67253 61544 167623 185877 167539 71431 40329 46774 136859 27177 192587 19032 26438 141044 165838 101623 131979 34632 115012 40290 103964 103207 180640 72047 66597 111364 68579 197762 70250 26939 92497 20846 142918 74838 178747 41575 91448 161514 101882 167542 72325 135763 7344 77239 46045 184673 74492 135967 130545 105975 15110 64069 104648 130905 165485 120660 23710 82374 182452 93696 132634 133140 46209 117630 54165 159651 18198 140680 194733 49953 16301 65666 59672 145841 104854 58324 108573 116756 11807 166028 192252 9655 146754 74502 44601 22266 79089 15399 136188 120653 25128 89129 143712 178900 122712 137831 100610 66325 119867 156195 41022 65029 148094 195033 103297 7701 80016 115664 157439 190478 90851 97252 2367 78067 53191 61715 61783 97463 74682 84610 86578 154422 111069 108362 133281 100340 74432 186602 2040 161420 50163 51228 64270 118592 127394 73884 144533 58403 3226 98358 106706 137310 144926 134376 78013 111045 184479 166152 159553 43036 31866 71695 118465 108997 103706 78938 44164 181223 157828 178815 62112 97725 122945 58591 180179 99327 53075 53860 2620 196949 63075 120250 89306 54431 108900 111313 119397 78187 21175 179156 107680 149213 92041 114560 150874 198839 173868 176624 183946 154884 191522 75635 118229 49967 199282 138474 93281 78151 7244 76441 57072 269 33294 197050 59046 156675 10455 33792 27140 183949 196410 111040 182224 97662 193193 194276 67208 103097 19698 70938 90210 170699 57479 89128 149384 145635 58343 184108 170820 153855 138244 129022 40252 9819 196231 59100 179778 194427 188502 102076 20787 96492 36863 68524 69357 154124 151254 199871 3171 152060 117327 166397 158094 150381 195894 69391 195717 53415 121370 69653 190081 188147 107090 119257 57124 135167 94263 124199 51704 55351 30144 8657 52626 120623 61904 104176 175857 96974 80137 93824 128532 59672 62931 26399 70477 59322 86120 119048 56098 179151 101089 147253 49333 23092 99386 159187 29600 15888 66957 163897 86324 157274 81269 125758 85796 177386 85645 98270 144658 76792 53691 120625 10058 31478 84524 82619 164454 62803 165184 68824 7651 194679 140694 125564 166997 96373 47291 9329 113233 93912 83 14545 47493 98212 55389 54438 199510 47394 177251 3893 162049 58233 122945 192448 58389 130670 190887 198637 65492 32126 51453 69602 47574 160158 155000 137700 115898 67566 192119 185392 25179 161063 19866 41102 180480 11653 28651 163890 65211 86726 133989 161302 169633 73386 47319 74447 172486 58020 154610 84024 54246 143873 83997 33287 89560 195292 93383 164574 63717 56206 7714 78021 140661 133583 190076 42410 585 157774 181675 181462 75730 24573 79491 156095 189202 181441 22671 104797 197079 148638 45860 156691 172349 55268 29398 147982 10759 38667 32991 120538 167658 191683 33552 68185 162862 198229 79199 136329 154994 187954 150328 185355 198862 44948 84942 93678 35323 156414 57079 96999 102124 1043 94608 167844 78514 93775 159035 106238 149984 35439 110761 52687 190776 162128 129768 37466 114097 153455 88195 64728 30025 133498 18585 111508 184831 135539 43806 131197 124815 181127 168045 25745 168900 101582 177169 72028 40255 285 13507 187217 95046 168920 71318 56299 194493 62489 151920 190761 120410 32422 28076 26600 157748 121503 79394 7458 41063 27445 5495 183766 113365 60643 149879 126536 91984 87390 15187 92158 80726 13944 9878 103424 137170 105924 15562 132104 180980 175015 6533 58156 6798 97166 173617 58494 43835 123636 116958 31790 74893 145073 6748 82283 40479 31215 190898 75539 115066 183237 97127 102434 98659 178072 29393 66591 176029 40955 161122 112750 17339 149121 139192 97338 148760 172622 36895 27728 12971 683 26107 142396 181555 107047 49146 171127 106983 120300 121232 150785 105373 138388 55486 29796 104113 11936 146577 24477 10575 76117 113781 85064 15899 144858 22496 99090 177341 130691 67146 23734 137050 169783 190747 147753 92344 199501 188141 7598 195876 127020 95317 44397 189886 97582 29513 134583 111195 124470 85960 15931 87780 33619 162791 68437 74414 87640 141002 2749 187356 178883 55514 123424 134373 32158 183753 10029 67814 40814 82722 63960 187844 105114 17315 153212 71491 170592 144489 81095 126197 113077 93778 78115 1071 97943 46554 172201 111192 46115 125092 55799 108067 124206 149793 23285 24836 28755 76767 160173 74065 110004 128437 71700 47386 3978 61504 119954 146032 196123 141578 14689 138608 169996 6719 80408 168110 1698 85170 156201 91480 91291 99391 97983 110768 108235 89934 110873 33029 66642 69649 188816 191216 43119 39490 127997 137884 154841 18463 154512 23267 10054 153599 129199 93030 120740 9108 72345 104291 155314 117641 141839 39942 69098 173734 135918 160372 193295 122655 152241 112885 101153 37146 1369 20981 153152 77797 67374 138438 29647 190298 136257 34858 39344 128577 9377 146499 103528 187800 133766 132613 177815 62956 87285 152591 184766 140387 80903 186325 53013 55712 12954 52164 163103 114311 158615 33051 186437 88294 14961 120798 60049 149832 47739 75937 168794 177036 36215 28308 92904 171509 87741 199731 31970 195506 34791 101607 171619 71373 21997 41662 17108 129173 62386 92236 110399 64047 191519 156614 147318 22631 76920 180381 196363 10611 1215 180826 46083 197496 17343 46464 91524 178423 168380 127 43654 93273 123258 24191 138176 194650 171986 25870 53335 98413 17454 57708 63519 150541 32539 173400 184114 44206 119433 50061 9633 11787 95915 190926 122014 94774 182336 96625 174077 161231 116552 192685 152307 48691 184780 120873 98906 128928 110390 114370 139936 105162 162910 62481 137710 125923 81336 46962 635 27656 176971 105815 121054 181307 107995 75428 11961 167782 87770 67866 167087 97000 90088 167624 151382 25843 26925 173584 58626 188595 124078 157382 142792 169604 194160 67129 98903 105608 69002 5825 61100 68019 27975 135381 47504 198483 134925 123645 184212 185299 180079 74733 15279 46285 99138 170771 99530 111360 69211 122648 152450 23273 134371 199716 72404 2043 89145 170714 198005 27247 159612 98092 117526 112816 83460 6846 45591 123358 167483 61373 23633 95017 94943 33058 114106 17032 30392 135946 101764 113400 84683 25505 136374 95564 8022 194721 148398 140575 128808 52393 118722 190156 157256 54654 128632 91403 66618 152852 140377 103086 166759 121002 73284 150141 153581 158786 47796 3838 176138 522 122650 173289 84174 139149 10413 49165 141591 55410 89716 28724 127596 21023 488 59231 163312 15653 54594 49214 140436 138775 176100 1115 161877 131445 67096 21538 119392 4487 166871 168271 50717 26447 2473 11259 48673 198813 6777 100758 130880 177836 103873 106640 64249 17335 5645 75107 151256 113614 97329 41248 198626 157841 156924 24202 56071 92931 47388 193727 126206 21699 90377 63215 43933 37171 163743 120348 46274 123732 180050 86230 34864 107784 84465 159638 190409 66561 88816 42936 14827 166351 48378 66797 36075 21823 149104 20290 191155 21229 64454 189017 157450 189479 146566 36066 153967 81826 158856 84460 49486 123839 59739 106432 74413 25802 173228 43720 170971 131743 101723 142650 39427 41985 153089 35664 75989 20651 136632 116023 78022 170851 74483 80955 53164 21988 120362 142491 30234 23105 30815 47028 180880 193785 164458 122502 96073 102213 48610 92442 149926 45765 164230 84792 28285 76679 4096 83481 38697 87966 42315 111158 140063 35004 61371 145544 19902 186390 17328 72716 48818 47615 129594 65328 166939 33844 80602 51517 102556 105925 109115 123400 137654 144124 147352 90504 87468 11905 21242 84404 40391 59532 53039 89424 26601 134408 53872 107331 8392 111667 87293 11792 198622 105423 148455 80793 23702 173765 105637 85453 176138 7988 99838 193461 110411 170418 137064 124658 2274 190601 135035 44763 193557 32108 128960 78095 130075 77975 29803 91308 168005 13472 127400 144755 53553 192966 42962 150384 106650 6542 166073 55307 168395 97020 194794 181838 135540 190199 4550 98002 115224 75490 6433 111458 176236 92667 30862 36021 99853 75509 177821 104959 55105 26433 168766 17204 47846 189291 97039 166212 150199 69506 192929 14930 117160 22429 154027 34692 179761 108632 164548 171916 34110 84294 93330 149778 136227 120147 168426 174752 89142 50827 92075 154365 23572 148291 149300 140208 199241 186968 171746 34409 154937 105912 51901 87109 156948 64957 46351 116364 171619 194196 175808 136754 186125 173284 169573 86379 7577 50108 82928 174025 198282 21634 167299 43508 162004 52587 153636 29960 198559 10833 21926 151464 118015 156911 103397 145901 123805 109856 171377 79921 45015 26827 123273 155942 194541 199806 71404 120417 88005 52767 36350 139853 6258 183781 192609 66327 20388 160329 131943 58450 101228 110529 9302 101823 138386 104394 35000 71072 181979 90521 82958 174979 144573 20365 128461 31610 103315 6026 148166 117514 176697 180819 139447 151884 24989 61977 29608 160569 33691 134730 195535 35576 125859 100026 163545 162099 42899 6243 74240 39556 26505 199011 82117 161809 33409 84543 138352 195453 181201 8951 147448 198684 159358 105521 116844 10132 26318 104978 62591 83302 107234 104525 78710 199518 87555 94307 40060 92418 37289 185580 96379 27755 179257 66220 93956 22055 43551 176345 83952 86644 177892 157968 150628 140864 100984 60605 76344 71487 167637 188969 129352 8266 55209 77680 66511 191382 140263 59518 27582 64242 110638 172632 55752 55550 80473 76574 118464 180325 24466 132778 102024 32436 197961 83858 182867 138744 102947 87777 142475 86876 160775 184303 174716 79942 90340 170863 143943 140251 187540 156333 130661 7145 194772 122313 17669 191191 194133 115604 132022 196656 69481 105016 163188 43998 181702 29434 38452 140805 82412 53531 126273 36830 188699 92115 80132 154543 112823 197881 52417 39060 6891 133284 172128 138131 97923 114192 100684 60963 174861 140562 73894 117383 15183 83890 44328 176685 165523 103286 174797 27457 179683 24664 6146 69757 72570 164411 120033 18651 103795 48472 125418 130261 112462 190357 164728 106378 198512 74702 177813 197257 193123 125571 19462 154434 67112 87782 147 18093 62701 72518 162135 143669 155217 73902 181881 2068 92908 167241 167582 152868 101415 139082 7758 129993 152193 103845 11024 76167 170965 130575 125638 142493 141287 174147 174529 167860 144472 70520 120151 131929 158002 35169 588 39974 177888 142498 191205 76751 167232 45883 29313 146237 106431 83299 196365 100576 164418 65603 65895 176541 140177 42759 182642 146534 137576 177764 49887 35536 65498 92370 26883 72191 34822 190363 196791 1215 96655 82868 161773 20100 189198 158377 124640 169981 23465 103917 138266 144875 4782 84490 196135 102755 113713 114608 78678 100650 180952 76987 97529 181212 164629 79909 63065 168772 87282 58728 121014 92675 20874 43335 152567 63202 164660 96699 66964 77327 186170 32307 115124 123442 182697 162879 779 169596 190275 103134 2340 18018 158329 119520 184430 68842 154740 104104 79463 54130 69988 32370 19441 58158 3424 111490 104696 94293 138333 135280 41621 149553 180087 152767 192033 79330 50821 149883 80985 61101 74418 195996 18038 123360 111775 196177 150434 10126 184725 82249 86664 30512 20867 160066 132241 77564 42590 55065 70449 114840 78753 83441 145123 150575 94356 88969 161419 152577 4906 5502 65595 83617 195988 195399 95409 86085 125377 160597 63655 139963 87897 125105 117973 189385 167807 193690 60199 2582 15306 104138 140684 6752 140903 18739 68464 55572 93298 82283 143007 185337 77761 14314 129813 81495 102001 109700 54018 110224 137602 168126 92515 95441 187750 152532 173243 167473 84449 114434 181497 198773 23442 71999 31691 72937 57763 92733 103874 17749 166502 86800 57695 178126 162802 143670 88593 130354 35626 191810 127899 171945 123629 36540 190283 20192 42175 18497 181610 161727 170178 39072 159464 143759 31452 64029 110795 131663 47876 162242 28983 62052 5915 54863 173236 134400 45834 70973 183099 181558 44244 165317 97161 17411 14712 165273 174443 167598 95604 58417 190231 86564 2386 113176 137271 141262 16086 137247 4588 2809 134528 153677 193400 90832 133313 41893 79823 95449 86780 178269 14040 28297 53100 187703 93256 153280 163571 181498 121035 19285 135920 90316 63200 139840 46676 78635 134655 129392 10604 132824 50468 124077 61712 3726 156191 59054 55350 144683 155523 155057 154798 140785 91200 72839 193633 121623 179896 142244 124894 7904 84422 18575 36464 122839 31558 98649 84142 127221 105805 105974 113853 35044 184165 75478 52680 163657 60193 33196 65264 199920 12517 112874 178590 132538 171476 38862 46471 47481 12559 83147 47966 148700 153094 144133 26250 128198 4599 131620 124674 137835 192201 10332 71524 46727 20456 156302 196738 26731 17984 188739 165970 40694 127809 71146 170601 189359 172447 174862 69845 177921 192939 133619 135466 194933 105373 189967 40232 63168 104399 120187 63365 164063 186750 174636 167186 46106 142149 141841 117102 124349 23375 170104 99113 35099 47470 78330 68161 127188 135425 188745 104158 51511 150035 81429 83133 47956 63676 196038 107444 27639 158490 94713 153160 193137 111145 118138 113206 88444 148004 29225 181665 91736 154596 134332 59079 72646 15940 78792 48421 114447 70959 198222 66191 111490 101393 191237 103092 114318 79920 104103 84729 38942 93140 85917 97145 19226 103352 101497 166955 195664 153829 130807 96572 68076 160131 27285 23798 152528 77747 120489 115408 129298 79901 15073 193646 150367 95210 61167 198699 127558 145897 136545 63981 32219 83943 172687 93339 113118 137319 73662 135389 39044 62705 183833 30352 62210 100539 97925 196025 76640 84230 183733 130153 68129 59210 65849 132591 104170 2269 173405 115296 32486 101636 41748 22759 77362 179407 170983 149338 99967 127918 65802 152931 94489 192603 164440 131126 186438 63890 118291 181642 106795 146673 68409 180129 164856 79701 199248 88636 7014 65324 181815 120637 141046 99145 26313 170063 88181 181418 133933 108730 100374 49170 142246 199849 121757 60642 66372 69256 97140 198134 136255 82600 71711 157695 60551 60903 172329 153786 99959 47476 25132 172790 30437 76495 27949 111900 164771 24947 24870 36117 143056 175267 183290 181360 65690 47463 199427 69825 60004 39499 137510 166844 143508 50532 192487 64481 38007 167419 56106 66187 176996 161435 129792 127643 169505 79962 112044 144553 19362 175982 191299 181309 91521 2488 12121 138481 71956 87581 47619 179592 51509 15065 10631 77482 158427 39995 35401 83023 182671 95466 74255 37121 186358 187925 116349 3843 8944 25504 55879 82083 43548 51551 100829 4916 190898 116696 88283 171779 27653 193801 113939 7916 147529 39835 83523 100626 186848 118409 36804 137390 138656 189141 87834 146883 122947 58887 56602 14506 177065 189847 113092 162281 69784 104994 123460 140051 188811 80407 112387 39144 152011 60379 85075 8330 83891 167917 61679 169450 80474 38894 191309 31106 196727 174493 98329 142853 147100 50404 75082 41946 170481 58892 120500 184792 155301 126980 158397 84034 66928 149581 46445 166102 164171 29464 88663 23023 145747 164191 7394 196434 48446 189640 82972 156187 135770 54223 145481 34459 125446 23595 138898 147480 103158 71129 124059 75362 164146 165315 128913 144154 135653 147274 121593 109362 22603 25936 62702 86420 99476 105735 72810 77300 92581 194777 136106 140552 136994 90558 183548 193699 176820 172246 83040 76782 44088 13812 127800 125246 163450 55679 165569 142858 59860 45348 78011 100804 45734 164055 67482 91440 22736 43087 176537 97476 16146 171086 69898 10699 169648 25426 189546 169511 139765 157835 141284 105519 124545 148195 131960 173514 66157 19180 90203 172994 32790 177117 63371 198156 116733 91902 154448 73352 122536 138221 139635 160306 105561 53777 96621 176172 189718 106089 20195 192131 16382 64714 68786 199103 85935 30249 54821 534 128233 41712 97929 167059 188734 192397 188257 122330 3326 131252 128317 41243 108340 119501 182090 132155 41865 47173 40160 138612 89865 189503 103808 51190 46955 124434 45465 182841 122914 176162 33356 92382 60420 118337 181204 111268 74801 187792 143938 182340 177289 7109 167945 82544 19463 64500 73344 57174 120363 119293 31761 76420 133022 162609 51466 121764 107394 87443 10189 18081 148987 23048 121604 101601 14965 126875 29959 52058 41303 34021 102882 37686 142971 104715 4656 182587 1189 189458 56256 104666 50879 169870 172702 165726 90192 71451 171153 137634 103853 10235 152631 112403 160603 48621 31570 121332 45186 105339 195870 92014 179103 119485 68614 65524 19808 52831 6152 110936 68207 18546 140490 80082 6022 90229 106375 15738 1046 45558 150517 161208 141570 182925 147339 70543 120884 47939 151679 146727 20979 127502 1015 94280 153518 140143 16366 41297 168890 95583 170772 128624 168403 177025 89678 159757 162900 129437 110150 59367 183601 87920 113372 143554 44609 3114 91320 58758 66061 165956 78662 186314 175505 59594 28722 79232 153746 51793 10357 178031 328 195939 117684 167750 61366 10278 31951 42330 6175 17323 164696 196495 37166 90165 37692 47463 182970 124941 158232 7273 107100 64369 46607 195071 141651 114952 32613 108621 122408 58509 110187 158198 53345 8009 29603 23354 30658 26990 132772 101489 149461 120012 114981 136946 132952 87600 83310 10587 32018 108633 101025 104404 57787 83434 131821 155823 75843 102905 68067 140406 189426 109844 93847 125053 17508 6720 127673 194047 61171 17550 22378 81159 121494 10745 84265 100876 197083 170235 175899 124624 166238 186262 18981 131192 130285 94853 121628 88572 87089 115619 44195 105113 16241 197645 93384 31076 49824 68274 151311 120917 172222 56438 99331 79078 141548 113653 98488 60228 18747 155406 53062 3654 51037 127760 132527 98469 133610 106240 140798 142656 181654 142176 166401 197045 41497 2230 194977 97495 37865 199112 123689 168877 57852 120373 37823 134058 126495 54401 23494 120193 68904 159659 78264 139069 101469 150251 113151 179380 44507 127703 82390 132405 120403 199094 163270 170848 82998 120548 34596 65737 89527 41527 103887 81374 183575 113240 17391 153153 186432 7826 120187 154633 143121 4087 155051 186893 72680 162225 73666 116647 196786 66985 134905 162950 82462 105567 6438 74407 18221 30240 144659 44343 124154 75929 92604 54792 98943 185170 197722 90564 132084 170521 47756 98316 54752 169287 43950 91192 143149 52487 197151 164091 172040 9069 2491 8297 128562 51545 85175 164160 127572 38473 180485 848 117821 160393 6945 150094 134085 13000 127055 59916 25878 126410 172788 199490 199511 91481 135408 87899 65712 153159 82174 91537 181140 35080 187753 191457 110361 27518 42544 193699 137105 69437 193323 122306 50244 126563 91241 149712 58567 98599 109665 118767 70591 169882 60870 105248 88495 21253 58107 192990 81666 9970 99960 153634 52361 82947 7422 43595 42502 35194 24581 16953 106124 39561 194267 160992 105657 109492 141296 42658 134349 99128 190095 181660 35096 42437 98162 14680 49588 122736 48509 44665 195604 145665 109776 34727 117506 64959 98718 190900 22462 188492 164958 154966 149400 193494 159364 24435 151553 33764 38434 90981 87473 6412 72005 92909 133069 74929 153270 193697 156558 20850 44895 98458 74267 160811 90440 59314 167722 160409 33588 24998 101766 77356 194058 43077 107810 84478 197124 121485 162599 183332 163505 135844 6037 4806 46623 58704 126503 20003 93330 71539 139073 71708 77187 146782 117482 71988 37414 2410 179431 84807 186068 184173 154434 108822 59312 119706 105056 152186 166300 151201 194748 194547 22128 10968 70240 177322 118158 134543 5823 90097 180193 4711 60640 129775 82677 75186 26923 193669 55820 123339 89307 25700 22405 169091 26631 67756 78878 46689 73916 137121 12830 154580 37468 74194 48448 14791 27419 197864 81397 93086 117710 99253 121870 169655 10941 61190 49699 122226 61845 156936 118941 12836 126001 100667 99460 70034 36118 5183 95793 162700 174821 184920 197435 167238 48964 38910 155838 162700 184658 13705 26042 117790 21068 164557 135129 183931 78681 149734 9563 187118 143877 58521 24709 40155 33919 104023 117427 82079 33403 36710 80498 81508 122710 171081 2403 72212 30119 68059 71556 33655 149544 22471 61101 188339 42002 183700 186121 134982 52918 36351 93100 28807 7511 49358 94354 57882 128929 76926 85299 155566 74103 134516 3501 77706 172901 43755 120871 92657 40321 110755 145882 2680 30347 171699 13002 87205 10718 163883 110393 161755 86313 198168 3796 121978 33677 162527 82061 58854 56167 133317 42478 5579 75077 153243 90525 196953 61303 37848 110353 112085 134081 138047 128781 108320 64713 145538 38878 34333 22171 134856 38187 17325 143829 52052 57370 35733 51782 178052 137371 116343 181 108514 49719 138834 76319 41702 166764 191023 70298 179252 37133 4274 189863 42396 97152 159362 132130 97053 135344 113312 198277 28767 4717 195229 108149 116408 73085 96255 164480 78258 139939 6165 35335 78413 92083 180121 108186 76130 187380 195586 55144 171030 64307 39893 67104 197626 191141 29928 54562 180864 110423 121416 143198 36535 111777 36951 73735 114274 158248 82653 184188 166770 196106 64012 41201 45298 29908 134278 64682 91286 165597 122464 72783 194111 122502 103542 195077 64666 56548 112902 13129 144880 185550 118356 34774 182904 12708 4354 161013 160195 177568 119357 43038 7138 2030 165639 6919 76956 147841 183232 104883 172458 186933 60710 14104 32409 125219 68942 154213 127366 72815 159003 23628 188832 376 94375 182226 7140 90671 138376 138723 72769 166708 40128 14936 159363 81945 12454 50340 2104 190951 79948 190587 135158 14733 166747 91695 91738 197046 73858 9836 120929 19571 48559 176155 5393 132546 66364 35713 198743 187962 74300 73166 88248 33594 104605 63321 131655 58911 111695 142608 169902 58706 84220 83291 159831 128086 53486 6502 110060 135987 117769 145043 16027 189434 116723 79910 37808 172379 34289 145585 165864 71731 147975 175697 12434 41269 173907 196488 3102 90849 171106 26490 22584 138273 134140 167668 192064 83863 168339 122544 116355 39401 95036 131980 74159 55735 73116 55438 135680 196368 197029 74155 149191 161551 34589 22035 9479 48454 140815 93204 38992 123395 91817 29191 162763 93761 40375 124582 51245 57296 64470 119621 179475 111529 173415 98469 183159 169088 74800 177510 118343 93736 138291 28669 104837 31390 28250 52548 145022 29462 171353 83298 158499 44972 92891 84176 84115 150300 107462 198091 36063 119389 155123 119011 74361 196769 112281 75148 190941 172195 17508 70211 66555 88087 105352 179639 183921 83479 86043 142064 177316 165811 3339 158831 50994 30232 199295 2609 20437 8381 96626 104670 182458 173302 109341 439 75140 180 155228 44548 45292 98169 166743 154303 164558 153496 144205 28383 14162 20828 17739 47609 33040 20902 136481 62755 80155 143643 123831 109469 168840 33776 121805 121453 42018 88364 178179 124722 127429 11684 115274 194640 160078 102918 67742 1218 182490 82350 59306 170430 131851 196353 80325 4895 195933 94524 45296 163264 42216 97928 73322 62645 181966 33783 28952 143435 109681 83099 188389 104655 30011 93395 106225 152961 79813 41348 134056 140857 155187 108153 62594 68313 128292 39202 121390 106799 85751 88753 12816 92883 84662 40957 12958 110636 84768 106537 25204 26517 164188 66326 21751 101927 191206 28027 94006 90694 197986 190417 77344 20015 32869 154138 148878 19258 59826 184782 126943 154028 31726 81930 126378 55485 123547 119365 190631 28915 195522 95140 24461 73452 116283 30982 97464 68104 197324 196087 137388 79516 88024 26800 74044 74412 48673 169092 22358 115662 171186 172986 30788 62972 168627 76617 148920 113991 17277 58886 160751 162625 145099 84657 178041 80171 139310 89097 195109 195755 122796 8335 101350 83734 10903 132055 3835 75990 27750 178747 114858 198394 39588 99269 131161 23097 15651 183254 187776 37225 133864 141230 105134 85962 34533 176661 58063 16961 47747 131910 51425 108513 121901 84003 43752 184105 159296 193980 40456 61368 197673 170454 12911 168803 196733 145586 2379 89953 80780 101038 3739 186320 167477 2951 132630 46746 160482 39386 173318 161563 155122 17468 143964 191346 134378 178249 2553 71706 98773 67014 171796 35072 121696 65168 20094 333 3518 96068 113135 83902 36403 105677 143324 139145 164699 167379 176412 183427 128262 127946 164374 6783 62492 54272 100271 51906 61455 45559 163631 39307 76197 183250 43562 154555 175307 55837 98727 141891 152875 43969 121296 104233 76021 20475 20390 193014 121758 143311 150723 166993 133258 165884 87676 62300 50034 137340 10280 10768 114260 121192 146248 46458 52203 9734 12633 55395 13731 45506 156870 86310 189876 87426 62594 42932 79214 6199 20584 32880 80913 72899 143410 134199 188662 34696 183441 9295 37406 68836 65182 76486 174987 69616 64712 130764 13670 61764 180577 96678 174454 121848 30654 139589 80204 118191 44421 142135 102435 70638 94608 80065 40868 92587 157177 153188 174275 158825 101634 186331 154958 3414 25824 57196 164917 137829 133025 146597 97195 174878 156729 10518 65197 141424 13522 157313 167290 45773 2503 183541 1766 108169 84124 10270 12882 22892 45630 4700 184767 179167 134951 12684 45918 163419 186827 173556 196887 91296 61190 173079 24180 162005 55071 19474 74397 30382 169690 157508 120529 60563 142557 123354 151105 33542 34984 63984 91087 50868 133975 95761 142231 8920 67415 30874 94981 21199 104648 83405 184297 162171 34298 490 43531 55054 96627 163595 192769 165811 1829 101713 40018 77776 172432 173386 126541 92362 91474 77050 150096 150678 142787 187230 120751 197147 193442 91463 31872 122366 63489 152469 2699 67606 165746 50525 120532 9574 89346 170208 95912 158882 40609 196647 55339 82356 56267 121332 93564 36748 29509 42208 2591 54618 124386 80554 72649 85080 175789 182937 179285 196982 33606 141630 74331 16348 127647 169019 139611 131404 27262 150578 155326 164640 71342 125688 145333 118896 74712 190765 94045 64322 181844 64446 166788 71362 100320 62106 92232 22902 28830 140774 39128 90028 114058 106269 16494 19760 192806 143054 47309 89142 160322 76391 77328 142071 148781 161594 82708 46047 76836 366 196374 167105 77112 90494 140364 91927 166018 90516 113351 12632 17763 116127 30690 108671 131698 121065 26441 667 11298 35453 138096 170397 31311 156567 179593 159719 94122 7077 117198 159867 141520 124690 110283 4883 120942 32078 163944 94096 10544 189781 8124 146342 13271 197732 166485 160044 91864 122117 104374 139241 42410 112082 65863 86134 23637 55476 76092 174000 58242 146007 53931 107612 118911 114594 37715 131774 99079 75961 133264 189283 45650 104584 82957 53975 15561 89370 160688 50069 92985 8029 86668 28884 41853 81709 157273 83134 170745 13619 146664 14142 13122 63973 137094 154345 152507 166349 145038 198192 108230 183291 9975 68513 113916 36075 46308 151137 139243 87508 123898 2484 124485 21630 187229 55296 7995 31457 112892 86857 93801 1373 165111 126358 67238 119468 120646 190449 176816 109960 21041 41946 135286 50957 139916 48243 50442 117869 93948 50150 141590 194785 178777 117108 19098 32361 66372 114601 89027 156563 55918 177491 186350 121574 15584 150990 74184 137152 52436 50474 79917 91219 122584 12962 137863 13436 132983 196964 74041 115969 47335 117524 59349 194776 140417 27936 175694 94403 173630 59265 57125 48635 108749 91579 94405 60805 28223 40706 48383 13388 59273 54649 3776 94979 105020 73165 141308 31328 169730 129703 69464 92365 34005 32753 190878 45310 16995 70552 15431 196764 53522 152516 13933 109930 98233 109065 103349 76117 76881 62876 183130 180711 192120 103204 103381 62907 36759 86326 85800 152834 86600 43624 71097 105769 53380 75598 127876 170557 189776 15135 83026 40741 109220 133014 110722 9834 32412 43876 172505 178791 146413 155125 117193 113454 44505 180501 47613 168878 131511 182810 116990 151943 3075 140041 160983 104521 134192 148698 40740 86244 6840 106206 144088 88849 52114 47549 25727 71022 177248 76221 75186 148760 76176 182372 26421 125162 79673 85097 86994 71507 72028 18740 163110 44449 36100 189177 51515 42659 8740 2329 64402 127040 136242 101190 113185 127125 8859 185919 182666 113725 136217 16469 99868 6489 153983 33083 29662 13581 157261 67093 195496 148050 7620 49324 55281 40455 2228 159005 174663 24378 54824 139262 96488 159711 97267 197223 102124 101673 34726 107382 165659 132053 95155 170691 134128 137837 3176 60598 87150 180385 76611 186294 161650 77285 182387 199054 151795 53811 69157 38272 105707 67238 156068 175202 69283 154378 1225 153641 197604 74437 106089 130031 8046 190 21932 61508 34942 53949 14075 130253 65241 185781 95922 60821 21494 82193 21939 8271 4236 56226 128628 153046 195329 57495 72526 88627 43085 163299 101540 192188 103635 152952 46658 34873 146090 23153 102579 194731 174823 77112 18991 104686 128691 104636 198149 92622 192278 188158 141085 85262 46092 156999 135307 51067 149460 190207 9218 195144 100170 165211 179958 132494 35582 182724 190619 170811 143543 43206 142425 65793 157729 2584 138070 69086 194575 170507 103655 26310 149396 113290 72666 174435 182836 41800 74266 72516 98151 91668 100957 30279 21467 20903 72737 69233 149636 199069 68037 169241 112327 189419 143902 35644 4602 181292 98210 38868 50464 156920 116789 692 191883 142882 164227 183910 198778 60823 103852 175253 89931 123746 13227 59863 49703 168116 86783 49835 121374 169229 57477 150957 127070 125445 162761 194315 119603 7637 147760 167128 143587 149530 196673 44575 24826 129884 24792 191602 20529 191621 68831 7179 63321 91685 186495 187644 134214 116536 82850 106626 80072 44680 183886 45447 169016 132015 148069 6408 159220 45272 75779 101329 156334 181348 150774 33870 169359 80968 17809 155879 7876 113306 73517 199976 85834 52099 179795 47036 38892 91606 81028 143611 130266 65215 95014 9379 3839 191658 85873 197686 137851 56175 142501 49871 20461 25597 188877 129302 118606 110470 32142 27160 186441 133294 18352 79096 34478 31897 29707 179710 88654 21638 12083 4231 140588 116590 31812 19986 122671 154607 136726 28867 178431 136502 40076 132368 47736 156999 78186 48556 86067 126230 195825 136268 157682 90630 125953 114595 41453 142000 194605 17197 139377 21615 85712 70888 20014 26574 45795 169916 29149 3069 160131 127080 159728 171500 71380 132754 165362 59211 4714 57387 89273 93672 183503 186800 121529 47228 177021 46369 174623 76268 97491 146466 3855 61450 103707 40271 157213 9467 21337 57303 36747 178129 33371 112126 101001 19756 88829 195056 13943 163077 158539 98264 36064 113690 66000 135138 162411 72909 30697 112234 129396 108588 185229 110018 190763 132409 147818 35702 44417 73799 46383 33551 104958 82138 157905 38254 135144 158503 171141 10517 16783 81490 174196 151385 26751 125652 166708 8865 31675 5455 110574 80700 146012 105911 180866 181039 79887 179372 55634 47914 109502 171547 19327 197657 8535 26420 105578 64530 24536 17181 47823 183127 157808 114876 187340 59990 132260 162064 71194 172813 91195 85543 61 648 86131 158250 156415 20948 187911 28295 111193 8016 190551 96546 136930 22209 120571 145947 84451 96329 22766 183638 68723 148199 152233 114823 82673 168197 161793 167254 4163 15014 125268 3062 152023 36484 138919 152038 186938 24045 131698 124463 198786 126897 186093 119251 36426 12619 157781 13640 104552 146505 50790 62305 119476 15939 23423 196846 166348 65084 53136 144990 131169 107396 118514 194597 148809 134961 111216 65789 98191 164746 141189 80664 190517 63002 9186 148805 111161 162201 41597 164375 168336 135290 59844 22827 44673 198307 75001 140184 119893 79193 15587 184080 193031 162896 124101 60816 74264 184057 37868 92491 51006 49333 80499 69948 57225 198952 60040 97221 130345 155771 49300 147214 135388 104572 2096 20125 93701 186338 6411 31202 104521 192813 77831 162058 8492 79412 173916 177670 18148 189994 24314 158272 91544 14859 191163 152811 128345 149962 81708 19869 142840 75270 109183 77476 48732 74577 195720 38878 165699 157310 47924 6745 67787 3729 50396 59729 48265 175891 115572 55947 81950 194807 3486 52477 77045 59218 187994 70873 9156 13206 186895 49246 118744 129660 86336 72566 55298 146670 10514 109272 180340 89862 9374 137653 410 11223 121795 83860 36606 146492 98550 195868 153494 137032 144063 106607 124445 64903 122843 182310 7768 71937 148427 5745 198830 76419 37209 105444 48051 41128 148469 159877 100184 121327 159177 102027 84826 145387 139613 117943 104002 175669 157767 42392 71978 61009 41378 127979 28087 32771 117107 111035 123107 160120 156352 93160 173249 116379 182380 103208 126666 16548 125522 134352 32658 176306 125 197964 77144 55224 114998 123174 77417 36878 89355 115254 111885 41600 25817 121693 166530 169847 87804 87061 158642 165591 96848 6618 56726 92579 141709 13157 45664 123343 75546 133257 127172 118822 52268 172557 163475 11088 33382 69120 110790 154388 86846 198608 165397 189861 124998 171612 167247 114373 180047 23207 6643 129645 60557 147649 7571 177169 165060 165149 181435 193728 196194 64587 171537 162071 853 81594 24370 114454 187343 192830 173182 176537 56489 81811 6298 39227 152743 134491 70498 191941 93054 53242 182310 115482 194553 181505 120340 42701 167954 22203 160877 49794 42235 187853 139293 8387 117269 94810 50822 58621 165413 37107 68943 16662 48318 596 35104 81358 162968 80471 104982 3015 193975 37370 26688 83528 189529 163724 179766 148325 182131 112353 112194 181253 40846 165365 106153 125880 157466 151658 84506 57522 67611 196401 139081 114811 91205 1302 114943 146867 146798 72145 73643 62598 165619 45636 105823 155038 90963 147518 108069 65666 107274 90672 37930 74614 173372 27457 25474 93182 155216 188185 57602 151382 120937 7538 85227 110061 103712 82353 174858 88298 51887 43220 106005 2769 5537 16893 111046 168799 182478 5008 182064 49504 133943 188090 90051 83427 57468 132502 170124 111164 72676 170743 79848 6751 57410 71774 52276 26030 48053 146259 76367 25301 23090 190494 51262 135991 149958 8090 28622 120602 104617 161511 22886 110542 11899 126818 173447 54204 177842 97228 131146 174376 84709 8891 110935 171969 161641 165264 96630 146776 118658 108672 102569 165502 55891 103951 28236 157529 72177 175752 128181 105371 2129 32633 181150 40474 97381 58311 18445 35371 149030 110947 17504 193552 159671 197574 177586 18850 162900 75268 180493 138651 164251 83219 132839 105039 158601 100601 59759 7467 109025 174504 169119 184987 32746 139069 31780 151952 64188 116418 74781 147622 188736 26909 192539 147558 176672 174501 84971 87398 52006 183623 197885 176322 35151 181115 144192 142620 88703 98448 145056 125213 182755 149083 133005 110356 128812 57809 123814 193560 11125 38290 37673 90653 85507 58908 170907 182196 15643 114059 91547 112987 36170 142478 22931 183215 6753 30064 36689 198212 123057 97254 154375 179306 152497 191890 68265 46971 151280 162491 82633 75204 197234 150069 180676 183087 29721 174374 180856 18979 178417 12345 38506 171822 77683 35807 58201 125258 159741 35982 102302 136851 192483 57451 189295 122182 160392 91102 60171 148365 111975 157725 102131 3419 191661 149360 177941 173979 53978 118646 98820 190499 48202 104057 127338 146509 75320 48737 22816 112403 141881 175911 163630 177673 162342 171981 49070 29600 48890 9261 79987 40683 105575 192491 39357 83091 88971 153690 43513 14374 183637 117974 167943 56366 172874 126420 103175 72152 133000 197861 63068 135950 147263 197990 29124 135311 124336 152916 40168 124428 193706 120847 146966 72534 146142 16599 84596 145577 13708 4694 163978 199901 140487 25814 80641 158210 193285 88717 188956 110693 9953 152104 65954 161500 75259 151494 25189 455 192069 29874 34635 1506 65749 9134 80444 129796 96087 106351 119332 56748 39359 68695 165089 156158 62168 6301 193780 141573 76505 122394 84782 181420 169364 157973 176920 186198 82692 55295 103476 123171 87379 80077 26754 38361 169900 42373 156319 194417 61118 177994 105984 193426 20345 37798 16837 86814 22173 141913 493 153414 41426 38011 121918 97129 173230 10123 182640 178528 25987 152524 38808 78539 181364 25400 17632 19099 32135 196379 37415 193628 45952 177728 127731 89269 163031 149075 1632 170161 83298 44494 3247 139772 121238 157800 134653 112627 194315 98534 78214 46171 85744 138108 171147 111649 51756 102453 100580 45459 137344 69036 28043 199545 149413 144563 32142 151277 129834 70689 124746 7345 128640 23284 130222 148988 161329 158535 133856 37998 84701 121095 74372 101276 92661 7134 166968 111043 164292 165053 1978 159559 197716 135178 58442 24998 132462 69553 80993 123979 85461 79272 36478 133923 151288 191036 183703 131285 1908 52704 161753 183325 31783 112587 153502 172239 575 56626 117786 100446 82053 115794 132748 153950 99636 116065 146515 191148 64513 27661 132070 89425 100450 92724 100475 145737 25296 2071 63715 51023 136692 47561 74021 177536 69009 165836 178872 46524 169244 94813 199561 159499 47505 189223 30710 76956 124441 160273 48123 37693 186375 193533 121405 153686 2522 95863 9349 61686 33300 80287 45687 129450 96804 136093 169220 36715 77268 69290 135608 60455 19336 113587 96765 30968 99000 108946 50323 149865 165901 20497 87556 131375 149022 34834 23126 105260 127120 33162 165535 190457 182168 159914 184801 176641 47139 148846 56796 42873 49390 157568 160731 18358 61127 130996 183039 49775 58700 11515 191503 11166 140044 130237 24042 96548 155778 181895 6912 23401 49461 24639 2893 191708 186648 168352 173667 117221 189203 185731 108492 17479 107291 12601 187010 131183 93070 66121 140028 120846 182448 158774 37757 81173 108431 9062 22801 149118 61151 46629 138987 113907 187296 12729 82440 172999 174085 76852 74720 88729 130227 104575 163762 59495 120015 49893 144993 98420 44645 136411 109855 5034 36552 193780 31896 184520 57957 58603 74343 154890 196209 144806 129952 48550 97305 44632 92180 74052 93111 169957 110659 196063 54745 62987 32117 146199 111887 63638 114525 150078 60719 131140 155248 39341 38454 5466 72055 100972 87603 86969 119485 190340 4320 58003 182508 112910 12908 178044 89613 671 195027 185722 13106 126881 80378 17089 174419 110326 145406 33929 57669 83034 163649 49621 165913 169851 45678 146288 157404 30807 22555 112802 52799 168669 51312 24981 21339 143675 181492 44582 199691 178107 154086 11309 1877 160531 32472 189234 24163 117862 97810 22254 141810 73719 29560 2008 15348 198963 174388 49904 191185 48386 190534 188336 91532 20318 178340 132554 38191 15421 139911 55907 39989 161998 132708 124338 43528 12721 97173 118874 49298 154520 22144 46088 36056 31060 147010 177170 51060 51043 100346 177610 38152 63785 91811 185810 136163 138591 43519 176132 144594 112587 87512 30437 46185 88839 187326 64463 24190 178821 29019 2752 90845 56833 132877 176770 148221 174568 66336 189766 22299 120132 78884 123987 7884 27808 142335 174184 146752 31472 85020 67270 62342 133776 21583 59834 12935 13422 66192 67395 159727 136734 181241 111594 105067 99218 55825 95553 40821 15612 132623 55362 37763 102629 135803 43136 28291 121570 184830 339 93759 175951 72185 6921 14449 139003 66626 190273 153141 186801 159867 70876 68802 89410 63540 148791 44372 121124 101170 155618 142000 160485 97232 17659 159549 183423 118395 126766 87127 119017 42975 27712 103147 153491 22831 104946 95924 14817 33628 14931 192583 109803 141224 193888 180127 139300 130648 110970 71272 187510 125948 14217 136966 152069 175436 27797 169558 111662 134380 101619 158071 23262 144241 7178 199491 142977 157669 13784 162546 34408 135030 19943 193673 103560 53491 156091 109915 146589 67230 38457 194665 127143 117285 54116 91161 33670 41751 92501 56436 87135 160736 153424 12719 199175 81721 18436 137756 33598 168730 29196 175329 169336 110321 69212 191421 53503 145541 20482 55080 136920 130689 102674 49023 105449 58624 172537 145091 75506 176527 64886 16045 116609 93810 160388 13011 55621 129885 77395 8846 111330 80624 63228 29286 159991 108272 18126 42037 169690 50911 116024 58360 161676 184018 60193 2670 4565 127411 124672 36271 115752 169090 193064 136200 12255 25565 136434 85108 94440 172311 49624 72097 154066 67598 11032 107555 41176 3579 119923 54928 33649 46631 75369 98666 110815 81344 110211 168028 184429 6016 166625 43318 105396 142121 152331 125625 20420 10423 10609 140470 22450 174957 98031 159347 43469 44387 83649 33472 88816 83658 135293 54665 5210 131696 164376 35801 103987 149628 48926 31459 67689 105850 147547 130153 151550 149300 174816 44397 158915 29674 86700 22203 68944 74741 156542 50117 173203 162720 6306 34954 19509 48622 87006 18946 40921 44571 105520 82213 157309 148645 119139 191238 49122 13589 174316 77481 181216 39599 100397 92920 66414 9701 32713 174870 196553 108539 172748 13799 36461 149390 15909 81565 92098 54414 24812 135475 90914 190261 38342 48253 176563 1987 48303 160335 66409 116535 163846 70564 11960 150989 144574 102425 161789 50175 14326 100916 133010 62172 10261 191165 96040 152156 13876 159952 17838 88248 113978 2125 181415 22650 76497 173062 110572 118479 41988 48432 3196 168574 79782 106761 128097 139546 141620 101656 167729 109379 91593 47223 89719 181267 184364 4900 13173 96252 57153 152203 169266 66777 188804 38328 52968 61742 198871 178290 58233 79035 107383 54216 34286 184304 148898 170281 178291 63306 140289 186535 188410 60268 106267 175643 31191 198920 113974 108120 140471 74778 15154 126664 156429 50106 93250 177291 4806 74905 79962 122574 192404 59609 130150 121272 188249 27144 51117 36857 159077 96084 174988 150543 195984 35598 81157 108660 181785 147180 170414 196029 22236 117965 119261 673 27413 84869 59879 30293 171308 67799 43627 184994 76871 33621 13256 152457 181105 182846 186377 37223 25757 111582 60206 83269 129715 51306 12082 24869 192497 23218 181422 197800 127765 179020 77912 37833 198399 76835 86041 130977 146750 37465 183027 42378 107158 110378 180865 1157 129428 151939 121677 59156 109054 166500 19369 189127 36418 8813 50126 56044 49463 171439 86261 170468 174619 164834 61061 123472 190116 136583 178427 179867 34611 77880 163129 356 68161 172606 25784 43579 123044 98919 137092 167371 111945 121545 118386 6084 133652 137980 16051 137242 185507 110782 45972 64487 172887 167996 166323 47808 144878 95181 155443 89210 171787 29998 17885 25738 172325 178115 156121 131817 66378 70009 53393 149882 3853 144291 141211 69682 54783 154283 194258 184149 10527 74365 167350 122231 3020 191796 186276 67231 112303 84259 146710 150909 167181 169437 21729 82833 158345 80156 152212 44642 192712 114735 51619 186919 68966 42194 8682 20134 39339 191179 81554 96596 49432 139462 65751 37023 72722 190379 32278 110698 28206 126535 51635 87906 47003 72208 146430 3171 113369 110555 113212 185465 85100 75365 174168 160439 160688 53294 65316 36727 63362 79693 22658 78447 102784 36233 198285 111624 171474 19156 57812 164102 193428 24392 188706 115774 135997 128524 182367 93 197069 94587 189840 138840 81252 22608 187074 132962 85635 11714 80456 56050 28265 194947 11137 90994 197480 85937 147324 110550 115001 1237 123346 34453 115280 50778 30511 112550 106684 105718 52285 187096 84039 115010 166274 161454 199877 104047 109687 170424 80644 100766 55829 126283 29676 56877 181523 11270 66405 71560 17014 138309 40371 179470 63213 43996 16775 48654 153840 188891 173471 34313 139585 62607 54300 104763 86125 17292 184767 141326 141949 138437 45954 99398 11046 107833 162871 36779 7395 109771 148229 173583 94956 79219 98508 63442 20021 123960 103199 76288 5973 69747 153894 5241 80850 109959 16934 195071 31591 130064 96680 123016 12325 194285 197313 13878 30795 160715 48530 108828 105750 103677 161402 17388 169345 96919 84219 116434 159460 131165 114209 40877 6307 55031 100920 38574 118649 66837 16998 114647 83585 126432 170695 11904 84971 126915 55697 82980 120500 184855 110873 147172 131716 98592 190071 199813 80521 80449 18109 131885 145183 82493 1596 197818 101074 166843 188689 118296 191262 26486 53240 108490 162265 120923 42593 152942 11996 133079 186391 163812 71517 102298 59735 169734 43010 140517 184691 54963 93087 72088 70365 87008 137732 182775 125535 97612 160841 139969 133288 109549 68092 142038 169807 68545 87147 192224 112989 157945 121348 113460 139504 106632 184027 153541 191253 116225 188672 39568 191231 38384 73894 54095 94864 112350 10294 65375 12760 165202 159057 71593 40268 81828 6294 69186 183952 31364 113680 158729 54998 136500 122669 3162 32091 103214 165990 65145 144821 159988 23647 20174 85393 125972 122777 113306 196833 85839 16260 185065 148343 95489 31469 20319 192883 35006 21165 177884 108693 185895 172563 159938 97494 73794 45601 158204 73032 12339 177225 19565 99245 196308 120006 151662 101487 82012 140892 14891 118419 140759 184375 151960 92624 62362 147916 60350 44553 67430 49336 139179 74487 48606 138843 139967 184766 171635 39672 31337 37184 93883 65231 66986 10206 90855 52089 68611 24774 57501 90855 179228 5684 139366 108850 140590 46038 76144 110420 67601 171559 117858 128143 88550 50374 81649 16465 63518 176883 152404 56475 121667 167779 87925 4150 126097 193502 150645 150270 145918 41474 111585 150720 6824 105613 97411 78926 57570 158965 63553 65695 46958 186496 168095 57402 179412 83655 23346 102906 25611 78205 71459 32737 49487 73084 32570 86292 116791 62032 98765 139873 172467 181740 187361 165642 137202 30284 115292 167851 130856 56105 197032 84838 39527 6259 137593 68845 114429 11280 62358 122579 187094 155371 129673 119725 49329 195264 35221 138158 64210 78830 190562 169402 150888 56522 142381 80042 107973 7893 192798 137097 186243 149912 44258 56975 157966 20023 26490 188568 191693 114336 102737 22107 146942 104721 91257 44807 5456 52248 84854 138867 166371 189703 11309 197845 1537 151336 50739 7602 119478 113700 156747 46742 124916 157189 59337 46597 154449 163074 88411 42904 137869 69497 77107 127773 33299 160915 180174 44247 31619 92280 22006 188809 183992 9386 192492 4437 5304 51245 83669 192494 57571 128976 58276 13326 97647 112451 2750 67329 119367 116979 33921 151413 151442 20437 184384 98447 41506 2501 38905 183874 12838 126913 195935 174682 196883 103125 105279 85708 129395 8204 185850 152480 135016 178995 112343 126092 134845 110422 20092 57662 152056 9488 172459 58921 119516 44024 19700 43158 183007 150379 18608 25169 106497 47936 3373 73380 137271 53185 74564 38675 61617 43014 77562 91073 183399 43349 175446 153867 165826 168242 115534 179656 131407 195688 170536 13495 4188 31568 82247 63713 73650 38450 199793 53976 7440 10426 134409 167163 15014 58130 50721 67521 48629 60258 90780 49071 71527 159456 94463 4785 195868 151212 105576 73942 195739 171 111303 171736 164650 189023 97023 198029 145279 123271 35309 22378 23657 162088 128534 188095 102278 173776 69356 120368 193712 136090 4819 26956 64159 192330 127252 62291 196951 107021 61201 159284 112736 187276 21135 7458 114222 85285 186470 5669 80253 60501 170384 160969 42236 176264 91311 178739 33150 41499 60943 123137 35474 16811 48297 122746 99319 46268 38898 154890 117561 198442 23117 132246 147522 148020 142167 131114 137627 78264 192530 10607 11205 1565 25499 50941 38039 81714 41617 153850 85903 61661 117019 156274 124777 182873 32432 113596 148405 179906 174992 30582 177119 63590 173076 38974 64845 178165 161425 86396 145028 62400 182165 106049 61344 95614 114774 122922 177444 53530 38434 130848 187773 20066 144430 121831 197764 165660 121469 169773 136505 90003 92100 37621 119589 9391 178644 88006 144590 169888 197262 66605 35783 117168 115400 150191 14604 148629 177739 24475 118748 184594 36838 194200 77920 28323 145091 65881 19833 40515 99622 76199 61427 72265 114705 55071 18861 86559 59117 174670 185407 101281 109838 77853 168557 46389 4234 56222 101198 84095 88999 36794 12851 40223 170177 177242 115487 195751 197062 177275 6239 143100 37821 22040 623 37616 120568 165013 156062 9750 125275 137331 134745 162873 73855 153168 130856 172125 121756 121695 185234 177371 136004 65959 67092 29076 81720 193619 36700 112877 112388 196439 54271 158148 171520 21991 1725 173661 10917 122428 189038 58131 161157 8530 83500 123331 105693 169413 186292 103303 142692 28734 163487 194130 113842 84468 124900 62632 98476 26592 82213 45420 5569 112332 121193 191338 128622 173500 169419 12203 53936 73951 55431 43839 187864 88890 182158 70948 113987 191133 74857 91731 15570 181757 182334 7787 92188 11275 119936 21793 157181 142443 150880 125771 187785 138278 36731 41345 174142 106372 20074 194146 23509 116595 92656 67989 142711 69483 64197 144727 169277 180900 153021 142835 59506 131751 6935 197354 163198 92492 73671 62651 92167 176314 188749 47032 77753 25694 125916 165709 177436 167105 60849 148603 1723 92626 6799 87337 157521 105406 54160 43064 52426 39646 149307 100895 929 128666 177656 79332 83768 55198 143915 120638 48692 60236 87441 179546 121625 23596 2062 104506 13480 181932 166190 998 93585 98404 47899 25997 123589 20424 49718 62852 181954 138866 31577 85882 19490 29875 157587 161696 98747 59293 159124 165389 129139 177156 142649 100453 71639 30136 119390 100097 177434 185232 183397 178566 54541 19988 122354 47169 135220 103688 129175 30773 124001 159745 117987 173358 99801 21576 190746 4450 100645 155425 146861 188819 188320 34045 18817 188965 144337 95026 66649 2881 123144 156095 99881 170458 129659 18020 18806 41087 156825 801 20808 43025 149276 48774 71450 58426 91714 26708 186369 51186 10109 190577 164022 99686 11704 154223 150890 45125 161486 185807 163331 130449 186743 90520 162669 29957 148252 127261 193261 116271 51617 77909 40890 36219 44110 60089 53523 53641 174142 85354 173627 49727 17664 115580 31774 142001 52189 46500 132056 131693 100007 170106 113142 118623 132300 170664 129083 134517 25787 195040 133898 110933 67473 81268 92206 12922 94079 84677 69536 141796 45497 9153 62960 84649 93778 10159 18265 150593 105446 43717 21979 136665 187470 128679 117084 136477 124141 1355 49054 53144 172006 141595 158851 105755 58810 164242 71885 119421 138940 1637 119401 37876 162954 13757 14690 199721 153089 92273 82422 10384 55405 192799 15474 195449 54956 44340 117850 186050 182209 67779 162007 98553 67143 69769 199533 129402 199208 178453 54985 83078 197009 71730 93136 153090 2618 108666 61527 108675 152042 154864 28994 116156 82836 134362 187104 11246 167277 196467 36479 80364 28471 199427 106594 96545 101986 65233 86158 72928 147616 47434 53872 114052 179104 158380 37385 197785 131287 78317 160009 172965 154120 157176 57286 89313 153047 138505 95328 144025 95740 144553 30626 20534 173455 127785 175230 677 167120 67090 132067 169942 146091 151570 84810 32383 43027 41759 43075 115571 58804 102639 49925 8021 28103 8349 56395 41895 4862 5328 74915 74512 14859 133342 136257 92662 55958 146735 5404 122366 147156 85068 151586 140398 24486 106337 185624 103518 6687 189078 44004 173046 89822 185512 124351 8068 19071 37200 110876 71862 153799 84814 167506 142491 90568 1117 179831 156428 46556 197751 138133 81607 88707 8310 188638 12770 37215 94238 50753 75552 63413 156348 101735 185696 29230 102074 50316 57354 21381 55497 168477 168996 48107 73119 51841 154552 15412 63751 129203 190768 141533 16226 3441 131712 142157 152868 68590 3311 117429 129666 33082 123102 25382 79619 146602 107114 40396 149962 126917 166871 92781 174230 189713 188641 4456 131858 35771 11543 89629 17133 86416 174234 36723 1148 31463 133160 105061 44217 194688 59735 175544 46449 9080 174799 84590 145943 48928 124746 90621 185253 164968 84678 186689 190665 172780 34075 47606 9973 182589 50904 134467 107879 21665 18094 174897 141428 189339 96278 73542 106883 59975 63287 54972 106595 148836 71991 50106 44720 11845 136830 183661 189718 74428 99180 10024 152792 136910 199371 169070 989 143409 173617 77533 162428 36632 191422 114710 36787 22464 145975 149576 64384 29432 22943 61999 144929 176724 102911 77096 138171 152242 153583 20523 82860 49167 108521 155890 46770 51141 138622 146215 108057 14340 178417 97355 13596 89570 46704 136523 6107 92912 184965 118062 183221 62161 127302 143630 4877 194752 186110 150577 141959 194620 169637 166514 128444 62612 128357 180078 120184 16975 51439 162805 60933 181332 89744 113291 47962 11525 16373 138100 181018 1453 161015 127289 77619 124001 154337 179071 117238 18026 42070 23450 10729 13718 83087 48979 50394 117657 39710 97375 22518 12133 31341 139234 120782 64378 20978 30306 29465 154444 70632 152530 187954 94721 63137 125132 199694 95062 182443 110233 135883 43213 52921 120961 106309 51685 156029 159154 114927 52867 40357 25348 89175 88639 22648 196363 42657 142345 24618 197196 61744 173226 122890 184354 20467 113085 50000 138337 30752 15796 111735 40104 87945 102167 73790 44411 125980 72651 145260 46324 3817 153784 96936 58546 98940 146335 166194 147487 52965 195625 70525 53151 158409 196148 90698 137153 10409 51911 187182 187282 118675 165638 196262 140798 68548 1671 69476 35422 109798 78522 152398 99530 108760 198576 192301 100912 111517 138948 110783 56123 15675 182535 23962 96393 44257 37652 40153 172903 150739 58231 184216 35856 75555 59750 179091 181013 155844 185220 8022 123210 182813 60465 148112 133449 107312 140931 113114 23270 178077 163096 55458 24873 173041 21284 166728 15258 150464 68284 92139 75495 93906 67192 93929 185833 149972 160016 125347 9433 175570 21819 119207 158986 175526 190352 197832 90253 87848 166333 163693 143325 138065 128538 174956 70370 183270 141611 116636 141226 193259 156107 154674 172073 135389 136659 142399 78349 157543 170169 175647 198164 78098 23058 76380 50833 97644 137179 148133 137453 151696 166763 49175 129399 6188 100001 67600 41244 23755 97942 111987 104620 37090 75122 124448 168432 150332 101888 81409 61051 26657 3098 173683 41102 84244 132824 64951 82324 57515 48398 87916 89002 110351 161333 195941 160996 167763 26141 75613 135744 181956 175508 42625 88012 101720 92242 21912 164400 170600 190545 64843 14701 34358 80395 61021 46170 115280 134246 111009 191776 85869 67496 104365 45146 47826 57379 195257 83985 16690 31473 171409 47750 148513 26862 89478 94675 33222 63335 39439 162665 72003 65506 198180 159261 132707 20671 65439 143919 144378 52268 10451 98156 106665 193304 192974 75596 12969 135802 116230 192608 126031 28449 68953 93662 116627 184817 91162 22136 112424 75590 1652 35243 55507 115821 40368 179378 159280 39430 54074 103830 41244 198108 22709 107883 45984 154113 163433 98320 40667 114520 61377 172945 91522 11049 30140 98180 16722 127913 45821 195712 51121 70153 77586 62747 9786 196893 1194 24081 92241 151465 161572 134843 47392 169660 139648 152845 103111 183998 171025 70905 21247 95154 75559 46777 80109 55165 191964 91405 33321 63214 98110 63297 168630 196146 157952 177602 156713 172183 158407 121848 41709 141751 78550 128503 152065 128597 4371 135424 66651 42064 181974 84307 25317 160457 131728 66314 55212 45711 151300 46781 28969 95124 167930 17020 195262 115648 44154 155165 42142 171207 193523 2210 147620 105695 21563 37313 62369 51248 103248 115472 182743 41021 198623 592 111532 171894 150004 157245 100992 55185 123382 45684 116096 23585 38224 129197 199211 97489 161881 20771 64329 88123 168445 132442 103579 166550 131074 42722 16519 89168 23414 107485 7367 191253 127184 122327 119120 112961 58609 16113 89660 39840 97169 68229 23814 17161 168856 142490 87055 189962 7073 36744 177244 159013 96466 183653 3204 96133 12100 95954 171470 18452 134748 191709 192390 189662 31841 176665 184917 25810 12026 18503 51031 192519 16556 167370 93252 149233 28654 112500 75078 126311 167152 158283 98789 83333 7920 123697 41551 140449 74580 97849 170424 198008 65786 177418 43847 84719 160161 41086 105317 31799 197199 111159 4984 59048 34471 169871 110553 167690 160188 28334 183084 95759 99879 108332 123696 102085 41810 146546 83947 47273 52734 20711 124844 165653 89782 36674 73145 131682 177031 125590 186447 86296 152975 10864 142465 5764 151538 21760 103685 25415 69670 140899 102164 70930 162993 131743 161476 161716 15449 22795 118494 161726 77596 129483 127568 39421 157821 189639 182208 114401 45953 19118 153934 79200 135298 56093 148294 116188 120724 72461 61759 32510 52676 13482 33213 143907 121862 63926 46862 133165 159476 44871 85035 40519 83682 51882 121676 151425 158332 50160 10660 105736 128965 32128 143369 137876 129093 10993 141097 173406 45890 81119 101581 173716 24849 21471 84430 54991 158521 164176 69404 61657 136274 190176 15590 146044 139574 150587 112400 71531 39971 20594 17305 21316 123278 146010 18581 77024 103536 70059 104703 132780 122555 181030 192041 47629 191461 67322 37965 109552 80361 137551 191082 146054 39406 170345 23875 32489 23412 128941 53445 24777 143579 91609 37218 116703 138905 179248 42462 190083 132247 121236 58290 127736 95176 102600 17025 17445 198541 151831 9840 188259 103307 83382 41711 82305 155347 17677 35325 36765 180640 6016 132706 131585 127293 98265 55815 77852 10012 194541 21634 85756 34768 168528 52049 35655 2246 143459 77860 53746 189893 72875 43499 164352 14832 104251 168166 152170 82001 53284 61586 142183 78373 7121 71607 196675 16411 142676 186855 100077 58702 54641 12976 88582 148057 161170 10787 180165 184343 44884 192880 34017 3060 165144 8977 155114 166972 58372 85686 92730 109588 160119 163406 103854 46226 109062 195888 93240 109578 193563 8163 9097 103682 7118 126116 119673 147345 115088 12079 144488 120335 50239 126233 145056 82823 112149 192654 95737 94412 35292 41062 16869 152955 25555 158097 74749 14448 75255 33845 151194 146836 97500 33674 81938 129751 48066 15242 104414 125364 75467 65042 170209 101374 125155 158428 11189 160898 184311 54537 68551 29604 188283 174347 133243 127414 111782 1014 138217 10683 108844 41104 174377 129123 49024 180740 53882 4661 86633 189817 2966 158847 5167 165547 131703 158078 180207 67746 17756 3800 180899 63707 108759 16546 110244 135918 184836 123861 83469 145631 22681 186352 25933 104846 8323 139250 53461 34466 173432 94794 16626 59002 47062 81205 191361 197695 57660 130342 95366 83012 25329 108126 92644 155050 195172 56148 10811 47390 18264 47954 129880 110671 113050 138774 124722 47657 104017 113512 10449 144244 171039 141188 174822 81812 694 110920 97006 94358 171545 10834 104497 153007 167788 159609 168660 107665 197926 110255 4200 130739 195873 160990 171100 105256 129379 105021 20379 163863 48100 91160 37682 106508 21708 67794 175828 189027 102575 2393 134963 138853 149451 150333 168219 9237 162250 99846 164203 79588 168427 170973 43051 120835 55570 87808 69333 9332 71951 94632 29876 75191 54784 104680 83650 117524 138191 180119 131442 120971 62753 107838 35051 150816 7580 172633 171368 144032 58879 13082 16436 96932 106202 94123 103700 104651 172502 45509 65972 98055 199 113546 172682 40709 170128 135950 73550 80297 87957 14027 60440 161534 118878 116216 70461 121049 109603 39395 173135 185846 125536 189374 105381 2624 101445 11035 175242 116354 34956 98340 180745 92956 68814 34127 82630 54098 27589 187332 33288 83841 116776 60482 79934 178862 8289 197577 48745 175095 112260 56251 122395 22531 58095 59921 151259 58050 20518 113504 59272 64726 159012 149581 100322 116866 77485 138786 74413 176223 119433 196839 117252 91383 44019 103591 3099 26777 145092 184094 24461 188737 112493 152022 133861 18351 8141 106744 120926 193554 38449 159427 121534 89866 123390 30801 174868 195804 67869 199819 186498 30210 185581 50500 58001 99015 91385 16684 97452 163415 122742 56712 135698 159592 66735 72882 138737 27543 18370 181254 92416 25670 59781 180347 156140 70317 30521 176606 42723 160393 7606 10742 6479 53149 99211 18272 46723 56462 28937 141981 184392 78420 111963 187718 25160 164759 36157 86150 34791 81296 18670 13063 53223 12181 94757 86623 187852 112121 112716 67757 175724 46257 179385 107501 36909 13917 87199 95755 45894 23997 143564 21201 139964 163917 106549 181356 150044 170432 14491 73369 132347 73578 40757 129611 50782 13178 97368 158696 51424 127832 59569 128578 191924 61532 118416 138591 147361 190964 143725 168914 196944 72519 191485 189035 109085 181493 116846 23540 58007 1076 69154 129600 46206 12243 15537 73507 7229 80369 188988 11040 123155 190177 150028 48768 115165 92322 4007 112064 113696 67513 156860 72515 141484 124330 52476 48615 63782 88145 22261 93592 81726 167840 24439 104875 91154 3449 49879 290 119527 5703 121939 148320 81455 68469 186268 86764 57205 62528 148902 144052 132744 103039 8053 79444 123629 90575 99221 103947 123672 145552 117476 110211 19950 72923 169706 113005 97783 21964 66477 78086 75263 37112 44748 130433 161373 34280 143570 128799 73354 117743 76213 110866 151688 12348 33156 141448 43644 69382 128777 9418 173943 52937 30735 132158 18170 75831 155192 139887 59900 20772 60855 72582 174317 40507 184149 61508 105081 15131 154528 44578 113827 85651 185337 47655 176785 166309 70550 138577 138953 187251 155460 74631 179164 147802 165169 19764 183026 13910 193175 74731 104047 187351 189582 62690 2786 35831 199507 65653 186513 195890 37419 124754 32801 142966 128451 10573 165670 30787 188639 79431 77949 88018 39053 60401 14776 45809 12325 178120 156571 185865 56486 85294 97666 73081 98438 112656 17214 22158 194928 76106 177512 18247 135372 125368 128236 80117 81984 173521 188673 89235 153837 110624 168274 104417 9588 19404 85551 92806 175051 119309 183063 116809 101534 161554 80196 129699 149364 44849 174173 78175 44983 10560 118957 150368 65420 109531 29022 196357 122472 33989 146265 26923 162963 124740 176005 172626 87585 92043 17004 117526 88508 193019 138502 110734 24761 92744 163137 174167 164411 197749 3041 11664 188149 91180 122597 128286 75695 62997 138127 90047 4572 18851 117496 114229 134406 180393 130725 86644 136169 4250 109714 141005 166514 191565 27594 172532 126090 173394 15116 161220 179297 72645 95947 106270 3392 188305 80357 82618 199510 134661 169798 26466 105982 74482 16765 175164 6149 178373 9503 180360 73586 64234 170094 5057 119437 85068 193949 168301 27313 8384 183526 19124 114418 142840 28772 87389 162527 61254 175564 38949 162948 122351 22509 153164 192580 144124 44323 191859 62258 43990 99598 169680 176 46868 28121 199755 139917 39270 153380 45867 46900 12866 136117 103483 196404 29847 37714 173716 38509 142157 154685 82629 183476 16702 21942 76781 167051 190447 108498 34861 109152 4368 75997 181575 141969 95578 47321 43958 44312 152448 20590 151473 29035 45671 55629 95763 125957 27260 183629 134998 40527 168144 94168 35184 58604 69392 102267 84641 126430 179737 19539 58197 51462 136405 163984 159365 26874 74395 137703 29713 134770 119141 129360 28782 181751 186380 117739 112586 106630 33712 130070 42152 117940 189512 31766 93231 192812 138436 161444 22149 37935 68356 91222 111616 159664 92539 148165 195687 46671 176580 54131 160366 22302 41657 111024 40417 125316 159152 163134 41647 13279 51194 166772 39401 198818 32417 8973 168944 6781 66250 115407 103558 94871 103258 137059 15541 46974 53525 36889 125481 18781 36932 149810 88830 178167 178086 85753 8573 45307 138159 73503 101849 469 122862 14628 53477 2869 14763 118479 56330 105877 11351 24257 35486 146467 88411 112713 36312 76592 107250 170136 7723 7641 623 127209 177007 82232 86920 1142 54245 87227 12303 179468 192823 49088 6357 188501 142939 196813 141983 135994 187072 199883 42483 42850 149273 154928 117397 12412 121634 95018 12615 133782 1078 74749 53727 67625 135706 194653 75070 137026 67722 17720 117889 9842 47338 152165 186962 108375 98452 3642 193591 7652 25296 42335 179817 134847 120555 27211 30188 176732 49858 99567 124884 192436 106882 118358 107994 124703 85433 150517 57608 14825 159076 31832 160048 42923 28356 68520 56963 98466 166608 146771 34426 198337 70145 111199 133233 154551 199968 140592 160921 12185 129261 105149 89858 7447 147767 147302 19085 12983 46883 93219 92976 53878 62337 54786 161194 79420 121351 111217 196965 55129 132045 58140 80934 52393 71811 35652 151438 113095 184464 10092 96948 198168 46773 114260 101687 10468 43012 21087 127590 193218 120856 110150 31919 177746 192429 113391 61085 95520 55031 109421 56155 108824 133871 94298 157684 138682 82644 74920 5976 141851 72754 93686 86096 163157 68794 49795 176535 9915 629 184326 103962 153051 123058 199165 20390 12825 193775 12569 31847 179266 110675 34493 63725 72507 150721 169382 172432 84131 59186 68595 5196 171631 142327 29035 6562 117474 3819 170422 46065 12650 93997 172935 72983 26745 154396 137412 123023 188183 67510 109875 35710 104969 81151 195932 174450 137141 83033 31521 188261 157038 155656 93219 132799 70498 45990 69128 160953 30148 196412 99291 77039 84433 75860 92071 13681 50357 91312 189190 147041 132668 172937 122031 22922 51673 71102 121272 30081 194929 188290 121569 23281 124706 53891 94966 16217 27737 20303 154727 157817 91774 63945 55108 69244 141991 180518 146354 153673 115047 168812 66434 6179 163418 164138 175664 114785 168739 8132 153712 88194 3461 53528 109479 1600 193511 194618 131892 194043 159182 197191 188780 102522 192800 94954 132011 22965 38227 62868 32437 15273 94456 75013 113169 95082 77859 79189 138590 132722 85131 85300 14056 51337 185399 40543 167645 103783 180707 146354 113773 129619 115348 74049 861 19944 32460 30479 11080 64864 98964 143936 87806 8291 135410 154931 14466 43712 50126 58858 44054 15476 127135 148272 42109 170932 126510 168154 108678 115895 55379 1940 135595 118222 119116 144525 64231 92521 53027 118205 58539 140955 31147 30904 50110 31288 150791 97516 3331 121166 148617 153590 152377 76135 5653 170083 189578 3636 63399 54473 109995 56916 36264 143696 19668 74685 110194 34796 93945 12444 137805 34981 160521 162178 147357 126241 153765 63988 138663 184766 121632 92443 47675 94007 141207 46888 155383 29212 14718 196889 62097 118493 181449 198645 114463 85046 161724 157823 117211 41948 143247 46827 71682 129175 197285 58538 75789 28899 142703 149134 63387 24202 190610 75710 97721 79223 111969 154623 48913 31491 92403 164259 106527 20306 130441 125985 177525 199259 81973 8758 3912 160911 110548 86854 105146 15145 71866 45143 107099 164246 68812 80503 37129 43002 83962 163633 132237 20745 197081 108176 45301 70802 1321 116615 30217 108093 43257 103692 40856 110915 140678 185663 47827 148206 75411 116205 170935 163209 107802 31944 58672 70545 59802 168605 153366 13680 89202 108482 161254 54032 55630 111449 36978 85564 152673 159569 24321 93857 27353 11535 110281 12172 142883 88734 140980 26200 133675 127049 122822 56028 91760 151665 12741 158034 98708 160314 83904 196180 12401 180433 45670 172814 5497 90601 122792 64398 94735 33332 35326 98304 83776 50403 45119 73225 49921 198139 78640 118237 85685 109462 175838 27512 131092 189914 187839 110437 99037 20230 131787 129185 154211 101218 26126 77355 60396 154960 57809 170455 85768 192983 37096 3630 25633 50768 97437 190946 186997 192057 46232 41561 197330 137674 68957 198924 184251 69410 50148 20378 41802 155428 125522 118535 164252 199770 47792 20153 21978 99651 170563 167171 64960 141886 58685 31527 109450 54777 47884 93622 125397 172489 107915 102688 9821 87460 152010 36333 83550 180926 119359 114431 164368 157030 132997 110289 34586 103615 155615 146370 27511 1037 146630 89906 110264 115273 36012 59361 106479 163634 19378 77029 24139 147082 134973 52401 18060 193765 46949 98132 71077 116538 77352 177838 174246 174946 16019 144202 195714 198450 16682 20941 199128 83413 153260 132538 185766 126505 90504 124290 175611 90938 125219 88682 107222 60760 143549 155757 82252 83323 69352 198925 100128 96146 63518 118714 9629 190710 44019 115617 186684 62102 14750 78838 171650 118453 118112 107668 123351 73913 150497 27317 75715 92472 45376 177990 130884 20722 190653 88239 62048 130200 115714 132039 95626 71117 184743 152587 34857 161762 147747 48866 60806 168275 149415 165167 142592 25248 148241 176991 114455 117032 36707 108413 27603 162068 91797 146408 57098 77652 184082 123898 32115 20059 180076 154448 104960 126575 48209 42390 19831 5115 53698 178071 16785 123287 15627 120247 188265 150381 164565 185350 161658 54509 149141 168181 109621 186479 23220 145499 103257 148552 11075 28542 190107 44840 51691 97177 172626 51803 189334 154325 105128 91298 150875 87303 9199 96195 120748 182316 117588 72378 89893 95920 110837 119927 100840 20498 228 84734 178824 117090 93391 123358 153880 68243 98654 105267 94643 181773 134795 80344 83948 171312 63951 25178 198282 39433 132668 119172 38349 38793 62078 27711 135925 21110 113626 5657 65644 130508 59886 35482 147569 43431 82028 79884 192052 155106 65292 104978 74872 150348 46008 41676 199161 31087 37170 30161 22553 8956 75200 27015 38609 178188 44848 166973 68169 197553 158570 106988 190732 103368 64362 152690 14362 124765 98645 174113 72952 147375 17410 157368 96058 1437 192941 156492 155849 199813 184827 129934 64297 112822 133771 193063 65998 108272 70183 119494 33050 128865 142383 196957 109008 1866 38151 6661 37193 55312 28043 28329 44613 29378 175331 158823 127135 73942 63088 161469 60923 179489 50319 51400 47382 75628 5891 93313 82398 70296 177823 65779 2349 166519 9724 170827 68163 1755 28735 89591 29227 172739 197678 61549 165885 43946 77787 59320 190974 182291 116931 38903 130435 161023 79187 59415 24836 401 105129 27336 105495 79927 81932 85903 49871 165511 166965 23246 199079 73018 143200 117858 134741 115856 100297 80549 35671 33800 158384 3712 108766 93205 140940 134828 26766 30622 34216 116412 196104 134131 139289 184033 184745 95663 150943 112041 143693 7155 119502 52346 182328 48167 142780 25410 165004 177314 49206 66225 4611 95565 21859 137971 81138 28727 17459 154766 173983 50345 184355 62704 162216 34260 25040 185344 90303 169648 52180 198684 1144 37635 52293 180263 11770 68016 11553 79940 175934 149605 151282 104287 41175 152795 67890 65617 16304 78025 144575 96674 194334 43596 152737 165194 84322 130290 81249 85331 171515 129901 3027 99554 146728 150416 82778 168586 181352 106036 100553 145640 37365 68815 6599 142782 179909 142935 89401 192789 63213 13891 168196 4143 162061 188856 53966 123674 181231 83127 2404 7948 97698 189269 158048 70048 171955 147396 146271 183822 17530 116750 128279 78781 134481 19873 152078 116091 12070 61216 59795 103262 170022 190512 86253 78964 129256 143988 108308 126871 109587 53046 188058 33360 73134 178529 199075 72473 38548 162951 123570 173994 149351 177926 199426 85046 132566 90084 25746 192828 54706 131091 38413 177446 132227 49256 183666 74152 64320 38378 20112 176817 165558 1124 111301 63122 32839 184103 57837 133122 125199 12659 65083 115676 176627 80818 137959 179451 52043 17135 70751 147179 180913 112437 30638 14445 175288 110304 83735 182597 35983 98951 199075 83669 94610 194337 14639 89873 155835 171410 134183 129149 124344 151075 194630 154161 29220 65766 62965 76366 169102 101918 156464 55364 12884 157179 50655 147177 102751 72033 54778 183948 101133 143624 66928 157443 63470 89656 126333 14054 174312 132458 121850 129254 94502 191416 120847 177643 189373 100114 167483 88326 172671 134673 7521 46374 81487 5925 85603 129549 19587 126136 53142 141331 144454 37270 128611 68372 191185 6580 122261 118328 119338 60643 88128 136317 102810 11766 174235 196506 162921 41950 61086 308 118974 196078 96132 104997 78642 63588 122279 60679 106676 39845 8347 105659 1366 13962 1209 88915 15037 171859 145822 184909 118192 100096 173598 27676 190498 172121 34012 45802 115011 81112 167705 190824 80215 89324 121918 109583 99072 141635 181945 184750 159488 104798 78877 23096 111511 120539 140451 79136 22249 140586 123762 146278 43791 75233 19513 28075 106355 45528 27557 141401 122188 30632 119557 198749 61511 13178 43942 125968 76629 83807 173255 176148 139403 12092 70718 147896 95720 122942 139813 61758 110229 73768 151417 163632 36727 24243 68210 187107 80286 61226 150154 72358 26217 145495 60201 122031 52428 84793 63643 168002 119679 156372 157403 118298 47896 119988 146142 111728 165932 138843 162231 83910 145442 73394 49964 38323 33588 1315 154649 179270 101788 115478 51485 96369 65567 96842 157168 79169 151284 199692 11856 106861 6678 149972 162017 153770 181019 62542 133767 22495 154181 121078 131884 42177 90301 110087 103593 130073 154611 177529 46514 17183 118913 52352 34815 47331 117830 89130 104770 100679 51602 92209 28837 11881 79067 194830 37678 155799 111808 130237 18550 177074 177057 109097 84336 15449 174040 179305 126779 99016 142512 145594 64106 182414 145449 52225 14563 106993 148495 178066 21594 30276 149337 82996 6610 42160 149962 102845 190190 132812 52401 41310 94300 107344 4133 19423 135103 93504 15932 80850 188545 45104 171884 72859 79485 8193 43544 76571 53522 156054 165744 193107 129509 73588 197535 87262 175106 140039 6229 183196 193591 164063 5025 63723 110243 175021 179277 19094 96684 29110 191975 143866 131979 104476 46132 130734 171592 158079 97449 129421 142763 115083 83613 87496 59309 46254 122975 97110 127634 55336 196608 169493 132319 159272 56190 10885 178792 121388 176119 106536 125049 28298 111090 27687 198288 128755 180854 18294 20971 74632 66532 143692 65116 9605 161654 14365 135434 174349 181404 12015 172593 89759 165762 10594 149121 53046 67766 182684 197099 52626 134028 60626 54851 20998 36545 152577 194094 111093 63462 26017 151755 148449 127585 48080 132836 147039 184644 152973 75475 104971 1435 39335 90113 151280 121835 177196 19622 99445 24338 131365 62152 93408 180324 137936 64069 36399 96367 108112 10743 136146 20546 96938 61866 138465 59925 194205 131086 173902 191204 58144 199804 182946 46533 15002 65625 94002 142978 189872 64530 159249 119489 48349 181236 197979 32191 118603 172055 191086 88227 178662 11771 193565 73336 19527 112852 93223 81882 60084 152030 156333 130678 94207 143856 28784 155961 138745 96293 46172 2621 128769 185818 15502 143414 78910 102263 184730 130542 179391 39331 29080 162550 175025 58673 155327 88260 129903 46715 80726 192676 183349 77411 191587 67574 12931 104988 2620 54304 140135 183468 56116 169695 25196 7304 76517 115865 122602 141353 66469 195764 66782 82443 88479 59815 63057 95873 140604 51280 179349 105224 88710 72902 95339 78956 172767 83248 94675 15470 22836 151014 157355 193841 137415 108597 160944 136575 49421 110474 133554 21130 114134 140311 45866 97082 76842 117640 119403 167767 14806 117078 174136 90784 191880 125637 123740 18992 175314 161363 140060 36905 46878 123596 199778 63402 50755 86258 101126 1322 112370 109602 152851 181353 3611 36594 152676 78377 39725 122382 199352 83256 44383 28782 167346 199192 153754 178891 78440 31801 149874 145285 44100 164189 88418 153246 42399 134281 18789 93697 189387 160131 60816 193720 32909 21692 184987 174633 199318 61331 17069 147161 55664 88370 69425 75607 162265 161278 113196 119792 68124 165582 61593 138861 144263 194508 120312 66225 102296 175511 170843 10562 65377 125800 126752 113639 199296 151496 142979 162330 135813 86847 98620 105661 33476 51424 145868 15983 197966 93021 96191 72147 199521 186033 124266 9268 139738 190663 41688 32317 132447 116630 131780 38539 101754 89645 196757 156190 172927 143992 110524 73009 128797 76951 33418 18724 197018 67882 26199 175591 147766 36530 107616 124106 170098 162921 34967 32147 78442 954 157815 56484 1319 94585 68923 98542 118870 27689 50760 174701 81543 170433 191883 148465 185756 38640 145528 83575 111910 41500 81789 174991 21434 167535 132372 104583 118970 20379 169766 17891 92047 27167 174835 167723 160599 148997 145996 85089 84436 101060 74356 117816 67732 103208 112323 116611 95115 170982 51660 85727 114786 55343 7237 124331 30343 125852 56151 113917 180722 91626 103749 27913 51380 168872 76636 129168 142312 95034 19370 30302 90515 167012 17198 5793 90303 63038 164880 18481 86246 13510 147022 19016 74989 163202 177406 112863 196957 112266 146208 140930 166675 74027 90326 67882 83131 174734 9323 38776 27221 74188 125480 81434 17431 3125 58127 55295 172268 26107 82976 88528 43484 182681 142753 95886 163368 37452 169678 12334 79057 57756 154067 178115 105305 93497 156049 141657 157321 72010 194256 103834 171610 2296 77791 38271 102292 122264 171869 35511 10402 38266 144742 148218 28486 158689 182054 177080 160522 21337 68201 100909 164837 117601 12082 188716 103403 28597 153530 14923 57227 136368 195953 32043 22428 128064 129262 54459 33035 29987 164908 146943 113220 181438 94262 54723 34396 43712 120007 39693 173853 181527 144485 172622 176974 58463 170876 89092 195683 16741 37070 148117 182559 94076 64513 115772 161684 99080 46737 67584 194386 100152 39372 26081 2250 141373 33524 81238 144401 44169 189527 2492 168733 87092 23724 95645 194053 7138 3566 172409 21897 14034 57149 43492 93569 154348 102445 190015 150037 43843 45201 174687 91363 56279 110804 76418 90711 14930 119945 92658 58102 169696 60553 106501 20012 94032 114061 120656 52703 139862 28367 148124 176279 115850 49294 130624 13786 197950 58608 64246 171678 155401 13097 26693 93166 134342 166205 158068 118488 87297 22167 94218 117032 57837 63454 107619 155660 185850 175575 2529 156309 77521 191463 171898 84558 57388 44777 4563 195290 32231 81012 149789 167642 184110 122820 191197 47305 93224 132386 151496 73604 191923 178030 197375 198008 95694 144817 68072 74263 72538 81152 105500 42607 122193 112875 161832 37028 191847 189756 79908 113144 63839 164001 139933 84057 190811 123508 197261 177971 196282 157810 113496 64785 86808 85943 123918 197782 116022 116104 103450 80060 146245 129407 117563 55274 79187 167883 46149 80383 199919 179886 180775 46616 65264 172502 35945 42541 30601 1464 79711 186321 141769 126594 144682 50122 78403 58010 45083 57296 95393 47830 146454 91716 63778 138861 185312 88845 85925 191633 75037 135116 190633 112309 111472 167964 69783 29453 84537 188857 16462 199594 115347 44849 7847 123197 30364 62188 106711 15430 64186 2493 42354 126684 133854 56900 35695 164789 155430 126915 143303 116880 52890 24814 115524 161543 74775 49200 68452 33687 110293 37237 168459 14179 43022 38826 151864 20035 76025 26840 197307 119670 189262 184301 64270 179583 90506 52081 188411 60771 94210 49371 122111 137458 109073 44492 168527 35316 90525 148158 109924 189201 32635 27663 80931 178650 57931 144340 150390 148375 162611 198891 29645 12098 120379 22947 184880 138174 40489 7138 141267 70476 27964 36416 58334 112689 117031 63497 192559 45418 178329 153743 42583 14093 172026 89410 88716 4954 78584 29155 66932 22703 11698 141821 162556 162998 63867 56664 32786 89673 59777 84518 44877 175567 151974 57424 185718 109254 197888 155597 79003 193005 39768 162751 91602 57490 74753 41992 151004 69700 188935 3686 147494 130103 199957 189718 35244 61948 39694 29890 20433 54423 46731 81863 99982 28534 6353 175851 23992 39531 14050 22568 192177 175319 81794 137286 66747 72140 117558 25448 89349 104766 45268 135069 108970 12632 104315 67578 40652 29636 185658 12863 164076 101782 1836 105876 31504 196088 107027 116827 34309 190411 183849 135417 194481 67469 151765 85064 186671 106567 93935 122894 118370 38210 42700 31773 160518 113937 151829 96189 24740 141397 4770 122305 8992 14038 189775 187977 52828 113851 77545 44494 145985 179837 195422 103640 31493 75397 62754 65689 28878 75198 54891 169445 117706 155972 153651 136606 182048 144011 16446 14408 129115 125489 196386 22809 80466 30502 145411 184952 173151 84653 93882 45125 63468 160861 175706 16139 19940 41642 125564 19495 169287 196006 132560 23782 121863 123590 101052 129109 190219 182150 195392 20029 68719 79671 174095 80225 183943 143243 10718 138191 90743 45323 68500 62601 156158 192199 111410 167552 139506 12860 112804 138512 81333 48334 88079 138773 199746 197919 92310 171690 175509 9197 154359 39903 37963 145972 131424 134581 106975 14304 196419 94190 33964 86116 21179 47680 97954 119580 22226 143814 43496 46731 27354 115799 69048 134429 73428 135882 123569 69628 157727 147964 97908 115333 80084 198987 4460 175417 139865 87517 131986 156879 105890 100384 106551 139265 71077 116458 144330 96944 116648 14473 45616 186018 5791 157634 175159 102773 48604 88484 100285 137173 108624 87580 179933 178280 46510 29105 180401 197296 196447 48039 65641 101354 162754 126854 192719 137917 175258 75265 39304 169731 82979 21863 71056 45196 67000 22998 141695 19616 124865 50072 88425 27682 108106 186700 186170 32338 70896 78589 164087 133742 189973 84974 55762 133768 67806 175686 99762 195739 169150 189940 36261 83567 89000 192584 164146 13028 111002 133983 75109 95706 178674 72267 95215 188167 80294 126019 75326 14776 146314 110191 93197 35497 124381 62107 114018 58897 88007 92164 81122 181333 50399 137477 184004 157638 153040 126258 123869 186166 171640 147241 151018 102652 101396 84644 175108 125249 62559 93200 58370 104719 29921 136826 75988 195356 153868 1373 15914 36488 15390 136918 155666 41200 59155 36609 47117 64048 96729 163485 84085 58517 93681 158684 46924 113877 172431 50723 161877 113016 199054 74806 63417 195677 156722 194502 101399 49831 68654 132906 195075 143308 56585 179970 199008 138961 145438 142804 168660 132690 8604 31963 83174 191779 142055 11443 117210 130109 173215 125446 11254 18349 22502 111860 86697 191807 10407 44182 172263 124446 139088 199791 43220 174337 2619 74184 71082 54646 166523 29937 154257 80103 28664 123855 128331 70255 145396 59668 191422 116856 77106 84592 12578 66856 22537 160455 28195 72744 91439 186562 196189 109209 75709 119841 73995 100673 131527 122746 120272 65783 190759 80186 142003 108931 152868 145538 94225 23175 61075 40835 107487 117655 194095 23626 165069 43705 67789 175699 47871 28128 36551 151866 151510 123336 141888 151601 142491 73999 57249 137750 66715 6183 119289 29174 134155 57310 70025 66073 122387 53395 167824 177 121024 169006 119413 20189 16165 7716 8233 40856 171014 12639 94198 68873 41791 26070 37916 145899 61514 61529 57712 34152 75629 131383 93762 199259 91057 156628 121486 93099 123960 156802 157309 179493 142750 54246 108585 31874 137915 42816 105604 27743 129022 55369 16087 46300 123427 152588 122512 176189 35966 141216 126550 9347 69915 104210 126139 19062 84810 49074 19815 39005 180789 191330 136036 17804 120769 193219 189472 137666 113159 142472 22402 109052 24035 136180 78076 128286 138021 52342 152355 162421 105143 115890 38260 90733 12840 65895 130455 10961 129412 123267 26417 188346 16671 63015 154406 189374 34082 8834 4680 70890 113380 157221 69167 134337 53015 181344 165665 24254 68036 126205 117703 141473 54675 52273 158740 78015 152583 38749 135403 56261 163510 90008 5248 42118 199050 82502 92309 26295 157730 165085 109749 86976 29404 7722 18069 123485 184371 84810 147053 13459 7296 175953 182620 9413 72395 106426 167159 22193 162986 168541 6322 55939 87335 10418 101966 145121 121981 29800 114145 119151 187658 180592 190350 152681 97192 128399 77273 153711 136482 39553 156490 126110 68601 79497 34240 190240 187650 189512 68167 25280 107123 199028 121889 64677 135385 52920 98757 115629 116232 199868 30282 129959 14015 126046 46720 9309 65345 155997 86627 114253 105568 70175 38581 134949 137389 59179 186254 45900 13237 162785 13684 76281 47868 191081 195234 27685 134307 48913 172335 160593 125588 28459 100919 135406 61838 87906 186659 16883 83895 89876 88746 156071 191878 192185 150136 152402 189256 100589 101596 36168 49982 118995 139745 124391 112005 179373 196827 32965 156375 34196 23882 7905 69742 196170 51523 77855 37750 15584 189069 195202 68326 176449 182414 99415 28069 156408 158621 179928 4832 184725 194295 20655 91152 31404 101379 164659 131498 167059 154638 78723 184825 183976 28718 182655 7241 7685 42034 182393 37767 114348 50845 175096 59891 174608 165072 50544 22086 92144 29249 6314 185471 714 4375 13573 17547 176190 89884 109560 178315 20185 54596 29989 74355 818 75374 187549 151839 38161 21812 87225 48824 20899 121010 14905 150183 136769 129838 158693 62047 152558 41473 6708 62066 19279 168424 120803 115712 93367 192675 193063 32975 88946 180855 22955 81545 168493 55975 15291 63309 2589 140866 89858 91796 103888 42894 59390 157135 16354 84885 31519 176921 48189 12389 21832 52344 171640 78674 194530 190173 145573 66793 97027 104799 6511 16513 191788 10727 62983 88082 37538 159499 31693 59124 71961 59509 85411 186716 90316 166771 168090 141528 77843 22402 150484 5006 150305 180889 53406 41789 143742 172461 7082 127872 142027 85928 170302 60421 59237 185509 77639 82970 23029 135769 157426 84729 64988 132473 85626 48741 13707 184323 111155 192308 63397 3983 64457 21605 184323 118040 169074 47787 112104 20670 110734 127332 177999 196340 49493 1526 110571 125192 112538 128750 146314 20450 117285 178454 172075 16786 8408 34433 10175 175436 132663 31848 13275 182102 59955 112689 179560 114274 135654 187435 75716 167208 104206 64208 185613 26423 10807 135059 72176 170734 123954 39434 191387 125129 9898 176536 190611 24774 78674 122649 26550 54307 48295 76518 138457 39550 156144 93272 45640 64267 59792 98750 74274 88849 145459 58692 179919 101226 147782 90123 184615 55046 190090 113618 72307 89586 11578 100084 56100 129264 41 63707 162201 15496 85260 174366 50277 3561 109019 12320 173602 157297 160729 39693 23469 176663 147054 95893 176768 176327 132381 171492 199219 147039 5735 168766 100645 56270 82042 79047 96490 192372 81736 159077 120064 108667 97521 193620 107996 40020 197371 138421 50678 4358 47698 169034 44589 188264 198504 172342 144793 22803 164103 76682 190174 197834 72256 36628 17464 24122 132441 67498 188770 39329 12250 184406 151040 1688 9211 17006 172693 59787 13323 52501 102907 75676 91416 115361 193942 93012 5524 11450 38612 115433 165666 88013 84842 107198 140056 100514 121101 9880 105284 125046 100536 169078 141491 115884 190769 104994 192752 150839 70245 185431 36003 35157 74310 8299 33898 11171 191149 168735 63775 167544 190463 167503 144573 119763 89562 141196 136300 170382 176241 99767 75574 55718 48132 159708 47278 81063 187118 135831 133426 149815 151940 10585 148283 196198 93254 48179 49000 176334 88814 101136 122107 127926 169841 23241 144776 138229 131037 138771 162720 63463 185975 47955 79745 96960 47822 45942 80339 16492 27839 88796 43221 159519 86987 33229 160937 60336 112541 180234 192716 124321 6962 86371 17559 95253 192973 81133 8297 12390 119129 51323 68843 72001 52140 187462 108646 86491 147296 108248 163637 104562 73050 139356 142764 23154 46774 114984 4256 71049 144815 64328 118414 4779 102790 12056 21941 132282 101520 93722 166166 11872 172310 35790 59740 73597 17608 162467 64715 180647 138011 103186 65744 29954 138571 193157 71431 5163 127866 9412 146363 16251 54039 13441 116966 17452 25975 189781 3835 160127 51774 71477 166540 111285 123703 119228 79761 68275 8559 75722 157773 172045 109130 21714 152679 51442 93879 129332 75015 79856 145981 170792 44483 76452 171932 75568 94181 31103 189668 170732 187785 56176 149982 74868 147713 4391 64520 171608 43104 187405 4202 80563 113164 78767 131870 83645 44440 25303 23954 82464 193948 167319 73789 24377 115378 13275 19173 84044 21805 184766 156840 185662 88096 149914 120525 56336 158627 123543 176315 58041 168550 56904 28137 28306 99362 167285 175214 171625 138483 113820 102505 141525 68433 123312 17697 70235 14583 15468 57508 166030 40149 158986 160942 197495 16996 135669 114606 19455 96592 27817 40701 38168 16625 55435 32225 179458 193985 11176 97679 105592 186171 30936 51241 82775 75018 86419 36544 91460 196905 13257 26540 76126 38475 117024 25924 169349 67878 51495 162455 71847 52504 19349 114569 43873 5094 60476 116407 148352 70534 173826 66440 41715 39044 70966 75344 41172 45067 53822 143402 132175 113579 42008 118112 156487 38755 54085 17978 154348 168557 5693 178506 15709 52109 187465 2027 188399 25841 34650 188453 11006 42426 194693 80084 57097 68507 154358 170696 156234 130371 196022 32942 123178 164965 66416 146758 52481 182273 13391 32159 192095 187851 145559 111777 174679 30936 150484 138785 123628 56783 185317 188425 175336 3571 2194 11074 69981 43413 167978 168927 67598 176542 132655 41802 169392 140389 24169 94212 135088 11077 125439 59736 118490 153159 107831 32622 94787 134402 135156 147890 119135 106182 67701 64856 135884 172245 2310 190615 177921 127447 109691 107481 119225 12631 88790 7751 5072 162435 53513 183265 82049 116323 153084 18713 190006 94746 111335 168863 108491 44702 59140 23727 17449 175189 113059 148208 83789 155805 6441 15214 187205 29381 153271 116122 87889 188001 168146 175897 108237 99956 35238 47037 16500 40190 76419 112606 5491 123926 72087 38557 130106 182281 116374 172453 10622 100693 83554 20030 158723 184316 109151 80383 121221 119974 57909 4579 145450 144201 135468 151816 49157 151245 146639 171023 24909 27783 49944 193330 44368 196912 170068 15364 71380 118718 43965 135671 40767 37908 22504 131387 149218 191854 127606 161143 126211 28026 79942 119701 36817 98725 11757 62788 21367 110982 15970 137901 23245 91090 71148 98314 31387 118161 58334 42423 74316 195845 5311 178912 29926 39780 52920 106817 173146 134806 177764 109505 60106 27227 73386 2001 68446 28882 153584 120351 25671 7264 91319 39438 23680 36009 66578 113264 34013 56659 133706 16007 163652 110051 40599 31731 126376 104541 146164 161515 181531 144760 75581 117897 137745 107932 113440 102616 1484 21092 54557 184141 146527 122021 198575 152128 37673 109768 20878 127305 62381 44327 84003 71832 86342 53686 138603 81681 35236 117375 197108 151480 15671 149607 137323 143803 68428 102400 47289 87256 64487 67555 34034 11346 42000 84660 129920 180393 116637 95231 106899 186613 178045 32227 18830 79915 146777 150879 74960 103712 13244 70284 132054 154533 30225 97855 85776 187037 110658 386 125724 198298 179514 171718 62132 77276 193647 91592 172489 167794 137622 137490 22541 11480 60877 181869 142711 30312 21268 36588 113102 28543 157505 70234 174869 42178 15730 185243 157626 89928 2350 13995 185068 106748 141740 25114 78609 56601 93652 124581 166460 15038 104966 157918 1431 147490 70328 125011 172886 161838 159180 11303 114211 92659 7317 24393 14436 163439 100203 99244 108403 135099 173480 42206 54206 31339 110623 165345 119852 42570 163122 87924 164695 35131 141788 151185 177676 51062 23384 45105 123729 139644 77983 47007 108251 6850 16727 99543 12389 172508 24121 26474 20502 105108 147760 195136 151766 133470 42743 67518 169086 123244 26001 3882 100652 180172 174967 121971 14283 106687 75215 73002 104616 163870 180231 6068 87463 41654 146978 74646 96307 51344 167669 166068 38659 89497 16829 101533 35651 159051 91934 118753 34976 48313 62130 81049 180662 8006 81202 116325 29464 44330 57297 102892 47942 159483 168927 111076 189062 191087 99254 119440 197683 53951 131139 195222 86924 15928 46513 97116 119544 112204 80739 8216 108634 100823 43892 118919 18355 41498 193439 107320 160804 151461 47890 6151 74256 27208 156045 198799 50715 123904 92687 129700 86208 45177 14348 153144 191799 78789 55165 108374 48641 159723 195926 196721 138839 62811 199367 39748 24993 113057 262 186291 44548 199860 165859 114743 38452 137000 194735 46441 134435 100824 148997 98690 151308 47492 155520 179780 194899 150260 4771 6646 34017 50246 97237 88451 51846 182761 69129 143533 69804 121981 23978 24088 91326 37213 156424 167312 180740 39093 159317 77505 91247 9021 102988 98990 128226 73120 77555 775 18452 45317 89487 182757 118545 33065 4781 118100 33474 148628 136559 170658 28254 20280 13395 98853 83892 123791 188196 23163 30674 133312 21016 12241 161332 22453 157576 82833 111434 177528 142509 20576 108411 94483 45748 119484 59198 92771 160490 34615 127090 130084 18444 119230 17725 123161 110620 40883 109628 56439 116846 11028 40664 89652 38885 140701 136730 151292 160307 30904 87835 100484 130059 3717 2996 104812 90948 46242 170152 30684 195558 182542 92771 173655 30709 83534 85419 178765 105012 80893 143628 68554 160304 25654 119341 30196 102062 58070 34801 176518 154369 175050 38459 117948 102258 39637 155440 163826 103452 51311 14786 154637 12730 130946 53258 15838 184835 68801 99522 59105 155814 181782 112956 112339 121583 148571 174058 87020 70252 123223 190972 186179 102039 43077 4847 147866 185488 131267 117288 185745 198492 69741 69971 21899 89320 196302 65085 139390 104042 158080 131280 14330 170996 107109 171439 177557 42789 44064 123155 190977 50465 14978 194394 136816 72577 189733 31376 523 64256 169291 54201 70135 159449 120360 115725 161371 6539 52951 103090 135974 84234 192240 37418 38124 67098 140572 179618 122662 159547 33129 185971 133398 64247 144611 162438 135739 57882 108650 154375 88812 108005 124892 138482 188122 69353 66652 6434 10279 88237 59591 67485 60536 19279 33756 50443 183185 124289 70006 186668 61933 174285 117724 162026 181923 174761 153128 21238 26721 108287 110676 9406 41887 53065 67206 43550 114410 15544 52580 4448 86046 136769 9325 75718 27017 154747 51111 48536 157657 166174 56127 126943 71686 55497 15713 166935 49027 196359 101075 85260 113563 181900 45972 137967 140895 22400 27551 1862 182859 184664 164984 123762 69909 149907 49951 141355 69151 69769 177508 50127 38669 101608 148234 70840 3741 36020 85378 27469 30534 83445 28939 187956 182665 51567 23214 65170 158869 74652 46148 81711 50358 41702 172839 151546 84060 60886 196470 114599 83646 187649 132647 141065 38433 170492 194658 80055 92276 167961 98956 107872 161980 28186 34031 17880 143470 85485 29602 110519 188164 54476 129217 55888 199690 85389 147686 44882 105152 5399 51698 75484 107763 122802 51063 27302 158792 5321 53527 156583 79062 46801 53825 86094 118468 30575 152855 167042 197245 104707 43338 159236 158223 99551 75139 112513 193858 130749 99317 5857 94862 188732 111282 52283 165352 63386 6763 117275 68380 160720 17678 49901 161686 95909 189706 174018 85210 118466 58140 84000 129624 30066 188043 130300 193576 53911 133788 190245 30997 106447 6418 86523 11781 5776 91098 83472 167706 139616 181447 38750 37735 75895 24543 670 9033 29943 19557 106288 109789 172350 181403 75379 140652 80370 109104 38804 195053 57184 85697 165365 198920 54475 129761 88507 190909 118321 82591 46719 144898 104893 112398 172435 189437 196287 119032 23128 23138 17152 58872 121425 16394 9264 133831 138877 41462 109263 85434 61527 101937 9393 61541 43156 118297 103704 95130 482 125671 154604 115772 121754 102418 34373 114213 54530 113558 150898 56522 176875 172353 59387 141761 138361 97833 126523 104411 39263 51898 89991 101340 85212 131161 186399 92897 145362 124507 160997 175956 180764 182240 179164 84004 161978 130684 50985 4570 91553 117701 12829 122232 116829 101918 165388 151643 20129 119167 96825 45371 61415 77310 62327 61445 151382 14440 26393 68161 106228 141148 193740 151467 40723 45097 42587 159864 18453 190355 135876 108024 126839 51421 47050 18641 146611 85913 170930 187584 183870 31953 181373 74091 166336 48970 107062 111497 12814 175675 67920 119235 33861 118219 23527 58058 182698 19797 134081 163039 53559 34381 20320 55237 50112 60932 194876 94405 177588 160042 196375 40043 169024 67676 25500 143691 179684 143833 37055 182829 16586 100374 115730 190043 198721 13955 133138 174786 192876 183278 42317 143447 183760 86341 901 121975 177694 58973 141580 150472 167477 38807 105099 163321 167097 48859 190791 51822 185940 44716 18754 105294 168985 48913 6420 79691 58068 177362 129338 61722 134863 49536 191095 98011 14938 74961 183163 37647 127862 114921 77917 115718 185749 21270 8148 152189 156188 60084 64991 102412 38808 71205 100792 20377 144368 7870 155063 103077 96226 96857 71802 129768 1214 795 128164 162326 120539 137281 167902 27334 42570 39866 19626 13622 31690 133892 149307 30343 184294 77920 62510 176164 199295 92549 153451 177971 62395 131511 122162 197239 139775 47117 103170 169382 9118 166776 90756 153717 15986 96713 184680 127546 2807 154672 169134 154825 40019 19531 54315 32270 111368 62403 171439 83358 72210 67506 71908 71079 94172 48158 54338 90582 137004 136996 61703 143564 181138 127463 58847 121147 180574 122696 125826 168321 110949 11041 85943 79344 23818 185494 177106 119391 111090 51043 28969 139888 14540 178396 166288 66206 19758 81998 179312 30148 103148 182601 4636 10968 183949 71165 98411 49345 130951 51768 189753 93103 141559 42337 38342 46766 16261 152191 32972 80616 121544 121388 145306 86840 48981 17295 21850 106253 136456 8234 94358 129862 88272 50088 80318 15051 98265 199630 132340 34125 123563 100913 140099 52038 166170 48552 55845 4863 49813 183548 154893 39829 172618 112316 154299 152195 13361 85168 97037 176174 182239 91201 129648 106371 135162 12871 180224 163925 24603 3670 174776 60756 133916 127210 101215 170415 169230 183484 163365 128968 176243 156546 29038 78023 48245 62780 197980 156399 139264 122603 16828 133614 124197 67838 81139 94704 121907 22155 122387 173494 87282 171 87068 98735 150876 64904 178022 46348 120726 180304 152568 150771 170564 7758 8142 184435 188379 86161 43246 86471 104815 199272 61711 150790 52169 122298 99216 191999 165058 165125 181384 37332 20727 151896 97177 34509 41291 104840 9765 66652 83538 196467 27839 111325 6170 153026 1826 196231 67397 172683 69776 93274 198197 196361 6492 87349 491 77421 124876 1388 42141 141278 14788 193231 84460 162364 183404 62251 137783 85260 115784 150202 73775 159846 170754 77027 7661 158532 110027 69504 66713 56346 15265 55423 126422 162121 40394 134148 1303 4452 154066 123842 60848 46224 97061 97096 133093 165960 70317 5848 37862 170830 99369 84521 55337 91774 87364 79682 49077 103923 125156 167664 119909 83389 85892 25679 77918 1364 43382 5396 107923 78513 41510 187741 187748 60398 168480 128242 58892 159215 125029 18790 187855 95253 54016 58953 9971 65426 75642 6915 83074 4866 25749 7593 163188 145539 41207 90627 101390 177202 90269 65333 134887 40996 110855 167512 102898 176956 42477 6300 155444 31796 137544 140425 106111 54504 53094 128937 117409 118073 167509 92779 102358 121029 185983 142229 192779 133821 113618 174555 145051 28092 194547 175378 122799 137654 192065 84399 155236 30389 93854 190447 79726 8203 45146 124450 52845 179709 133603 136854 18003 79067 110047 22128 81637 147206 138438 76731 141530 45176 73643 81225 140974 39203 168249 174994 197597 49409 66902 135015 110997 22159 74579 177576 197677 24107 77465 184902 35230 86867 55671 127953 64148 128777 176237 97680 170856 143335 22682 56329 62820 73237 146618 2166 136935 99917 150014 10675 70398 97961 75479 186308 133006 68204 166117 63696 68929 179218 150149 101444 156981 110736 179649 72391 112530 81659 70711 148013 150571 125760 60857 72297 37077 99797 81603 104623 161995 33374 42778 9674 136088 119153 25658 64199 186578 35204 22370 90869 126924 154511 45367 118234 26284 170938 70375 59901 105345 68136 20774 16639 48105 193273 170796 145503 92908 127688 8098 91059 12687 36708 15029 84316 173506 18879 44661 81819 112233 164690 185098 69404 67359 176075 33271 27836 190487 48766 72091 47441 10500 44393 165064 38093 18298 65206 100166 154093 114923 121512 188569 43601 25368 18577 85070 33026 199092 162700 196243 60777 166340 23858 49958 27039 183181 94348 91710 194029 32683 49125 137645 103754 164527 34189 35126 435 192532 57673 81547 70243 35743 124524 59047 180278 52301 59626 114924 188552 113846 62418 78409 129231 161958 109158 88666 119091 38316 124446 23931 196532 103072 37062 69966 178434 158056 182229 168531 91464 4588 188116 54996 29165 51189 159047 77513 91138 81228 172165 93382 70222 69801 15367 115859 123822 4949 59344 145465 99435 105024 48604 131018 150701 150859 146951 7865 88501 129270 144355 69564 99381 116248 42468 77683 46216 46348 183917 7239 182467 107968 19442 92431 4649 150762 144082 171540 115642 116623 91636 111942 17328 178843 124466 58872 148835 138015 119644 3866 196706 179638 13906 48247 82275 4008 24980 199668 143366 195744 140103 45330 121716 69535 170765 65926 57639 18928 122442 157106 167228 104372 169590 197967 38571 106672 89602 85055 172892 22506 148512 161596 20127 168791 198144 3830 183017 159106 40273 149101 10270 28993 130259 111948 108575 62608 131639 99457 45166 191162 142647 26008 137283 40113 31367 156057 95002 134706 79339 19263 47211 23341 47331 119854 163533 108584 199999 124814 81518 80266 51391 104085 62847 99659 91844 64167 100198 50126 56046 33725 120444 118184 44761 118156 67209 33410 80385 95249 48969 181000 31005 65169 24490 79965 59883 89658 159559 74664 60933 5516 193172 61949 78769 140611 181292 75314 139734 53589 175256 89582 69832 81545 104670 128018 83703 74846 74316 12087 105578 92101 25204 28817 113163 80178 24390 117832 173978 113396 26364 31023 186263 90829 110775 128753 19833 127250 169430 148336 1369 138375 14891 10149 148912 152716 122663 41931 154280 196693 180049 38303 11045 167685 31378 29496 188568 63325 160277 190460 160655 43919 17143 121098 110760 159182 135448 69122 146814 91067 104011 178358 129808 137331 41390 193162 71102 161151 112781 49223 121753 130282 40615 14602 66862 142076 100453 146147 76739 81254 155600 49650 160985 109388 162224 158760 170440 36303 16069 173979 153999 93720 95869 104665 98041 111607 98751 20928 100015 12409 103915 86897 29576 108520 140808 102486 153971 785 455 1084 70861 116404 70213 52998 54456 124630 84096 19797 113535 75586 196412 73872 38603 17730 114224 101465 52440 29673 171724 127420 159954 108705 128867 105182 31187 146557 104545 146001 158552 139856 81166 135633 90954 189155 33619 12138 149027 133786 13966 129953 157208 24169 65152 119448 12331 197418 20868 70388 192599 139143 15536 188957 196976 51199 34811 134111 71893 150053 193394 29520 77413 92315 192697 139157 140764 25370 172417 31025 114544 23050 52214 175105 139233 90647 1197 138438 140124 86739 61612 14491 191322 121876 17901 97074 57187 151475 45185 63451 131046 158245 43891 15661 153524 2497 129184 70200 34065 41861 73820 180233 153810 33886 131999 131987 65284 54859 123818 23025 193584 105038 58682 39807 23757 65544 8407 176315 91075 12059 46112 17436 69056 129379 37819 71332 106334 136662 56969 169563 71585 187558 65607 43275 154510 37819 132608 39091 30453 43323 20920 185594 95162 149437 28507 156180 96003 186407 5010 20947 159350 111355 11087 66074 70789 81291 34184 22999 191861 118484 44544 19037 31268 7006 59799 111332 94439 37882 59774 83795 183467 16855 187893 150300 56049 94905 48714 140903 133732 43499 199377 146454 73099 145669 34922 181276 169681 4429 175311 158220 13812 3934 123663 172212 145331 115284 44494 109151 131490 6553 94316 21068 81597 159973 183219 147501 58339 145941 82135 82022 111327 121120 90099 50782 114922 64090 112208 129278 36695 148319 86804 179768 92615 71157 193330 177689 108826 171948 177854 125100 118902 122204 89710 138588 105088 135453 6338 145009 90727 19832 45544 122308 52674 185652 125022 72954 48498 60592 68175 23558 16989 11603 81342 96944 171209 50271 105425 77286 30096 2153 63520 45797 64429 74631 190444 121059 31633 58013 127872 131312 158664 67271 162622 178402 39243 48419 196840 67383 26495 84822 111843 41339 95106 180939 50125 18911 142442 148446 151394 14933 164812 13197 115560 110188 118555 2208 79991 24826 57400 4553 76784 188709 194145 65540 26967 7839 109029 149906 90322 131338 155641 84273 3975 111735 4764 5894 195940 80068 72374 97521 100726 2148 101893 20736 149688 151002 49372 11808 175653 142251 42575 116071 117867 114268 187415 105645 141050 67030 44335 109638 57346 67028 74846 30290 154303 94865 173118 14448 133720 199030 190284 31997 14677 38285 78658 150546 69221 191345 183876 99673 108955 185741 132027 93615 183313 188303 21473 194005 174031 10032 46691 93571 129132 37936 166369 120135 144438 139601 24144 111804 107885 114689 12325 152290 6372 69075 84402 19544 56259 88690 89956 99618 106935 86342 137520 10845 188933 24436 155788 66153 113393 3376 97930 177714 61428 169273 166553 14751 158344 129090 168508 112062 81292 8684 115587 183127 189107 51661 33148 76159 77 176613 60255 88105 89500 171762 75224 21941 157138 126433 69900 138127 83552 55083 32383 11845 96856 156966 178766 70709 105350 17160 68429 64419 168906 104938 134146 70356 93463 103118 189160 169010 168358 180493 73758 153317 189059 77738 96362 125124 184567 158244 190245 127340 156127 19781 98018 184313 49692 8862 194013 31995 610 110788 107239 165073 133313 144354 109102 156078 149691 58762 199107 35114 59718 185067 188367 150490 31024 50865 86000 119420 162815 4291 37130 89334 27035 189048 93996 84859 120173 169468 52946 165817 154181 63694 159819 152742 74535 68598 71309 163476 114810 162556 101078 188036 56878 162346 51869 29608 6404 41809 15807 62815 136311 156708 132914 159001 134988 191731 88766 119377 44473 40483 156026 113099 48651 94895 141225 123282 134194 3628 176289 60645 64865 24953 33948 77212 7470 187644 27059 18071 113854 154603 51335 170407 167892 153367 158992 5197 148459 151530 127399 151593 185097 160004 73698 17467 53715 142396 172803 88534 26566 133534 41128 115979 128317 121198 60842 135789 102055 120458 32005 31233 50158 111257 182590 44165 136441 59816 56359 123781 128909 175440 52940 26610 104989 1839 87219 127096 63534 47367 46967 4853 78043 187980 172312 99066 62822 133130 72166 30128 92434 88925 140950 176652 176134 130951 42090 152210 193933 134972 128097 129154 28020 85586 98066 194775 97540 124925 2590 161474 65955 22051 140774 161880 123647 155125 161019 42015 165714 78822 63339 37245 130457 30164 194840 158137 135512 155150 115621 146797 91043 149902 26284 136564 111764 31138 49275 93611 103531 91874 68737 33201 55443 142104 14902 28439 8328 14991 180378 181335 124864 122883 69471 147615 17515 165846 6527 149577 174981 222 116213 82994 190814 104293 189277 137183 137113 118101 70528 162659 191361 1048 193548 73310 131330 186246 9451 185821 27736 123400 176819 112663 179361 136150 30171 52037 93557 13707 191512 132137 6078 193771 151730 196778 171871 182011 139414 7595 125041 35703 67381 57219 108204 49310 17892 191496 22609 143657 132821 68578 5725 164037 110493 89594 19063 38813 108396 157389 56512 69165 146886 72813 183194 96538 109399 32549 161616 87348 161047 32611 131142 114277 166774 55032 22335 164032 190083 119466 100242 419 54802 127309 32132 178466 74274 140103 150878 148271 22400 85422 106060 4583 66711 79739 3296 46036 32107 2522 191346 43240 55465 172218 30913 194507 179670 130775 4539 105477 2658 23954 159830 117330 109415 124161 190592 48588 10052 137882 180280 89304 193177 105999 112706 119136 28679 112474 71050 105770 6881 20955 57704 28176 122211 128688 191365 52134 50597 45984 190641 124835 138685 96777 105824 100510 10473 20691 596 101213 16620 190710 4658 14109 1466 18103 113006 106506 620 126191 101531 60126 37177 93854 165946 57972 93718 95274 149665 21265 32745 69217 793 107592 134328 94914 196847 161857 47717 27614 96997 189175 196710 89372 1444 98312 163112 199891 66887 54093 27074 146806 105933 109729 23725 179282 105595 129847 5375 199357 54834 69929 168033 103751 40815 66033 61722 164620 108694 31492 7362 83919 64296 93280 76056 142911 44100 198955 120989 68957 149255 50964 14899 115088 170051 132871 60099 87421 150281 5172 182950 73648 196996 137647 102838 141193 47045 162536 23 77358 100180 105171 63770 79330 92265 50525 190037 167126 100697 167231 33814 111770 49634 167412 24285 77598 88255 42929 89127 145581 93103 173197 191338 198933 14632 117518 52947 199931 24694 1691 117972 167560 90182 127901 104931 107774 106200 147415 130368 26030 13762 62757 138562 55668 14514 95445 116935 166037 118461 18249 8931 170458 178263 158531 27219 25713 27563 55600 180371 94863 149716 25653 144882 56984 154245 16432 51293 25184 63536 73362 39489 24873 144568 34658 50396 74495 184951 61579 19382 17118 113888 69444 67825 143645 33261 5373 132946 111827 166540 87947 124565 53391 559 30177 192022 4911 122446 188625 155712 20941 86957 28691 174024 14015 154466 171953 197280 92585 180088 171510 85829 117487 50519 28798 159708 1882 191512 155698 102203 19224 56359 142324 94596 150874 67809 2272 63843 42626 111472 199293 158161 10700 131264 59765 156186 190884 102467 66548 199359 90409 138420 50575 73328 150756 38728 13279 162216 117788 149910 147345 76983 189945 78635 130827 190708 90210 158855 63776 161940 94988 30087 22469 84696 189406 89925 17290 108620 168579 160154 73120 38581 174053 78475 86766 60536 80337 133478 160302 30293 115439 25760 176618 153201 23568 75390 114020 182620 74795 165101 151723 165064 192483 130396 170702 161010 195698 175722 54432 148790 134790 106915 170414 158532 144596 10376 72476 116019 189980 177183 179571 134321 136521 43738 157175 36876 82484 179880 117195 90937 38329 137144 67404 42620 32335 39387 170356 55241 6923 79724 149779 77326 51860 45116 122254 175855 32278 68443 181311 46781 118559 161326 132655 58683 75570 134428 82334 3849 196622 86113 24327 110353 185786 99807 129549 138695 168405 15070 157939 181710 33584 134108 90475 138389 72360 182536 168934 189203 121587 163614 126632 82553 41710 103172 8512 191545 66120 69758 12769 192110 54278 56922 198920 153751 73789 14176 29743 30867 158124 153922 94939 170878 16793 127673 112508 1765 79305 190414 23928 157897 54527 118975 98903 8650 47651 39278 170902 53726 41417 20482 14731 60187 21203 5812 139462 128795 7660 148132 117992 75041 147358 30518 107348 54227 40364 27161 139104 112361 57516 181097 92859 11345 137079 172793 190820 5426 181719 181443 112686 76194 176954 185993 42585 30597 176457 13129 124254 177187 156215 118605 117497 101965 165490 94012 6491 22418 171429 121046 32130 167476 178726 172302 186883 152720 107856 157359 197416 141156 113997 12821 184229 18210 122850 64019 170958 58963 103881 186486 173308 50969 184756 115142 66480 168670 133821 9415 115813 54903 197276 3022 142381 36457 190583 119732 130868 8105 195172 177272 12149 168106 45259 7419 133924 176287 130626 112905 173366 93047 107388 51990 22264 111049 70667 161026 199547 173795 20166 190648 191218 55999 160544 156408 1345 86101 87073 199520 23752 192550 366 8388 155370 154513 188738 66508 116945 45957 82124 156322 179291 178368 19792 3562 7048 196632 30859 97478 56474 88581 33466 111299 86339 135272 107562 86203 51892 136924 110140 34230 117162 45639 62346 194568 199852 64308 83136 107256 71861 177838 170886 81401 67173 32663 41971 167167 197670 181687 190171 35060 104392 51186 27196 63085 173081 74536 116005 72089 102695 156983 72675 22453 20551 186378 117812 189373 112850 22692 53705 119430 540 122482 73006 7222 104830 79667 7964 62082 172196 156453 144989 173002 127073 11844 178391 188256 71897 180254 85670 86155 15698 70038 36087 158075 109045 16693 154052 46269 180451 139546 133135 88191 12905 173627 36569 189819 192533 35812 183988 189690 124341 78354 70705 128286 69867 20194 6516 38604 23327 90867 105258 176275 135906 163847 148329 163066 132809 29135 198818 168661 52179 75073 8837 133226 172506 38558 168566 43341 116225 20721 176718 199717 186424 101268 52896 88208 18207 50799 72779 159241 85244 1877 70065 100221 143892 184454 118582 57730 6261 40452 20906 67183 142573 55617 65112 132371 88286 192205 163863 116604 131457 148983 72634 149850 96471 128249 162669 196850 45444 48225 72819 112252 130678 196300 31245 88557 120374 87143 157081 52425 171187 84471 187594 69833 65837 116960 37514 112357 197444 53937 180109 42033 109837 48461 3287 164350 163821 23038 50825 81761 104420 165790 176268 94665 121515 121079 114660 137261 39291 195788 37272 38870 133619 101608 84507 117842 180212 73266 63807 179380 156795 198379 42155 29372 10152 192211 139660 106297 154201 20575 9570 190601 83497 199551 162154 85145 152900 111085 2752 140494 50848 180549 84826 11988 171242 161288 146867 70385 155732 121548 146763 187599 105757 9106 181347 81114 61754 26951 369 139718 119206 195589 35640 46481 116230 54200 20953 100248 135943 184951 13344 8784 44335 100466 41291 55195 25639 134108 161514 13357 17640 67308 46018 52804 55449 126893 143395 196535 12191 149965 79637 91092 47781 53568 178541 188994 77746 102725 92064 113066 11513 54414 113094 23927 16934 69332 198314 88599 134576 100116 99361 37242 158414 120975 42395 94641 179291 70448 140499 63475 19661 162794 132264 115590 57827 12222 191753 161206 77702 143843 113043 187774 34539 4630 17275 126178 161190 185090 55024 15950 67707 164378 52479 141238 44321 4169 90772 192344 131904 81175 191731 91185 111998 88549 184390 167836 130158 47778 151214 93078 14737 143148 145809 151769 48528 109187 95990 154485 1105 24364 49473 26810 90832 120301 26754 176974 172977 70388 85868 171677 93503 13517 45379 143553 111801 143190 199889 74298 32962 78315 135391 56944 14722 120940 117226 103957 137253 132094 135588 40313 34656 186000 98520 186669 170131 192242 178454 104817 161588 124798 135384 4678 183154 56485 157214 55869 81696 160662 57614 143637 147304 123286 148844 63803 10421 13898 164502 140446 61473 191452 106418 7432 102305 14473 57334 14600 134240 78721 17200 32436 81288 41754 82392 148104 76587 24492 88678 112645 99966 82149 27204 89972 121039 141190 140247 15885 178642 42299 68131 52245 158008 37559 10416 99120 90556 25713 49754 167456 164679 80862 46647 127243 5992 189944 136899 147986 134949 18193 128965 73917 43340 195394 46288 128370 2194 14068 170326 183965 166161 149464 138244 9225 66246 33122 81832 134606 167288 102217 20565 3801 49577 84276 70907 76441 164781 51133 102631 154407 70095 62501 41237 53009 77255 192269 139637 155869 46770 198724 72762 109012 134289 64678 183140 65231 180355 22519 26704 196225 78310 108596 178243 58768 174954 171045 172608 13245 37221 89129 167304 58416 186373 56304 171093 135729 145390 102387 26995 127525 134702 43936 23777 123239 187464 118166 158681 95528 83411 26315 181312 103204 17086 53115 54102 168305 127950 136261 127832 156231 14048 171486 158426 188187 143832 188690 192114 108326 73782 118206 78077 72388 35180 104511 113105 109931 154772 137313 23996 125869 171324 141593 159183 17171 171609 185916 162460 123432 154236 162414 50129 84215 36187 44857 192029 173808 7570 2986 38072 130015 170749 199864 102998 192117 38691 42710 116776 186158 188169 32035 1924 112456 160603 68561 96482 109266 131391 98654 107950 100177 74220 53736 35130 25180 191494 3898 40049 117860 141183 163031 165720 141912 56221 158536 184159 99858 163735 26961 112265 94647 101592 47165 116749 172720 66705 116854 158277 13229 114806 92985 191009 42657 5609 86555 115696 151491 11563 15922 180705 158211 131994 106020 53935 89205 89413 166526 45395 179002 105371 16806 19912 164073 90345 69468 136079 95333 83242 82740 80024 14908 127911 103424 127712 194349 101119 167291 11307 25936 57417 46994 87446 140159 37144 41980 116051 155876 25226 118072 194959 38843 114955 96313 183496 91546 71340 541 166539 17206 53706 74543 74256 175980 11119 179122 59798 85110 159187 7121 1615 96286 143406 77783 60002 3841 180432 129959 153288 135849 52286 197864 24315 189784 93603 26310 84222 71544 61920 141036 71831 72588 91747 51934 94023 7409 52510 154429 49188 187737 121950 44974 163579 57957 52959 105277 72230 131659 122030 198894 193751 179324 46781 105724 119159 5944 47093 74610 64959 111237 45727 159668 151846 83349 168347 110798 192396 43919 156330 110243 129236 15234 117549 185490 48117 181053 160057 43309 173647 122338 136723 136322 96138 135586 27385 177264 42615 140900 152999 72311 174181 141964 57897 21226 158112 166540 97078 75417 152079 117558 90733 189663 154917 122872 27301 124447 185695 119085 55077 147364 34215 21179 57845 198803 5076 22298 100844 27356 75798 105926 125451 146629 162984 147086 61259 135801 97573 23729 158887 29588 67461 122092 74073 43259 7990 7488 24350 131895 139125 152443 198508 37970 178984 164123 101204 7690 199910 119778 74505 148780 144845 16091 187591 197972 191047 114916 64794 169854 107927 49322 81080 30335 129488 150793 129599 65313 166744 172864 28666 71728 161994 7943 56470 4554 118146 187121 52285 50776 13459 109798 15232 156074 58806 14462 77607 129476 78438 122461 102416 87259 21846 185854 38235 106596 82278 42011 3119 102745 198992 152025 128870 50069 78957 67010 92963 75543 46256 107197 61876 4065 31660 54617 174162 126986 169245 174144 150029 8923 153950 106204 179089 18373 136100 180191 79994 80779 133595 147386 118539 2164 135376 33394 72439 37160 182066 46427 108132 17692 153877 9819 151562 89403 162696 150424 140672 49045 131419 195426 149643 172439 97411 167323 188967 155468 87222 34775 60382 63763 46254 59462 127542 179005 2026 141116 156086 36775 63148 79027 98946 20828 152580 111790 44851 147186 43032 163505 89887 77479 149264 119399 168214 31734 9053 98258 126750 107759 182673 125040 82077 23586 16626 5813 143941 193542 53320 190269 136647 34564 167266 29933 113133 129694 31241 55626 35604 114059 39419 36283 29560 50672 127308 15091 17323 71346 56256 190744 39328 158795 82661 151523 115711 5943 157739 90723 23539 22916 107936 158219 151397 123194 100034 133136 152242 62674 155224 149843 94436 96626 98715 6991 141567 125419 49806 84024 60992 166191 24532 102875 1232 25801 843 35845 110220 11263 121435 18362 81904 92578 128592 96245 157374 165806 46530 69364 188287 32930 102445 135563 32930 34821 26417 99873 196412 121462 24934 171925 13751 127815 197158 57137 137857 130687 102672 84362 56742 194000 117311 12904 192583 105787 178166 65722 9390 76682 107469 43001 157647 196045 35112 41210 95031 5265 83127 78326 199307 42813 78020 148537 40432 127377 50023 83371 104652 80088 26676 48962 116125 16701 132700 31738 101196 28529 184721 144787 16851 116810 42874 104796 138141 104693 75637 78608 86438 64769 108249 24590 35621 118007 135040 10380 86154 146316 181553 147573 107248 5965 56100 26497 189382 113555 165880 70252 116213 60549 42888 186141 86103 49751 29032 13569 20554 65205 153771 151895 75872 15483 93178 177178 163508 14036 24893 42612 160360 24243 39075 151749 18299 176102 124214 153335 98478 151048 50249 13619 165063 103101 168872 162816 28302 20606 39920 78243 143189 182638 15172 29647 136331 100824 115534 84872 188867 1846 162068 146904 67974 11646 145448 60414 195455 52313 142992 102320 133011 175761 66850 165454 195016 120940 7132 179215 115240 169468 127568 133466 41191 35223 148211 90840 10223 26774 16416 84221 117599 44828 11543 199310 39325 89533 184932 92473 77766 179340 119285 57649 141724 117659 4267 137003 94539 22757 60871 47708 57275 128711 124643 129028 22181 179784 158197 105413 172579 87723 199880 24174 5342 119678 198408 84282 160612 52027 43838 172583 64926 54807 196083 128837 92003 42123 194918 87659 24105 77681 192062 128477 36241 15813 22936 182659 84504 184715 103025 141796 19675 17946 124875 82931 124049 90347 152349 68489 102995 56816 108114 12459 172772 123102 22026 129431 54534 100754 176550 26699 153722 31502 31536 181073 63715 82709 158763 5861 166685 115820 127760 188916 44642 104295 157541 87257 138902 1840 127498 28665 23209 60754 104340 67544 15781 106579 51514 187431 4118 5039 121549 47677 51335 153728 23711 54733 84940 60262 153354 87012 172546 142952 194313 6514 171879 61342 15709 163799 174780 140944 39760 105253 154040 92023 1953 19962 154221 16866 167284 78044 127257 2246 116996 65948 185866 111599 101873 46416 113800 23592 183047 2243 87262 115304 84984 134740 21625 21164 38918 128529 80121 39741 184878 45430 116475 14546 33845 47349 119873 176551 124992 161838 15826 75660 178723 47733 90136 186713 89124 152798 100772 47670 67278 139014 48976 2966 162492 155091 142540 137496 64189 138107 184857 62332 190824 70387 181522 75018 168156 15553 93021 188192 32070 149697 170587 146928 3200 70894 147151 68392 177576 1494 69225 180380 140453 59096 192384 196647 167241 191705 192902 1205 46658 109335 128211 11625 98369 140815 7992 122329 177019 64108 10653 144425 26988 5320 35918 33713 135141 85225 174150 142913 160889 156367 131289 28685 89910 135297 116679 87428 12659 70893 121375 75021 191622 49952 45443 77748 152168 181683 56858 117262 144314 177783 57390 96068 195355 45301 178872 175057 52748 132084 80995 61497 3795 42076 47700 26035 64382 168989 22243 121166 99122 68934 141120 21447 170939 85348 45419 162241 31072 16755 42677 30846 159168 99231 100693 121780 8206 146168 19788 3301 180593 132274 170966 33405 8171 145314 34414 5018 40543 195736 128462 73644 105881 45809 174113 149689 134262 90365 66122 63678 55280 129156 93110 88123 112334 139969 38262 132018 86574 63506 4072 172543 126355 8730 161717 159387 57128 22561 40009 180477 182267 26309 175409 44493 65500 40406 124595 131897 92522 79593 49037 94308 119642 107589 145343 39509 110142 88621 61481 57333 52770 121191 185762 129767 58633 1033 50681 102038 168061 6061 52438 165229 57935 23389 166347 78590 52829 33768 118458 5273 68412 81099 49606 197155 61211 36980 120881 20657 67865 127076 29711 121105 190155 123299 19609 189435 103445 32587 118881 143090 116774 72798 131693 168206 181823 75225 14057 164065 44073 68802 83546 193035 71742 115706 15140 180591 37585 144812 52221 99761 199039 119276 159858 53847 114939 132959 8773 89241 98238 65068 9461 58607 117591 63033 197557 77183 168905 103348 47028 120307 188893 187366 57161 33748 18193 95100 176801 84581 118917 111077 20709 138455 172871 80600 86669 166147 135016 163734 47079 70714 182052 164117 18418 129660 152550 192591 45726 106499 118196 99922 114817 108309 9427 125736 14286 141396 54783 153813 195911 95750 179262 97671 192468 108221 86418 19276 79592 155784 82985 182328 41017 176244 193799 79452 196045 108983 177563 52822 54362 53609 130298 12794 105252 32912 17035 178510 110680 148825 143928 13189 16438 184532 31684 77616 68905 17325 20025 114372 59189 10835 24810 52215 38262 71772 68531 178558 94039 30130 91123 184049 173936 137505 195158 16195 192170 62769 150077 47645 21463 79937 171487 146294 63385 154670 96464 183472 175418 25378 135621 101753 46445 39155 4050 47622 54113 91215 127855 150145 159739 193763 60224 127863 53810 47428 160086 52728 38288 178629 90200 149810 159322 83393 70968 56354 129134 128678 97214 110982 40510 97142 47832 150314 49182 60561 87523 37379 38656 149186 192117 146512 162369 159110 9757 135213 134080 24593 43116 26063 64366 84147 167682 73604 132826 121813 15575 54304 130981 44307 61852 36210 154824 59996 176169 127320 3299 96602 170376 94237 23997 134345 14039 130646 64623 49028 149721 97867 16687 116828 69099 155448 181006 147787 52963 191375 182029 4886 145116 75324 168486 116203 53529 146960 10358 76835 51446 474 76842 47531 165039 118522 185052 163337 950 110982 182483 52383 170016 102879 48574 38206 90586 190902 2125 26384 65738 189031 105567 44718 115243 108992 99857 84826 16883 41328 123085 185897 89987 110911 2449 99366 174944 11654 82419 188436 145040 83164 37884 141235 66485 66044 156892 80065 168195 72906 55250 64316 126072 2983 145353 69383 176719 182491 100425 71800 186583 163288 88679 199282 38902 12969 5019 70402 164431 138047 25114 136129 116166 189143 32521 190297 77107 23468 109928 4507 104353 146524 19863 185327 18555 53062 185954 98190 173792 28324 100868 171863 138015 80294 22465 128733 138424 181773 19134 73453 20986 190681 177913 108192 140536 34336 5478 118578 105584 128254 163301 127160 3378 174837 115877 199927 57341 90969 84213 84168 82353 104205 61420 119990 122626 51609 83298 69507 171908 131412 187684 21252 110059 93774 114300 116576 179535 22154 164990 135336 42464 194756 168398 185423 29901 29011 81317 26545 107071 85759 175928 59297 92740 86072 93437 117519 173803 184570 131924 6459 16324 154475 175586 173763 143800 59978 139412 168807 64803 183361 49467 916 100453 150785 167003 13837 86287 52561 9492 24051 118575 196234 164929 175053 194910 92939 180073 95375 117961 62492 165997 96448 180117 190928 91495 191104 115149 74452 32125 177742 128702 166301 76930 4824 167364 31878 98748 64435 46623 82606 38776 139817 42889 86700 99080 171603 9532 85894 151799 79080 182360 76233 53644 84119 182918 49212 80569 58964 9181 92597 89916 24844 93732 75236 97997 112457 76401 144444 179212 96064 76500 69463 9702 98812 144871 58419 138074 164168 192244 176392 128957 11465 174360 137964 155030 47922 111527 115577 139544 198025 183591 170873 160765 123636 43342 61777 179743 96566 197711 180251 149818 91818 117810 177637 79125 74539 101800 127662 37973 49830 49356 39917 66880 99208 66786 138283 152636 122341 90823 148740 135117 189137 57240 177071 75469 78384 78067 81960 154589 6018 121684 42543 145898 4046 193505 195341 14640 30339 35713 15559 90564 169507 30722 146521 6627 181190 74166 76089 191414 48302 12685 126305 67088 43582 143427 57549 17484 53199 88960 112002 74025 136888 94515 104123 136024 198854 52980 20338 91691 156965 145342 26884 117144 41919 177458 150638 13768 155470 168398 69351 176627 43880 14681 78333 198278 145239 109819 24147 192470 34041 129930 29670 175776 128306 121284 61016 97104 121159 38354 31398 23728 157143 68507 58465 63820 47144 46382 47009 111511 106910 54049 31037 84819 56410 38759 149632 97920 40614 106654 179654 163425 19608 106771 108632 60134 61877 105367 31913 13080 80849 194258 131844 28036 101940 6580 67293 91979 147714 26469 156394 159856 147386 169315 20345 199247 25562 155216 62829 133788 80776 95235 6932 60340 97905 169732 99021 123598 180682 97569 71183 14223 175137 4587 103961 46711 141344 145645 156457 44474 135238 103405 139639 85075 64619 58454 17326 193783 36969 14689 7840 89759 149330 20330 36735 120235 171152 178203 12938 105945 183541 80582 153164 148534 185963 116147 6141 137034 21439 29064 28370 167625 50386 42691 183555 47299 91486 121152 101455 104813 164409 7663 30198 67092 126276 66910 166107 142712 173679 72067 45932 79628 156289 53153 3273 193081 28140 100189 178302 97811 44747 78107 125562 42902 12750 188243 163088 46377 127952 79499 47150 94659 64787 5174 85359 140712 199393 88658 9374 21740 142740 90128 46555 94680 88843 159594 95741 127763 143164 43097 107363 55045 46269 27556 21667 195580 51202 33701 26683 22608 15004 121022 11842 131723 32704 131605 30544 146795 170445 36099 162244 86892 55223 136028 37675 2717 160861 9233 5648 108842 44830 5325 182398 11604 94434 133898 191339 100690 40327 181259 118699 65610 158531 11329 103734 143405 99091 106235 79717 101316 21926 48318 91929 62272 166513 17849 79196 72906 119242 196335 70044 92175 110773 152260 94105 122693 48145 51300 23128 68631 92551 140944 80805 113864 172773 166351 197531 153435 131444 198819 97241 5791 168410 5704 38078 156609 117499 158933 181305 190682 101319 48474 173765 69890 117862 8040 167381 7804 39914 48558 96262 107081 93058 34925 114680 51905 70259 81233 15873 96126 177401 100213 22598 121895 73622 19327 19130 65243 3305 192185 22877 9106 145226 33743 108040 148518 20176 136704 23129 197397 151077 17492 65095 73684 44671 174106 164436 93442 109297 27976 15413 163628 181067 45611 176542 1854 26641 65674 66927 190681 165327 102883 54022 24886 47949 58720 140825 154294 102722 190514 143228 30659 103267 85098 30264 121604 196077 80140 90113 58672 168477 11341 1044 67001 175544 55212 70772 67719 118087 111020 83863 21005 43199 119553 107272 172928 139490 91722 167939 76181 112259 69100 135408 55602 143268 163482 70980 159984 191886 23823 87181 107328 43524 147108 161990 54709 52222 50435 49848 169284 185517 173464 165003 59065 36551 16240 197440 69533 183617 58159 118751 77378 154433 33384 171788 13094 129919 107406 70064 195437 120967 13198 131823 124873 16327 194994 198260 126674 159167 109644 145245 14587 71003 179363 35275 49451 53383 39581 70962 77487 120011 190704 188514 5220 41853 133001 6458 113536 147155 55508 138566 93267 158006 27320 180758 128310 76936 101509 75679 119064 119160 60985 4732 61708 175856 141437 105409 54184 190049 76754 170663 82480 43561 120883 133229 52387 120828 191475 15210 125446 103890 126771 54401 119684 127223 3970 91593 119453 80249 37900 98658 3032 6130 180836 199960 70694 26055 178227 94896 65538 186971 1708 172889 107030 130910 28815 26821 4508 181267 16652 71921 71615 173664 107169 90760 61724 88024 61025 46857 161459 40130 131664 138108 162051 32139 26257 126269 164854 135541 92690 196833 186284 24096 185843 28934 68254 115437 191243 139350 127229 16999 183813 93618 163216 137895 123152 182285 96051 188545 152423 53000 93208 165966 130699 94284 4384 194570 166528 110825 27309 34723 68486 159511 52573 68424 32543 39913 17956 61437 144542 68500 173383 152122 49366 158961 33563 62247 177905 29400 91943 165996 84235 197729 67288 131831 54432 40697 56107 132033 115270 52784 161510 186960 68337 58315 108006 4531 98429 151710 4421 88665 49376 117144 87787 182641 145666 47928 61793 175834 7965 180459 12826 35087 96229 84472 43160 47370 151088 106996 155821 130272 195831 97018 79936 60745 186368 163031 128971 28421 73657 91670 17088 51854 112297 46374 189769 171665 47765 4692 191000 88713 134269 11821 93947 61019 165857 1511 80080 31631 198873 77410 103621 78059 88030 113660 77430 162987 67901 115166 43162 17073 20985 121304 158346 52570 88199 84193 88893 125985 5044 179663 180746 91554 20915 184795 139206 179155 91485 1423 25720 198005 85483 197105 74817 175367 73613 187209 73180 23396 167737 86888 13975 125996 38641 47941 10680 95910 69087 138291 188764 130422 180747 88728 5591 84897 113040 161748 157260 107663 36072 34654 187988 23341 62556 166830 180929 10782 107860 58049 114713 118491 194497 125035 47162 183501 145379 96287 179148 49346 128412 172661 71553 53668 35568 12013 189134 163268 80059 18941 94987 56626 181011 128754 83334 51892 79818 98202 185037 98516 161446 52733 27569 183099 94411 15647 63318 55703 68501 119594 85586 48663 110754 36443 161096 2240 74882 107263 64138 451 100006 103288 162585 2254 58649 15699 166907 191126 105569 102607 135034 4516 7699 170308 50191 8001 1082 83154 146643 72490 89825 52876 18147 27846 180975 182094 1752 101488 37189 129944 149948 35439 42539 172154 29265 154731 191051 20519 93187 174680 6420 132095 2012 86211 176824 82098 124806 79400 27429 5079 45150 184883 135728 27561 97730 52093 62538 101935 41618 27609 172272 83974 51603 71558 145611 169134 50296 72523 15900 144689 144761 123502 12262 20086 7718 70434 129047 161593 113817 47089 62886 121794 29610 68672 191668 195925 68904 77118 99213 38780 167059 54062 124978 169243 149287 8538 111273 157214 154749 159235 11713 26950 47478 139727 167286 17302 121810 152587 164278 129146 15090 15137 90443 32218 70894 97501 43484 151416 85 57364 105780 39992 173324 152414 127763 108471 163308 63424 155796 73218 15990 152957 64308 76952 27865 91972 85324 46428 85766 63285 161271 52586 181963 167539 7265 88578 139166 43642 131454 46962 81711 39086 141904 167528 136412 105590 114083 114641 160861 9629 115734 77097 152546 15312 71123 77462 22150 43656 106678 174431 178061 1 196890 103733 159785 160704 80958 35599 143359 149586 119500 129193 165762 87943 189001 117786 180095 191909 136633 118947 149529 104600 48768 138522 72899 47045 74020 51672 91544 113994 47124 12211 162206 105193 186671 10045 29309 88130 164697 20447 164215 138102 101372 150488 27816 176818 138884 102109 47911 106072 7598 37703 176116 34026 55436 179237 44414 113142 110801 142466 130178 48813 93063 42814 176335 1809 136498 134202 68880 163786 90835 168328 17230 194591 38367 117724 32409 161971 104018 343 66768 122527 120838 24954 137015 23623 197050 189471 50119 116246 37141 53922 193339 72169 61475 67884 136318 24977 91339 65465 113449 81018 145096 195805 12327 145423 148585 169401 160244 9299 11229 76099 125712 82964 3858 10181 134141 188056 199983 50494 121481 125894 140865 164461 11299 174289 184012 143532 159010 74919 37457 100325 47584 77984 97442 20830 15541 3266 76309 157415 10534 91839 132359 73562 175920 71782 154232 99843 114090 27702 166806 171199 78753 167965 47886 70101 169751 21913 155764 176722 57068 64914 59004 183482 71554 69941 114867 119437 73683 176120 8429 121111 144475 142446 62203 33584 44761 153936 86918 190472 192492 45845 4406 3149 145474 93704 150744 145905 29883 82973 86191 118794 140654 78026 80982 169582 150834 87051 161082 16791 112389 82874 135697 52936 42840 116099 181738 153192 131458 87640 129958 183196 17235 138042 43584 182485 183133 105155 124836 157760 178295 167299 3418 133600 114290 193641 133048 57534 196960 171436 3003 60908 44478 194825 6043 1506 28468 85810 125878 41511 17706 122018 196597 54705 105185 193217 32179 6196 54516 898 177358 141120 146970 109321 89102 171686 22777 22068 59407 188389 151359 109559 73962 72400 38341 65866 132035 24207 5833 192977 162962 6530 192424 10165 147597 1388 30979 161818 1577 129885 194438 101337 84425 10317 175135 199103 122448 48017 117366 72012 28557 118380 98667 162606 139469 141191 197132 184405 129620 91520 2692 79314 179601 55136 173156 20491 39785 96361 186396 108140 132851 185522 190001 34065 73754 84329 194589 162385 42975 115029 70725 27813 196561 28092 155651 13455 122251 47504 157478 9812 40707 30702 62696 151792 62821 102287 174792 192794 93023 34527 6307 195180 12835 92291 186653 49409 51451 17572 41847 197738 91155 139327 155533 158036 122088 97432 74685 113501 191099 72947 185591 21301 68304 36576 65702 140570 69834 66408 129531 96363 80105 147647 125670 98828 12916 8627 163542 78920 194167 32578 150236 89563 85086 69663 133462 79795 76253 193522 95030 100374 164839 15960 131465 130562 82428 14166 180612 85040 145070 3388 176907 2868 15397 20044 191650 189404 686 184885 127926 4105 120157 86390 110737 121187 74551 6159 98879 71695 44533 182235 119468 28697 190981 118773 35504 69150 71934 164204 150494 82160 87136 193836 73514 196529 75090 137060 181301 43423 100205 29444 9152 12843 46765 46234 179777 67262 95358 64478 28710 148670 197937 129580 89824 59070 149846 158502 34230 88942 127305 49943 101329 97503 26422 112999 141 196093 116447 192166 111275 43829 48984 175809 137340 24276 147251 189275 135727 106569 112281 34823 140425 34722 59696 148108 172289 50434 15798 36888 160046 181012 104182 151701 109723 105283 30437 53252 78948 150748 81797 24624 71304 103716 34584 139244 109686 72418 184474 53081 108282 21503 63226 25130 134374 52649 80065 12033 31067 34771 105602 63925 86628 29709 199252 129818 107439 118299 100998 76241 143129 64566 123992 64730 50856 43214 76275 35338 89674 176177 91328 77481 62113 30221 75360 158441 29616 95641 69390 156334 19360 141407 28207 9191 177424 150998 198562 115125 71372 182591 192727 5107 37737 49657 74381 159142 2656 6109 136395 149659 173996 111435 9577 158964 5321 87543 131122 59963 83183 113688 19617 89221 6555 72653 121297 19464 65224 164776 115620 68139 153143 185957 176115 136794 138451 140149 41174 20841 98681 11546 163048 149535 49445 192458 47028 157895 1074 103128 7816 195093 114912 160459 193320 10971 105650 43439 82181 122428 12754 53539 112734 34697 122489 182914 89192 77738 94916 22315 51721 147176 115060 195575 2031 6006 96417 46413 72589 129915 92271 82698 135573 2281 198308 10764 150301 47393 12664 101089 172598 179597 55811 121753 62311 7248 128791 117008 104640 144244 138607 69877 160872 23306 15945 160419 9848 68802 29062 53885 189148 25320 15495 13697 158144 12682 39042 166958 66815 84575 149821 135417 71871 190767 95835 4858 157086 113587 196577 104392 64267 117030 108142 194155 176477 106381 148399 25464 67874 74594 8455 149942 130461 189764 27041 97736 60493 27978 105558 14549 16540 97490 160143 178785 53655 8454 196472 19620 1558 122014 99879 48206 99716 120971 70936 193306 74170 108283 86496 198273 127866 58225 196913 123471 132682 176798 101077 26794 105831 75469 144057 182982 31309 127130 135354 80782 124545 51719 36005 142266 57307 77754 95122 61868 85425 76936 62670 135808 167684 17009 71539 165966 38175 47901 52838 92598 8796 91687 73054 74439 178187 109352 110293 80723 42395 79298 123906 121568 127380 187919 162497 9398 19531 27009 86747 109491 15145 59137 67681 194789 147141 167345 34023 67981 172203 152737 109765 189012 163324 166459 154551 76553 154793 149523 42171 148347 86333 4050 174899 18446 25347 184664 164371 8120 72581 85021 36816 141541 53980 86446 97177 107850 151471 177305 123143 56515 114610 184812 194105 34776 54142 192035 121266 13299 121705 167919 195859 179753 84140 164019 137494 26321 32813 121939 42663 95580 5904 102723 181775 48215 177522 117943 178027 184509 148873 132956 22965 33061 94345 128929 174344 193362 161850 96831 99852 71616 172893 133120 39894 193097 80094 74406 147561 142440 140596 167032 159183 117096 199059 43929 133038 11634 18079 175312 88157 193877 54713 145293 131244 67999 101541 77221 141506 101084 127605 17229 119086 45846 5689 30368 190306 130178 146162 137177 127912 135060 15286 50690 91468 74047 11527 72617 114150 176410 161605 138717 49406 193604 82928 134656 40123 146826 136383 84488 22737 25243 87486 85939 9107 90640 61780 130624 174515 192862 30279 117922 11257 158558 47776 160235 18931 113417 107978 28736 161303 140534 192624 3274 144830 69042 55577 149510 139652 165816 151961 162856 183060 91359 85801 49015 164037 193130 50205 121772 169626 102113 185146 75793 77774 28540 87513 22572 44353 93234 3290 4591 175774 179251 22311 93749 161490 138309 153376 89203 191178 160577 71227 44855 197100 133814 140455 70720 8348 122774 56631 146313 172836 812 139650 180058 35086 65887 81770 168815 493 5364 198366 114770 34716 121395 182759 43430 193917 69408 52063 171232 70180 187990 94815 107139 153069 62765 151988 101357 181440 31561 166608 98255 142926 44773 70030 23915 11302 10532 90250 112116 72915 17880 99500 21137 11948 120219 141261 88045 145545 122998 7918 160416 173403 92083 35046 40713 31309 182460 38306 27410 152923 103757 52181 11104 113929 84402 127508 144595 106659 64095 53848 184270 5491 117579 118597 186784 120121 123402 133478 120981 191942 107960 90890 44882 110008 42954 2216 48850 103130 92317 40126 8060 154080 89846 137779 62975 140532 44394 182754 133633 144479 15904 40938 118939 173349 20524 35775 3987 165766 81382 52163 114374 137265 142350 56857 106513 134971 31200 71762 17389 59508 21470 51417 197305 185136 152992 14391 3060 157952 24048 156887 58802 185916 184133 137393 41583 45724 140011 12475 129533 23568 75362 128731 7616 144508 109455 70390 55779 48928 38381 164275 10722 168490 95960 53587 120561 108060 2134 77334 199834 132761 153620 22146 165369 100890 158039 167546 11107 25395 21962 111072 48460 59204 58513 39695 158084 34385 100351 102289 188938 170843 71604 95625 108509 55154 70028 135285 43092 60635 20254 83489 116423 134584 157556 111151 159461 35114 57621 138976 5507 75735 91969 105559 116103 23260 41778 65228 160003 173670 160211 96971 197651 177270 125635 97233 131549 155422 94350 40934 33607 55245 49219 113578 54012 148906 199844 87572 178334 35148 150553 135348 4008 84706 58 85029 73151 59890 108118 123981 35887 55266 83852 110887 72303 31662 157560 162291 40738 34078 184553 81289 92781 107918 189859 46516 130711 114561 111177 61535 10596 123030 188688 111132 160099 71428 55457 58298 84140 56925 54308 115364 191074 192363 52968 161819 163071 191439 37755 13068 3682 176709 132166 75640 87335 183767 120072 142933 82159 24932 136348 136712 146659 28279 47201 1152 158165 115307 158894 49770 74999 171950 71956 158454 140365 45319 1116 84366 165607 184271 24941 23151 9305 198860 132262 49347 139796 140630 173848 129756 42548 21760 164691 131781 152845 56856 27579 96262 3496 159374 3869 70453 27124 77829 59273 40420 85972 99168 147793 126649 2071 14273 199167 96618 27664 76547 161211 49707 6852 161895 60214 82768 149737 53284 31127 122586 38944 34858 95299 15682 55129 39994 45525 72785 81543 36292 73607 104680 51088 2959 154272 20939 193994 97476 118100 149105 71333 191464 167317 144707 10220 58714 41982 188553 141871 526 50662 57654 151124 109100 105338 107054 125628 69468 126782 81746 188353 159560 91777 20576 6853 13282 105113 70896 50070 162010 155804 97997 35546 118770 60282 39614 126238 71311 108487 21791 3088 179638 52264 99553 128085 176451 32401 123973 141461 54887 12522 123282 69295 124447 42181 168234 106908 185722 94464 140493 91364 145060 103586 191273 93418 31270 138062 22138 70045 116543 161302 160087 173176 181609 130568 21879 11384 87005 48545 146100 2792 142523 16336 110416 101014 126664 148308 139570 154403 192213 86089 38990 98759 171567 56725 43621 143549 166129 56985 39871 158702 46398 95823 144729 49965 145446 18482 109981 76180 82517 107584 66336 133721 192313 98283 10126 145473 82710 164370 67385 112797 190301 158416 60784 98663 161373 77403 96595 49856 13953 94511 176500 9237 179949 89026 41362 194368 40748 70483 13410 96978 25601 56185 180615 7736 158831 21376 78654 34868 99372 86779 131048 21045 188615 192494 42681 127969 76520 105230 176171 160514 38244 195517 55895 108121 157928 188432 98514 102301 61732 109787 101526 147933 135357 25989 173172 41544 132872 111234 84025 160741 194038 132522 99216 90451 183358 87617 5302 104409 50870 170057 80763 89440 65165 114698 113649 132817 3781 136098 5119 85851 70573 37836 182120 38896 3693 36131 48758 147378 122471 12645 123928 72939 53260 10275 61029 112803 181992 69724 153316 131367 125084 33457 3889 155310 3213 172955 92029 70879 115932 108857 198746 33115 133592 189593 68611 115241 14226 171062 83782 151143 76740 37340 17377 79168 19498 98215 85516 197483 11140 155474 190941 135883 171332 130435 133047 159117 24568 31402 190690 98685 75247 137968 49144 150567 102863 56932 187239 104368 87589 1226 17960 96724 33330 90310 80235 86847 89636 50072 164907 167762 6402 143897 178250 12218 163331 178694 72083 69574 119610 73818 153748 28756 147324 66712 130901 172473 76225 15686 39094 159134 166660 56954 35777 106150 6310 179678 17704 85462 115282 31090 4770 134973 85212 4275 145729 18809 104288 44193 91997 137652 127145 172995 62670 43427 145825 126042 180662 109500 199859 189637 121799 95454 114280 35077 27459 177232 6652 171580 135491 131084 22307 104118 146305 156045 84163 9153 147176 154283 162976 35345 154322 136744 115702 18328 127548 54108 130404 40079 100705 108617 58366 114258 150187 196370 53981 10420 197218 187893 27807 45195 154290 145395 131888 88336 11191 190891 90086 87476 55185 159722 109979 69804 51521 187529 83336 106414 7354 91585 126789 163741 41951 132441 50158 73169 147098 136137 162506 30715 51537 39821 49401 179452 117836 25365 171033 21888 84752 182891 51934 195811 155299 105052 80629 69758 156240 45691 113548 49678 107253 65086 60623 115554 154660 117930 26930 137496 191327 11990 100713 46236 4234 164265 83401 172234 178984 199481 159450 157082 50073 84308 89409 129420 34697 187451 1347 62181 38272 108217 14789 187998 34592 178401 147931 11461 10060 78264 141212 51757 85650 132314 195562 151333 69561 113644 101652 80901 109293 192157 167875 25167 88354 74303 194445 131106 138956 77427 5805 137842 138129 164243 54468 65046 17674 49429 183478 63948 171464 160928 104395 111082 109487 197792 62976 71010 29967 30780 70069 12901 79245 23069 111027 88071 56283 153998 153685 52263 156612 164051 63719 151991 83036 83015 73816 171823 152906 127145 120811 191456 18122 190116 91646 23862 53884 181251 129508 152111 178726 150809 119078 73308 63405 670 58441 33674 87441 51380 121779 90704 27337 79519 62019 150428 28660 199903 169784 23426 6286 127407 142892 115337 5472 56455 77939 177770 13022 86559 94594 180356 68099 33161 193704 94849 180533 162276 8041 93683 77445 76157 193065 196917 174108 117306 134357 40022 102285 115492 118345 164734 160309 46145 88764 146404 185617 78461 134701 127206 69352 29498 118810 26989 75084 2462 94551 24306 162511 26143 101272 23986 123650 102815 193380 42236 118925 58010 193321 19787 35600 54351 52939 189655 110343 85361 13859 181987 2065 90134 165958 96213 193838 188326 71625 162333 170667 126245 144666 61699 12286 36876 2874 12332 49152 193949 132412 24248 83447 4943 148329 167296 113885 112068 115787 98255 124131 25746 183610 87140 2427 196786 10352 89337 134568 171157 30864 146507 166778 101286 44947 2545 97493 152979 198468 52110 180168 104298 144387 157536 133353 196789 85556 31416 138295 199870 55522 129800 106681 1949 71666 178710 112322 13848 162329 11824 91832 185423 83240 88400 169377 62219 199681 1830 199673 153178 115536 116086 4683 52015 189672 98698 74952 177889 187254 183851 157666 68785 25368 86217 148738 136787 19565 199449 9571 150788 52847 66476 116922 128198 68340 139780 68649 72083 160913 172510 108000 174072 184030 85806 121760 21501 157336 198422 49052 138492 199018 179812 67920 141520 89412 55768 128693 150935 85419 34434 111839 84189 91174 161886 148788 186507 132415 65540 13866 47584 180222 128597 140701 70805 128432 74856 125853 151084 147870 164678 47973 93057 191544 26662 163890 179264 127980 160088 180741 68743 30573 103239 71968 87864 75335 123001 187002 184989 132784 191501 40239 95862 13430 174324 126569 178295 38309 107455 124110 162175 102177 32499 12529 178228 188439 109989 80765 21154 199091 103675 440 77429 136271 195993 62688 153205 35546 79030 141868 19028 152964 153856 108029 139628 56654 74825 195886 147027 112322 22090 146008 9096 41802 164212 15307 111767 118697 196017 138617 4520 42282 74991 172506 170942 83079 71446 132493 135878 56288 108005 140575 194236 31261 71013 127507 61973 18205 55415 39827 56266 7903 79700 73429 169402 150513 65853 126420 120605 132203 169345 20733 14083 181294 170071 40331 54036 37366 131845 118165 73711 38000 108909 171948 101808 109586 131969 185360 27663 108525 89464 41621 25902 184866 87052 129752 164151 160815 123564 70775 122571 117585 28483 17591 24399 64096 179695 48842 196677 191908 84996 170253 45631 164475 119371 180453 168061 16153 176580 13768 92830 106138 167651 3151 143672 88174 197940 165098 80881 157422 109257 65368 79671 6866 70604 70622 186843 120932 97597 81189 90737 108345 179087 108320 63726 181264 170164 48575 191301 20263 69680 89466 94853 113476 115706 87195 80709 115331 86857 152987 8170 83278 94388 140996 98089 63074 39865 98759 169344 133840 30969 158486 5836 165912 185128 110980 156276 60289 50994 140296 4999 160445 131276 157949 178733 37957 88572 43772 59671 78414 151027 173374 150695 171245 171353 15656 198983 28324 53278 177314 15826 32904 134493 129431 32263 137991 142071 94874 70660 119343 61062 108907 125684 147770 70046 128622 113080 67253 108683 123380 185193 189155 28572 34950 108338 172768 128818 41897 85027 49173 115121 153418 156095 128632 66381 198731 95831 137242 128647 11551 114472 96438 15025 102219 194752 134843 2310 44478 151038 57695 15360 185590 53681 135648 70198 143035 6642 100316 55601 183322 122441 97353 32306 119310 65165 161699 126493 104453 99233 148251 74250 183239 87065 169780 180675 74921 148287 106310 100126 155930 31975 187996 156061 106110 80391 145429 167241 3024 26903 54326 75275 185006 160898 145105 175128 32921 182475 102074 186452 53647 192093 153717 8479 114356 29584 75740 112116 115694 136481 116715 146441 109220 150925 55863 156414 64013 110739 28314 172622 35027 46202 164031 121656 4131 188872 37545 137259 108143 53088 50352 1634 54816 167039 197782 16471 6821 116435 194526 112309 58020 90397 102353 37478 64863 148669 6203 70667 142396 91278 42619 50581 173340 177846 133857 128358 148551 13216 116047 59759 11177 10186 133576 187670 64790 57635 65425 127248 128790 90171 153772 21206 165852 93223 32655 124483 193731 181050 69482 18923 166819 110918 66821 104213 172216 94249 78832 61012 93888 123302 146497 152790 188465 99782 22216 166585 9611 41572 883 11092 105318 72567 192415 192084 32144 35577 168695 6907 139979 20617 118380 79649 161485 4121 38769 179468 59150 42721 53258 123498 66576 118493 105472 23975 40443 7047 68411 177183 71113 179419 19161 41484 35682 55152 137947 105504 137831 94150 183834 138509 109801 80092 180615 36488 93758 102019 69584 30036 81725 183918 27951 60806 127148 165923 45554 126110 50401 43242 190613 119758 96517 65526 149788 165329 101711 150415 82816 101906 110671 175243 34417 133591 64505 11550 111183 18008 22793 134626 60226 111279 46158 142653 145957 123231 1484 57473 57063 53899 93980 144692 198180 82146 102233 25757 160384 187775 25763 193706 166673 24205 65757 79779 120028 138437 52781 168280 38542 51620 168022 26936 117373 106087 118541 70549 137617 47364 58557 184450 166707 163779 66790 148354 196894 121236 113397 126008 184953 49535 61453 89933 105365 63236 53037 12297 54426 171898 64465 175261 61046 198651 129212 160036 117993 36502 194043 18441 98016 131484 195919 29464 169913 54909 44363 42221 176951 50126 166100 77398 95092 187493 27517 152237 51196 156288 40687 23340 117724 79214 59078 167172 108450 104906 50878 1877 97146 178945 79762 177938 48090 61848 28854 107098 156852 41146 82575 120854 187442 78901 170315 135593 27279 131729 9030 192428 149808 88316 2652 135720 8784 18910 60017 179638 64643 43441 61355 129686 101398 94795 138196 170614 31266 14498 37542 188539 48067 128016 189469 195188 45501 128462 196242 170254 133907 103288 141632 91439 28736 90536 41815 37749 163616 154909 69648 119703 180360 76549 163933 118821 188204 101406 93446 138539 151732 35459 62154 135481 33400 139129 17976 49392 164774 22134 186838 80691 22849 134807 7344 132695 136148 29779 107661 96337 87845 150365 189451 26205 110116 186277 94112 191225 115589 9660 8752 122365 142983 197588 140726 105887 90915 6180 171116 51331 154398 41939 3591 164910 5769 112177 118346 170258 63908 145963 38974 72475 77670 63264 25648 194427 178061 13047 21109 198210 25412 84818 121784 61271 178165 51974 188808 141019 194148 15756 192427 35526 182397 161735 14393 94304 80291 194120 130955 133031 83614 128134 122740 32788 58278 112902 2091 64256 180087 98424 177576 42367 69131 30484 65958 8936 24364 167500 171185 32601 173769 194810 149155 190365 125211 91310 27956 158819 104254 50763 8190 62565 152004 64482 87966 101264 198527 86608 171248 199910 162832 52400 104672 93241 80127 68450 9086 163539 185079 199958 174038 123268 195056 114124 10889 101461 22775 152196 143915 63560 191363 52460 26562 32357 125788 34063 186266 70902 105583 166744 56471 33927 177209 181656 115113 10642 90053 177062 87495 141499 164567 129456 150443 21449 156454 193970 100061 161790 10 10487 180166 135567 198712 193268 94077 72467 73411 72328 144327 119911 125873 6423 42347 152283 106837 150804 127194 21123 135993 62475 115248 68535 102678 34033 8390 71975 134107 131226 198392 6713 128945 104166 47299 67934 972 71341 13699 19276 132836 154159 60139 169742 14447 108727 178730 62885 94366 182876 31399 177144 126712 135103 20279 180544 170847 53502 156254 5432 89138 122468 146150 120993 101681 8186 146578 110378 111977 78227 3118 133700 153910 78788 102792 89047 44695 110663 26292 184666 73752 43044 91063 182324 14276 13981 154873 38033 187443 83810 77189 184661 139848 16425 42616 135381 56641 29753 124065 199257 39200 169726 54003 188813 136743 190195 182445 25742 128882 68160 100925 81319 132580 69900 13990 102858 76340 169116 42840 141071 56415 199897 52851 158953 41862 27702 55770 88003 183113 141552 29140 3616 79629 195318 80763 47466 67332 70921 128356 133203 142507 111219 197079 56264 43341 61185 138474 19445 85724 70672 100635 133145 31370 24227 103468 87891 192645 87988 139500 199633 64759 128178 155959 144960 68083 65117 186329 72266 143474 52705 105640 23876 53367 96133 195652 79794 149822 177229 94757 3107 39642 35982 164712 52498 134409 139218 157823 50845 104901 92206 117346 92632 16361 159828 97684 2301 88137 115470 78087 122571 197580 65911 111252 174325 139567 184865 76077 127789 35405 174235 42660 42652 34174 104725 44176 167380 26706 20698 112783 170862 124037 27537 124798 127792 5881 99260 46576 162955 7891 42973 53644 139342 90708 35640 138154 6815 163886 190642 117983 8240 39011 169439 87345 42121 98395 127065 144698 49896 110209 141035 163131 109489 4100 147656 169426 84594 153667 171134 139451 188897 12113 3351 174893 50711 13642 109199 166829 127092 191408 127291 30085 150415 168780 126576 48993 152523 75180 166324 53578 48832 112142 29183 95654 167919 56108 85043 182758 58555 162399 74804 70270 179663 1261 69971 83989 91755 62315 33843 42805 56638 62607 189960 122499 189292 65242 50387 26245 55611 199976 88450 115907 70283 25125 152304 65322 62840 40760 95103 178876 189711 108760 142817 153190 68758 12071 186800 123293 100397 134526 166059 185711 27484 60457 38816 177248 19198 23545 124644 166770 52837 3085 187108 55916 9802 27007 189763 178389 112519 111780 6243 119637 96129 62404 29517 152237 73466 60417 150008 54341 109856 50065 157003 140314 50399 65741 15157 17018 72969 29657 129508 31403 123719 169087 8431 3626 50831 108622 169517 33591 190592 96518 169143 127639 156293 178032 101850 169534 33161 45699 127272 9581 113220 30586 61807 20042 132902 107328 75915 174678 193309 38469 195493 189660 59807 170512 120459 62719 41811 30202 59519 43552 137359 112385 88329 124750 124681 63308 182343 69014 192188 33367 150323 806 74971 144000 132398 101164 175043 170519 116920 168964 93179 162546 62012 77544 196002 99659 184215 171142 42476 74874 181754 58999 93172 138837 140953 193606 186679 93163 103466 34340 190138 54066 115181 4175 124423 98833 137972 163993 59602 75791 14903 174533 38924 111021 88704 152133 197776 190288 14248 193582 50258 33422 68809 90520 33863 63772 18124 108310 130550 15687 22248 28531 6036 69092 121336 126942 80303 60897 151751 142359 111908 164622 1367 57922 124369 177308 167585 170265 78066 129975 196263 102141 137176 197025 50871 39329 177407 149205 108787 5869 157200 46714 12771 67623 122291 9208 37215 7008 1298 173357 3429 139264 46705 10079 144047 142139 6279 103087 3663 115675 155801 106282 7706 51848 110041 154825 99490 94607 40208 166305 54769 78261 193923 89682 93961 193128 106186 34659 49736 196118 135448 102128 131519 13190 58518 61042 158093 73169 76156 89712 112846 184261 161735 158196 73690 50866 150367 112475 90101 88372 50938 132553 195244 171741 184533 41773 532 10413 16962 104685 117598 164968 18460 144266 25866 123635 71148 77808 46203 11698 179891 145068 68770 5232 127630 195843 188141 97434 24635 112370 78669 138525 131933 189680 94988 100091 111002 3212 173488 171827 161254 186835 108852 846 143882 101233 133533 153316 123096 40956 131887 44888 176697 47066 71121 70349 136716 32725 31886 193745 37799 9008 152819 132363 36786 17251 34619 95209 183932 142038 174761 13934 123053 33213 33874 23867 28083 116860 105952 161799 50143 111439 44891 173568 49290 9478 137706 19784 116640 40231 54154 65775 196241 84138 113027 164001 24271 196277 27729 57612 90505 89941 3240 22338 186521 64864 147916 45998 167349 56636 76771 144320 55135 32370 114511 104573 44493 64994 171352 60693 121833 103153 117999 152084 23893 43639 614 69160 107451 85337 190176 110398 131132 69798 190318 64395 36596 184413 185787 130955 31103 117148 30271 188710 18945 129015 10780 110976 10914 156131 127480 139897 144514 32636 148881 65316 64788 195078 144027 165100 43283 38139 110388 61695 159129 74722 127035 192098 130144 102727 148465 124195 181485 47120 20662 20311 115165 124148 184121 195368 158467 27638 48107 91267 116121 153353 10853 56587 24853 64911 156631 162603 99527 60285 88226 10055 145755 9278 189834 91202 140813 36839 171560 7160 99809 137537 93662 141390 183878 118916 143208 127693 162202 135195 74078 30437 95353 178135 23350 130546 24360 191306 52960 7826 83921 181526 68271 158986 55397 20837 15989 60180 54992 28550 176494 64580 107646 39930 82467 50458 71483 69757 130105 161600 113034 65847 170962 186692 97005 192429 123304 108071 30463 151399 101371 14832 149264 4742 154942 42766 170262 184174 149744 152172 50444 194771 150126 159169 7039 40536 3630 76427 184589 41198 158910 27996 59994 9509 181101 125581 110197 109831 189645 164809 192774 73306 6434 76745 165909 66331 4130 107367 194273 122909 89388 19960 122528 116536 99588 58427 114047 119172 121412 81173 99 199368 108861 163189 23602 161037 16487 56105 153315 165729 130175 169975 26062 112502 39157 63335 173964 157734 32661 78574 166661 189429 184906 102557 92741 6343 165925 7899 75067 119216 60050 45370 144868 109750 42604 25969 109276 129966 18331 45307 47787 111331 148680 76214 7673 171763 67798 35183 153937 129060 148428 92527 180219 191004 48582 29183 126060 93525 116498 62904 32516 193051 72315 129523 67243 60462 144610 174268 60515 145182 164972 174655 73041 59022 68121 154750 133601 198927 19940 164029 180998 89901 170543 173341 7775 30937 5903 180044 122540 7500 78317 72870 122462 192699 68445 152508 120373 174734 140774 27743 13147 70350 46136 74132 183947 29843 106859 178077 23333 57216 198346 162770 36905 158104 95286 21711 57358 122152 186741 69978 141365 110134 60865 8057 144247 152532 73997 46396 72368 86673 116614 109795 80146 23840 13712 34862 160546 80405 179666 38085 61385 14361 167748 104267 22035 133137 26967 44908 186920 184823 133470 28886 24560 21769 186243 199304 86773 50744 63337 61236 169247 198132 45146 188134 87476 96720 143189 145898 138970 118257 54633 121408 148805 198501 20030 54710 91482 9405 56946 138031 185996 40690 184704 192063 192421 148111 45878 98398 187726 29100 132554 67929 186795 76880 136029 54798 13475 29499 49130 122621 176869 38608 27276 58420 111402 197387 77841 173527 109062 188301 134981 159285 139899 65550 122701 44863 195756 167302 151293 134648 24287 114592 95460 44648 173105 137547 54079 102225 66039 81998 199374 18463 156224 68699 132492 93479 188109 45115 140687 172327 4353 82936 29210 73319 88192 191659 57670 129572 197460 88366 144239 146859 187101 124060 23187 168050 36271 166586 120098 197674 50722 103501 134225 59198 160864 77015 45918 75623 119875 151853 180230 113498 18429 77733 26934 177993 55397 116766 11198 117823 73813 10001 40071 33 9029 104001 154360 114836 49148 190303 173129 183777 169899 98288 88124 30914 121778 33428 119230 9115 66793 12298 113676 121971 174716 159672 34940 26585 58483 192496 53877 76717 90796 85094 68079 67626 193691 169183 105381 195988 39034 152904 47931 115454 138905 163822 7148 16153 59892 179946 66322 157441 142986 108503 178678 57131 49658 99993 97487 54586 181550 70448 139379 198257 164710 116302 49327 82934 191060 143259 15699 190084 195947 118664 130669 173236 195731 157167 89469 156545 54250 82252 137477 150107 99925 149130 13223 48078 151126 61422 163268 29577 119106 171717 6180 198477 82411 21510 198709 39840 48880 447 141733 75119 138360 89482 68519 159886 110603 104412 71933 74055 23456 84185 120389 196284 43686 143299 76990 145002 180333 125647 10430 174789 29236 30671 69513 63255 10222 160223 154555 136443 44072 40227 63673 94143 8121 17113 23061 121653 101432 57020 127731 116459 16999 28279 107512 199719 173419 19904 148242 24991 173437 185189 141626 35831 176691 81190 24442 26956 75653 11736 52978 182870 108211 1628 145082 117566 72814 120604 46653 156933 127201 155653 72998 72780 34702 164894 166254 14848 68562 117904 171571 113289 126246 82361 21712 94611 60566 15658 116162 110601 95644 90993 163710 75812 42748 14360 132687 12913 16340 100766 103474 181294 99940 22930 48267 69259 111276 173216 149752 64140 85273 43647 193278 49484 62412 190084 88780 26639 26781 65416 44273 30262 131110 98955 111916 177701 111102 127803 164789 52537 43465 126026 126177 87253 170551 141822 20703 138879 178506 187258 113843 8751 94879 150120 192693 114481 179371 151084 84920 128499 59405 41839 164278 113564 114607 62314 141274 21311 156714 167422 31191 67580 56170 44130 2072 173707 136251 117035 116592 83899 123586 98826 182755 171878 125416 105285 67657 129534 149492 98632 118657 142212 153617 116627 190554 164606 15799 61687 197231 107282 109689 46722 141046 100755 138687 174471 81613 112677 77983 58091 131795 157784 121057 77297 170884 4290 37529 94034 42116 40059 45725 88999 12347 91090 195723 50286 17403 20645 106164 160333 157126 13000 67246 150182 120834 144951 83296 168694 178699 58363 118529 84508 81704 26842 60493 104456 124730 186068 98512 26760 56004 91720 57364 167513 2323 46011 114776 33233 69697 73310 113523 16363 169255 2094 9215 1502 87484 115286 60279 123796 140926 89823 146209 144160 154644 115077 194483 28028 40795 50450 58873 172882 100287 164987 60265 51506 192174 47582 194223 138987 155061 120309 21382 184125 48275 193161 95667 174632 115420 27303 76493 89755 27541 140190 122 108916 24254 91370 108789 136346 185184 60765 164180 818 171265 84457 144444 156606 117104 177693 97146 18012 115412 79099 167379 32139 148793 184872 149165 58113 97077 138172 140998 8913 48697 149733 167692 26206 149414 106825 29231 168978 165287 39636 8067 184331 30332 126866 152696 174134 3373 19895 84399 146842 78959 83742 144179 78431 85654 176277 52148 185558 182431 54807 133253 12094 153924 108507 35512 118824 115829 148088 2409 125626 66163 87027 70124 22680 184028 88186 93212 159268 186866 142469 94056 11051 186312 133690 151944 35412 155775 20096 103054 80715 165391 138852 155211 175386 92960 105763 62993 144684 18795 26276 65165 47558 174172 189061 56597 153281 45017 188206 87518 113184 56219 127151 130926 71353 70405 88370 75206 86636 24525 32302 149133 62620 12719 134613 24787 121686 83642 132821 165997 171555 83294 102977 106605 46140 181989 128702 23556 138788 48026 172111 40584 175081 77180 104312 69945 30827 114786 31596 50321 169853 43096 17654 46128 94354 185888 120665 106148 19469 128669 164757 197080 26388 102031 99770 172516 182149 60500 113131 17130 47298 73265 111488 166777 97344 165370 94392 169411 34032 2406 70772 1258 36387 192384 102994 74041 51314 178411 11361 90351 63208 18032 41892 48668 180854 168249 56350 153054 45959 130214 105340 90880 177784 125525 112801 68653 116403 100018 24521 136662 122397 125332 118227 107424 164077 138526 85455 106176 108799 96964 153972 161660 193017 130188 175287 49370 182563 134187 4642 48358 85791 166686 161087 126147 60847 153180 193989 103312 2958 105624 47600 158774 62699 121233 97205 187681 97842 145915 149945 168995 54117 32702 83555 44226 26918 104004 110437 86504 169303 134552 142106 140222 67908 95462 47317 68821 184854 196815 57965 187111 56004 21772 85794 47275 199068 25765 171053 42524 166937 67232 141001 63337 13304 174969 125324 85488 132234 12489 172433 9232 128378 77741 190616 42903 80315 117292 88890 43715 90297 37776 122098 70405 173376 166119 74007 9003 190003 156397 88210 72991 179053 15113 60706 10061 147364 193647 94252 60596 86061 169237 81465 173858 11090 60396 50469 111011 122488 192209 102326 54822 140095 56576 102156 24123 1685 94787 159411 49777 175304 56288 197921 136583 87017 103987 7474 126191 93216 154175 75565 173004 115998 131078 138098 118743 197025 146713 158520 56307 189933 74393 159463 98709 106287 129961 12102 171039 621 42338 26773 131052 34143 77067 151407 124592 146626 46368 35157 77219 86425 49852 43252 5238 130424 2024 99430 80575 22210 87864 47997 171996 96188 85445 55441 194408 17571 151675 40918 147361 53748 47541 30421 157139 7622 144242 47401 119764 127531 127869 197570 119503 145440 1207 72847 77698 129287 127797 96082 181662 196101 184503 140248 142417 33195 58375 62911 78074 135222 180669 56549 103617 99061 152387 33301 57310 85 45847 77686 1882 60782 174996 20239 293 43817 77146 184316 82724 10554 117925 66365 40653 161251 139829 102489 13421 79017 187234 57071 44609 70531 112902 154962 59702 118446 186140 85939 150315 162973 110041 28318 31553 64995 159711 61713 6351 77177 178642 114518 36787 6433 193922 109485 154838 85926 78057 56700 143410 25352 52716 123080 36403 33562 111510 143967 61632 65052 77332 110236 98860 60082 29090 43571 22332 152839 64825 111136 198000 125335 35102 197182 194534 148820 108787 58786 113952 199067 77227 176467 180740 141202 47730 129297 49240 133018 11517 41043 185109 197601 74923 116473 58617 128372 75016