20728
377863242 125339
876672391 63746
69353937 22281
110075976 156885
989678877 84424
468552623 104740
744405539 62900
396761992 488
733448867 24324
609871004 149970
546889728 24052
203288028 43069
708223864 35675
433850827 23051
941494462 76780
280544505 112031
895000057 83765
865371210 32131
180918967 111127
494485047 16255
872687245 82164
489817859 187692
328131952 43510
579220676 56308
422486555 126722
418469687 65664
509281189 115828
443321090 145599
638964307 86278
235761406 120381
703011937 18418
741943162 178299
88622845 4831
734901487 164930
684802979 16989
650230748 57313
734129327 90085
648557741 102870
227446785 151899
496510172 138350
528075696 98428
992857280 7160
820492115 11551
237395064 19987
69912096 162992
917086327 8100
537321826 70768
612919906 153145
407501099 80834
755783949 173234
416386660 76429
805479710 23758
926851493 138852
241771943 3550
752091612 153641
21606565 2490
203227378 194502
666945301 165824
989063554 183466
461595471 120382
213276113 40083
888210180 12428
161025279 132941
331050771 86576
880939758 106855
743054856 49636
449071857 137754
144674233 196935
237020805 193833
825051601 37079
831300355 46088
241873682 91946
945547618 8207
448014596 50354
699981142 108783
346372967 89146
565648043 173684
977744421 196761
296277381 101800
483911559 199547
233761397 6822
84375980 173477
807688830 186203
472909105 96820
203782018 181405
589927640 151771
131851643 9066
191265784 48636
306483532 68673
457794180 123776
270112753 122059
168518558 4977
282675043 111787
435708709 71033
953793332 141520
931953066 85644
976177 58589
574718376 181051
903350043 180619
494077595 54933
796161281 109651
374430333 147679
981599711 85452
119865988 163321
413031114 68347
672621626 143914
392742733 140768
764904274 130859
366831103 99876
380560859 119423
70662606 176021
372727346 198730
382526813 25290
283164241 129883
723956993 147808
444842844 194904
725195221 114439
839257510 191304
989444200 81543
61349988 56465
585456395 55835
254777650 128194
284885851 191400
733479280 51516
859406868 29380
803645705 190898
849413625 80902
593470795 103384
610758576 116782
664780501 12652
391466722 168806
881300353 23667
331111131 12896
669782202 27046
296425974 77489
879579869 59759
906160916 179507
148185501 140916
86019751 140604
682596925 12289
553561831 567
32834859 107086
48078649 66000
992289837 155358
963277438 19040
106586705 94858
361944317 148118
357436614 27690
88477332 51534
140045919 188414
364449593 109814
701282272 97957
482768593 184764
408884720 74694
773478409 40850
374332648 80005
82224150 173127
832162855 55192
867000115 171264
375550917 92919
707543328 131123
933261490 131106
54669194 124011
674845920 62143
925272960 198315
732400481 190481
995629469 26052
820308142 86209
721975879 156218
441473094 51523
412370546 36291
788666960 176734
168478800 101830
455899868 8553
38496928 164785
545301062 65011
732061483 74151
232581453 132674
414847892 96465
773204902 72501
409433202 151948
255885908 139543
685698377 160495
207305257 28919
898241879 98565
833989488 29116
929989515 28488
334102871 108100
90161351 166090
967785844 191508
709126737 35822
837099282 52203
350925976 141833
926103179 182614
720189811 14184
884268668 75388
137189906 100743
119321759 109578
924505540 147450
564159471 77941
406256272 130227
410629618 68862
461039417 158006
142386504 24461
634203319 162293
634052899 180708
618436248 4027
585921180 27309
290979703 56761
376786796 197742
617379823 112536
487976289 139765
517709558 131470
395701373 16143
538109848 94477
24487217 173106
140192647 108639
530955077 90418
690062657 3446
660129547 193387
59150412 115889
183994422 199914
361282107 79491
255453503 196085
41361886 155144
182599618 44827
586392534 106245
226141325 123449
798309013 75110
605790758 188202
35066759 138695
244446476 134891
373388476 22996
839491291 96508
608616440 85344
266578734 131615
372388278 88600
418568654 57039
537193868 160971
870579190 104141
115499302 166627
105426232 120179
334602313 197063
784598765 78821
139422438 14764
889187186 41115
490203663 123087
272999122 14943
484180059 176436
559372392 56630
720358357 86005
334150039 51170
379330793 196424
207671635 33316
178163932 167709
647131209 24676
357337390 73127
848006508 27086
37602139 171101
714717577 92204
971135613 173967
818567773 27956
27771951 113096
567741172 165212
97039714 34845
790156506 59192
590592108 119793
579432993 103401
439136577 75066
938854990 39881
96241085 153898
90953957 53973
151274709 129385
895720250 189170
460826075 56242
140889913 71877
838285878 107440
75776023 13230
85635854 133006
99157490 94196
696460941 112616
278514259 160
86859866 102782
970101783 57490
551686541 174435
476681221 99933
96317018 160356
899445113 167683
364831088 28621
758462134 100918
111804263 81877
202732762 130843
565785658 118892
604092020 84766
604725366 57360
200147502 18098
566151910 102590
808168938 81402
942023593 144012
837672195 79387
245132745 64644
899550033 110138
737558231 45145
522623215 129427
466414420 145587
332188896 160548
193621948 111363
265900758 128264
804029567 165835
845747580 149615
667582240 15248
814663129 95876
372101186 173358
922524680 26852
514238276 75103
79512511 79167
884429384 34102
478015938 112950
175492834 26548
954808326 112185
891371524 92623
388194709 99147
675756902 45973
110057089 27855
118643639 128688
912552646 173250
584657989 63088
954692348 43691
462147729 110991
809863383 133738
632698012 151865
416442399 36109
685784901 87279
938534403 28964
542429260 11914
580178413 99097
522866480 42433
863038067 83317
897621735 25409
273604570 104224
295653329 129259
860156140 145861
126278222 68045
80816411 110064
323479334 8634
224473515 186271
685714899 131402
20132394 181305
560528754 92287
340468532 26257
947750418 196781
403488296 151728
303671639 187084
109698629 96612
819561169 94164
391112046 88023
710086275 169956
582045446 30322
942352506 81661
734352768 192065
571147150 15248
744463868 79104
628280266 101262
637955304 49084
301101880 112822
222501929 124417
215462527 59618
476868464 23353
482984289 131121
787780339 30417
386999965 90343
508889241 117519
537753337 103209
129826351 37793
181303229 151129
362192918 175683
271211785 109462
364347814 65017
304790389 17487
347051558 2945
260789377 107913
776556713 113942
110348109 130204
735524779 85692
690378479 99065
221388871 13743
203396406 169223
94487584 181637
584507738 117370
370860410 110261
129853570 61278
12493263 163725
231002042 165540
443933608 114817
789860509 160287
69227771 64246
821466425 106182
569465596 66703
508541635 153374
551052590 50527
963836679 137438
365902274 3882
888018133 102069
740827529 179843
773448250 185316
256483121 93363
417153619 114961
571454945 28114
524945963 40718
146394511 161627
730376508 197376
555716980 30419
245648392 101610
979456618 58169
582712640 94720
35886339 73693
26532082 42383
867174537 126331
278460120 80263
839089824 63870
581927086 95987
317152016 43002
368444334 174437
83284449 17765
636799254 36830
704752989 196697
9092935 8859
857061808 171221
665134872 55362
272608336 126570
251191810 12356
860792472 60657
750067392 12813
627470737 78533
320452483 99624
713218212 53448
908221529 121461
153937655 181015
81563703 45732
345171453 191107
691129717 37239
524626427 40497
448560378 129637
438980852 26373
916944319 26169
641156927 176830
827356792 136997
840104056 76595
473879119 87065
473789721 79713
801159737 173674
369654700 112081
556929237 183657
483103552 73585
925926599 106883
734420282 156095
825619623 24714
881486718 3488
94902609 159613
975617795 72221
809703748 12926
49401652 24813
373520772 32384
269789727 20479
676406355 166410
190732963 180978
11350118 37787
738596190 52354
794567357 109874
323328220 16211
375415860 2395
402332901 113225
798348026 188795
912466269 182093
224225320 171600
181365951 145772
986469896 99086
425793299 127609
721814042 108825
470006933 97512
476496740 31136
405841185 168957
835009058 83332
40892235 183572
632654851 153634
338276551 168391
828631845 27856
988208709 168085
167727553 90010
963382565 89724
436210370 42315
731507416 127711
596938008 126268
677147118 96293
585129365 133662
758994970 64972
195150025 32640
651487181 190166
359474354 129110
875184585 121722
237143808 87143
600940417 131103
38375007 164257
244204126 148243
948617260 126096
942906745 37914
396957446 11792
11739029 55784
594433663 29283
257399435 183631
480685954 40925
851627746 142762
450326926 121241
528698876 152693
555669598 146343
577439546 170087
27893284 145121
103722823 76818
555908315 93372
203577498 193291
456038370 56767
99195695 53730
38059455 183250
413712270 83804
731612690 138901
845695242 95553
734544341 150283
175344111 72009
32206532 35457
106876373 37564
499898573 33042
176560122 599
351786323 24788
84900757 65959
210552520 90220
121334818 131049
416445251 58031
657075852 34601
743988663 157801
275645929 122583
664862952 58962
542690224 110751
180828350 172098
415182536 106003
355204217 41247
850009503 5651
800510240 3103
10334193 15340
929829913 97130
725320660 62128
848075453 33728
724244609 16564
293252433 188465
330605518 190180
899259763 131433
356718391 170533
694092586 44740
810586826 151118
613637295 95027
863757445 35615
553399143 40954
518694892 119440
211091259 168674
201860322 20011
447149868 101071
447205905 12403
180061635 130898
529184849 94646
43055986 74918
905434538 104571
867941514 81328
897933840 174636
84917666 183730
532856252 65391
685275990 76228
12264807 108940
956849951 124356
349692157 86962
936925208 118065
282913524 123210
710679218 56569
877441926 141999
818496386 23324
720376274 95416
520324653 59038
755545735 78175
111641849 169934
618379891 198530
84131333 25255
254818499 175213
288211857 192489
292508661 11661
252174712 163796
290291604 55019
132979106 173764
404237004 18819
679897080 107546
29385097 177548
50508309 185961
644844796 29148
234731001 169738
130854666 130423
389615179 167712
923113854 81508
714190509 64711
244275963 5921
112651781 142931
693119360 197548
139772124 117531
868629559 143291
581190805 133055
820325787 125716
201643709 10136
914568097 96767
488052074 177171
491649781 156482
209053573 105946
328158122 187842
231249479 10089
389536116 41665
413897482 170713
201151657 134399
426111205 153824
857881405 161872
340235750 123335
880287039 20883
569104686 116876
853632721 53898
774846665 193348
834973040 108334
524537777 13137
688423841 92947
703640753 114736
791088761 58598
465358327 153539
861428383 80073
542845418 194465
551701850 64729
93685313 174356
410927268 105120
592675505 10961
445458727 63435
280973402 168532
251020371 101493
43536303 126152
508764604 14201
28670492 187379
421284603 195385
135118375 169322
279161275 110111
47140534 100086
818755664 143575
577006528 67959
148758040 149900
714593943 149928
162712637 110186
98907859 6885
358581676 93625
662510398 2137
674294098 99360
344656236 163431
554779139 124199
122113114 106432
919204424 163374
73302006 106456
673819830 74481
549966860 145994
173235796 96224
56759544 46975
138633267 168786
846488707 43755
313929846 197543
778884676 96181
568699909 92140
753841366 147611
901003833 153213
794882767 165487
34614962 152752
110830173 173352
119858749 83838
114681520 100155
463448297 13858
424406130 138483
684794685 164508
766855730 24671
833496370 195811
773103579 79859
44289528 57453
762715763 4770
184218969 181080
642996260 44711
979919618 56306
70188332 14613
194147255 122038
797468510 77507
211423365 30257
849072698 135319
679506643 114493
754867888 150948
295091353 76003
961395493 199392
317219274 62966
506052837 22519
297235524 98289
175866387 186711
764278932 110052
640829426 54071
519114778 134854
890545028 35120
304455946 157533
148922822 108793
129656600 21702
448484277 104963
380929293 196897
417811599 143439
765421930 165588
131956214 104263
716962074 59554
711853994 40035
731473507 175145
563660866 81701
933432267 9048
884044910 184658
645939251 174735
463896582 118835
100314429 100061
963203391 110019
10436304 11978
377282078 128338
211330872 151127
246006002 57052
729901262 73552
840176656 42839
987494126 79148
489073472 25574
981406255 135862
505506238 192208
35820405 180289
109053610 166046
774498336 154804
529370 37388
157726345 196688
186866543 177812
723827196 39505
498686911 53664
770956041 159066
200302544 73744
21089972 123805
643135618 34746
650005523 30691
334337414 149759
233549781 178020
531723740 144584
183180886 88148
838942724 72036
494241558 129964
277686561 177109
627634596 154773
497676812 93474
919887686 158330
500230485 65932
76512628 168189
193294018 45889
854501406 176460
811145202 166917
623911783 70618
220219849 20245
903515399 168194
600989711 66663
283298170 169481
936092809 68359
182764035 65913
620019516 10908
12581954 70978
218217382 14433
827993590 122878
272387045 42103
870214230 38924
361882011 99112
310307023 119512
356553901 84819
56430551 182669
911381440 199404
699658233 170694
532215369 40044
741414636 34579
22906008 15046
575679868 143912
152134753 127737
750505410 181227
702926079 194017
519352458 110205
548836962 166696
159637297 97393
408593906 127311
370100166 149040
133754995 97556
949981024 25284
926864958 19853
787093888 62476
83108916 176812
257471121 56594
155211133 30536
793460176 8667
734782401 70070
910381611 55498
79630864 77940
946336081 170394
932229870 171614
13211261 51255
591272961 26987
748804539 91973
403380906 144279
86237027 167631
835800117 96734
355017405 145381
123219938 126531
77400810 123288
193156802 35404
631228008 8889
819300333 10881
14200588 189008
912671294 195103
517336894 101557
423135068 91678
941978343 67452
999660143 26730
449965431 45057
238448381 31392
774720966 6608
933856978 176857
396582259 56163
179999344 15693
527586777 99822
457316924 40055
420284365 6358
58305445 21213
965043530 144106
126571831 78779
783654737 171334
345488047 41069
420288960 116666
182558616 48714
789406747 167981
952858058 64813
81738715 117855
623279583 112571
25562452 22437
741137921 66532
142900420 162127
32156535 18180
231786953 111967
718601448 180237
800588438 1913
657358044 50693
921916264 152329
799064995 163847
945996240 115026
352704005 104628
572835679 30209
338647455 183851
407959822 186195
682687539 5480
561093815 187070
638774019 13799
802107724 141140
704159542 157023
690598700 109179
152250036 120544
127427241 173636
863880165 129271
199276634 25430
415395628 30640
991806977 101394
414894035 116665
712045660 173754
812868365 41108
316558665 54069
149579115 122702
777637775 106072
913397825 173281
469101275 91282
297993584 74059
369331807 63384
115163554 78955
332276631 147546
501947778 176027
547401059 2912
358339375 80966
459994456 84363
988341326 23876
894515306 80502
450426545 177465
614698760 166238
600609545 153813
516907291 190036
388312081 119837
449403397 129688
502185879 87234
332637257 37250
443574144 125842
203785396 81326
537528714 197445
323617537 77497
448082168 160678
109636091 38169
366109847 76800
631648201 87356
445561834 116815
118723533 17262
67872557 81319
574018796 29373
661602840 163288
519898394 16612
823977606 99120
510066443 192847
119906440 11278
23281231 30998
130440343 187933
635665045 108592
807355089 98611
818750725 146700
244923320 19616
243324583 41694
511818431 42075
237609602 102772
113186517 186626
179811963 3053
78102831 186063
186807734 103187
855508641 148519
510996264 121334
690398506 89849
759201187 180513
706275448 172782
643190068 5419
74310591 110842
722828633 162623
483440203 76525
825437598 10940
185149519 103697
518285753 78681
400527810 30038
705669104 184124
697888907 171587
876075333 80814
9308744 3799
959725264 73959
216144003 54905
935611327 69309
71463008 182383
544771681 13380
806634929 121811
966728620 109597
801626077 54427
936600089 35229
397861913 72631
117972529 41723
928957889 122168
44171925 69551
472180160 11864
4337147 24398
262536870 190548
989456620 119448
68960741 133900
484123412 148656
487768739 59559
537071754 12707
647140691 104898
732189277 103231
792345957 117632
578337842 135152
977413184 154278
904048599 81462
464885346 145236
533742921 126403
962393387 55206
343903215 95637
743395939 98524
480105910 111988
313913203 124147
920583143 75420
917365822 40688
358337450 31859
71478135 27268
45562342 76673
974374932 111606
1270782 149475
240989794 52930
425410928 12896
63888013 160263
909012784 6772
778987126 35851
885098579 85625
209482989 139739
477565336 324
974449885 105646
893562092 82107
321361565 41907
671317982 48268
584401417 92269
749354140 113266
553699841 10658
936161340 10822
188815541 68386
659906514 48697
405696972 152898
432096844 144442
666659305 24826
315025855 125468
421664601 97560
272190151 63826
325917711 81428
522755151 115762
513672668 121011
212197444 19427
705117407 104949
345973835 7666
555870557 177650
596840051 17362
577243209 74401
647471863 86516
708779401 99561
558915609 107376
787793804 138087
519549723 35392
305631113 39476
4418173 77546
433413191 162715
78496501 47113
203584799 101830
77389480 179476
352564496 39929
927556385 138304
622635440 189554
870683934 92488
662709693 74039
511721405 78316
611687742 91290
5408366 65662
158714908 98123
116748112 186259
538606683 120018
760631967 61503
620254467 143890
489554982 73780
475480052 159951
858532129 70180
854182934 174689
728432748 150750
348792711 5563
579658593 156951
1021042 152605
484430819 72761
148582671 91791
786121498 171785
650807196 19484
272620769 11233
718929289 51360
149266388 11370
145881472 99478
757419481 161501
257691067 123165
616985411 29898
215272455 64086
580916491 80165
655185333 63805
148171123 4806
568197279 33746
89803088 78337
766205492 61065
112262421 22820
406050595 69625
504879705 81421
547189926 46621
135243145 131980
398684059 185496
57977305 72859
466392163 41580
221913739 122345
897278450 34529
987732292 119662
532072784 114997
997066031 124228
534712252 89688
611580049 125295
595276111 151246
390584874 70308
331352039 105309
597419808 90431
895508485 155700
50269251 69867
267765851 183065
815155421 66734
266579487 60019
552066348 58111
846730135 65325
683034002 136939
921801595 57675
945297440 56508
109067084 59148
112841832 32802
591248785 3650
705940302 40040
198723794 150608
264328369 7255
603103094 114234
313120073 169218
318345448 51913
724369555 123185
615612476 160026
76271629 99781
381876775 127443
595173810 103045
244165513 183210
194865118 80922
92686676 100569
657656988 104411
223840297 60329
387348732 67531
45095266 177261
178697979 2108
38270740 109789
732880927 7932
710631128 34042
999512920 52043
468667953 64831
709007823 132232
422966916 119218
417339370 109146
517982156 198803
547819082 108625
378667817 85839
29818444 181465
203623743 37573
998986452 141719
919225473 107508
140031368 59274
652370099 30813
43695117 134613
117957970 176595
739011950 406
287684453 122381
597993853 92300
579536719 187949
333233192 178019
155251726 80275
646187080 180760
952316715 82955
899772320 29051
545915939 189834
691601669 131297
136651919 166780
885608504 34182
21844613 186609
292675710 1390
402438114 95053
55691525 34307
964424364 101628
28171403 184255
30166839 168686
170685879 174739
851898271 188924
685734583 13548
2555689 18333
293973383 67199
294754626 176537
496710297 19242
24534081 185399
791741505 71675
824053881 6222
735799538 159593
254811950 4641
549760281 33677
295422730 42825
876343161 175155
792851674 148895
246429079 103110
154267252 118768
475347689 95758
565787794 139210
671912351 30177
282612007 158117
500871048 27297
59338049 169759
701038697 14105
668176098 158587
758329441 25741
611320433 8796
703770823 87221
487120006 192056
735079947 13368
12201363 127124
705760893 119039
165720068 127240
498430295 124479
281326228 133344
236690699 106262
274894796 133201
165652154 23534
44518941 174558
922583582 176726
782131395 94367
518556909 128368
12723428 161119
684650922 38441
532277164 196882
279573535 112777
573260319 173401
187739284 178095
971862063 194689
688518788 91166
395170903 170666
909727289 150979
18909572 189611
801678643 98011
913672985 122682
95887609 20840
748882842 119632
757896865 147734
653970129 2774
973561607 182853
38277116 144201
342349620 157764
534407882 20634
393954299 148045
225309471 150038
580933839 25283
39673451 75302
624915881 144785
940504281 122576
180755704 77660
580415795 988
868095862 29392
857067768 15072
351873634 173672
671766205 129058
172623890 146356
219814361 75683
4042811 189036
680545605 116376
662631516 72984
615632878 107795
321704869 56173
544841394 26164
864397633 34610
881158776 13859
14224174 114511
702866937 35059
942163485 121697
884700946 169691
546800530 149327
915667343 48592
509902974 164055
57470914 38406
74270288 33852
670821432 196102
97962880 11144
242342883 105549
334599921 195150
390374385 156350
690334845 82680
910745860 163885
780490597 13793
219265634 91768
350251774 17194
874195187 61488
198379153 126129
22031911 58476
5974380 85829
285698419 180435
549364854 158301
726416648 62774
16110605 110980
669657733 105651
913842971 8795
981775393 143360
588869680 47486
102197874 35507
816051630 100920
472422011 14791
114987697 60998
461256508 182264
766045291 85888
621769858 199731
880083400 168743
11304272 114117
291744763 132212
952064740 192950
171304438 166701
488851754 123273
959061884 195750
938724546 32651
405686833 22595
938085970 41979
233787753 45262
487271791 130998
733420279 187726
307460159 105087
325810052 199521
824559991 11122
668111337 62475
9107485 93853
673449341 10910
265298494 135301
870765820 22113
25685382 84582
969024984 168128
45490125 37309
654326381 87893
113000222 15277
443541270 192493
324358081 17074
859992153 124094
586161259 29567
429251246 167796
362057091 102782
281583044 193117
241644601 180792
614465059 71391
996415656 152541
76720774 170777
796811394 119741
184877214 184469
180770800 107598
344626423 147836
388495602 115351
33990800 145840
970646483 160461
286835218 144421
596626183 76112
792329664 27980
289729670 64752
569021563 40721
61449186 121525
176635779 48663
774129486 125547
996116013 32773
147826148 118108
488870736 59915
641545232 36390
382628243 25030
385213860 4760
43259644 162347
219147474 61828
940534278 98874
696409838 142854
212490803 122472
598700607 15396
475015771 56851
369509232 128925
942905785 187021
937032662 194287
407726238 191167
87835545 55293
873090220 66002
943981775 125059
183509836 17313
811111102 160779
738045209 141544
241350491 28163
221510319 78183
772508466 116374
852254048 14532
910966897 199626
663361797 146584
305788823 180798
201944854 89507
936769905 181849
458512568 106906
637275815 91892
847505814 44719
991897282 20986
710913556 123738
941097471 182850
770424649 190470
725220892 84543
825906107 102554
823925978 136497
158941738 167413
235092615 69882
369748321 36712
164038063 164629
392971116 72163
554206031 104522
839616914 55904
808495113 178100
119135171 36729
373246543 111370
178230432 121439
231469047 13222
576035938 176
581826018 20718
664000674 136248
732489943 184158
735819057 176831
266043925 100009
952134194 66016
201382347 109804
158561119 137521
236757541 29930
531729669 37878
707462904 69615
86377403 117678
212700281 97783
157972658 183761
947989366 122511
598228704 9329
82275717 56988
44059369 18177
939645305 73771
872073832 69734
921638318 168005
415294769 196138
80497654 182473
989723553 192737
778108859 58797
305504774 161594
919295655 10825
615223853 39901
956356722 152108
839493901 123433
433042137 122778
155701980 171621
557739612 28275
990111539 58095
628999992 82677
4908768 32744
696180681 114144
856777109 195943
263638470 117168
161290314 22777
909443499 147099
238423808 46145
661225125 116723
90934172 75752
283443321 118351
135302382 178695
184386496 170635
255556711 156758
136552150 147413
731434987 194469
756562585 109941
739528406 13947
14726277 85532
857385123 141742
764911250 179262
691815269 95267
684076788 163643
531464627 150144
729801682 25395
522642845 118470
727901873 188436
515896451 184465
839413324 198843
859618085 94779
729788927 174437
606252155 57364
344419633 17585
746914991 48625
118888022 8865
388330267 11177
567251451 180352
146279159 144129
25622438 142835
887825290 150016
26117459 117388
826512217 10169
13330726 70647
584672631 30638
134513306 154784
267864781 87784
698135967 76404
979536660 56045
718305225 121
997693661 195641
331763387 114361
815595594 23946
349309079 192388
196233916 192289
492060771 13395
12584657 95228
394422173 198914
215157032 20799
249610470 153136
857858908 142368
459377159 161979
323292318 29385
581582513 103151
858709689 130109
361806228 92309
648060792 194547
655883037 115000
890858822 190203
429433749 93208
362005075 174149
519159084 59350
983032862 87391
557683529 172169
144820580 70933
975000209 93327
390213433 31427
907415848 37866
443130468 44855
842325375 80567
850876322 180148
865746305 130861
342599825 34483
990636079 23738
825384986 46535
480709503 118991
112077133 6913
457666470 163537
61932898 60118
280890193 186374
936877216 183163
972197929 126826
636437 75384
665918675 36591
483012341 195619
630841391 115566
673212755 141949
777420995 1307
964079691 116669
992729079 148833
129627247 188818
320866963 63564
960603933 122477
487386848 195635
197425670 36328
248169864 59080
267230541 159096
840877450 1369
107982962 71036
123452690 9308
120559849 43805
784525689 89861
88550228 147957
651950262 19460
245258731 119999
928390935 96211
249432981 164773
676157181 64058
581423630 68874
515227470 24325
212000041 123145
723378121 141500
636172940 89634
930144559 135753
981376330 116097
295128553 62678
664617016 59347
449096462 18726
884239975 185150
69280104 86718
276003160 172372
412962835 81043
536877810 48896
565468273 192235
591363416 73386
517475463 13302
299746509 17995
917439432 193305
250161885 6203
194452221 49740
303082028 36834
699654613 189268
796071075 29245
956419046 83228
683559273 3705
137511198 166172
902867718 71581
856400451 177206
904675965 139381
264566273 189962
291944285 69121
203560648 119426
930556749 37412
513845674 146969
936336975 192138
102912451 4545
463933817 41021
843640213 77804
853049469 175390
362844412 154711
629825042 81702
783794310 21133
484745364 98560
632180810 161130
310647541 120806
82624138 39368
185634573 8319
542891722 52466
773145397 51773
871050157 142681
401015990 59038
205376777 177007
510042530 196766
20218120 20391
169206410 6864
44899778 29537
605099873 95399
381333414 164913
383540406 18396
5440726 31444
306780004 33192
516586531 151045
475679833 82483
973001160 12764
662506142 8933
455471411 117979
776502588 50009
148664779 89275
30602942 133533
320115749 24892
476873550 94068
733001229 35048
89489112 146491
513169653 197914
994740005 118870
135064972 68604
555410148 188935
547362832 135372
593302758 12869
715424336 89273
792678774 126
812227333 111468
742569793 92754
660754236 113859
212563885 33800
865035470 120805
367246930 165395
920644474 190670
30763216 48853
367072862 150494
404328257 44656
456819397 18492
57080341 192561
196989360 127085
111139202 120948
598280804 40470
116094180 89129
604390822 114137
748829404 137275
441956452 39162
987455565 8910
506259786 20453
887886941 50704
632150457 32814
320533164 171190
392658371 47702
149275691 27760
221865863 22238
491012552 189519
534207414 162941
709180157 89692
613257447 110051
947000420 103413
846393274 98235
430751878 47791
511275385 52232
887726881 157723
605683490 103417
721417630 17427
915583550 68375
397086361 135380
4255918 120653
658136933 174613
29385024 162843
977764612 9378
377226231 99382
136920834 173879
226748291 63575
514708591 144622
566781828 59198
185917945 97440
788537613 184942
692979774 126226
940647941 179258
430273644 47150
300843168 46192
109614179 117257
833014456 7153
432900802 110719
167600455 17941
969536067 45724
228956907 83730
591033325 156123
810679071 41614
644566805 126249
792398213 53475
938406519 130130
47839211 4542
316306275 43414
216950679 107935
473490199 70202
725005995 66607
517509297 35436
820125481 101821
419925381 49453
587486113 146387
422234171 199687
220210525 33651
126631445 115567
470584248 42963
268104064 70091
448605879 26699
972934426 52977
252570792 162615
26460440 97801
712756943 49129
711958265 195547
685099517 192887
983269681 56630
757145363 13086
677949314 24613
865782030 182954
36617962 136331
225449511 79649
145379978 178629
532111045 164821
456655264 102799
695735913 183479
117689318 37306
74962151 44622
280266636 97462
826324211 179767
129672855 10785
453441953 151927
424220751 14916
344756366 77662
876118239 137429
249941393 67245
645486324 43054
190269519 93837
925065565 82626
228384458 160667
262382056 135965
985195435 53747
962209289 176384
931042850 94438
653213694 31115
174807260 69395
229756644 185269
146226931 44387
542219429 118202
697682051 59060
225214093 199107
194660333 149743
266099036 29316
887307561 131490
129505598 77653
267210678 156115
10032154 150138
657870941 85262
178161490 186936
919998845 13289
862894827 163421
218294221 2837
577131212 160751
555547271 85549
22842093 186414
387035842 124803
223270883 21225
405736152 187500
293876619 159699
575479226 139883
210286429 118854
171646594 189131
934427194 198351
784592418 168218
573890690 143153
377842065 89541
182713671 152129
518181460 60469
42232311 136836
119446889 117043
822187406 131468
321097779 156267
972567313 38774
96579194 12114
176083309 42158
217530573 126262
581592022 20658
254475321 88134
915468491 71335
586113014 116378
393923942 59867
773288949 160978
483560939 100567
921442871 158257
166166046 156124
612939841 123737
940004432 48272
931471280 77745
444598134 166569
369068816 7618
526409643 70453
128086290 157467
906489352 120470
852357479 159118
984055029 106779
786568155 12154
88793051 192509
182205801 76634
699872257 89141
740247204 15202
601304049 7566
814856251 134762
916345106 28312
442595457 150595
391898818 196128
768800104 115599
345148223 123193
754863257 66095
92561915 28662
509250374 197742
769782383 152349
922347259 33714
570389368 37830
491055522 130484
375865089 93280
512485705 116189
310737970 179292
481032551 182992
476040701 79972
408081745 194919
121716297 169639
272793937 185004
674267383 32643
487104742 65991
526397201 112935
48633239 180694
149374055 112858
591520827 179637
444145056 94839
407221472 23629
420817404 135441
410562817 140751
760573523 116977
243180403 73925
649388733 147454
86472921 112780
204444774 12607
223765518 29731
737410450 152912
760608926 40022
354675397 5921
641321321 50699
401510620 134618
786676419 152996
436431220 130778
855629559 33418
790446840 192867
998092008 159284
755966200 186774
755737436 122322
152287451 2053
11524506 86160
654341761 114659
805652115 53936
619742424 129082
932129472 187753
442075996 124816
565273349 62163
640775591 2340
410919572 87660
831886522 134895
135014880 190339
741556565 73628
304637075 130207
482371845 102350
930222973 178005
579026984 62240
887121235 150993
834517605 180365
905523377 127566
759462899 11263
179624305 2181
255390220 162998
780926670 22585
571826172 194442
351890460 73852
312140559 155085
259769702 160051
586233915 83564
800328561 160552
782593722 123356
316111078 33030
239979771 41040
367367047 146366
950865865 128240
823256850 159001
737223602 139454
283719835 193828
846208595 41295
527220274 117777
858796313 193729
821362004 177014
736539349 160476
580448202 79032
105699006 105117
865650339 196433
320227573 177397
407827378 114150
776583193 107720
65773565 19695
816657412 168657
403907706 44680
897899013 9488
806659122 108976
814026632 74815
904758373 72617
499292041 134977
925644245 127968
409795640 92652
344675977 127272
237328218 61359
236332139 190694
559865411 47651
203474413 3928
82290072 86304
37854161 97422
114445020 83487
818113302 15901
209671002 15324
506293503 184217
592100254 40852
164265897 25073
249383852 26815
362612262 82549
311329003 29964
138881239 6992
594211000 90709
513589262 162460
133681480 3432
880372773 68713
752505550 122563
812421631 134688
436425869 28250
734421862 163656
305406609 96391
342831338 76673
761787630 78157
7245714 53935
963584493 82761
260999406 195048
107271996 143119
321434696 6525
339019786 21283
376453986 179706
376169548 147697
128689494 43352
647708092 66497
561475941 92743
660871447 38360
965263926 107908
834149016 53825
424264573 71601
347105848 28929
351357763 29455
795942338 55017
306940588 50328
828621674 30882
16973138 31054
82706095 72162
598088159 152411
183354918 168074
345829762 31879
421431999 124652
438262019 59725
97156463 76660
978158369 147741
691794882 46630
20050947 131391
124292055 144900
427071187 105320
103471213 84984
25643514 191731
540963356 72661
158055015 27944
881276784 102936
500323826 59547
498635844 155459
272712961 142703
856946531 80932
979905326 76304
584226410 103876
916885508 33136
555437339 49906
313279993 189047
778572275 21633
980544287 80212
93664932 144181
253347747 187270
854835914 114623
134090204 45589
955323850 100074
143639266 130304
120927229 60054
827727958 102686
9307435 115829
504088046 160379
537417557 31269
444888338 27930
96284973 116617
556978518 130250
690233686 61264
989376266 33234
106308365 56384
134192186 35900
45312489 116928
424688852 16666
614435304 190203
846767422 38685
118518337 35591
196916993 97492
871672080 49083
274113944 28748
792570281 75210
743023409 6810
382429939 155891
273750858 16382
735690966 166776
97300195 40677
278319116 26782
708711345 61995
872677176 192589
993001720 57034
999677273 66733
749463969 160966
521587919 187209
39726117 126745
46912503 36858
239118007 175167
737165682 113776
955607217 14828
806131533 169937
992847825 110536
470742444 105520
66582044 198530
87400518 1094
904661118 59416
941727480 116927
374447019 18347
231982216 94380
313404904 113744
463241202 72170
374420958 94434
456558224 35692
933682249 161706
580567023 182953
989610858 135557
651356812 11615
11112276 1389
148331604 138012
867852661 97977
129387610 17806
613268818 113707
246466981 123553
459738184 167156
767445872 31696
963332615 24587
956310703 131717
274880875 96725
380394205 15135
577462377 134528
996503483 183884
16538490 183628
790514375 110675
55696784 7527
941541658 65041
341207859 161377
447296728 86865
379161108 49303
985632454 144827
190748598 12116
716008151 131093
148862772 186317
506881703 194635
993129302 56130
823940139 199985
709934960 156632
301950065 81179
243885382 38961
866941569 45564
117903866 96105
394292520 67123
124102798 103295
678054535 37420
260157532 89017
205549669 138567
926757404 95412
788639173 52552
888622467 37639
563557369 82901
147597552 126441
857130917 153806
401160769 123151
677923810 142920
675923219 63520
988696464 117715
359260344 94640
771924940 20402
32651699 65099
197499519 114963
148778643 46742
690044806 161068
697551753 161144
638740483 179403
966764803 119974
337235695 56027
50633765 172672
244623027 4600
492930874 70022
377121677 194534
167167314 186215
337662777 155929
675450883 60073
492516879 24765
637261308 25844
799853336 47052
784788327 150252
408426690 136131
435121923 10454
188278021 46342
545727919 134969
108517423 16902
149970823 4154
928126100 188187
590357339 41630
546398313 18258
119813993 9151
534342321 55717
375208812 26682
554911059 125310
625528767 139199
430397218 52772
413080318 94310
935770541 91083
241127650 153112
319972346 162107
358654036 82761
551545746 7561
179952121 192577
602784435 117381
234613133 16497
922122708 49204
999820931 100464
234108637 152690
750748424 42822
722842392 29234
681668270 62266
985858744 191257
412356892 148035
793175487 107386
936624484 5357
897377403 99815
323463442 21041
339855842 30892
181513972 26240
674246969 16141
286707240 133763
447092738 15596
776708493 106445
477357087 157842
763089816 151458
592487520 152503
295845492 149441
696305964 25493
163651350 182304
995697233 151778
521600848 5472
597904829 176361
359120563 97449
613615154 197824
399520310 157916
182930165 149286
328439797 38185
395282647 83873
923649771 108207
855800364 87365
539615385 96781
962562906 152494
532846891 197604
969956717 150311
484308014 29122
835757108 142640
957220053 71403
81093652 153123
434038222 49849
892994368 147532
955842269 28484
127889639 93885
661770618 11979
96121004 179718
715137209 48185
508031254 181351
834556537 119726
6256602 105192
76190306 149523
314028380 107887
268424545 37334
213652212 105681
215349242 78922
403238921 144253
183834879 85246
334568105 142052
945408428 90032
612622803 182754
252717094 7021
544505789 11754
745170810 129078
309304107 133447
254213475 102805
984217624 43195
223078756 173355
154740426 92456
865870022 3711
862004953 151247
774512604 71064
374747327 74481
155862494 9968
639666910 57746
367722505 35766
571196522 186496
431613239 127049
964579968 64081
971164998 172555
551093999 63927
881567896 128828
970586984 32130
375895106 120961
961618925 24520
954108677 56007
189646927 128926
620376858 59622
38049353 130865
170343486 127919
559551514 70504
423480589 92659
664569105 73260
185767521 186615
529261083 60296
642064180 195616
58460583 169762
825783834 142307
925605311 189962
111511375 34944
615483979 36618
35907252 112136
180594175 59821
914376240 72170
645170723 61768
383973361 189809
925066439 186490
94915980 64929
511205621 145066
185837517 110969
918945434 52533
481585551 31363
197641912 127022
726255121 43909
719591461 63133
119320462 44825
90299438 169389
414591639 134718
948225226 17438
191784657 24601
40612540 91801
238487950 135863
823500366 31198
58643348 188036
369719747 95736
344743015 194531
917504233 109217
822030647 68778
195613105 92031
898611231 60479
253356217 92392
214348211 171644
129343095 178096
643383388 159422
524890111 33585
671483685 165035
285603757 111955
566444044 41490
839062617 190298
580045330 179943
801435285 168336
733047979 2329
961432946 76160
334971571 86331
597530904 43682
871690209 21498
945233952 60099
331140065 42651
951005169 195131
676599628 128647
695944267 158900
931315589 40281
202886592 14539
855107816 135798
611666318 187415
466710799 105992
174077794 157318
529553898 134540
642433147 36968
249259736 67994
218267668 157300
15557123 132628
696147195 173177
338157321 196201
869615511 5475
847300759 59914
923485591 54595
86508718 4997
292240197 30263
903573942 199080
779645606 150064
566469747 46748
390376636 142981
215426017 65676
86278282 152890
26722802 45966
574886875 36149
8443998 7293
761810726 56726
955324933 17794
45592542 95284
931964418 19689
286001040 158031
390634524 174873
470887696 40108
819047025 157610
838534425 192259
548988393 110505
498270172 117262
473760948 124468
166523619 118336
654907699 161643
453994526 60613
978861109 56753
924044344 113685
709886233 184787
703934364 137935
780349162 60567
819286400 115301
547362828 52746
495072963 120182
438017895 162148
973011069 111121
333442232 187306
409017095 68218
168014023 55500
826045646 164107
56229358 58315
544526927 79569
931242021 59689
696331456 103706
352651701 60198
719123494 125813
214064492 41906
445952088 64626
54574055 134051
980475674 180530
919282748 149161
290614200 156453
939948458 175304
674382569 117779
275979617 57754
696436926 7371
104785409 77521
261691025 171867
316701892 55598
17825124 22236
783304541 118021
217647121 95395
129781013 112563
567333297 39282
371730884 5896
390597579 47313
503266170 129594
181642079 99294
712982657 20165
225558157 14264
571868116 186920
893196314 5803
68365845 118212
694506252 94563
235078667 95863
991921280 83603
332472535 21310
367466412 147937
194246076 198461
56999422 134561
593961483 135532
948326011 55335
36299563 106813
880195318 147708
568862491 120263
523568698 182113
753773994 46210
553862647 80027
627607539 31024
452688472 66583
881155575 94594
336831911 155689
62081354 25174
582832241 34329
663249378 76079
215318029 66047
829409463 144425
469156968 190173
982091464 122557
140175821 129843
288947415 163745
523550728 130824
113014727 126409
844995088 163351
72739239 86138
703841762 24969
218738608 16093
936081031 67515
58685304 136181
586754893 101096
439743186 124930
890408928 85863
873871707 190576
427750374 14465
455860408 13052
868223223 116300
381850307 109353
171068108 316
229759804 112497
453706797 51376
44864968 86490
366795198 183357
286005642 75063
633488779 164278
543354333 124818
155549871 65056
637298161 98086
108478934 97520
614233703 85531
798892303 3558
715826753 125130
225028415 165670
262320043 169018
30914206 177613
96751469 19591
313850772 40815
289041837 191582
7423262 12773
168193725 40300
825066234 135420
79130197 196622
358885472 173778
967980782 84605
536171319 197311
114946904 153535
350172956 98557
971346360 170087
364707055 179192
417602444 197193
850099106 92045
701055224 108235
895787360 171937
331344088 132389
162858713 46438
152401832 11229
826176983 55239
965860724 86360
794179269 80146
891183080 164053
148106838 118143
400991578 31080
182565069 122179
334277177 61255
957992136 139955
417592013 106460
687829213 63454
481746214 54323
839579780 24037
187454658 154348
183476577 68133
134011450 77263
62934262 22390
311809283 78494
58458115 141172
4960693 143813
2051241 159507
526951736 173152
236295995 61808
567870132 50604
589237147 113937
568582638 60492
468085882 162968
730582133 9934
554335303 62897
817916756 160265
256972903 89465
757511605 169271
346160572 189883
437383099 141910
670187007 194323
883522838 142976
75747866 168476
582276122 125880
700712364 58329
635832682 118840
166652677 145943
283074113 30294
592430816 140022
791651771 88418
298855082 141378
483860968 4356
729128539 188439
997426903 180243
597125566 115156
769490934 152979
17930593 117868
229360733 78983
512657215 96512
655729475 79206
488583452 47812
773705797 185758
535787091 194556
727416081 95630
813609503 114901
141925880 43154
603541589 173156
975061357 85885
842841460 98020
63271056 89445
599187595 50717
439652533 152111
911255455 140603
714843010 162049
384940251 117341
798229915 184504
755948536 115320
826223177 180478
737167674 77763
676657368 183095
929097161 196545
304053054 95168
707545219 194488
470542684 21166
448758166 183101
642707096 159032
172783456 175692
703078322 183197
349953335 173066
468416048 59236
41084561 41284
322246426 75013
571453062 33939
924227718 142086
13178679 86433
951351819 50004
918834301 21795
28038532 14
66665378 5920
71772523 11322
209692779 16424
859976946 166150
871634974 199287
959611249 3971
903548346 24405
636536371 135421
946861884 130625
155221034 12175
959315302 179001
525398664 86135
294750458 156720
741423151 95232
245162478 124196
219728712 89231
212307021 44561
560338311 1274
989719606 16837
643955855 119548
353538190 61618
800540492 13601
255741759 162486
702361195 8491
858939972 109750
534730200 44454
956257876 78899
629912483 78965
505690107 116897
513519262 157896
108833402 66229
344853128 153407
266873297 149827
708335558 163894
176317378 33870
709168973 162015
601364195 69479
728998862 143102
395989816 23381
544345147 16840
605245450 138251
668114926 94923
918738768 159126
566942508 84723
671284502 135631
313273636 116
591626176 161478
559403841 80230
972403593 126469
836220462 105931
304228487 107656
453293669 35679
824600091 50792
568705020 127061
795906331 59813
24508221 185639
939959528 52947
514300074 109361
869220792 122717
437053407 16845
391327733 107621
920539527 164212
673723623 39328
802256680 173356
814368599 10276
773728675 127501
935569839 65495
39088030 64575
302976470 36038
567105556 179408
291315638 171437
158072219 136018
110753726 43869
257689354 127657
29747941 93448
509332791 80280
675046184 128110
235533008 121855
401152045 175646
300683414 39400
192562922 43442
604512835 6941
530501105 70453
634600916 3267
211491590 148184
943044248 168041
166455150 193085
950407300 109924
105142903 45644
849977725 40237
482564943 109579
851472288 44149
156919076 63017
79385258 137737
204062295 67511
239218755 70989
398455690 151842
822361000 110097
92283953 146034
881428285 68847
829740057 72250
561091551 360
368563817 106951
531897725 127094
911746763 36672
24087560 140930
802603708 176545
473360671 172687
907208012 100189
663757832 4431
515020548 93743
465152607 90405
505051041 181497
489437863 39224
143218663 124215
269126249 149021
830193580 79588
13942286 148276
230988423 149736
642351000 119163
300920333 61431
244165196 160144
600550431 19463
920176103 144963
181870297 123539
70081980 25079
20382903 167221
328925751 63760
89195237 66758
216810829 199106
743101793 160280
816719448 74550
654639298 88056
727503390 141080
497768750 162481
606026762 174421
867900192 120287
219566212 101174
9235666 127601
612740053 135786
613944255 91527
623858278 175751
35924670 10449
335547835 182749
872399633 24282
491090189 89837
509330802 125832
326336268 168700
23275490 95069
594716221 118470
863987726 39851
951289879 12393
858262456 194055
32889695 58719
341149795 110463
666920272 159162
527113100 105224
628250372 81581
571301441 105087
841691645 40633
416056866 100528
70850247 59659
130184213 60165
348456073 66897
656712159 147047
538317752 45412
371316008 156631
723949506 150582
693400468 30006
505690964 157104
677162737 26955
506934247 94650
847736530 67237
806454162 173755
485132078 104457
578028100 43721
946829441 419
446951148 127186
579522517 168929
1124319 36230
481121660 118648
846988486 195621
600107886 30609
388583295 138709
846789770 14568
394924094 137017
512419570 154881
767553579 43339
607064008 49574
94673582 163912
970797933 82508
782918348 183622
498276610 139803
776901105 183348
152809156 38996
861904286 29754
703403333 158072
499796121 61507
59781571 153591
20489816 8302
837274914 25619
935268918 101707
407848762 52539
409711681 173835
607699185 111781
445973581 184342
84539438 66500
906402863 171845
316470984 191999
836636872 141990
492739522 179777
9442053 176060
274671574 59695
601753946 160877
241238749 195351
832130796 18097
873182928 186381
385893497 143848
361170615 35689
189810601 162684
247119121 171904
353265203 69481
597412826 86414
996339858 178442
347017274 62764
574266802 144313
319365033 117363
279881403 17362
531221601 191820
495391634 133905
244319268 92686
709165443 182999
873853428 6347
337992545 197230
974857709 75634
918845673 169028
333905736 32621
156235139 159767
112899109 196560
78701753 9199
113952461 171461
928298495 75721
463912054 91918
650446125 92519
233689270 102753
920019806 88615
515160035 105389
455932808 93661
80334732 100421
275565281 17022
947823404 196788
274222640 103292
663608161 169075
165939439 149232
600453304 21767
49604819 82750
315596375 52072
277335624 22436
72972780 148863
971075729 114661
571590033 152087
291708303 16930
101219816 117792
259128861 15284
27523284 139800
253785944 9913
819133731 51656
817822179 68676
537269486 198275
726842784 31237
945080786 12147
860428889 67236
764449341 27156
899904677 59368
775729453 77794
358298484 87370
972987995 149414
299548448 153258
864286099 154645
755349803 187846
508937167 43381
994136138 120481
226728119 102958
837528550 20972
641814807 136912
65545314 131691
654009936 91959
542288839 169591
231323025 28730
295331202 48112
654237984 153252
317320708 181259
627962519 13291
153704852 57824
942078856 131816
827473617 189146
250175920 106891
272808853 16034
335413642 115156
781555166 99094
604098856 194983
358483088 154132
504925394 71681
140538927 125193
428132654 188217
775079996 31141
330920849 116910
463709437 31374
820774233 149000
484255044 173891
198366735 171497
564614346 78254
943630572 138621
855319099 31101
761731079 181491
918203192 188475
8320600 121927
187339193 161825
122960895 58664
733335948 196967
834672721 148005
515879736 167670
637791019 111237
259124697 119650
879756742 197325
864877564 38315
739851269 44847
74045518 31147
291611179 81594
412195958 125216
853351346 25574
747536074 116843
328006574 103405
620728484 165499
398286553 165074
823022143 111178
792951922 20426
428664161 146344
711799334 62684
147622916 98455
773382744 97129
124467122 160540
970986713 9837
400528959 138588
504162739 89768
535580189 87769
520341797 195155
861460892 128365
536563726 93792
638808571 40019
246244172 4213
453767163 177121
537281741 186842
340994186 154689
871400902 106669
853510036 36103
254626379 30292
758211939 151045
861081232 112168
427928846 198889
904042746 118652
866042726 4156
640977017 174234
175920394 117376
878432772 116482
729691076 45762
162596074 41872
255441475 159934
442461635 165826
734111121 145207
445420169 40857
138943770 151861
56175893 19647
886852924 79712
339715155 10708
803672966 87309
869334453 27448
254666635 6145
5063882 47847
220941112 148330
710005464 51696
533928806 58994
783315006 39925
958991227 89246
719090788 93578
620238712 109060
811953177 170091
844531710 137763
81420235 24211
294907423 193765
959840593 135124
575195494 91910
665356718 155854
951975799 173953
653948899 86676
978019445 113214
539786730 9937
317511337 32765
49397704 87661
117836188 149762
399418776 3103
584445368 6370
114426532 500
338118748 199599
99183878 147837
931780693 66972
245386808 20760
680416970 168324
844879413 29546
95108168 50511
246532523 190369
427086175 91660
599533569 125618
937835421 1753
936785300 73366
614205672 4117
311253271 64765
437209342 31728
780276482 36843
533722380 187261
612392588 33757
85895864 150153
101953091 167258
429620906 118138
37788644 17774
847940339 7687
156204724 127476
270873492 53521
827075806 123256
436736772 122988
128639296 17721
430704879 111696
649600306 50187
124588600 52729
879918886 87950
678970568 89337
999152147 118127
14659594 189127
364619079 83550
822010777 64475
260274230 156204
655836021 187484
625473277 56290
526665278 116594
977321286 161267
497377654 18106
285456212 107320
593276101 34419
464282708 32123
90529941 103885
85037274 166986
593044743 1789
423159513 117206
483701448 153208
598633459 161766
826907300 87295
888742270 36509
158851434 97722
293920836 100476
23322343 46196
414775510 61358
796930164 144919
316107919 143619
20317164 133919
876224039 191647
192816011 35985
659487422 185838
382285190 70620
771251294 168741
107161901 56783
969079699 196162
466252736 150097
235109234 72757
883155014 35866
684037869 67548
820073012 76805
42576538 100049
874469821 60726
279416335 53946
351349164 90083
681779965 180788
641374345 134646
634050518 177129
26457069 94978
192588446 65394
506904798 39885
476159637 18415
560505026 37163
801246778 71056
33859567 15282
794474280 33778
883936048 71073
733334451 123956
777251320 95149
460148570 58737
215074279 11905
459025121 101893
129736557 56872
484123264 40306
438385673 173116
37179321 44734
586026318 169078
810857011 155085
323272314 36634
413879147 21224
675516761 110568
8183947 33993
592267747 77031
605604165 129130
654439698 124838
507079664 182043
172974466 64472
353372633 16869
564233958 96366
867966314 87333
775130653 60839
747681251 48648
76645330 179206
596650681 48787
697376353 113546
964009604 148723
147250514 138760
460987230 106850
87356077 181743
14745374 161136
769071068 22892
924690597 115422
228238546 197206
554776466 4534
589501523 177428
831648555 128153
464850976 106436
652782587 80781
985195589 136495
10402594 112133
300994889 3006
177246820 100862
327332563 33931
724601085 163478
271037542 112395
985666709 119483
117481735 100885
190787912 163470
621411849 34252
81540989 130613
842497964 167206
876694270 147067
375375727 115860
363433103 30780
673186627 3929
285425179 185652
565377805 115616
182948950 111737
609397937 108557
175199206 157845
97420168 197492
769542657 166279
464342546 164444
77708844 39521
937113785 58699
448388576 151186
4964157 4786
465091700 47097
834108766 116137
262345895 28526
364086344 120397
146647571 173040
843931107 155998
320620514 163330
739610357 158211
776833019 125084
442988905 178368
792985776 22151
919625486 9923
820094899 26914
358990431 121758
333055904 98918
671495839 26335
433973350 39648
624769921 29116
151752178 195054
953734683 159757
450088250 146009
300834416 85538
673540833 26483
987644136 96310
196618476 25210
761641200 180241
319280804 63537
233985088 74053
901605349 180316
206777029 87242
52182665 94672
444800882 19974
218371287 17269
212140889 45086
735771924 23551
461421553 192103
300068968 184500
626474365 20005
224419066 11180
649539373 199217
239209005 125783
490284133 142783
795985908 191347
83301063 137283
395043959 85164
705214622 194002
515109323 34074
809033359 60695
478150733 96815
362321491 198956
310135185 38837
108702295 167817
408681284 155339
966073833 133846
114910927 159446
191757519 142960
602726349 33157
961855345 119801
655611020 104813
344630374 58147
156772728 61405
232100095 42087
271145174 39127
495371942 17259
574826702 20929
468120293 122192
170783123 22119
738277803 98157
737589323 106070
922589667 110858
532436625 17787
97981002 25942
54453827 24844
274100478 17268
51315071 194494
271639071 98522
201469853 88056
219144355 53348
881198542 51531
426578120 83157
115014940 99930
998828386 56391
539886244 197830
917439429 84518
442298678 108814
30508298 104964
214157885 126923
996001705 115630
585556035 80256
609512713 2023
575592824 195576
728345427 189538
181964159 186397
342159440 27391
882332081 70599
117280956 164469
162018247 105589
485811400 125806
676405157 178935
991856836 89423
375494949 192612
479046202 118005
83576694 6222
486901600 170369
376214810 187668
350849752 41952
899957199 127843
97277345 22043
102689216 109053
731853350 93295
609655537 94833
394749142 177936
542512877 98112
507718211 47785
66297373 192584
23331693 36885
673749323 182554
444373845 147284
634183797 15007
952698350 39908
712056251 163208
136298821 25453
363687923 99180
978161945 127248
130242239 15591
929836873 85257
647585244 92357
862191634 178754
854587894 193681
440658745 81890
534742655 77968
120681318 71853
686581998 176701
270295971 173978
13027579 74496
21456689 105049
322880824 25000
459919720 95722
289398668 98643
120137202 87808
960054133 29546
647595402 110628
14393022 19236
416454020 170770
950499051 132103
314881685 139559
840884910 35563
968164211 180746
282049183 14432
766499281 79683
109414189 100248
301022711 191349
413141469 124914
763732393 79404
291192819 136133
379166738 43869
550924885 64016
700244907 94635
785449126 133707
922750286 50338
152693002 148503
215560830 108014
789118792 3182
260732857 96333
855206107 126704
525900657 182007
607377027 127749
502097920 15606
617484375 197060
333688853 22934
728153676 170968
845011448 147758
2658949 177681
856187681 153623
471944925 198103
678980109 62760
379439788 41103
943293838 112726
244703795 196783
824476406 190923
32660488 118040
355070186 194725
825650856 176001
40398759 50917
166284972 155682
366506007 45529
445608989 45616
379052103 82096
252361011 76229
510572526 146464
317569614 48584
339306122 40242
598961926 150142
442519800 164226
207094259 32569
944799406 21105
965451891 122662
647209519 113711
27453636 89969
236600337 107289
824270768 17498
706536956 50996
257178257 119777
623745932 194536
965754657 131893
317303612 89008
17989105 98079
493146066 40288
782880706 4169
894938813 123128
497810468 36515
478484888 448
645738486 154642
212502556 88179
571032562 107281
899870658 66556
440067318 186145
684495883 14794
360050434 21345
629455373 167358
788176614 124336
970581972 54507
236804667 33003
600209660 91081
88705813 98678
802320186 130184
385012561 116953
653063658 158575
146725005 139069
416150849 51231
367484533 31934
277794702 165604
550325911 166567
61729519 199872
356567858 129711
764312114 165359
933245390 58168
899416811 177570
995351497 53303
302168127 120053
544179786 98928
387322065 185832
124298344 56377
429715451 97975
856759255 73702
394894583 57346
351525018 28380
549054486 28482
891906343 9691
518079244 193822
153674452 17722
796610935 103134
328028560 66361
900847136 151024
443231172 66782
430665760 125841
798873544 71775
587893237 120877
483636205 56795
486126865 153866
890832992 108130
685383020 141679
969771575 114378
118451420 66362
750437789 14421
894375170 55086
939031704 169887
47612354 4256
664679561 31758
23938089 91086
296139399 182084
659964467 153375
482624424 71958
413623774 5180
477399700 102098
692051493 24080
613329828 99894
565038460 32713
236246849 95033
772940451 87192
945115280 120572
696371354 54781
454159167 162570
324652511 18080
548256656 52664
501356011 7122
443830035 34147
569310045 60795
545301395 196289
528894632 118324
639305180 28165
443199811 19339
148230729 49477
49900009 178106
459250888 103333
373816803 87651
876846977 139446
535310563 19261
27951706 38654
475312785 129390
39253657 27839
104208580 155613
726168817 98503
12945562 150994
686524034 25174
485279220 195677
690430857 34594
550139294 163448
301784604 178030
611690263 52582
714844813 52645
651740790 32568
199373047 85731
849321697 46471
343208646 57836
660366383 104525
919008937 139867
778681263 172101
320752918 179093
41328195 142649
964802815 121676
256389815 182116
709609286 168925
498592365 153305
202570922 36257
979439497 34091
28838394 125319
18710279 166509
1634484 17788
851366356 158969
317046874 155151
186942257 105959
59864980 1126
738232288 33756
587146798 36806
771530902 112568
120291189 10882
904476710 115896
440070772 138847
387400252 187448
865368757 66918
729606469 15360
139372952 120025
528757204 25878
453242667 152514
326425310 74541
200570441 150458
182713684 175823
539842158 89111
833636459 49977
332429713 178323
545546390 111665
207000027 78031
885650847 147984
68347383 89519
404218882 9331
309257594 129186
524054033 29422
882219456 48485
144713242 184403
981849966 150008
950170297 105559
346973019 61881
445759893 136625
185112846 164048
88931545 160740
280287504 66536
210211187 120537
198281843 116256
198262045 13749
861855230 67751
608087472 46109
668152026 168941
309285282 7203
539254878 91816
584262780 84015
570016590 73463
822115107 162780
976721958 19679
9859885 154858
82629758 125107
765551933 19205
822581092 84003
227236831 130115
727319721 180856
582746937 1385
460944376 102695
186382202 3392
778898260 31606
258609690 150058
597604886 140072
654743891 188835
484699687 82915
247166158 51076
217267798 54612
46080893 146373
330411319 167071
473619878 42875
583421059 179177
942969123 12460
716270948 181325
674738243 116713
966351743 24783
555929577 181495
93500395 127662
271214684 132499
746199771 149432
370050872 94840
665741150 133696
720774021 64082
545087041 74770
75254750 155967
731763456 7451
463576262 156275
626555893 174318
336427637 45197
138486484 105994
367285925 167434
576679661 101822
844670382 23238
287090008 73602
664228835 5558
218379906 59849
535713549 27095
18354592 70987
183715820 51328
688216895 53039
294183591 155613
679750941 67398
729866134 126401
387174108 15968
202464609 9017
123739673 115180
756798659 77470
71768854 25016
746209309 119733
655266289 113202
211132643 181458
738793085 179019
968792160 42555
131063070 64596
557430638 29388
48919603 116680
215471236 69529
640285891 49017
646900419 128127
415416752 43688
987005181 25757
370030652 42426
152358522 114316
775381593 81033
859451918 168682
381349351 108853
632320628 140790
973065515 64371
111736347 188963
264927309 97389
868832722 135453
763995622 145578
860859730 180254
648598274 147203
497084445 118560
199349196 24306
740392979 101024
756204190 76411
299080596 146623
754789359 70362
368645741 10291
529621648 128053
38406136 171073
968124816 159672
223970568 114968
467664036 37864
660064019 166932
729218150 185300
231539414 82410
823331383 86805
555078173 135784
951266140 193401
192984492 157990
843441982 134449
629119046 147827
778073318 162918
756188612 151903
352624991 28522
143203096 55639
879141496 47788
600345808 71377
67814958 150828
177251590 78954
109546850 168835
384854050 140704
634700413 104444
624677808 184458
465811848 117569
359176662 61221
744068420 38485
985072900 175178
204533570 54446
469383739 85418
180070547 69543
718907852 139572
123204989 166866
874856379 181636
413849477 79628
107241460 160185
971413239 157165
429518542 150999
665374052 16481
133254696 164900
497664286 49997
829656935 5170
917622655 59216
260464409 141887
642435573 113796
184257119 123444
105730639 4783
361031992 154729
286408414 7156
945978203 74992
978478905 55254
978410634 18888
554465187 131556
936656467 18904
67671724 109281
672652922 54275
109685662 95285
513702536 41375
274902492 37419
208616737 83447
767604117 14000
358300288 67310
553858123 170950
654375780 162192
989148080 172379
95382172 86878
951929082 5755
539479371 132448
202219542 75090
945901947 30004
913139059 172331
870310874 16871
436396587 135513
563263726 101564
619436115 98963
498944366 121602
550083842 94026
458339312 176315
769734518 38897
634406245 81882
410964848 151173
403201460 33565
911399033 125244
217129056 37058
387821746 26080
986323397 118579
208560840 138986
262313307 192505
276345607 75152
140823820 199282
36949398 62505
834554159 126419
906370098 188708
857902039 175220
753988639 104845
513521403 109880
707566983 66057
28743924 153540
331834058 7151
353700284 28769
524769476 14623
832423525 191675
196443607 14486
146400660 198536
203295124 43575
160114368 8944
361039406 29816
109970240 102500
801353348 107037
61441662 150107
499652423 174060
846010652 22680
115557401 30915
703389962 44982
637160752 67349
482725743 95947
520943328 159778
565052193 128615
435184942 153086
308758957 164212
364548967 166446
512313117 169963
9979367 76900
51307112 125312
348849395 186666
996082575 119384
926679584 104536
762280792 7681
445844189 4616
315148460 79743
235925106 115383
497248929 177885
581916948 175812
70798073 72460
735362617 126685
633405285 172951
295373051 69349
575362060 198474
424065651 129388
824278919 125518
52223236 12145
120296938 124329
86349702 36544
973281708 33107
736187563 25589
697628332 143628
591050241 142333
831526858 24014
52096857 178771
421506692 55608
231166698 3532
741095732 135970
686320661 143627
279774841 47814
327375844 185091
821957433 172888
468228709 78086
579047661 153680
532276768 65576
824338854 9101
878258960 89581
669659700 199137
834311789 103290
153908738 12156
367873106 145975
340933095 45352
447680031 34713
943639858 192696
612503789 56377
160331807 167975
855195295 161444
637738266 101207
198363443 32924
769271960 191762
473931116 128789
817215043 81842
91153949 129571
775952807 106954
750585107 81015
643013329 179140
293938896 187609
898279943 137238
848394721 172568
141508686 159291
467056910 81525
485409722 33482
735327824 88925
574631584 98939
674077499 162931
966790734 105510
324642294 101711
615401399 138188
515687734 5148
790279860 25041
637491759 54834
160857001 121293
45588432 443
988220812 176462
359191517 69929
830385405 35744
15785194 36645
118241517 174329
536893781 188334
831504881 154526
691917479 166950
903390816 171804
188193330 152827
765212761 166401
482605261 188471
440723528 128444
181347697 48252
753291755 155656
333055335 174985
791998012 79488
312490885 163760
824628705 152513
822313317 116277
648414176 130066
682711751 121948
812354567 146547
491034177 151351
396218705 140715
29314296 192942
20507771 180519
206653182 110384
783911602 38473
995803045 158350
557410874 179277
180884450 147255
428695735 51086
980464445 108102
84950386 135090
312179604 117707
423719225 24518
275522071 175472
59795246 71385
780114942 14857
150111785 168032
273268969 184840
529411036 83704
348099266 172561
356816693 127252
580138063 181331
796730011 54698
47182810 189509
782037768 102762
232963415 27802
531570760 161339
379284240 57918
136922700 30538
266515173 146215
724894850 8327
474506751 159645
781148791 18972
394478924 168082
300467276 179826
544368467 155257
528324577 180904
268008452 164363
326550160 43710
381962089 75942
964196659 25510
132433365 110399
323684405 43818
776288619 122039
207212859 166699
898828099 72280
270109282 101543
756122090 197614
628716820 20285
886915620 128028
55508223 109104
945391469 187033
625702162 92747
980659826 138055
615344155 190860
613293251 171002
750514833 105480
347798471 109717
197375985 12776
495465049 46685
974008483 140193
932233555 174613
397044228 108570
135637081 122979
504335163 65982
457578283 103396
160026429 11594
73002679 43857
88718744 69465
880804132 62194
878958907 146007
100349435 162250
644689636 97450
530408137 137047
751193378 170216
497970323 166711
950350675 17078
727317403 50947
352507182 47906
768489257 101316
772970412 187218
790200506 90502
36303685 191916
189289156 51355
511159654 60296
152024271 161144
371811488 146561
483864286 52103
239502634 109557
287909254 112067
395994252 163799
376253766 154177
934637658 49183
253420002 168775
963319315 62098
768095480 196446
975602460 65773
961872402 99813
309757334 139440
137879382 35109
601416119 21861
950862387 108307
654268635 31380
419610692 7541
778143481 147132
820633594 168161
511162353 45423
134509478 183034
892382616 107069
297566663 160574
362422495 173996
329056 123407
403936293 46283
785534469 195360
562241862 96125
480679782 36
948286220 82339
392978391 38358
246796212 78196
29691693 105619
157834063 69337
934638279 76512
788132820 198447
146459829 193480
262200396 83817
307706170 41474
993163330 110447
447629700 187972
348355372 45903
327791717 80944
439157067 158085
426806709 29720
794126260 9445
364840087 52568
705016179 1173
62488873 165140
816378495 128816
592061316 171075
458535056 151117
536199764 81156
228345616 164454
740709838 198162
45697389 174520
591458288 69550
591484704 20831
587530178 63663
603761839 66781
434505304 34908
752362062 135471
28725650 74802
365166904 29601
677206077 178792
648166007 111864
253138771 24820
848452519 123226
779520036 55585
729268664 149508
91000942 4849
804619698 32752
537933100 74529
222782765 2557
371398234 112529
662458904 47224
458462462 122320
350338687 43380
804542105 144562
430980382 23828
486381097 184434
852261280 105964
555385275 39036
367220429 44340
661203907 91014
191346660 119158
103041841 52670
198965239 76117
692526248 37576
130190403 193926
780804290 133104
791394840 20606
301524801 180856
684558920 163041
358771826 18575
14840836 110979
793789910 137561
949707735 989
415178786 76676
299244888 144372
353132348 68964
58534764 190846
993854091 167312
405208962 33204
910264992 99708
63346075 199347
831817921 190248
93289235 149614
662839197 14604
293619611 197377
89201402 180779
260056923 199108
696225940 9218
802874822 112436
88884223 37269
704943093 49989
123520567 37635
109106346 118971
156203668 1933
577406699 170083
150213874 196053
528608955 110962
641491933 22169
223829142 146696
489085334 45431
525803784 151275
301834897 50353
150962411 101892
544118402 17290
806611578 126059
258681649 179184
768178970 32040
346616687 140047
361546142 157972
251604808 139274
802885436 130077
925650497 171980
481247244 191570
823520974 181909
407211342 58057
52442707 48933
364873033 2129
820585915 89497
520339772 128596
808258821 2684
635270044 54772
606685136 46221
210136185 99223
759438078 2152
403114 18231
552599805 180978
785438449 160353
729443825 157522
490697418 170642
162618394 136564
204418384 101561
598275542 118292
302510360 186820
639939182 49368
598067622 52700
593501086 10378
399957703 35062
355350306 97803
486693893 8274
604948514 149799
17679778 193883
919536869 101353
518826384 19320
562331907 54901
340315348 196371
376685926 167885
184262495 72416
476751320 180635
518955096 32117
191703278 106313
574202928 170266
550331720 168656
836293986 3634
571392337 14721
143622850 136972
329990395 105216
829731055 109254
578390153 174213
833289096 26367
136305430 153585
119219369 137070
182052354 182600
824119673 7185
540475119 7094
285346327 189736
210523241 4999
864513798 107574
905738269 103991
215348815 152945
469291890 108354
104089321 26185
798010765 85982
201429716 38714
232968308 168393
632169278 179848
853945648 10777
990351251 134596
667064716 185728
41576402 164098
131208616 183149
886972903 167346
912167090 169681
966458394 168492
395422784 4863
451392527 62284
483813891 74502
517885013 185010
791633946 42141
151738658 46228
239304174 27600
598098514 51464
782778850 21725
175677681 130458
638604417 91992
417765995 40950
328760936 72103
347893225 121063
535992753 73152
285448239 692
580408442 116673
317636924 91907
350619244 109886
560421898 103735
974003779 100226
661371887 40326
387735655 16669
172979986 15328
308807354 130333
433309437 154077
341516519 50390
368027440 115547
18788169 187591
949895833 158196
556151862 193117
172827437 22954
27084508 95526
743566778 128707
484710619 179458
45564561 21845
376953006 14159
253131204 86093
659101500 40186
329541659 94894
504385408 26503
304251264 128522
113491020 52440
346975218 197658
471325436 35551
860065131 121002
56500838 104870
366311962 192395
403987378 128762
928335334 44347
753524410 100303
195720877 47792
432376720 48595
142368505 185693
171579484 56074
715112683 123010
904497486 111107
953843610 194424
30084492 89314
367042372 162727
211748958 166496
25879766 142529
921619749 141384
943763332 120805
60554702 197587
634353651 62405
873106614 153080
53088666 95501
719390681 127981
605108837 67238
999296207 116002
190914580 56043
810438731 5128
872450941 193295
121178655 23410
748706294 74616
175955194 112446
488752632 90367
391527657 81156
983836152 101082
125080893 14768
707699123 133527
115817713 186893
560970474 37706
879717059 199627
205577503 181005
633072887 36866
478800183 111186
203244294 139900
86077291 50006
101368380 60105
24112595 108892
951058348 173527
44484630 109593
744891879 60829
81224446 65420
477237196 171992
356011063 154478
944318267 179596
624880576 95938
603470405 72424
560887505 197966
184142084 139777
110229774 194244
803331043 184813
407409335 122920
325662404 13357
591486138 57486
659386099 35499
7937917 184093
241965504 54455
782431444 142934
183910597 159703
433419326 166435
258002981 136550
225765200 59500
525303301 144591
772057990 116757
581256448 30796
23180680 199461
898845203 181245
541800582 146735
610281334 158693
61675463 159249
468944836 171114
800879020 149661
34009579 60404
997805249 83332
35869606 129977
589983796 159029
64617658 99480
564695123 186506
473614321 168029
396559880 130879
304664642 49914
767012365 161474
758101619 156296
378917861 92566
125155067 21710
337649240 72578
336105824 125756
375294322 95195
864245649 6593
939297060 49400
530801617 84483
808187875 4780
839410763 82932
671206864 75777
618672440 115610
484190341 126877
170552184 87232
399509501 153451
848695398 72758
780382943 18493
226678585 195203
413524281 9167
563244207 26974
967455258 64157
47779561 45408
71399600 52324
91695276 196432
778753065 105897
269337854 66963
255911970 5818
683831905 141189
393042103 192298
328281280 121843
916736341 104629
958237633 143534
860736266 75315
591824678 49821
22475090 86091
100230466 15915
607242090 2766
809091113 114732
432277197 99278
530164910 39816
911547008 103336
558745921 3557
453248043 15152
407090170 71874
170384578 15644
994690287 97798
186363415 115215
287464956 117891
942741896 92845
767775408 144890
171144329 38019
859460657 25416
709659579 170224
684710985 69612
742749116 1434
179646964 191703
117502121 117453
657724285 10009
88395665 7934
24375095 29128
237086748 79925
63361349 111968
884026688 155697
64837775 156677
437849055 143102
824153250 45694
744234462 38919
640035031 122929
84521146 14624
447489612 127898
33459380 174293
307815933 86149
656409570 187240
2582181 101163
950680933 93669
530995625 88660
349844100 48247
687169278 107301
209579384 20232
910497098 59675
257327078 110915
346755811 112615
573988766 178143
410731354 163270
631401225 63867
252748038 39999
767709884 187792
722872464 116846
517784540 122102
230267736 105478
813495074 121402
984494359 151909
46144996 167198
383399719 183553
727446565 5230
803956009 66332
540121791 51229
660860230 184970
980129085 119214
26554825 53644
736614190 112850
843467505 144659
166164986 189178
597021424 61604
7360709 147665
206135180 157921
482578294 38899
805896840 72726
274356538 108859
370564807 198205
686726869 59466
73981041 156476
175387544 86375
474238249 93071
574345064 188721
312884013 38979
54214580 187680
204432394 183050
328646482 154614
253887418 109283
826318408 57973
146081111 85037
404912179 51750
75951504 171700
462675452 27626
712362836 95399
836819225 39089
388082066 32791
358042820 65747
151107170 108209
196739403 37687
605237010 194590
43924323 171114
205805502 168582
806131380 52931
234695772 129027
386332533 1225
157104066 52545
732503288 182781
607000077 60455
137078282 40767
49392424 63025
333555153 181070
805291608 42070
264293644 105104
127707290 49268
753142280 20143
51531414 136873
241282374 17112
242628703 165257
312649597 131957
269248313 62199
577862779 43363
525761750 106325
13650416 109236
406504928 173418
344916371 69032
468239679 184231
746636503 110730
885982248 80108
677199616 190761
804078873 165914
490666044 592
492439728 70989
405132373 75086
613530824 112294
81814119 100576
339042254 82369
962380814 150943
897681875 113028
378231488 160885
123705231 188693
829291319 34524
437249561 38119
36759237 156758
466539452 53146
186134148 69281
315101263 94592
428435247 41801
883637745 134766
573849049 23323
926388877 140711
833439636 78135
911431714 51207
488198701 44669
205557425 73809
350248384 62982
934869311 82121
663757499 21006
763364756 24808
112273388 184290
530894062 103666
929680739 93077
988154079 178445
781911385 80504
826698965 99461
504093145 125785
510499794 6395
407285914 97728
132369723 78647
345925214 14294
304741954 63687
415855909 168781
221437200 182263
259305666 30777
847654470 114487
376796360 41959
99814729 54072
270532822 53962
85406808 64103
637504061 177909
446304863 87644
144992291 86697
986668858 186900
717616173 78116
170534444 175985
66520759 157368
516329357 137568
21985720 5801
259663136 106802
290924929 97950
579027199 117228
414365467 194355
347549562 157687
658139480 134973
437555112 67251
69956502 32229
917189379 17767
614874416 13525
7972084 146197
38139987 39911
623329772 115599
927798456 97979
289463333 154618
519084406 195802
84262314 96782
164030026 21985
528597653 154984
910996887 189330
683982779 50606
740682188 85144
949317857 71541
92480956 106906
955271843 176647
831206220 157375
596683520 54230
268054894 108680
616585932 25058
571660930 73343
519030706 36584
548114842 100085
847203612 81425
283742487 173983
364780123 197541
360508729 185126
531891712 65482
17210019 88225
426908766 168241
842671485 28004
439966047 35032
298591278 39768
827560575 181647
671893851 167746
85829298 23835
233075429 75433
690792343 5900
806924705 147073
953468742 83172
687147270 178698
520009780 187809
521454885 94308
735337628 141801
257377050 40291
388109825 59023
407374109 96681
444391600 17486
346617255 86857
131964691 139239
41014954 157643
175111532 174753
200780831 191406
256662096 145435
755796036 70742
764529684 181680
894755818 134594
751523998 13375
597478887 180184
621931711 171607
296691427 35506
772353355 72087
189143136 29920
327487722 191359
163858582 22416
339947638 129705
744367970 25725
194505338 57695
374433976 143543
288389374 135368
36095331 196815
492304583 102295
644491624 196004
142544727 180620
533466405 136727
854502004 8755
133351194 148629
505065976 162193
405155417 119530
399804402 31562
986448778 31588
89709349 168587
459931466 97460
702408442 69099
436179655 102728
839987770 61638
308979046 51760
26995890 146897
99092965 47228
687318945 108266
173863020 166716
985601436 142639
812749712 22446
488838915 75581
276943826 77969
920699450 198291
77458861 108001
785211625 43896
430353249 95940
974889249 186149
904130940 178001
521873599 11652
452819171 190467
440526844 191302
684969958 148276
902897610 119379
623509488 152846
923398964 42528
355552252 53506
4212445 106763
256590400 39411
546804304 111593
509592770 186987
479823122 113357
184960874 21029
232026189 176507
672150898 46352
301693655 61911
716932941 135021
478958279 148120
33466789 59383
756768040 16495
817401981 190059
946286035 176909
333541475 147586
260836175 147331
692734824 43296
957504199 168108
753266636 20358
214282674 170653
204418958 5104
931444894 83456
446133282 10786
271763898 132496
386140900 84598
909622697 45871
397717005 96863
619584478 161567
952575150 52165
726820292 171188
248964358 28431
142650112 157187
157527207 146501
100220480 72601
541065928 53740
701268207 175568
329369682 187208
492028338 197474
224979953 76294
699866420 110219
185159181 88181
296028436 152035
373311585 58361
187369819 83137
155920591 189016
845900674 125218
961636032 100077
180686640 185662
945653172 125839
170104910 185281
620145321 25146
868320333 180374
451055583 40871
755485894 91781
693162643 15873
927108832 110626
881643554 96053
420759309 161006
155289284 53395
808853469 75513
554477831 14486
569078016 30694
188665866 153252
560694336 23133
660170481 156173
215129320 110212
845962276 164721
405569605 67325
275042495 163412
729014639 155258
324647291 128528
81976622 193371
625657257 165522
450370485 12614
297941720 9964
781245499 168096
463381491 199071
460878728 174902
487320400 181902
248476969 20091
993407956 40231
210991002 123305
12303910 122794
966702289 25899
766707858 56495
73315554 164790
133173417 59904
460565559 112386
642259237 183720
725499780 91640
2197242 39717
270597330 40311
108361482 68436
17095604 37986
548230819 46144
286415107 16632
372643300 46155
465858594 150741
511799550 183092
6019116 39614
332655254 185660
388257798 35903
217919747 65565
390615050 17078
110235181 144768
981364182 175174
678165294 19268
169597752 185902
674278630 114288
671133554 105311
753438673 59570
114432274 86535
78553695 67771
286088069 148467
582909417 148654
319863611 25660
582854065 162726
245742326 195586
896589524 150446
801555575 25183
791754586 100198
36786982 26210
311038237 57668
527122154 99602
638688756 102832
601396422 173419
554916299 29627
804469254 132167
763899217 82149
809263233 107628
759374352 157027
288748221 40366
763171071 95705
365191472 45136
735667483 2071
381814437 77236
569775533 185235
415596957 110774
706756586 128358
93433115 96226
3915690 25317
15366201 67919
315023766 79877
994389080 16245
913302520 179920
472729893 95016
724164198 78764
873760421 149569
508566882 149475
906284378 188225
516543381 173235
316148039 12048
598438050 33380
86112230 138739
203810889 91240
974971821 79135
106924094 22382
51251613 102258
782358912 121257
971057077 22504
123042287 167798
899042970 20746
417740079 69298
865152184 96693
324519527 78453
541737387 89797
104696386 105062
767961647 68849
539967332 72069
580202025 105929
27031859 189305
531982273 150810
135015061 151921
605650818 86455
240272867 5388
69912095 23134
233079337 15975
398979079 180206
879220794 104256
967248839 33464
933739901 181971
539855606 5036
334584340 179318
734600694 94298
315130616 45315
232511907 99934
94210540 97852
71886074 18756
39195419 164651
675959968 145148
823561793 114209
785037693 35654
617070627 147757
446714870 134915
485723620 155438
502814472 17746
246966481 90442
550197069 195067
308355253 80145
693327343 90263
228239985 154956
681479805 93941
418634853 20046
438888231 158625
837364035 82514
544036342 53289
11519268 32812
607103450 55932
54596408 138902
253971797 69537
560741403 44797
548161188 117789
366335705 198233
382824737 174934
346267927 184971
966223148 105465
878725643 45119
74273675 32143
271501826 170802
530906168 81762
587707516 74580
937243067 69175
360748485 51959
386190322 33330
647168721 87594
40018153 21300
511532087 100586
709166328 47995
597096977 191628
129230654 190280
484294314 4513
337211988 142676
341093611 49011
515170000 11190
959512430 10262
814234300 151395
382042607 38873
281080103 121175
211149789 170347
362819980 123977
602939683 172828
257862963 23407
385933767 126873
759405338 10400
528168309 86659
739649476 76102
297585463 12284
162713959 66980
5031713 164910
417282715 137625
757637799 20842
737360651 25808
651730795 186635
352342108 178546
719532561 137626
889082822 85725
114744697 10538
611159681 32784
442771936 147821
200886935 35180
184365647 92487
561941869 6385
777837248 158338
393767773 92587
829881327 47387
231015360 50395
987152662 129990
276155550 60861
929023289 6177
726643478 84883
531359823 142354
300190336 140643
65503291 41666
782690365 58588
728894098 179290
486170912 147189
200852694 174995
585668709 55803
691792403 48845
236729015 45888
672300401 38996
987559169 91641
186527581 18450
442699045 66764
499988129 171805
307865802 97075
995599197 116082
599752834 32803
742198990 176334
964140422 59184
76039761 156081
359376597 23134
264161383 85528
257630171 97643
599965338 7279
665779593 162091
809153634 153709
712648569 176017
733398828 99170
617551502 129206
716993912 23383
805174794 83569
334258651 10150
239845174 71402
729786614 167630
323721863 181920
158167659 134424
931511433 92402
647047086 35100
619151684 97001
211653418 40277
931986387 102317
960884707 173191
69949532 157143
505119108 195914
893067804 139184
902665374 83092
289694941 192854
527598296 181586
906853200 49949
532634753 29855
534619597 56102
530778798 19345
558345375 81391
23278798 48697
910760656 77313
792239277 1367
990427197 95785
393190210 161571
443564692 66516
795664608 93203
467509379 44844
481365867 35969
746703347 177339
546879538 182391
281433184 31998
736451573 18629
297236618 23077
209870530 179138
297035959 56133
165397386 62303
920431762 159181
471314015 86046
140683434 126051
182490581 180245
469282151 20373
574796591 176039
938027529 138773
437212176 7683
813169273 118539
232702952 44478
576614770 120515
296015051 48412
773633211 53203
464486861 136085
476325329 39338
673469843 120587
915861673 132292
86481226 127022
248720150 27832
980377092 77313
993134053 193664
7967962 168924
432744368 20391
930349840 64146
731743409 72593
292504767 73856
568714437 137696
808148692 131548
35468161 90686
941939144 94738
701811379 47275
553488146 35232
580505528 66604
811524373 186419
894152041 42914
94450657 153151
282374788 117941
827828639 52130
47869697 118394
811674761 121199
617409037 184902
103713908 155877
63867662 68013
457811637 124673
525523720 162459
59443230 72818
880158188 127922
113260682 166388
446976151 69150
716624210 150125
199824151 147697
618014729 75616
264155143 79489
865135272 76318
105037248 37232
614437328 62026
757784468 149166
207124837 105047
921499213 148191
94347321 83333
317534810 179695
428824400 23464
430076577 22930
27212697 149174
454009310 97775
79067772 88312
984789707 120595
466964950 62119
848089039 21535
813113837 18011
169858732 60284
184326190 84133
571526061 89360
399549293 42423
299157094 150942
447049841 158410
878966554 43225
660442249 56916
554783439 171750
103071751 86798
423765583 178086
466413010 144845
436676568 67860
959273989 330
467701197 24252
269387557 168534
803785740 86610
477152129 106680
315785948 11906
592604796 184309
668254892 158036
261809637 65892
594123154 16375
602011543 130418
413351800 47939
287481862 56854
74227014 72220
920893796 181571
64187490 19415
860469866 124915
233944050 144702
729488763 45317
668735857 168111
634781444 69761
811968821 91724
92647294 44346
789040303 80419
200528882 14211
588694970 30325
82209996 172040
190496671 18135
943112740 59835
31248962 105961
128255990 140476
810855116 38228
907339695 40340
471684623 199968
327427925 179086
954269759 171136
994659669 55084
882817919 140570
84097697 180172
271540192 58474
396607563 188232
180321118 99824
960314344 13330
653362713 163523
142918014 82768
885173076 99848
533597706 42834
210126433 18875
466275043 30287
728651255 163713
927190027 158624
731579421 138280
753754478 14242
914188640 179543
772926064 179044
452059199 174469
746780834 2985
320912305 163753
398510642 32908
300024020 47666
844717568 91485
614433553 189262
264978114 76236
640342468 86730
864075004 30869
594123641 92635
41524625 179437
618046875 65867
844190621 73953
684989022 82213
100059498 96531
15150266 177557
161496459 89979
880122088 49159
518403607 80626
254543014 154611
141846964 88706
949065545 102761
305424583 38465
135225157 76633
437268976 190651
868264496 129258
338493944 31281
65638527 26832
466008499 57642
252289889 42490
750559252 53338
618008261 75467
894053153 171607
385493959 120153
692733003 186933
49961830 158278
128061379 18434
598347949 147870
765158715 38076
495405107 60904
65666544 38692
484190772 139708
222274298 100817
385859886 142298
325588913 153582
653219030 89012
7546157 172012
602792904 142539
534348208 125523
598211171 75084
646015468 127085
377452816 135495
994393098 195939
520734050 183600
897384506 15081
252778469 174796
207323605 183176
970729033 35158
683628009 90183
876426284 49320
494592185 72708
454946180 188524
904371870 173341
526536420 30692
205773288 82422
116657935 78655
632833439 189733
169417637 329
99716254 193513
970355889 101789
617796070 30685
67836378 172079
235010428 117371
225463064 139327
140463169 182466
747695446 57735
781966666 134634
549345937 111736
364581561 98202
611411590 25958
55628690 13577
921799866 118008
40686820 150162
413900446 59331
543940269 154265
634547165 179825
618331506 193160
195715218 100183
792859412 127226
378466035 89037
425853171 42757
863376771 100367
913282131 111125
391878781 53031
562532171 164353
298147324 100280
820681697 161115
801244603 21849
512190550 88605
40819768 126295
687897251 187736
357974333 154431
363546838 113204
35484312 42194
516370262 72824
95516122 117257
220499944 120857
796422045 2583
686244145 147763
593508138 124453
63781393 112865
345798680 110774
90755437 8034
188159855 138390
564039254 52773
863848398 188694
428418122 59890
5929688 128308
8656963 79832
108018087 156510
509598622 13083
855167792 142131
31935541 119323
917261886 170534
434013280 123618
593988842 5846
777469805 184746
155406993 41555
508175943 169128
813504168 154436
568973560 198067
40433531 38498
151784285 112397
991142330 177577
415471052 98684
765977689 74870
920429479 97240
242805215 161784
957004612 52800
429028190 142607
568372622 181435
99150525 45265
150854094 144482
596219589 134786
853031919 104836
390136966 81183
969233314 139668
16924559 56553
726842882 130148
727560313 54191
87827970 169657
644034728 131619
992091291 159549
423548252 167649
528409959 130190
578883808 114166
859614759 144783
351139883 132937
494495648 65398
751998796 188203
713150159 57066
882998109 157630
3930988 18790
38346376 11128
196552262 8740
877224134 89376
470844826 31185
21596674 4733
783839511 77218
488217085 159743
581474311 1599
765660119 64889
14315482 49334
692915355 169572
57094139 10219
6501038 58897
495253107 108141
38473734 193857
540067788 196208
344898638 11959
5803249 124685
493690466 106995
896735949 47677
76391687 30360
259352254 187301
612802157 172272
97944042 93676
915776116 132755
933230978 84338
289119410 121352
865472476 9476
56596701 69914
344259600 109881
532769351 93659
806899141 127757
666818672 141380
237141221 81686
794562863 33747
488757926 85531
14574600 133681
991651945 42122
399051238 82865
153756619 102573
90525337 188283
894115842 93635
594147271 114649
823832554 152050
456317394 196911
355382068 142350
703601497 134756
582044903 78500
252066574 63629
256349077 171276
731860096 11341
728805915 84768
758067426 187553
948730883 171639
598344212 95457
991100353 131040
607247603 172600
316051998 2789
221424972 55812
718744853 90340
271289843 104154
662594394 145306
809541877 134436
740549577 195892
684533738 346
758204904 31489
222507157 34626
116851215 41206
332127421 107695
533246339 80110
297372739 123254
724716640 75154
154204056 53869
576204253 71506
393905318 42330
158520263 115437
855735194 182666
872441735 62848
730571422 125510
920929323 31722
153374129 36574
58068242 129821
338320174 188468
339253195 57535
739973026 65384
397380064 52571
12028344 72058
402940655 173857
366833886 163788
538139582 56139
418091224 157220
475021 175135
696391463 186325
498294559 13205
750658135 62178
620142794 109819
456413478 80256
432620516 9079
321522191 106834
876504536 15966
292198195 160548
543978400 9406
367454155 124109
450385643 86305
451344931 62905
147067363 29989
537418532 181531
789971248 113221
305663071 170264
215372003 170723
594912208 75813
352962149 14766
299913338 133344
486621021 27922
202946999 180706
321187712 38209
32088305 135773
283473522 180117
576988781 165938
177938411 1143
753054910 113807
658500052 98672
364834925 106031
328077233 175255
636963764 1334
607010172 62028
978220535 83546
927963715 46836
275822907 41321
718957570 140946
356943505 73456
597878734 122604
482151578 30459
37928632 152896
173073164 191290
600028575 176303
167228409 190646
315920879 51008
809466384 72058
912996860 17056
872210232 127783
967868868 51160
246662808 121511
321314682 46081
633226517 104380
855311724 34139
615074378 11502
379822869 166147
56123591 35230
216322362 58609
126022002 41669
539270863 69160
520892030 2970
284712371 41443
125146655 28687
604037693 148952
704930286 116748
591078285 135733
75867939 7070
485790855 84349
593832551 32097
787279199 4623
482588581 166562
469731886 10589
942613528 9280
351104394 65546
658106026 21212
23169469 86031
226229503 93743
70101804 144662
805452052 8036
153139468 104478
877796431 165516
941687076 66719
520813383 163774
898349513 89551
505394033 146213
237583355 176415
518329183 120121
921986193 77416
542172215 127602
397490615 169342
207769608 90586
572683808 138269
748946750 16313
579139294 198628
354555292 131102
985834024 198778
328790508 29157
860650543 81422
583622706 53495
678820519 53293
421936444 49185
79275241 162043
969976628 150479
773214540 37039
915594159 187690
201202726 195989
470588179 167394
421757348 128989
547975799 36660
244934277 24398
16733335 106867
900713348 54777
54169912 139643
799131417 95479
840912291 143409
75944106 44884
84261196 155612
598713841 80773
21128442 28480
458884504 41925
430669156 139341
581593488 152016
643382372 96203
17154588 79944
293412975 91269
84216743 64002
965841418 15918
329789732 27198
726736641 86761
698547465 146152
936763238 36829
139326349 125636
265376160 98930
978069395 76121
8181216 197756
404250596 25394
414721200 135161
200400504 60143
23938660 55122
316639026 15106
215979306 193115
773674932 35029
739187091 186098
486601308 79108
757331982 104245
84958371 115534
567653463 101937
418567410 167546
355955930 58973
437061146 75220
66945451 189424
527371069 89269
832333603 144569
21198795 77277
37244397 3307
895826492 48103
761654244 108220
675851982 176084
198483722 123730
845935516 115811
318975935 186127
777932390 7121
531488334 27568
815033008 14470
811774216 47681
367217798 19258
819516739 47907
456798211 50760
684362142 43064
129472183 186567
149568626 126487
357379069 12689
116127833 21530
22188569 172265
458463189 90689
185749063 169699
195359294 133166
860040853 145716
197025412 19945
428767957 82851
594356473 178089
639345331 134922
423314697 147641
227151518 17344
799344841 192013
777053831 64804
605642138 84649
341611298 191800
745404553 153390
153625199 195702
19358453 11341
820330895 30941
4752984 168280
505989488 192740
969906614 165586
580795826 35192
899237042 80224
71265735 26214
663074213 44070
62128671 14614
568120576 12229
824512994 194475
434451981 34429
239625972 143511
122883680 39736
40847188 91796
612394749 40686
702089266 175877
66897136 59541
954754311 98861
377619340 122708
118871777 30350
38044673 37819
237587650 35792
468456488 98747
97403820 187455
762070420 190440
838481099 5329
729583987 84092
775057046 185795
177375944 162548
748329888 186167
809014405 121020
842666802 145612
767972486 165526
715310837 86026
267171476 191212
822408294 83497
329040751 30898
378294032 183073
725185686 184894
716627351 28875
17840110 52342
414999081 120364
29136987 161088
94012060 96582
184496648 131167
288464082 15544
766581925 141662
790691187 147452
300931352 98239
196578017 119442
47946742 43361
633764110 31947
388075982 168763
831569988 47366
476602258 180570
99838284 196558
932033523 17546
166751886 86702
538810996 126884
58935751 183660
678801579 153618
830095176 102918
777284612 94305
959244187 181281
261829021 106730
2297517 25176
589409667 20711
420497787 118190
966636188 180994
1267763 62324
978151769 29824
834621517 56827
543577213 143564
165506417 83403
492441651 186819
100829686 87845
260598347 58607
831037555 96788
879141923 69222
36415372 114514
554673333 94594
272171289 148914
445832601 159513
145287737 161373
478255314 38966
647362403 34399
606871637 33829
151070209 189901
822890941 103049
988691400 146028
31650648 5750
369788627 104867
120369796 108928
73713968 22159
486564997 33562
212900796 169501
945037930 98655
105977842 147145
519842224 62510
65382616 89673
405913722 117956
571602410 147918
41519558 184665
986933171 170389
681976782 107618
775798792 103027
250668311 35336
335730049 158325
327964974 90498
582321313 7056
628997564 167029
433958676 173801
345474914 50039
51884840 89204
487286993 132832
535137667 119305
127337011 89664
885409059 7836
832478854 15330
473902874 87642
217292913 111336
796322781 111369
184729709 138254
466290122 65428
544574357 34328
967485782 17790
294302684 52375
356597551 32833
894107951 197196
6369686 3632
95350197 24062
349597664 170552
475051478 44408
507691683 41180
914095720 131590
609152873 82641
680476734 147176
753116006 81349
700001430 109088
617180089 188623
722900914 112806
360725476 99469
501804418 142962
537181475 6036
274419637 118065
361961057 51280
822733706 57559
554472739 8027
35988304 149360
413035292 143692
566483805 114212
243982778 134497
541540776 31671
9617837 39880
376536389 166916
1232019 129413
129241189 122669
550878107 190115
101488741 159136
175608830 38669
829299973 83867
677337804 56966
927964140 26316
658276704 21106
565731474 116823
960582790 197155
677823882 44342
995991157 171237
121187084 171195
921218092 1881
807783282 171397
920720163 52258
567382405 67623
858534545 40932
25324252 100339
988792082 121013
273083980 174283
245042235 92697
47537194 31512
125494474 101347
455440074 72287
964564436 192534
357360650 47227
80390718 144062
39057203 139685
208323014 58534
378258060 198410
402089932 141769
906714566 144521
792531966 147968
908511832 3730
958986378 193291
460088806 145299
289931619 10252
722417391 103759
478598877 130627
761830019 112191
388160214 156434
956745928 49023
272978957 49489
206830748 107542
951680376 117035
717623841 78657
124350815 189070
498815199 194021
44980641 31226
886148667 7577
70703063 135907
626381344 68682
654666806 54414
875219487 167384
332156547 182925
487057095 190404
522757696 138785
621976300 166858
31508597 30587
52027100 34021
505173312 70917
561144176 198354
463604500 138878
736903015 64646
904769222 55531
598643769 33755
557894631 9095
272546834 1130
676116872 42166
128281366 127738
49852176 39870
711141467 38778
416717750 2350
629609115 176545
514871477 93969
710951041 16673
867880380 53819
260855672 84018
381884762 186006
807671669 15048
139970663 177070
101298279 45848
269604373 5696
406319082 150319
172768314 65881
700132576 104427
620459540 7546
343991606 54106
53570112 27500
748477642 133073
138491915 29794
31047469 111358
434646204 85791
897873293 44223
306101233 106923
955879966 111972
51058809 109065
986085596 104754
924603856 168048
609248482 98854
470680058 103182
580445938 19473
726910342 20720
172566134 137236
601987980 1820
500961145 120929
373587243 4733
265195861 191060
342060796 130931
8163187 39851
63353200 24836
13387073 170499
291488399 122850
967231825 74743
702616543 85558
88232934 106225
329518134 195087
110962097 174866
678592474 134592
33739968 176591
755670177 51797
35429897 117300
643542482 21034
731239965 91219
109315115 10782
120877567 131991
93805922 16311
9989955 45034
439492240 116476
20565535 198766
794776338 118920
963915831 157179
379070341 111795
142534922 163699
743386682 81852
562917818 96486
797540555 97026
731448168 46675
458876665 126880
70729979 115063
996742722 127904
853673107 68259
929853773 12062
80360162 174946
775775450 11009
495640788 71720
357724721 58468
949151735 3932
187762657 26966
151529873 54447
747308892 104671
493112255 75763
825455177 139338
753604573 93991
169722413 85549
422858572 126615
787901778 175707
747216026 2688
636025990 122522
374419255 36389
180501287 114004
896711036 129163
158144141 151983
401685700 164494
427563707 109873
995181783 38750
33005391 94868
441008056 115182
288356197 172716
911204784 138158
231830220 78105
146795149 113889
358098519 127504
54852972 86262
825075599 142224
936720996 17107
703489535 78429
550217621 23583
395870806 95064
624023028 115624
263791294 113582
20081233 20700
274630873 40211
171212544 28798
102827644 69307
120099191 92239
30676345 32800
694398920 126110
591482392 22674
608149611 123126
87312082 76430
428810100 161349
392171792 13943
391984380 57830
746132468 103376
534452278 84799
425892936 84942
49076481 85829
445280331 134907
729838660 165657
920742119 178140
468349884 19862
368664459 13853
875323866 82663
41370003 12296
865132552 100537
631070937 36223
321279424 29957
394022126 51067
355052306 76733
742544450 83926
936773160 55244
642215304 55789
145395680 801
969921370 96810
324183699 195303
322727340 1721
607638703 106415
938338880 3866
77166941 152352
829751549 140214
794703192 194372
284751205 89714
309326066 90324
832249782 161210
459765538 91620
420852428 7739
874981284 76262
312009330 118619
782615849 90577
274146630 57080
70135213 88263
761458794 48892
724279438 70746
378860809 68669
894663070 171098
632821216 132812
948884156 74648
96010767 198470
925793395 133643
93371172 1537
736363880 49473
885509215 169968
827716797 29924
976937764 177185
986477638 169334
368741696 70891
802270391 179014
313627836 117332
246209175 29976
280453572 69469
886514376 135799
308191338 175547
911422941 94387
15190742 66983
390881427 55601
956496053 170352
223561412 25299
29062235 103534
101381781 147253
772221844 180813
181892819 181070
573796682 22628
330124229 125475
209798931 100875
123771446 56278
650350603 146876
236334733 168885
57437103 53064
7668759 189651
347755552 99428
627216186 83611
492661462 5714
155064623 124287
859395792 72567
172772720 197802
479563057 21731
979407878 57417
345265264 63327
884821687 44913
488208538 91512
464522808 104324
408077340 167449
512357121 85264
73783369 127801
707290614 192050
282687036 186432
179966412 81239
124600325 173738
47754093 77021
997691990 7989
544853392 196058
760988923 142402
362161734 40710
984786391 126945
978642016 105808
664234035 127297
657787840 97678
504072148 52580
455205422 30741
607074419 44511
956789379 55937
36101782 126216
768254638 163589
856101095 44698
214013776 145102
112963876 170660
227932395 16950
491076200 182772
773977724 76061
726425162 40005
913599414 58370
856541679 20508
162861392 198516
465761402 73496
219932622 194257
506016341 146521
414378640 62110
510497324 186864
319014434 72477
999624579 123988
844040898 83760
523713560 160064
253266896 133395
200646998 111293
428096952 76724
951431678 143786
852319319 57916
701095183 102688
168642066 155930
867819194 143597
866803332 135539
319090107 160645
907664872 170318
187021973 111226
12799051 79478
803339014 171751
794156727 125992
109631842 166366
996230086 188780
302313242 172595
567541171 150992
464858531 190131
620431194 75661
573044568 29714
405363799 27707
332130638 189609
836890397 51689
769888748 126731
459480878 187053
963448330 87737
628719076 4721
877354949 151093
472555753 97526
853594554 145937
680978542 119251
556219310 61079
951487199 72990
107130694 105761
683324142 1456
332635997 171356
512701788 84278
227485822 108736
512360850 183517
757465024 43631
344706783 67900
945451022 40631
505928568 37930
387201188 3543
566957331 1074
263299097 56250
271510154 43864
751623624 27316
494004927 78824
308406685 154956
584904031 66893
217474390 124674
903480233 111812
716241923 107047
547288423 109232
116382527 57258
999139694 121758
59591823 141380
750181502 171069
639089853 163699
915800131 157816
87899035 21203
780699719 165722
766175849 184015
898710492 191741
951872997 51443
22364329 165049
216194442 92128
222544337 124621
393190851 191609
969408104 70052
30757122 172813
810667494 50490
595356850 36198
265225695 54793
302505946 93297
95899792 79252
450861655 100018
432784554 101020
874146100 157771
189386766 50926
385933344 46690
358833100 10741
301079449 103125
322661749 192446
288605300 28492
658676888 170171
69640603 170595
252175783 67839
976510418 61412
322358289 28262
845043728 146969
863217948 31237
450781367 77179
854132041 101079
923911373 143211
838584648 153691
8474725 48750
159287689 163402
548640261 173496
199685050 13861
705166682 130962
745366305 15703
891507279 52766
494292643 51793
558392084 128180
702043226 185317
355457534 48145
772440641 25119
252802548 164844
539780073 85682
173051144 22467
774316599 198679
248937963 82760
549118557 56443
567972389 4124
683540641 43575
980629686 100113
400302339 197185
266194701 152374
118201724 44129
811333300 136279
768750816 47393
607516871 97257
108377175 188968
548004941 185671
314008204 19907
937209884 151119
572401617 97166
328774555 55722
674667483 99451
73769807 53192
551290404 21588
712747212 106748
194505762 98138
927698586 106686
809704074 137971
112611059 137950
401583946 69892
500200324 28123
655735572 50558
209824281 150061
309230167 98446
810572849 105207
947082587 157500
834226158 120102
351974594 183360
18034941 90375
895451282 70593
583568648 184908
459998994 132881
133591289 9286
82841752 184542
669484689 151003
171318173 29812
641331270 60617
280721818 183348
415744355 131369
624340422 170842
637663796 136418
7904570 166598
14076319 185213
122768561 1752
903609169 76834
181368759 173509
430553517 116309
874825300 15392
112177818 112260
104992024 149749
893021196 59210
740796447 176554
217612311 56666
398911359 66408
584445956 88414
995876113 124046
74063620 142769
869403341 179987
553618034 23491
608411251 93622
401681869 137985
58851635 37896
763611970 109203
163906041 24649
747142373 10480
776885631 28080
92785472 145292
445069008 156938
688636393 73213
250545282 153312
467447461 39267
208691542 88881
270165029 5929
63691419 131356
560994939 144315
617848434 64443
934915442 87591
846890786 9249
238782600 104300
896678849 170825
474478976 16768
556770086 135351
158091639 54059
258170115 167944
479360411 91032
101211186 121246
856240282 14734
72935845 59235
382333910 118656
632676593 90973
558684774 43761
907044598 97562
569350360 21985
365625195 54454
672886254 67627
232254521 103868
330785214 37563
375259993 121723
912061243 2299
114857824 189530
794694157 90469
988726894 160030
989494123 138523
811012251 28010
689458160 139129
407280004 19491
835390427 127240
968252088 148196
273218671 6927
877133184 153563
899978880 90383
175839069 20843
337640474 154158
614584479 129544
184925271 9287
475043435 152041
496943720 197558
227221657 104001
207516952 177118
186370804 43871
252633120 43013
17236347 64519
173661584 157022
659115621 129021
323110940 25260
68756216 145360
32923727 81121
499126192 119779
904154305 170973
897253016 5096
240232518 3178
982819048 52556
749045634 64620
139014265 88433
976427747 90458
452021324 130969
185407624 108022
535880387 168589
519147983 21313
791578876 125205
901353292 10729
79229967 128487
310036234 69824
832461890 196657
976555231 186492
898220941 99872
846223143 118400
640871205 146749
426136826 150844
45639436 18501
302079556 162273
693032121 77182
322824440 9628
227065654 77036
462406670 76535
65771278 31121
564306018 76153
502034324 134334
468822139 89108
574783257 112933
675228169 136720
227482875 148596
71534520 63799
501048033 195805
741697619 115992
191411469 195984
61673269 108132
318242479 57840
869345414 58605
487735774 167722
465701797 143095
354893169 105746
715148608 60117
647688160 160326
183228653 118051
561520725 51162
419372019 72148
389117737 131409
252803854 187554
296899560 36180
945301376 99352
481364494 23879
570823796 23891
558700115 112296
859611350 96179
150400414 54845
574500831 101260
916294906 95228
120550896 13893
953921288 151991
590077156 77241
793786917 142632
306946076 90919
230243948 153682
178032029 67233
140070223 195008
229386817 39244
965438745 4261
787299598 130225
122475614 178653
322050971 179034
695230742 35522
826439904 98536
574872523 53470
485811441 182216
480728343 81775
481380527 110883
765994309 99831
684064233 7820
845333320 182193
935307800 198282
891139729 69186
439932813 105138
737683604 61805
762212092 51668
703585247 151291
410965029 137571
474017560 9862
638873990 49219
975942669 85399
940185928 105916
339859212 197760
23420926 44972
264060266 46702
173476279 112054
329760431 158591
241090147 136441
37224184 100764
519202139 9226
347374671 102976
460510144 178240
453938978 103466
632111363 106071
869934531 16476
566557009 156720
401597757 5741
375075894 83175
896229039 90165
487424204 13279
874662226 135909
155831061 41503
776959867 19743
308136670 37075
970025838 48283
248783063 107828
458853553 148701
218969896 71394
836223588 38310
152995615 128521
457889647 45263
629343751 80852
239050089 78374
66652990 46084
828016886 185599
61899263 153957
629510492 40159
130540165 195738
217847006 56631
977068418 52748
377892740 123314
379619898 167033
213755470 137393
932602851 84694
518078135 127789
672441045 197438
587097881 170726
469937039 138636
430043092 45982
380807313 87942
855025135 100114
522852787 110350
816549317 110513
323358814 16859
699032621 99338
29024073 58581
858002651 75943
944443360 38672
989526506 91892
894365236 109033
702360087 43508
327981842 74628
922441021 128540
975406470 101393
951915856 118370
513456555 20614
990178230 66424
749639329 125733
288867509 39927
659218594 188382
135309071 16309
53585040 8074
448389742 181334
29205011 97024
932056465 57570
269220278 108865
874713149 106688
980504426 159568
762201356 104012
240171618 139793
429590309 137719
929015904 37243
188764575 156128
935548026 152237
308569891 119669
962054637 142125
480568093 33776
624679947 35480
562405671 68650
248917035 78676
872827155 27673
474973865 157083
38121877 17886
342178102 179276
142699131 102708
403199698 70060
184249145 8002
235730452 49615
226859571 168995
614683004 94973
534867618 36011
813725810 140887
907916928 120937
104327419 115462
480595310 25246
780854481 61970
717677422 79289
72495575 18387
2361670 36975
788859848 69723
156683034 3562
169193927 125408
747259075 22882
243950461 39657
648290247 81392
191667802 141702
129147867 25905
265853252 159407
664661027 85279
707652164 190995
931480655 56113
40933949 141452
686717497 167032
662426841 157033
707712465 89939
268712227 118291
293542564 105178
439000045 180894
177106638 46316
810980087 54662
415762739 103696
305894132 35676
248618917 170862
692289506 102861
846867059 123381
185411576 98699
906780962 86858
627073161 164634
546283081 22138
721529474 94763
106372511 98342
388681427 99862
45262889 170733
914481435 11373
442830352 103380
974800487 8287
852628204 71249
564056671 26436
564963298 18004
340791746 161338
666800996 188270
774904996 80567
229909904 73948
71542478 155169
845093078 23669
491707290 159631
604362397 168555
310405858 35105
676178126 100461
967307111 147155
951247685 115028
330134686 14759
297585059 191702
565169152 51714
462257268 141257
974028155 129428
234723774 183215
230379937 168813
504683096 76602
383320804 165532
723380675 176990
28566081 27153
31121989 103289
281411892 78940
805284313 116340
270995456 38132
687596734 92360
158503598 40757
502578478 181849
773118316 140693
732024667 84494
988832365 45484
619789118 111807
862124920 151273
252358446 121539
96985564 26708
699825687 45271
707876734 158193
198352417 62671
667958360 143609
729716521 184363
829181007 85840
352386754 97534
78023331 178278
727348245 12835
102492416 113307
563190802 48418
100901308 30378
426180841 161867
739554158 75978
847915544 118275
245344955 14244
906621461 14346
552289841 143346
35573337 147764
501006071 154146
69389474 86320
253046648 198241
920188945 123670
411894921 142681
65764864 1866
827716070 76189
993401920 184100
921947227 143524
6824011 107926
166257665 89176
424533665 24790
257860852 69812
872204154 106843
301116237 15172
677616705 76776
29164028 21519
328797060 91004
495781412 36128
162594814 40732
404567550 114675
133625828 175489
830288984 109091
80702118 78353
671559131 164967
825689746 11962
911167016 190905
674196740 100805
213006215 86647
148609362 68188
786236325 40293
905769062 161199
659526289 117802
88363073 19216
824762303 157895
716445947 53775
1411781 18878
952352792 95083
469372796 36780
495090870 153953
472295400 193278
504385554 157953
410703849 134159
274007934 105049
51411564 16076
235889949 56992
723702114 27505
777011141 143520
633573967 187139
324917408 181370
400883505 194994
549029041 186009
426407438 89891
679937933 116202
130132726 121947
335310609 71
718688778 124478
920943629 45979
707686215 80537
46050924 199170
475975103 47724
676555903 171689
230221003 144033
950981579 13941
513074600 179302
607482046 115327
344869638 26965
332114675 76879
471469006 23620
966457741 88580
313564368 35602
270113138 20995
948592254 73636
438565341 6701
405334856 88714
910670920 10702
533208923 92171
302064616 197228
371017646 154204
622743481 192916
335337538 41182
74505702 142154
307630204 145441
24167429 21072
952041562 135267
3338478 181944
888159272 145950
355625739 77893
15879051 168872
744469072 116827
782837821 156463
999850693 146676
689926394 33976
199401332 126015
960001660 185052
691524695 162106
256341832 102247
245003373 69149
921912272 109698
711311337 56193
97984018 12927
48107224 118145
548683794 24527
822741603 176817
40222260 127748
321336096 21214
390638374 159725
117477011 138041
916564003 63775
954218305 102918
647330743 144989
461435375 197874
542036732 96138
323969792 104748
655263912 102156
678559902 20387
147141770 13976
902868932 140476
280814541 144384
971480380 29125
437458806 26617
847677802 7012
680074745 108673
501545453 13350
427875130 55843
280638297 189306
706809082 169828
874851712 145562
697168232 90829
430518612 60439
439597208 157936
249987529 145921
11239179 164187
502884506 31040
927017613 182744
295025124 169349
928373418 49500
676851885 68951
304058047 112030
533255333 173278
880635142 88699
559810998 71838
238701135 116873
219476132 93506
83018159 62134
478249965 55017
655894078 97165
966579693 20939
610047854 147548
874626648 5760
33935343 135314
812162929 143791
123889048 76275
122123147 181411
400060027 9918
515138171 38150
548257852 59994
648889712 105220
963288097 174625
369952614 318
19938982 33391
331705428 165733
25231712 163655
448954120 72323
929420901 111955
616955169 134955
635285813 177575
815554045 148455
40448465 43954
930565603 75529
919736054 530
512131777 169228
406980086 186354
40011001 88953
502160862 24926
169820788 33650
268675788 156972
304094748 141261
770522402 24675
675078148 180328
310770629 168272
577445437 33877
589930965 115573
876558104 141569
901800116 48168
740224193 97526
305121008 26739
287244426 45056
513925229 10225
460519031 136729
560912519 41090
189450487 1790
780394762 122377
282295374 149739
870831615 156887
978277747 10124
519150018 77718
670332663 174283
306206529 120229
777477588 82477
251318829 34346
592804137 41327
602674751 193275
492466621 195412
310622564 144999
351664747 199267
270117270 150795
814162872 84444
139999239 198603
763764500 71078
386889945 108720
339062788 42664
105836179 13541
431992761 10727
121595638 152449
232900964 2101
407337277 67720
267444555 170443
259002528 160384
14945639 16625
162839262 194262
33830668 43656
552571691 79325
192791986 6715
522176303 77544
713082519 62349
588937257 76164
275986262 102927
905561031 194501
63179462 72223
668662233 39520
646279405 86605
301040822 37827
347766551 65655
132557827 8582
842460921 56297
803110479 78640
970931144 6559
92704363 17793
472026174 83530
508984602 97851
387060098 30294
916158530 158449
477662848 2389
175267734 83924
560413479 144
739244866 94818
865405109 195844
341564743 101904
811852606 105041
442837040 87553
709886108 73200
265224010 84090
779405582 37514
416098437 34756
708584165 16324
260586089 22295
860846815 44547
51365090 44699
325625423 26166
636639696 86801
859713723 103797
65119407 171637
82791608 158286
981827568 152099
259748099 146788
156179943 88142
208928096 176019
899952068 89545
978673487 81588
727935732 97777
577796403 144071
941291969 8677
548288298 58669
310112592 138464
116119522 74851
679247866 3153
348241267 58283
46619708 151467
510685684 88176
81526550 134541
125272167 34312
678054057 112532
727766148 38739
498798281 46073
22586898 126035
566114246 193186
742465783 198433
912353658 141710
339261159 171689
664020032 97671
81279841 144852
840047297 167843
431545432 88687
825056384 53719
314610366 91652
480494007 113816
503872830 139134
978982575 104253
971370982 193619
838404139 116127
726208537 93916
395946415 104587
494160754 62721
289040603 165118
849493727 9677
45435386 5309
953584777 37032
428530578 113225
98501293 11655
807498409 68217
392036782 109171
764558983 136919
84493938 180048
234490439 187008
420415904 33478
947828432 68746
176169458 21813
80914649 170423
253134837 81643
967415968 192072
706031867 147431
234198790 106557
319627388 148609
575312313 155125
138796299 37996
640758532 23465
572460474 45325
870459872 9607
15496897 57869
64921967 133119
87745076 160891
84174234 182432
793443283 165069
389414267 48950
772306903 35232
990772222 133732
807001552 91609
753279041 7355
78199573 195759
947064002 191886
548822262 79363
661109840 55680
636921218 4248
902253848 120179
74735000 61742
739694652 157917
871373435 20128
661115632 128726
875530370 18197
680901274 79056
635457905 132910
628387472 6925
860248532 58260
946893409 3904
977649456 56007
615573286 141554
971970033 167427
905172331 28017
438426906 114592
642531970 112125
768525092 96455
707366007 82559
302597822 111972
736548737 14419
8125933 10706
188121435 166371
228184594 66496
185423488 98244
512585906 23870
502569180 155808
973798617 23130
293270408 167104
783736975 107452
881127827 91197
228954505 55781
931157764 60855
785419591 180412
429046957 76350
235244171 51087
13742084 58650
938815377 72276
867226445 148023
612707774 63178
483480066 197350
205602096 180779
977650223 47226
44420811 20322
657338590 46130
367415003 77741
621452819 88605
122433373 87463
861718210 180752
98837071 79327
673939067 108335
231549838 176856
667832693 102970
701334889 94897
73359390 97293
478572126 24107
962855963 4665
333306760 82568
910603479 146444
722781576 60407
685638325 189386
318547872 113422
557482872 27694
605610058 87024
511147255 107796
823535089 37312
180523724 11522
607941570 147475
123436430 71265
132805297 166625
725091192 168712
769043431 22956
29348117 146698
564928428 14841
485860519 175777
594398199 190987
970105729 127807
147010784 69701
848979035 139307
127730272 64322
384561753 187500
434801419 11599
997907352 65464
433582193 9188
654164238 23540
826417899 15443
252125395 153064
386321908 19409
416066968 183387
779034810 74798
184800370 154453
150759906 110939
928956452 19109
261634765 106525
768051619 174573
557550243 7318
566428695 167071
25213024 144418
235125740 142757
629898227 169246
6589224 23700
597453773 82367
37038199 159568
239260660 32950
821778150 105739
351828480 115443
869559241 122436
687049259 6016
416336843 49511
310674011 123544
711481472 188571
391363705 119231
676897003 178817
392183518 77629
781882628 171566
916630961 199820
968194178 55409
18825291 76169
307418842 191233
645553644 7395
171207137 70882
316489959 163755
714996591 120301
242936615 105113
702201624 69817
842485444 74271
480819033 166605
970461881 115661
560311489 137408
708249817 179449
872483660 73282
265939544 194308
242027639 89813
277500057 104701
922784170 106589
559784157 83792
829018838 64569
5512445 29468
481237775 102364
215914214 59036
552009000 175055
216250760 50745
289763425 144360
560668976 33475
433169627 70657
30020519 15754
99039550 76332
3043193 134321
238509874 186407
699632543 157850
717957951 190935
637800522 94004
996924131 67977
568008939 157680
616395569 185385
674194944 38162
322721599 25280
881701282 195458
723882161 89274
322154003 63655
61756322 75208
216601454 182024
809388193 178998
343694819 157113
234361766 22717
402170834 53420
45941309 124014
766049404 17528
333551272 150204
975019557 2689
852521621 179463
70822830 141272
400341513 17942
512593386 22857
513461070 96751
695486311 99726
176519519 110588
251378215 169792
891475082 181784
964909969 168441
512143113 120647
55944156 129656
744683837 195020
240521090 107161
637392420 43253
84868281 186701
948756039 77862
162738977 115136
719445305 151718
596821944 32072
391332080 134284
966860345 172757
469037286 188252
747160888 130579
252088084 4554
652835111 78495
115159076 12679
320624752 155071
127106286 55453
343276714 18899
883747207 194771
457135642 176148
764919358 17879
223946324 191313
847157856 188318
339807459 35288
785116580 75552
781957732 146992
29408988 77645
265546812 47229
43947381 62665
846709905 66747
289787125 89872
273964325 102947
903376193 98886
715319524 81769
424580344 143741
213635373 185393
99731068 198927
311835581 97430
439675763 86398
679002155 48813
445015777 37927
729991528 99911
779310882 76753
267456628 116741
588806613 90139
382994226 187075
996191649 17894
689700586 8406
95142776 162815
969698704 113758
676390979 123151
680489867 134201
889668877 50021
148301480 170984
272794304 133397
489710662 134889
964376808 96961
859913219 125013
912815715 60345
621240924 13685
61775460 49390
551436020 156065
962316134 52816
846627423 188877
238674735 113453
614936003 176179
989540718 178345
143716871 138747
313115844 13701
881437992 195490
789264970 195548
912451807 38952
254285728 185981
81072761 97021
852549197 109464
704479393 20711
315135645 9446
420065991 107448
633764359 139259
250319906 135980
887785056 123313
716005364 188260
895109410 189100
249306440 164708
803500841 111718
210049466 81251
447851254 149422
98701479 13135
169996114 38475
42224854 22873
165438956 148060
470075732 61841
704064327 41657
958837775 95733
866862501 80819
194875847 60351
997342790 63857
887942827 139843
817052308 78337
74209576 17963
704305469 119541
716953782 162995
364224528 31606
499772909 124343
90930307 162046
506077420 161083
825361337 23950
39715521 176718
78562217 104709
952265412 139106
336326170 13759
24113236 90001
192752226 156393
362279273 123458
181446889 164249
655647917 102747
966211718 76993
615706189 149991
972703927 30389
893086988 104513
875146673 113297
931000000 115309
760091324 81742
528736028 188415
783051152 1100
108311677 134298
635863930 164646
562695528 125036
270680294 59988
513864673 87400
13401461 108333
242218852 192669
921715601 69100
724348280 79575
934244858 45548
108273952 40385
125243482 71936
809925358 10547
783753787 26075
597935402 180165
439065221 141491
625641312 27991
105928564 159712
166727845 150013
83377665 61215
252535895 118681
533059478 153036
256965747 63553
415152595 162326
926195999 79312
817658049 3625
615496267 148754
714256561 117238
918544245 4829
353859484 148766
792620589 22588
308863709 116468
4438743 76548
273848656 125231
286038627 183384
303817979 190718
67967088 8174
20534200 130810
476357563 133726
542398778 189044
124184620 145001
471439939 127388
750535120 106016
988398270 60452
761828854 50759
275187710 102636
151358258 132947
857380144 116148
125399323 107847
839220350 170607
579689404 42110
176964817 184551
792605434 86623
845471473 128512
475211533 106782
833091445 147157
743329886 130741
989653611 110131
801535244 125664
200084874 69402
665140371 185476
948521494 22859
644826970 78502
936669606 192149
743519138 196586
425782280 188301
331154454 87834
796621114 97503
539701382 104166
59370724 71026
660433271 154159
772290025 135066
391406587 75319
373687361 137307
527418449 60988
885034727 108526
142524339 36250
155471243 155642
29988378 148945
416632098 134313
693070192 43974
867060461 84074
305129519 49435
60751765 52895
472087193 57660
183754433 67692
876410381 76889
114853972 197266
595893721 150426
301042407 96008
85854024 58748
902554164 25814
61917723 173877
789949951 162176
125867347 181343
502893086 197864
585826972 115002
750840856 56338
880037187 69945
651001956 159474
648258080 25387
440849292 152909
397611782 21987
372572722 190940
21714676 32769
273806855 49317
249162192 137096
339868182 189401
95271985 28465
594832673 4388
845006493 48997
853447065 174452
896419240 161056
904370135 42313
211982052 159668
709511063 97344
998472237 124577
632074335 7371
637351307 86161
328375808 67578
123312224 105905
458420003 44014
274454330 187971
537877385 105333
205652671 186364
701895145 115885
635071516 81966
36179653 2889
196535214 66158
191120181 165396
745138692 51846
661483193 163871
743152468 89100
109540440 114021
485245353 144008
934981394 82759
201886356 124493
418239738 182713
266610374 75021
697734666 158578
277039439 21227
143567317 130656
459843787 163496
128556795 45448
313600180 172457
723639392 141213
819336328 131769
903346208 30886
193363799 32869
453144258 102937
721497360 61141
108777854 113588
980747329 54070
142234008 70016
127639527 189344
463627656 171564
525161602 113278
439113693 156647
91243760 10949
399059885 9523
919469292 181024
15832959 41465
229907095 89860
370938877 15241
345707301 195466
341468092 118555
938744035 44686
784291856 49415
420058732 22922
987204771 46407
401037345 170128
894586685 113492
638943744 125695
779137047 47338
295801893 100801
674283614 119075
878211401 118346
146102353 179308
816462978 897
473127220 104086
573469277 136378
108500244 7883
375534535 183828
251037948 111298
914915550 45867
554983722 161893
577099884 102239
512886774 41977
674066533 124437
611150084 98668
777466578 28
282522702 1938
453804894 147665
404919056 154758
44544988 196763
602294147 80025
170795836 10869
488402989 77712
620708262 84190
858721707 44073
513722322 136678
965044208 71100
552053397 68240
611538999 44633
352598081 3715
545241940 53022
842744731 187902
336456789 113294
539489415 69468
373288022 24511
320934546 65572
710141843 175661
196358987 180840
587535489 155663
461137385 13558
27587151 197029
483436982 51175
589046370 14035
325823684 56683
352973454 159680
100373173 173341
242527101 64452
31707085 76065
499002493 114263
966716738 20361
19032240 24477
602144714 166739
36144286 156216
744719718 48990
233291086 118625
691996574 134609
265560456 50339
80833542 61742
307410803 2897
549294571 18157
30827776 89949
632583246 13108
134866736 23319
68147861 155721
984479859 102832
181455151 182217
451464513 129021
309142001 45090
156703287 18731
990150264 72055
497493719 64038
978553011 40817
641312714 99918
916210873 172807
684570566 79653
500644231 68494
117200035 173791
322384896 192461
546665612 136144
776052633 105176
505170782 120637
790980820 61725
761062405 142027
575197336 120764
161639706 154322
547079866 94981
231205000 93948
936464303 134226
518570722 160650
438869637 54101
58086813 110393
702502103 119763
351676502 81391
947564904 38928
366621714 168789
823147171 186566
612179932 199196
997434018 70405
539578743 26937
741536284 167962
117311208 98076
607802373 123240
377328367 152497
412553507 23275
394656813 63005
752724109 8248
150523527 1932
912313074 21102
505051795 98160
666871820 100812
697855410 29280
754230244 2213
694790131 197093
975745249 112919
968548809 101802
871217269 160793
550612111 169609
580589109 116030
758383339 64216
992930315 68791
877971107 67262
462976892 180510
792315311 991
975848020 10882
428930160 85569
828249944 114151
997955863 42486
533513448 34977
460718362 109409
72898348 19474
643883426 6602
637411479 98376
983518342 187623
879991130 17336
748891857 178724
29522821 168229
539158645 45750
103388205 11847
90694210 47671
724221789 140910
15835525 169964
425231994 190859
423848201 142705
425105928 33506
811745128 14148
244692079 183502
908130709 176579
152497757 189342
932533875 92739
340661846 172746
581464289 119152
195313045 43087
696854903 89641
504893960 49283
507175729 160819
872295454 16511
346039101 37915
74710509 22383
581858707 178865
53627424 113695
541671188 191293
616828444 5535
343489145 76343
857164696 23689
765578541 78783
213025768 168788
19400624 38388
456366530 152506
836547889 78256
710525677 125171
677617625 178279
817243576 168093
498819528 154056
534401927 39115
63086575 161967
223330215 131467
667462978 1360
758581862 190402
919056785 76849
521286524 62611
991081769 12557
462167988 37896
785746381 148695
609582584 65328
368337205 71541
94215840 190793
845578164 75154
296773128 11629
135600096 81816
868524129 171847
275950793 165376
353905969 80682
95481335 75527
820453620 113006
346011631 114414
901124087 16736
769205414 25887
799339328 182752
469017348 199926
230671179 75985
449217489 191168
952604045 51162
242279841 119619
885852652 151220
869807137 104979
540895178 38005
467941480 99547
295231969 103455
108997470 152190
979500486 76871
873312654 105631
189422002 45560
897217127 106827
833594644 198291
855134421 66905
209981030 114332
67793747 141104
921075198 164224
180800526 176395
459090269 11475
491888787 56082
872324232 173602
967844157 81160
328519332 55198
735115102 97356
645569243 187702
4283941 1012
818796148 17011
26284439 115267
175256150 85817
175141299 73383
513447080 23405
445602633 67622
258445215 196054
992554670 2153
179979427 37411
665666228 163687
704940572 34415
342602296 106328
504305798 37853
293576581 150482
131161854 162779
953821471 84252
11358359 1644
814266504 70106
59620689 106957
296043649 195167
718842103 194971
669035445 95936
287405070 95036
653814525 133500
397508400 159629
467188046 135822
46400002 67071
193977782 38961
883061572 141286
667902851 116225
595614412 173107
613884176 70807
191534952 74082
221079833 124583
747122045 170069
671165420 189906
797695656 106143
531240627 122014
900710802 40245
990977783 28368
198271887 56683
950869795 56654
619561986 91385
576206054 107646
363028477 6027
779822572 173027
604643610 119193
241818354 33614
499506337 176960
469553224 186364
684046928 104140
35596846 176065
441659254 181661
706471727 67191
670281276 114192
599960987 138636
63534037 93909
333052862 65793
379956963 103778
902042976 8701
845169174 39608
217220056 861
592836384 16773
313819567 90131
349360105 133992
143173076 75146
305152652 27426
276307852 94237
26692872 193074
891151465 126845
772615167 62988
355593962 68427
383254665 101546
126983670 15939
910030047 57983
482018925 74455
662806990 16845
323427751 110904
713277299 75462
464673036 199031
466758188 143871
468111152 190380
226608084 43257
933315294 24945
428336196 53470
3503018 70965
633108243 2187
742570976 477
624985760 9366
412307133 76189
451869111 197316
679624800 155164
478902046 136042
481701916 108504
447525435 157301
518786482 116118
589761286 63688
123762566 68521
753105021 117150
283013193 69262
72871301 151052
53633290 67619
930859767 148756
877680742 192712
837948769 11240
70107132 119194
385324479 89456
371493923 80776
779838972 150636
239041526 15709
634277381 194235
812432437 189002
439889755 106043
163648189 61936
675889398 76558
131086601 168473
140618164 133533
226920533 87177
390335247 24372
413295035 96675
232405295 114609
757726069 124684
788030301 81193
364958325 29005
61785289 99565
829908662 174803
240404589 62141
886359294 96879
504007145 120234
641645987 78619
372976471 65102
981832064 19565
967131992 119319
117477571 183659
345606700 176044
806705122 123485
169143149 34882
372136595 62268
131109629 150121
512796517 45734
542318720 42828
909284311 143265
373853985 127990
205059036 191434
823237098 55798
719743503 107710
19681212 60778
170922874 139979
435352049 195380
821946611 107344
155611549 158051
285789105 1962
944074125 147983
823041656 80820
56065390 95508
12837621 35055
883626946 104136
925458587 137793
566707243 114022
241880937 100432
917125358 126058
593012430 103231
269791577 3495
835098090 126107
516225831 181852
424364028 137466
779090954 82990
673187165 49975
77511043 75061
972075441 147553
431261657 84139
181374576 85503
278997690 72758
786338854 177362
842145344 126418
352238839 76033
595710691 54367
215492106 14721
440223157 129975
342354760 57867
555316811 49787
636507895 177922
233060588 34347
334907310 68837
824265350 182077
49328985 145127
312598094 6184
45291309 7750
806848438 176656
687777641 155786
726379799 195464
165986584 36879
48396700 132011
508936332 60087
995745110 154731
710982440 130177
848170139 137816
410413064 1197
787950791 7891
501869522 183788
113655069 172885
784143459 133305
557187443 173665
990524648 96585
469353515 16781
937255855 100055
473897195 9041
334950435 169973
377809023 76231
120383397 735
374890383 133294
783669053 53726
123214023 128188
867294202 80900
256994493 193407
811985218 194499
737190090 157727
224947311 149154
247763530 82028
117832895 29187
60044088 80573
994736586 5146
348160186 161224
453953216 149980
270094813 188498
521283572 23313
281301601 120274
960864263 87703
365281956 154558
793789544 77583
86450633 9698
276380858 196927
306981198 177266
988063373 136347
68934548 43933
168183712 118236
548140554 136206
404332753 2605
723603507 56607
896473047 102729
13447356 67037
787824345 153505
486285807 122429
998811873 158129
509681115 187183
314025598 157079
373408598 142664
203906683 17683
740989081 114084
852970585 139428
345125468 124069
511452708 187533
192008377 163148
189245499 195259
780772585 96052
218508532 32402
227207360 145162
274565618 195759
556484425 193788
821638166 69654
691147359 104281
227309379 198682
243919142 35250
594365133 74314
932516245 145641
843976236 116098
664630022 66919
217503061 84678
268188147 97526
918488712 2303
399535177 153007
836770428 4761
83057580 104675
836100436 141632
10115060 148627
277421304 110825
65714790 120601
154878413 163790
900493457 126061
425717798 133735
243156958 115309
580134131 10623
34346489 172764
103196339 195837
591882718 79597
951291202 135497
26211873 74072
702903492 76519
520042618 132352
686004004 134168
104070355 45141
295745661 92768
424240179 97507
546418538 135870
738483594 89086
481451000 171351
334666918 140014
43624569 83816
905623207 179975
933491725 145938
545518317 1403
187461619 129089
446474411 5031
726268192 13124
68207848 21479
186562943 144191
775757877 58983
231478642 150824
803542491 196832
305181302 38812
197703311 171422
274043144 52877
859284545 181032
872734427 107831
5001248 65624
799389086 73700
115125515 138734
945249786 38552
236158714 79293
945721419 120085
755938245 115186
707217017 152039
614000534 136709
1742786 26837
767219920 24411
616101769 167374
330666005 114024
467833418 71870
284367590 126174
793660697 156606
210951642 106551
144825076 49643
854773071 111222
561956942 36466
174801718 48157
663361282 31602
973675808 147575
979691506 37454
104575168 81444
311017290 132413
985693579 16500
630150562 169791
933409567 120034
796868881 3360
231616847 95475
597834829 39999
723924223 20731
606221407 157428
38365249 126173
540549622 46435
389726650 155715
800849350 81451
510692001 196679
960544711 131963
73810121 118224
947029541 20972
205074637 98283
840681305 165741
147332767 37022
876981305 93832
365112123 182435
219370564 102426
73885097 54859
280866258 67783
925902241 70887
240480722 172545
765642869 69992
737232011 107485
448128539 162741
579725190 99244
974159078 110888
225118232 9649
696821406 10533
484717203 129906
732198825 125584
188218020 131706
919406351 143158
930597613 95931
484240187 59741
400442647 181971
251472207 162304
590447439 147115
959670650 69453
959382265 116330
448532039 88969
546012879 2007
517803831 120655
382926438 63568
200743638 75993
221941121 63605
214579239 110574
947098618 95407
712418538 81852
336345078 103527
243185381 4406
546750609 65
789506327 75839
710953384 190123
547145649 149591
479694618 84776
445933423 92903
206749367 80139
404360506 166080
40924985 172007
174463921 194565
42434918 78074
592510012 166991
568622015 47302
170343215 17404
370726833 78449
668052675 152498
173172678 59785
787182756 199800
1031321 169589
670407130 76302
197566065 33943
735343893 124425
423121711 137242
800043494 139400
898204737 54038
672879195 152622
78491427 49320
762230238 153745
748335944 105771
56510116 131165
332151553 188451
926759427 155510
697898237 59160
411503840 169051
420511787 173821
936710192 138755
700624473 105302
559300512 93698
669262602 189015
636320982 166943
390579629 180165
627308925 71212
574772130 38132
728197186 43159
92663894 5348
432008588 102548
368863773 190669
745529687 76674
591908672 134186
496921942 84651
403038412 137686
929026945 94191
888548233 186379
156013284 193090
674691821 158439
64789449 80305
117778256 109916
812226983 108903
587030068 179050
692030123 95055
215994834 94910
729078994 192115
715513223 28082
120363660 129106
851540592 112719
205850483 83791
382743714 174227
626094334 140635
144936523 52906
621583327 28301
53097240 101242
464176414 16556
310585896 45026
958349350 37664
920779204 154641
116023915 155578
257216999 155930
631846752 168417
927029288 61457
989826460 70544
936425895 32977
942902963 78258
253812768 188589
610224443 64834
178417793 135346
353903375 139345
575899291 16484
171836854 38099
489815247 150129
990915830 46249
216567349 114297
246770869 121833
450226981 101026
891142311 125015
464394824 156111
458127076 44540
986807450 143764
477191406 134343
164062377 11605
182098653 199007
854420776 13687
328598688 179972
668298195 149010
839506623 141158
535987274 75486
322625519 114019
352620961 37245
324902995 73246
219083268 105893
988455581 177427
156841090 94673
835035183 74132
270764859 99018
800890888 34318
661380759 103519
879933 7526
706931164 47155
83781471 33763
284756086 136577
779407350 16135
412715481 32945
760005633 153827
541716455 90612
735033480 181212
186823855 66243
457497515 28777
525011374 77059
197582634 110213
502095439 197367
992820883 130287
911861890 83956
386621726 150389
144704754 50638
433867072 88194
448797878 74496
739259086 98809
261255318 68290
147684943 1963
559482 10091
791450103 3384
171829015 73327
298448534 160841
876794021 14764
274951593 105295
84063374 149781
805005346 61730
100088871 194765
362704608 182478
379123666 132534
681934183 73483
746859945 69238
825944605 24417
676078613 177442
644707153 8607
840656124 68680
287324749 15993
983439504 109057
231485611 61696
870526246 99654
855559519 54519
945174043 119276
398660827 156741
857150980 8923
818141615 59436
17201494 199105
537787801 180837
237174866 173083
896087925 71465
586021876 10352
395377293 87769
638100872 30174
303204836 124662
314885111 151662
385361487 34168
244315915 46985
96398522 87895
887961916 40686
361551411 187140
249081608 148473
524269885 1762
396577031 21889
375926364 67773
344619737 100471
795059160 133540
101916670 106541
196284384 21475
239461739 198006
869840097 44965
32497865 123998
189101294 44857
545296024 94239
196859845 11986
964153388 57634
150752348 88790
821976048 14972
383987708 82164
109228994 88569
704290736 192197
111528027 18243
70126268 122685
155809712 81664
665927265 87694
761869710 193617
996080672 102438
873098110 39862
226351809 37270
409790827 176628
499095456 172810
963233127 44459
762752282 106245
155755661 184321
745509907 113830
846036691 113595
434825481 25039
815936643 77748
50356506 64695
618536308 196029
262102672 68153
23776133 142411
771068405 176530
84655645 160822
870059955 14929
118299895 36612
866377646 10643
594167490 2180
902392 145659
38904837 35595
353869264 187972
106847970 15228
751848021 10979
600782749 199728
495631141 107165
433382468 80734
640031905 94546
87227677 55742
138337842 18518
924441687 24717
164009354 28810
516325546 1892
648702414 46547
197585418 22000
510671866 152921
659655948 110253
209358856 112615
701662523 144294
941648151 144017
371878645 111740
135183526 43622
469961310 58132
567335885 184849
73785294 43098
516099644 170526
16500190 120051
892473539 160433
35966527 137501
413104215 118624
449747622 192269
492553618 58499
572478338 76193
84767121 149804
739713707 93309
943287295 5041
187008434 175235
129876418 115188
80028611 144766
787749601 75993
342338651 193871
137506915 192718
754084777 125709
68043686 10657
538610869 135554
61344828 174202
478725238 197248
367397434 15212
586045423 64654
667399662 54569
311664665 55499
579158319 170041
412298740 62095
390353699 32699
352921354 131353
545946844 187315
833528136 160665
456223321 42824
949164471 53581
543596355 76523
480678421 176660
144158741 77948
229414723 78290
301337729 43207
329780373 187931
22578207 46417
793199716 111043
817403359 24762
420261766 149459
345700450 61720
400565349 171572
121645189 114955
273920930 112766
721232527 130504
81161930 132770
697240993 139156
990440734 158478
743369940 43168
160044952 112928
805302379 86874
823269647 8722
602453734 173520
503240142 29557
204686644 176222
850175246 19263
111050676 183870
267041769 196196
906451185 141491
106297958 53324
202431805 32058
906741976 79289
953764981 151972
768948592 122310
820927540 128353
128279464 198383
360930506 144279
74761051 178532
487014080 154938
241111378 6211
346862862 57473
108518397 139989
167719192 25580
473518414 79052
787029198 198517
187622456 196913
128126612 49522
767173209 128460
777142618 166800
13294028 176726
303859609 27181
626340341 192626
186200797 91776
549692651 33707
666942986 20748
675844377 50729
141944554 30404
284384618 37366
115668765 53678
376181254 10162
863003304 72827
841634130 9467
608415262 20442
514705923 147416
790978436 135058
495016563 57857
240284797 128931
344842748 94055
983086898 49297
635621143 148278
101328329 130805
106096196 78360
875372573 194689
885341984 58923
160054211 33168
429809722 99801
73890110 91868
476404851 147225
768703442 4284
147941672 195970
598209259 25861
738367804 99730
28450860 61930
415415031 101769
231615959 151611
404207218 124988
793570450 113032
559505182 76871
753908826 111380
2233091 172851
392410119 41043
496317500 120064
510857955 158160
367776954 106084
817104397 41451
855371921 197827
691808389 61931
425120791 5352
963266734 24577
642209592 82357
924745903 71712
508810287 11172
5848717 147261
858534297 108803
253567078 56727
160179638 196006
791744929 39126
747110009 125658
305141108 84450
863301523 95757
293753783 69534
537023292 73300
338053820 131419
841778434 93277
648862314 159044
284334762 55957
138895929 186504
121767006 116704
773639823 153908
151625963 136679
790828 139122
777432807 93306
564995399 86060
668586221 180263
818211448 193999
358486113 123972
563239785 15751
646067790 50131
307693568 9717
278195642 97752
293153480 149796
433316812 108254
205545711 101541
76129244 29194
124756381 15006
343017815 25590
532995694 145214
207069688 108847
750744856 135957
929655985 78192
872448047 117004
939000660 100491
361110582 90142
125684750 73304
187936353 150796
509863284 152743
668282207 32764
677676444 84656
175932784 57213
42498973 76625
242556333 122658
170888615 6923
642458886 49474
376490780 43759
636249885 63080
676865154 10502
546901682 23156
829984746 6710
12350607 108272
567501741 149765
776564308 168263
707337509 182474
478966138 192577
448618113 146607
551236637 50422
759590535 171285
509337272 34868
77711627 119267
984954645 164928
206566750 83727
90593857 148235
853312456 14750
171506068 125184
945166647 48474
14971706 43341
377983428 157863
677121852 163740
661562194 69576
848438025 150897
200982866 17123
160541154 51781
548348063 47041
380673496 36921
29814272 134861
41034461 29792
590117731 160958
850112291 133172
321038737 80797
353850885 23827
203792287 180995
540225703 87279
742439698 99159
675932256 38034
903813484 176204
318068311 185850
638340445 48512
694150145 3402
639356689 123502
51547994 8830
352767961 82306
954010861 4892
496584301 37498
222808399 109076
369172898 77829
752533252 184532
231109334 193903
612781102 108902
237564119 3298
118636024 143421
201407131 30566
189837357 109584
708154388 143640
960736343 61168
792851412 107165
189844430 71527
285079754 120662
778138464 55808
611625283 14223
579955654 61021
258891569 59541
681315026 40509
681382015 123524
597817499 74270
441148132 187881
476338286 95120
605520820 131688
106943093 122790
891047075 190516
341465122 196800
760075603 152484
610213133 86020
710798725 86605
907447661 4076
669360122 96146
454229296 106104
919367068 73216
627246323 87939
284088349 87758
703628387 92033
952322390 25386
722021286 149506
970217684 91976
63642219 178769
138829944 188763
704554634 143021
639025025 16060
699668325 58217
158518499 75187
211670802 33566
867680715 93385
112088641 11931
518182205 176280
171881922 21251
702272689 4096
664473817 168396
486542144 84097
864608655 41590
416583788 57762
328867850 86371
6937883 37439
583410677 53306
494039928 31994
898120244 63097
921413243 21232
494012792 39006
77044857 194402
272977792 105733
933577862 177778
925593349 148333
257577576 40258
9872405 18436
109148692 9899
524012508 55825
596251642 164962
653184628 146350
923854740 138151
661107717 16320
50065489 43768
384763754 128398
654442326 104029
612870057 195230
464641364 87244
856841118 13166
493992711 160208
533761792 139139
463661472 55814
84936843 94865
612052537 67782
766747042 95388
958777623 85552
979475537 87822
146877184 109110
186744687 75511
132625685 121283
560075123 119558
974182302 118927
466099197 108483
62519736 124854
655476592 11795
854945176 58675
320817002 183353
979638952 14336
496391758 184091
971801017 164228
183923724 134484
538095947 176538
380286228 161074
807038194 162960
384596158 93242
368890670 151098
278326047 70060
937185501 170679
969760262 160861
213568753 121799
125674983 192887
718065357 70434
578588201 184231
697783139 78963
548295316 195618
634046461 24353
16475037 132172
437947338 44306
281237328 179516
187591534 171211
885869143 87190
340194302 84651
438560952 118191
462061629 48175
824131990 101888
217106057 90284
421001829 21979
603067641 183525
686383815 195560
851631865 162519
31298517 50561
408415134 138921
53989139 31257
449645611 138546
764723909 31955
533513131 113796
384754174 154441
940949300 69914
352870380 50951
340855447 121641
51520295 74930
605782793 175335
45841765 199350
200262940 59154
396549200 131662
759205728 140467
176099267 35355
307437144 23241
926555931 165548
94943731 4010
56299138 155599
426731256 135946
846525764 117820
148252315 157042
304586654 4112
618919239 152423
581172268 74245
527484829 154117
473295167 69219
894060172 169901
254731161 177706
693941523 63464
716309374 122731
706882450 92703
65890535 189567
715988722 48968
140508014 148651
91650058 65331
190036659 88652
583313693 63472
43964303 111223
464588089 159456
206240190 112979
109852143 95062
585913979 142909
976769935 163512
517247460 61124
248109442 24723
841717967 16208
550763343 180475
790826386 41130
937197103 33843
478169944 161357
779312845 86498
983733202 41153
424428803 47946
426612029 62286
621618960 162911
481689149 118459
651532490 194747
942730405 161029
491073786 106655
381573953 161574
499675616 162068
975212435 194005
423811777 178433
260387130 183852
713993734 179084
669266995 24399
109987596 173446
97168205 99215
57994103 114418
790978117 25444
98107459 150563
107702690 1228
108254010 170172
680080546 93493
993653416 103534
879125333 117861
664470323 135397
568192206 21028
591308317 97005
880003546 47504
627539276 150452
303138165 101557
827436341 21632
918636304 45790
229702404 139794
132207379 56171
652925671 108586
64943622 81653
716914262 98975
556651280 34683
808272567 143680
762342266 163906
716730426 60738
14472684 140056
373764378 3984
443977077 129817
45823849 199046
164021912 73912
62746810 80148
871728925 186151
609383340 16516
982901144 50214
726837083 112187
425114965 190141
48530903 62163
868773661 26356
803347550 177342
442168092 99464
751843402 136108
852729769 79076
325825639 18900
369637021 89934
669349988 101688
372734014 152352
988822417 92395
183029809 110641
270441027 104564
559230353 52902
175063863 128365
938854192 27981
814079889 120906
52037658 135306
697715075 130538
463497058 88625
543665106 117485
464100553 80338
788644009 184365
56477556 158521
92093033 197302
996183372 99865
351192263 67376
994981988 7209
654124647 22318
693650077 153162
636393675 180712
726430035 81594
896619593 108019
614018147 134762
90256053 59406
748338355 196301
209252493 176156
28662299 26709
950201743 12443
252091629 74065
43004595 185777
329861866 49681
624818623 50185
250225676 133335
921885899 174546
999993364 102023
769861526 48303
424101111 108001
352981469 124582
170608498 6871
127848180 74090
646955979 8345
254327582 80492
52283094 33236
297064131 191613
318631471 91508
984960664 40480
930260748 112767
326513091 166503
693262370 171734
634535493 188319
793293743 111108
472614175 72224
263039132 91703
538290571 13937
385878110 33785
157662586 18501
891838924 186791
871099997 194469
138725609 193752
404787373 31685
50660225 98968
191112702 60232
615623993 52959
72050569 151261
719025784 26923
422950122 79563
176089882 126827
383959546 36418
894880573 67357
660087350 65436
570845379 195846
150564306 116768
452980150 45591
495233087 152180
804503446 156672
614376493 172325
850533935 194516
398672685 184558
322639187 1113
485595190 66161
902382197 138283
418352533 81483
334322553 12592
700164302 50055
268512872 167456
876116460 29502
179229553 177437
802603 10320
661362985 86055
793187108 67186
159199455 88035
892629740 4117
701673371 7566
57455029 192419
622062465 81175
690652789 159743
745701823 19804
910949023 68915
654654016 13543
664187584 28451
16805393 79279
236647125 45344
498710413 69931
574869164 112466
834229540 162915
316500564 147241
333025282 18250
978333891 100658
911951438 172234
190082391 93049
700933133 109167
950383685 40306
30016124 176535
721063421 80356
525266408 101043
300969161 42004
191113120 185313
221369877 191531
930356733 38526
59264932 87223
463155629 33586
218641933 66948
772846362 167629
640012536 8914
931688030 47104
241661647 73690
335317425 23307
421840846 163678
214110237 41664
375598251 90928
761043487 155344
503496704 25313
518317473 14152
508879023 137226
34675171 148699
206239867 100120
703762921 97836
647114794 80769
117130932 76292
610006283 86299
963614253 66468
520141215 1239
807684346 137309
337335874 79629
792015416 96135
190787230 158066
351678904 16027
965625980 52361
712225687 109483
580096261 127385
2464993 77951
94755924 143215
96078496 14665
808284617 13596
363379467 39189
711352397 44941
633082980 111420
123658712 131780
266372098 31490
578289842 101939
579964781 45402
498614942 165536
800085863 108600
8240661 100291
878507887 177673
444275793 184768
620274689 153447
840264145 98815
727922145 152115
44175749 79150
704553956 183250
340734575 86579
96088251 153334
613965099 11502
117438652 77876
13571370 178283
635037307 78351
689728019 168111
72350197 53920
7234032 48367
265325050 154193
421848383 139125
945063375 76777
294207287 131272
41602755 145370
354868425 77230
17005876 146797
27518084 80663
284654791 92269
231131252 170934
472179933 192977
380555541 47105
837479350 92551
723492293 171237
881989736 21845
147858697 95759
955961647 148808
124623865 48262
608887318 137505
66629672 114852
673485325 133621
496598016 49119
399921649 39086
343219264 98223
965884275 84867
592805467 113563
137588498 139291
890630405 118923
11251054 147734
693661501 175733
248001377 171109
168099991 142868
557075241 55135
388666539 175272
408997051 180908
369328950 2131
240459798 8123
214653596 46545
859731858 195921
453742011 45437
156307307 145616
444330170 198331
389408116 78588
60053300 88995
634516478 197939
282155139 64302
307776852 119530
31310291 27597
846595616 153555
774318524 71495
654151664 16364
204991715 81976
406081592 176945
712471726 2221
205090059 102402
103585327 12157
282379052 192353
259277586 43468
423065220 119015
434739624 61534
30927654 196547
64543728 65455
240407007 65211
2583408 72219
373752116 183646
705374312 49815
683912874 14911
253041966 126919
945252532 26474
389242428 108131
267291984 48644
288742396 89326
915477059 196554
586745510 147910
856405185 122476
33785710 109347
58854327 73522
956872908 56248
225868534 123192
698286364 146861
544806717 99896
510915612 63318
212114388 92395
411980332 147270
847596222 144152
160652666 178568
525261531 23649
923569556 20466
260116809 107556
622982480 93411
616576040 187086
66081168 86128
26557835 155447
538885911 56816
676522495 15210
946346648 158023
669740820 113532
927642363 75395
586608299 14950
520999390 182726
708309154 68285
771314531 191665
701456931 183659
248894578 113894
685637865 37718
83111633 180286
154565939 68961
953274197 129886
787758562 147904
482777468 186800
819087637 82103
172743036 121109
671689594 107937
982303746 149026
725143014 148830
694939723 141984
7368258 15515
63263040 81901
312665559 109712
874217544 178446
955622481 59599
509692602 188701
948698601 35588
432319244 159
663096180 48711
41849898 88569
463014355 179880
255322713 143045
448540850 68573
648963654 20733
236523239 27863
773589487 142678
561979645 95200
742401006 22587
346606884 1841
48008270 25915
723863023 95618
681929808 189050
382823894 108936
898326607 145662
291646071 154927
791429877 180893
264709337 41996
843117410 96272
964950814 145191
627480240 109013
970394921 13740
461959378 97693
871519142 136860
522311617 154749
643306738 147078
111738408 52918
111595102 42355
528234970 156575
35105706 190377
124195442 127501
431950841 145652
280097782 91292
801667432 151758
273387973 110356
504873119 82039
487407934 176944
712700846 3533
130085420 27732
509867664 13066
764828786 16457
761539827 19353
231990391 155096
410362596 169939
907658125 107160
501858047 125396
563936241 46781
733018874 30627
670315151 183348
823552328 44453
92228267 150708
240836588 98101
990607520 38058
819492143 24215
52253259 17795
862304327 47052
952551587 73802
984421022 179041
274258010 34324
88351587 106154
394766229 59828
611732697 90767
681640390 21296
259359046 98617
816204798 116108
274464316 168712
602235165 65726
850522822 173999
513742013 47857
633190562 140185
655585334 195261
882210253 135690
756053844 36518
532370336 72686
835712681 88848
910121621 10311
396383830 177308
674090561 153618
263874438 38114
34381607 89202
100653164 132046
303246229 124108
328495634 84112
644523797 131851
272207846 94104
780754346 16567
135981394 187326
508565587 165274
455264293 4511
531574548 185265
285924036 136554
515635361 133769
47247052 179263
589141229 27268
145076101 156852
390052698 125238
879670408 114964
937915966 46930
686229729 32291
33881731 54358
722040338 127320
904622982 171748
256073423 176663
391797114 89312
942068927 25591
41611777 131520
152357367 56414
427785219 195742
64530253 164349
494425631 165717
798899372 11450
471936605 59616
814645938 165650
673755481 41131
908739659 92626
200037002 75328
902540147 147775
773938060 181898
777624324 12851
649577934 13643
443352943 36977
199410648 141302
862437457 89726
801106880 74129
143894422 173129
223796906 152078
557783139 184822
133430470 170848
806504829 137194
493003961 135263
463688841 43364
552009091 36739
94566083 176726
104089873 54145
390337285 32886
249887883 143073
605355939 152335
921025662 186326
151988934 174165
660504294 189987
40055105 20656
476172468 150604
948205320 2793
783872333 155001
332103568 103287
833678166 110160
424520800 99677
937928785 92158
117987299 111076
850873658 145854
567061568 148549
200336124 8367
910711194 141095
449527713 83340
575509303 183447
454664546 141613
667913495 140355
73869089 109473
94283184 115293
36738294 13305
659241141 64302
61476176 120389
24615022 75119
402412186 118635
960419480 83477
139638495 155617
153166673 39005
103833855 169088
495737143 189319
549713171 124217
237558859 43169
467538398 97255
714882019 171884
886192026 150816
779866408 121145
964309130 85233
212015073 51651
803111563 116002
324594549 119006
445343859 23656
625706406 186732
686174433 10243
9653247 82643
383713082 45123
90885591 33139
398685299 46047
453303199 174483
384204526 36907
912495006 124863
402617945 46324
183736032 129236
616932790 95760
26760353 57752
136079619 160091
639437614 22083
227638924 130565
705307881 161047
584005957 171436
869579892 117714
528909602 31755
614532664 155809
7194312 135013
954474453 165422
932727117 46506
846185704 191038
740775372 130084
265281799 75777
978037286 71398
864025438 36165
881149846 63416
357236174 81004
449071508 32503
9667289 99648
519794244 17412
400934309 4564
545882347 125914
658308893 78943
738826499 194816
726409951 148045
238361935 34984
463583604 123608
423909342 168309
32309163 147108
5368273 26367
347514245 111285
106446295 76167
255119549 29797
239005594 164974
454874039 186464
929132716 56854
242057894 90124
878243519 124981
918572555 175112
548724238 159689
245368472 2814
853522198 37839
926149253 111953
756849406 2093
366289561 100543
996754755 90821
910599151 158863
438305361 86608
600544262 77790
690061788 24584
197970302 17965
225535514 66872
795592760 56615
66936751 179032
704825704 25231
575456445 162674
372769033 109969
738688469 129108
163680754 103109
16811032 104423
796488924 100770
52278135 165219
279788045 10373
446523237 45
727081860 145701
143602051 99460
201981822 146777
679326119 134570
485378972 100835
792121002 131902
143820329 132725
845103996 54837
470635868 16831
718636204 181124
995870285 48193
989379875 36842
974846290 32915
742471324 164431
964488095 64008
937713787 142573
818333228 7953
26546208 150705
462605823 43744
759658981 65163
145860687 153934
273276033 122987
272256469 160840
624086001 5477
585338672 130712
274207938 120331
188647900 80632
733205622 8152
563218508 151586
769692086 129270
873221776 55869
1021879 69120
143546969 101043
357839875 53933
960742540 39994
805501645 117111
253345424 130495
788039144 87338
54924375 115413
833482424 4595
443407904 104260
757312135 7226
190552469 178439
322065216 155588
110044772 7652
70685381 161455
278148455 50057
668950786 35976
383917267 186249
222367155 121159
875612505 179627
89884843 1975
786615515 23564
809787134 88934
792431270 198151
723398236 191878
611826980 19584
625882745 35044
389721442 90200
12385355 196265
242818377 23241
587075938 61599
111747348 23170
963073436 146603
804739080 61564
421296495 81300
616188987 85336
314005932 165125
387421087 185377
107449928 14248
464004665 149310
39133458 187372
18349745 64592
682994618 71140
68564918 36472
784913019 32095
806816983 153507
651135780 54070
143601548 116693
570071088 16515
889374155 165499
681037575 83815
154752112 32691
804866506 101042
506067248 156946
435432672 75318
955453628 12154
789940067 145779
883450010 140511
941452719 62563
387110800 43328
210004101 129655
796316068 183165
599742516 91241
140888870 84031
54741941 157613
773824880 70162
755583001 104160
294207333 144406
404672747 100653
731047156 142331
532714235 42384
768268192 50066
812295287 194925
96966713 41659
633869501 153108
169817849 30578
828826583 143424
103416506 149247
703304140 117205
456785185 20867
789796658 14606
492338511 48151
165437228 197187
789679439 24112
139702042 95231
922129742 128780
344837311 97818
937985869 72952
296006189 40609
964986555 184933
285056050 32897
76904044 11336
133808034 136279
45712372 35522
793561169 10578
804267519 90266
712585560 169850
285110114 22313
356149943 75546
122271793 154484
748020972 129118
854233150 48712
203735718 118257
125190834 34816
785143047 129391
455095375 137135
573159587 9609
322749062 133832
170539970 120985
981070273 193877
892822758 1175
308951129 45112
443696950 153802
149732301 126808
864233270 25651
953453981 92580
855976039 178241
85946046 146916
856136641 128322
134809005 170382
425087580 21411
123705933 30530
286752292 197706
272163440 5012
540619143 80250
348546254 8065
49799569 139914
127646391 83653
556018802 109655
107271040 10011
237608340 69296
678419512 75418
446640898 99036
255232845 186998
251272520 85566
315551674 183117
751451101 126336
786201367 7753
204829562 121056
766088654 161476
960356654 176189
129599482 15252
251386398 156534
475070710 186319
858317884 65724
788659724 113917
851228232 72413
411628332 156640
431642384 133096
734248142 178708
260216346 87021
391511877 17905
698584139 173482
509600258 160168
639805753 189933
768954401 140104
638525354 136005
45619687 199966
154995533 23457
714072972 138170
989932303 197961
275467924 48391
118220601 66640
210341639 82254
5758954 50009
133547594 88945
827750049 20373
150995845 169535
152117539 66581
416863387 163789
151379041 162277
439129876 173065
59107371 144603
302596546 137421
47992411 40086
219601841 192054
927522668 197509
620093187 179047
517847859 142492
163365697 99330
82562840 77496
525738154 5669
970961300 7142
943918231 19867
683392853 14217
756373149 28475
898529613 37616
794321871 84970
937989294 25638
481529896 44475
658607726 96333
982635471 120831
963252337 152817
353006225 182123
473620791 180579
74903475 21583
738181260 168166
781074111 169316
534752728 9515
175343024 103329
814967650 84311
911755494 40897
145404721 55885
65078779 164700
704740484 48198
358435516 156975
646432012 100214
765012214 86225
963153911 73541
46775858 158789
223608589 125264
182512108 56953
527239217 18342
458665742 100389
963364995 152028
713393794 16308
99256893 41168
41868314 190847
696695730 124989
474911066 111396
120137811 105617
803852858 147577
718050389 45197
724127087 110762
720322526 161420
142452314 15530
861099066 165908
73591759 127630
333976078 76974
988188127 106262
540121294 57667
855348280 12153
782979944 32696
561832151 194069
764322477 88343
714301158 117832
313978435 7684
587138565 41897
9088951 156190
482506038 66044
893951794 67674
853568377 2126
115913924 190692
581241512 29018
705830192 4741
617886066 50061
143690465 168461
698445788 47840
126783237 100675
561155638 121825
189079119 112013
276099736 35665
9400292 32968
443036655 99810
856148464 102412
912298977 155128
174876513 18815
893889639 95534
740265440 15833
332676034 172304
746283028 149633
859319261 97696
235500060 189600
428734969 86112
455404696 116076
915391472 45991
987277883 93644
127254332 49282
981846481 1512
456942653 56632
134346085 88210
722814923 191681
149123263 165054
807636108 2033
637002715 76051
593952013 146650
576948719 127253
292433591 135421
32239655 138612
397001203 56157
734599440 5202
359094710 12884
938313045 1340
776284350 162491
450492515 3837
775967589 162564
564866143 73012
126478814 156195
571285227 187918
909174014 51889
431155300 88240
404178322 91125
439261103 124194
93745449 157777
35279690 83753
549377471 174341
269082117 174235
913355329 972
191851230 55399
376139231 136634
721192443 30211
962044345 88434
348205428 40062
170673834 72371
182665701 136690
923827425 21196
984250184 45273
344913813 168508
311906775 76919
734593345 104018
870967569 170635
750587993 95664
524418574 78397
124591125 33868
856174025 63191
934640329 184047
655196242 53753
955587451 117848
127224375 158239
953404060 16141
405668061 155253
42783130 134703
502054298 75309
243017149 150057
458202244 82675
975624397 114576
716537882 37763
244341463 11486
888918263 41212
948445765 16132
641782128 91049
321144821 51480
693034382 76501
497711545 65497
767663942 24645
783700127 68356
319320436 49158
356061560 178622
665905960 35767
366218648 86946
653631110 80191
880010937 160923
264894175 100588
374077671 128120
216209693 93111
623732675 105465
761183947 78690
12724758 91028
637900523 194344
368552502 175283
293196641 168885
210014960 184540
692932281 149663
97171062 81915
508130773 94421
536223672 198828
142756587 135955
700579556 108161
83909701 198544
166602570 101937
779022526 27997
864067566 50063
259115984 155482
29739333 183171
979451762 93472
483212433 147775
148511381 74005
542333830 137718
994919313 62522
456509618 114227
568730186 96418
929118812 120914
73319711 9764
701591802 140150
973200508 108736
115787881 178413
39048070 48179
707580590 150265
641916262 8010
168050114 166534
630577520 110486
883005651 19226
691032538 154993
737842438 137907
460277838 165217
952198144 7825
879294165 155623
96444111 41859
644574123 145141
627878500 159717
759430614 158566
254818031 134214
279687421 17114
817734387 79831
486894814 42944
879551455 193628
212503346 40017
981456351 81426
66683693 35749
436145737 140328
207460870 85665
82095595 166658
54630464 98807
850973749 131406
314517100 121916
585245897 108886
478584791 110704
450461308 157228
656937165 51149
844701121 4353
925091875 192898
107253520 25026
758057356 48134
563474760 100574
625230159 157087
924939039 7263
330144660 198591
205483202 188896
233853961 36935
954027281 6252
742855989 180574
350685729 128160
9244314 142780
554364081 109519
424102911 161824
659432041 119291
179194346 1581
795915182 81755
664739120 147038
833300629 76967
238784600 28333
195180775 150486
51452421 53851
269644323 33288
162999691 92952
461975323 37735
464914856 89989
901650483 84752
930195276 187758
367758634 133284
957331533 165162
2808300 162366
119453592 182767
678215201 165828
81055822 28476
537313446 43773
161837768 9326
971961504 80424
881210521 191592
183099205 166606
53776142 68756
155991447 40494
3763703 51138
703264773 185762
999842881 166934
517511624 43174
794579806 140332
308203486 115261
316442066 77551
782389189 177389
827786048 169177
861152838 139193
985243443 44142
766888069 139209
250142670 5682
208048865 125672
713904396 27588
192697602 180212
962422518 84749
86686513 137277
552259739 108294
470310938 78070
945921323 150848
137231245 36204
146386847 65671
406273303 6165
956406170 13260
87166733 196330
616287337 169174
583112179 62333
679899290 111987
18455033 19295
531606260 16353
555784409 108513
894394599 80237
882192137 14244
276407876 22262
646892481 61375
652383325 100868
668683154 815
130961142 130723
993502120 143344
232650395 51786
754386602 155649
273076365 27385
220649509 29387
869869489 176972
824559474 145019
836850877 195633
245062593 6275
631966574 113392
753639676 34488
924448643 28653
596543830 104120
983365931 92933
48828537 145418
801529588 177318
329530527 87505
385849991 102830
257014728 99352
731059751 22033
875345587 161638
48099593 46001
744700216 185884
209087638 172841
130661129 97183
157857808 36000
915248239 85113
511592056 182846
916938487 116403
411153798 3669
981889893 46761
357580274 189380
618072232 132732
951735254 121037
397923890 87060
110347118 49386
156057432 169765
28768525 8217
887591540 134714
741550076 17585
710428525 63451
728415982 139206
857930751 126049
510608109 14767
433224668 141135
530646352 165462
418528855 1317
5964452 55613
356336324 54432
657732263 152048
5883536 23277
724620866 146980
335483355 17004
266502736 107710
475874121 843
382550987 126357
118266694 157254
223660360 192500
522162151 20422
496537487 198116
851583493 6196
110580186 32019
171248363 149798
494521663 130587
603607925 106911
760625816 48816
460541814 77463
218092013 148523
341850594 98430
699942271 136157
260327110 186631
232971290 108300
165477032 142153
749301922 67318
705761630 56636
58814490 49326
858983838 148109
46041198 198967
229807248 47404
329349623 166358
251651608 56191
722758638 75406
66592997 169120
458731038 197969
568729134 124521
89561966 63763
193107962 169025
428420109 121128
864173293 8851
871960908 128357
848282167 180662
857688227 149631
938665544 93295
531835235 13173
447184412 190441
855110121 139972
401026588 61466
978841082 155416
650395480 103575
738560753 71686
739128646 19608
843432961 172642
479876657 151109
331645343 59846
672505330 113464
234168420 49304
76136609 41154
249087094 113227
441704763 195696
839358673 51215
238143675 110037
492905507 83872
271767671 137580
713091413 37922
423440981 153798
511598656 123268
799024077 61997
872798522 2601
493105122 94623
488614442 343
495659922 121181
107181248 14512
384501608 101160
271607883 146443
429150578 58641
23938854 43470
478584113 121421
859871144 107330
344728512 8930
173327647 28282
73106774 100906
914480585 165699
511326364 195838
371056697 154960
260228749 65422
233675549 111109
110563563 33555
493242610 19137
482108153 26781
238685609 90472
85556698 168417
956495126 45705
597415830 4579
389133411 159596
260300180 36610
289965979 101131
941428618 111683
361409687 178285
744478728 183726
229917666 163033
785546591 46273
656738552 72062
907761219 163753
848086227 5306
105360886 177856
927733024 72907
781967329 163051
723453661 116101
551453676 120713
721785350 22795
480896406 190917
632874454 198912
671399363 166539
767562288 153651
185282917 75892
8591150 183731
592865860 154363
896630141 102460
721777406 77487
234062338 22138
923491549 172743
995559526 171106
767380370 148505
281440409 136770
688873518 193710
530079121 111277
245946719 165433
113554305 98152
512824339 55539
57778924 193310
802876631 113874
244111033 125702
314224075 135568
922638650 199666
248928475 92434
320121378 63328
670991842 107013
742761971 110790
466957256 121184
960404435 30277
668470312 99957
942006577 123828
887848724 35513
101656783 77250
170375055 38198
99786171 109038
367792730 107250
221058672 73591
163268162 194729
560191621 30646
506190482 192498
183343223 116436
968304996 120692
420977026 161675
66655716 198262
974011264 122543
807002371 180591
649673310 22938
589630058 168504
99769696 78858
860563113 158987
188464396 81933
306931607 156656
931730376 198673
937531216 180903
88345286 125112
207858422 10300
691253418 125481
687480542 166816
205774567 136628
33624119 65373
242285753 190217
619240236 45225
766571007 122032
603399052 80480
388896813 191034
482433706 133407
891582495 37698
651098063 157317
676651281 156287
989520529 163377
571561759 117497
223552392 8712
518857749 171633
78741332 105457
199328892 109591
295121579 123855
689869953 179916
679246166 41985
993632990 163151
757136609 199398
49833412 76193
154442507 198960
815781039 148858
977845791 168864
493501294 189461
595105910 103729
583290866 55342
709415091 190732
63372175 75638
128762126 189874
628299337 2495
549816068 154404
851701046 36818
978418109 24512
514190933 54737
580487825 71942
482959718 8218
345181672 1414
438805367 8936
808571843 122027
109626024 132016
128950923 25936
922356389 134530
345967675 179183
594040769 72324
37249010 144606
249627623 10469
675310750 94006
179802242 102645
42149808 146763
318118101 131792
470382907 163079
405930365 80566
462561088 49169
343315729 156978
130777378 172365
358680155 6738
290968366 171592
360659413 52907
784161289 167941
153985448 116216
541419836 141469
676761410 178018
499683912 85037
260445522 109572
610268657 149435
737716385 172194
192445078 184225
304458227 32631
676172521 36810
497362702 49396
646131852 177950
779786100 61893
852286038 152049
199916241 197745
72177753 48869
966491451 6283
408460516 5843
585961472 128973
950580226 186141
620607830 98218
465210108 159338
835618191 196522
634552239 182228
838296855 32169
253491338 95519
887196124 176093
7189782 105314
470495394 189710
487337873 150147
469533424 155185
199141522 104421
783820862 145143
727539724 190761
757029794 27602
507216010 157280
333113391 17867
922331754 183701
381427970 33198
253558066 47693
280242012 85426
410866195 104428
21933358 183364
253323457 74915
620253378 60284
509588933 195052
112475805 123340
750118334 174797
452083411 86510
391192026 10941
65677848 151180
34104747 130582
184969899 72635
435637197 154631
442814903 154891
414783319 22822
922499334 29677
853092902 135988
602098297 3384
962531316 167343
928719909 58121
424762128 33894
683553689 151655
375401732 149036
176481760 125983
760041933 161787
410153468 79688
248539741 139144
561794645 180503
643751351 179187
388731899 170776
87269990 102096
944367316 77023
944942755 111861
228241548 139460
882747651 73454
837148555 183635
108856263 166100
617252889 144515
380508198 38977
495448034 197516
568898515 110092
861073332 167432
133070006 136864
867272876 180129
311023943 171259
251562013 198443
383601219 44135
174809677 40861
711634119 123635
699097484 114471
395233498 134619
458370302 59122
199597719 139220
187192211 42099
718485736 61333
831917234 108884
651804534 135890
241625290 409
831604768 62986
63505863 33109
199914024 69666
992425679 151410
78970879 56916
164065324 105753
72049222 67410
891691805 150023
189261909 20269
573248633 91824
550646054 38611
286132243 62935
179426684 87572
329773896 135465
222114447 123662
976404264 48825
729269962 47282
61401573 78961
159627599 173233
738608196 124644
294104629 118197
709183510 189299
163390657 180685
859622229 196566
59296297 38559
509614052 161063
629385847 84130
762479304 195739
678069861 27632
406432178 133050
460160695 141657
312147587 142116
517570145 159058
51150185 115661
935692408 187187
537009916 105202
554748547 192838
328213446 183079
152771664 87233
300985360 135588
847596796 128584
887377974 15602
804122291 11908
276632465 42838
620620304 118498
656247436 128029
807184283 73039
200031472 547
703741761 64282
300488816 60835
837933525 178208
619270148 161636
180340064 157115
351010023 8284
571462590 184073
660223121 78758
727073655 67159
171347007 147252
918376962 101128
91701144 129144
282623253 27292
283590819 57527
823545649 161125
15448275 107410
130568545 73238
122128776 189391
494453959 10620
215766786 57721
164466544 5237
666965164 117923
975693888 112943
234457799 97484
860303011 80300
164374451 167041
717426535 168376
186622707 45418
299635108 105508
871816949 195434
64981294 171951
218511029 38928
140713048 181224
545640618 126022
124996429 92864
761989005 109513
618590368 92743
60780517 41054
657310416 88927
421533670 88537
502938917 173171
931999736 75780
415839445 183032
937615978 21008
46590501 180071
233767467 137249
500458632 176562
472535938 112782
586633758 133875
790172124 153147
987112930 174942
798057351 104577
277238667 141268
399763199 100418
605831135 75106
9790415 95556
801448120 12592
623920558 32863
614045425 163741
351342959 21493
59695709 183292
547013686 139679
192697983 146098
970377630 47226
848076441 80051
597960413 137475
969635037 69025
656058468 164530
100097745 2896
725015664 159377
612557539 144292
521956724 191928
891172843 60403
396378865 170225
397178252 80016
794504113 100132
661005099 57626
750068306 191766
371963952 6116
291864929 135907
236498335 133183
724785068 175017
520512087 168632
444974262 55046
380059673 67224
794534955 175472
170673461 73623
990015572 107494
530818219 23109
32644836 22246
849673417 191984
892603268 167431
304906826 195802
426221241 38758
686649922 125506
883523617 168733
992663051 22866
462894277 6246
578012189 146988
58898727 193706
765680290 19809
688968959 1710
876061978 188145
649241104 20909
614412931 135241
469865413 75568
513445653 137322
199979567 23493
347226650 158407
199192527 142303
460126552 78603
449928953 142392
986607842 6446
324969914 127219
420113977 85700
961694314 122137
920961491 147900
516873030 85627
935614944 74733
93700365 13570
711239454 40580
477075904 109027
156174309 182747
64912481 59391
921556494 171303
746138173 10121
595056378 34098
967713304 54027
724671395 80952
710061706 157538
697858453 181333
560944100 75522
550963366 28103
867123873 73887
309076816 170614
216157978 51523
513548500 178711
138683666 82292
653010142 133575
107041777 171351
262126537 14984
698357049 154642
544688176 98871
259348461 58097
125601121 173309
275040879 18568
213586673 187340
964362192 65946
179272325 199609
426350298 180496
442410660 130267
43583348 188819
321075813 165774
158452998 95351
727516366 133047
77724698 111762
351035933 92809
426601103 78904
958515240 150371
370258199 66454
779204086 38614
224396016 196858
154994358 34963
736180322 171490
269690625 122568
90156022 44211
575845991 148079
884948947 31610
837902820 107820
488158522 29390
594647408 39336
599410911 15859
601251630 7310
842278808 25212
295051908 125680
461098171 31180
696023985 86884
950377814 157341
6525564 2666
30742292 9000
819761629 188856
797965548 71790
38720966 193106
308257856 2572
40632071 183783
524576541 55361
517290763 89087
373849946 171469
74030824 16916
390002849 149766
451860777 172811
206663900 175904
319928322 56560
573114406 166851
1131805 20423
179123205 123254
695424630 106449
722697103 65970
645669867 67632
912498405 81626
376430256 104850
19660316 134548
559711402 80023
248921920 140328
802466578 79302
7063890 98866
189705545 131956
821938964 45714
143763309 160716
10690763 80110
668229398 13576
279382600 60750
228036342 166517
744349921 84428
658758231 173286
290105401 26145
103816175 119563
996038182 21169
155501462 155052
585749150 37973
957192353 112704
738256737 59014
571882103 4727
404856212 3699
496543878 23227
889646825 70838
646097464 56837
203349143 25009
360769929 198014
732786536 32485
90702889 112162
73345819 137597
383469428 42435
759525762 130570
204853133 178667
126389182 148742
360599151 119806
226647868 175428
965969794 185603
354389742 199911
296836040 66091
282039202 27700
758574247 96643
49534163 44706
110880475 141698
47586586 99582
511587455 149345
528588291 14865
359155514 29858
686416617 38225
605069605 13610
740335568 152750
91323096 51607
70544299 70050
390451285 58813
158256075 4193
322028911 169995
189501698 3904
381538832 188487
930919448 160391
303243306 59038
682638936 143653
734900488 52170
847831347 182429
441486883 70866
163868565 199530
39963255 170153
585642055 99745
650897980 171358
473042002 70007
16884621 193002
244633557 194241
188020826 87089
693691698 168582
528827358 1878
891473569 148292
837578178 111439
989690696 184161
650491496 122584
205192201 57958
95286430 138760
399458957 104779
116755223 136402
457686699 111649
748852762 133935
913315970 116849
960141070 102045
343886276 32109
81227900 90988
88464773 169970
313317264 177148
834095404 19426
76439342 30233
354908453 17085
285941720 69123
29002506 111957
662313323 116086
168363309 55327
891374681 163487
412145953 123682
959152908 96820
206185645 46458
473926470 166286
124566505 167398
320111055 41178
515096099 61599
694661256 71366
398263464 196587
827465026 70674
895189009 60088
9463957 109462
36787271 186124
269685256 143792
881805257 129740
298606942 87737
448676059 40146
609502707 119495
640462953 28549
117860699 27641
485010138 121241
215366750 9942
89667921 90199
721333159 42430
507456966 23137
450147081 194859
286755494 133472
869797528 30960
139235152 125701
759399232 79997
108271027 95869
5874330 33896
778483682 158593
964166550 111031
703278577 181717
747107567 37451
714796968 56726
502250306 167819
428540118 74321
92180678 63223
147965058 70897
406519433 60275
517008480 188425
196615433 5309
252542375 26234
516123730 23823
359202983 110185
458819971 165530
321263511 197717
964534221 24761
807266917 153713
773258991 31289
691844717 97173
139491557 131494
684446679 177063
8578980 33287
852871699 79403
582258021 52477
271336184 4260
648718776 122848
685781347 167688
821750232 35767
912314616 150420
553911875 16521
135600557 172091
971102773 137134
94552968 138994
755310397 47588
562877211 46311
610593702 162644
947211147 117715
171589165 176871
655193424 62809
536297974 168914
118664789 74492
462236663 109897
366088488 128588
757433890 134625
658480773 146999
406892045 148215
774455887 114579
107014728 30838
605235083 25519
4159791 105619
435295200 115514
975549595 167237
962015604 33906
157166187 189910
148906522 140412
692778919 193510
67053848 64948
832721445 106368
106987740 70032
885564772 148036
62408453 9984
51435802 34854
814416479 67032
628829388 129245
431130255 112366
807248141 170179
865598618 188724
612760546 143211
960796838 145650
757573887 110022
888298363 187842
511747441 18391
836100622 140214
570764214 157366
756478400 176762
421040789 121507
134349453 125649
936647933 1193
573512214 87509
219076461 143950
676236030 81996
846883282 62807
644676242 54087
381760401 135274
518415270 24777
679606321 124177
2762389 9108
697524001 116180
166223175 125040
374823960 3544
220275911 188470
115357462 158315
862793323 183858
834522873 194163
975812623 61072
786263676 158263
702578558 191327
353761128 67565
186578373 74849
405228224 46616
889901107 100419
150520457 118819
527284813 31786
271348316 94948
434795161 160350
995174497 176944
457235543 43952
412612612 9117
624852873 148029
860075556 12714
179178725 143010
86517433 189390
972508427 109004
267740672 185362
774855123 124085
556673691 35620
927574091 160742
550194502 86305
334986211 35167
263640124 43881
420408253 112781
226007574 144762
428522670 22702
598663654 88091
622234468 170941
865232507 11292
452982272 147676
643309854 105064
376275835 199514
628467314 162775
525979837 182015
386226081 90396
102908588 834
503299469 108435
138630200 93532
609206267 183519
843775777 170622
160310709 185881
133804166 24135
55313268 166822
881415177 110023
463039370 2471
586145943 144678
58283900 145458
456958283 131359
163304306 64423
999697593 123622
899111094 21403
684233786 60430
734301760 128206
604323942 49600
480169434 116961
881270471 185752
258604942 39721
494310521 36016
554862556 102267
610333669 13568
802929521 729
710555188 163402
299720786 3537
936638621 116617
573647785 102172
338465484 86425
580565490 2549
130375445 32773
808230869 68295
30500263 118936
883264827 186208
825408830 37388
142378034 154835
114749114 43781
175079711 75044
899767138 28614
938042240 137844
17441575 189331
948081457 40937
659738406 13271
451861712 28143
125486150 21481
485424536 127678
838600996 66174
948243317 168105
298038813 11257
645914719 171188
92595353 133972
864401078 124292
6730798 129137
108530951 123443
679897491 176094
64496482 107636
453880821 72689
572904254 133615
447670714 11619
874809186 111522
461658220 30763
283396243 18197
145834161 10694
556364610 4393
33653756 190985
800457757 26977
662875663 29886
113880649 197192
853952764 17575
48312139 18105
7135003 108505
392902173 186448
503680265 176643
355844748 195472
617437710 129299
113498913 43205
701021444 101856
109813495 116646
931346601 22236
523935082 48432
88209448 27666
434735504 153305
728864693 95089
353871434 87457
461606390 178057
783574682 128739
621223043 102156
231988111 159452
570798951 61751
352579541 49494
456484851 59288
972144045 185585
523871769 139211
680094559 181243
390458212 26287
987583350 55808
190282057 119305
40274232 130581
912577279 69969
576997647 175130
786312955 7022
540097660 95207
628969777 7511
869471268 51753
429725327 135486
93552652 139263
555945138 154973
699815057 149382
39140232 64751
554545860 70807
596380763 9085
498567802 193914
410609953 135915
695895795 185131
798294806 165159
751828092 154864
166831176 189409
117798363 68382
648182139 62789
640953511 59537
472333815 71938
821028055 114024
898982398 133689
143531393 18992
370811506 122132
819319640 41928
147491783 141064
233550178 11520
522443540 129831
551954395 37799
416038775 63566
77724288 129512
298420113 193783
66712247 182860
339238040 166854
304757489 135178
189853049 195055
368106271 19997
985420652 51188
372143196 160027
551604237 169720
295266935 105800
750105574 71810
607427090 190196
196301541 58446
21633758 160070
241576619 182788
935897970 116420
882368540 159250
93081176 13480
762347556 107940
827967446 103622
399968576 118700
274259573 19290
207951194 7503
784811569 3998
63156814 114135
911714564 160209
351528841 85339
547829671 180279
478946027 116695
75416160 72672
45776485 88181
292809041 31849
645509024 162947
809760563 61759
7444324 119467
16451350 162766
288288344 121140
679689771 99207
404245717 69422
436812831 6422
135620667 12066
921398250 179841
715606793 57126
561890581 5508
684668757 127077
432986393 49005
201230309 84825
220717172 199488
446548459 71027
650765299 43708
400106630 91264
905171735 96444
417387706 127906
289340221 71108
32937392 90754
134031311 60491
704498558 141721
482902291 60870
333642680 131957
461816571 80861
306542871 171301
395711590 157710
904369834 90878
946927288 9567
651092484 162207
748393946 87653
885826576 86261
475370323 114015
115083329 128014
533349277 11060
876816156 137842
842586751 13525
984917876 115120
414674056 2625
193344369 155035
944487793 120686
86468716 184278
269105689 111371
18786324 141237
872980217 45862
923202383 166637
224071862 97160
763563123 144538
278842596 146928
679763969 111815
203376808 16075
842438057 184025
326808051 197508
505367999 191929
341510881 109024
301388094 145399
182434229 127980
524666438 14122
597702735 84145
265483114 122220
666743382 178851
581562312 175681
952187339 36549
827851268 174485
152077430 133297
354318550 172446
717686564 65752
116100915 191036
432269766 159537
621955368 41063
916309316 183477
480460198 4489
464404078 192216
4535586 85384
34691641 67348
927653009 124517
121202292 77663
795162257 13662
556481222 64203
132801253 42985
486697186 190547
686105121 144581
208257462 95967
883629623 174822
464045096 187877
797499957 102844
880743958 101840
785618519 117739
100416366 175466
604289756 147482
115916611 117598
312794159 29287
312941924 33671
429818411 156509
34162059 122225
558169197 176828
938947084 13173
416782853 189029
987051672 146965
33649436 199247
216471770 82123
609501315 84803
919057285 11991
600409259 176084
55420766 120282
659029696 96019
517207034 157215
902211390 105236
57540553 136014
350809809 18410
192658442 194897
210795239 67143
263382335 59387
993080328 102729
767570020 168970
684467129 78399
746997093 82934
381843148 142693
744553876 96205
705421128 138565
319013503 82721
979232633 126945
620787365 62657
896513744 170690
885934852 73587
191888908 170694
687309781 178245
207617835 67592
551592158 114816
282389660 99558
290920018 140896
112775879 54163
387052010 93795
691834340 182443
221860899 51683
847445599 191597
747019973 37939
614636689 61198
381870357 88127
479206564 127041
286246148 134399
951412324 189201
350627903 57100
396829543 94045
64240920 868
89529528 48033
887612312 65698
807217914 164227
545600106 154883
569820711 195247
794821342 155652
420755944 9416
754236213 8935
649105239 145440
982891345 29128
760713857 33233
401667392 5535
375870717 127337
516214251 84343
710455189 97588
400784204 39540
591547700 60391
319870284 121480
64161691 195045
207410587 140369
20969219 190914
713714031 178206
980795652 121612
488357281 36780
270662176 15574
503414685 45202
122446057 48256
327747562 103993
454871725 85708
530486769 195464
810566713 147431
545958229 32357
684939162 43471
405719932 89676
198593341 104215
632044929 56916
944862259 48047
619401025 37500
673832628 27953
486393438 137971
56028935 52509
883372782 53888
390070864 184121
550345468 181729
249295303 65442
880297193 152007
356255485 10795
948156821 13651
780767768 169675
292614885 136856
583255537 117709
472535237 98916
659393894 8787
54612763 115273
968710761 175817
449532932 20911
187400762 161679
684613361 193262
607653533 147665
977998232 71046
253384781 130791
288055760 141658
678262071 6916
592141375 32883
936037678 142087
972700393 97670
6767537 168949
97356908 122002
310147140 52638
694179451 178716
453022599 105648
803710090 195338
184337426 174404
407716138 180448
814148574 187394
131206983 139715
301833865 50189
812594396 6822
544552071 187160
689365939 51091
533126646 148248
920029286 151956
739919072 18979
85008669 13343
604197471 115130
546923039 127216
876241184 172539
111350554 31047
992282130 181961
958858345 29713
658465720 48458
397551806 92695
240332613 27075
696808777 127955
868065728 42573
798829933 79903
68275164 73938
792796526 80901
381197274 43509
451016805 135496
525100266 69763
435862287 45769
477941804 52032
277970292 188083
282711122 68469
448879928 193880
500414159 2161
141648713 26001
650827205 65359
644281529 42451
185013900 175509
119139959 96665
198990282 51668
500222296 151534
865602663 181949
556218423 22324
999760493 70143
780083306 33585
533004266 93537
639785824 77619
907370044 91850
424414723 69481
303611824 71084
4470319 125755
295575836 70760
893436180 85498
401594887 114896
297577490 22983
348358275 164348
878238645 140727
151345588 199470
858390688 105577
341114512 141201
979018622 146680
923341329 25554
375605617 119982
656282408 94955
980994066 11730
146553542 60425
560300214 13600
521759388 184941
674688930 159083
72304945 96467
503072962 138493
402326571 123621
877231604 61799
454628357 109219
421584641 36247
14033635 3176
547681693 30223
624595007 37859
399433383 158388
769051347 37909
760001908 94643
61916385 171381
893373534 101111
425801453 2047
737133553 183045
193049404 102662
898650395 179176
654024587 86146
304800491 171424
106466101 197243
982294955 174926
11406151 180458
697263323 84251
911071592 91424
118697133 55088
230383481 17447
358046469 141053
972881626 85631
161894992 135411
105848907 184068
471284218 84879
18729659 38682
816379167 159394
693981688 2346
903526761 90343
837099400 152138
762268170 107631
170000413 27128
752471608 125258
787804953 83080
166358756 163786
222399359 11942
870582228 127005
403419016 187025
668954499 80793
249402685 35919
194930038 137580
630070704 19396
117087612 94090
473193076 7083
445616512 92289
321927206 198660
309364048 149634
25305482 129611
476905983 115283
3389158 177555
412764443 1760
671838758 29842
312560861 15437
842851793 198405
52267299 61176
300559239 17046
517793990 95804
996871352 189321
428683453 164685
757261853 60229
73753067 50724
638928017 85223
224018357 56894
723263442 177033
443939404 191549
854899480 1540
730338005 12954
83562341 193719
257178240 133837
522006888 199608
728703338 85022
236924663 132424
364597556 64997
332584380 79859
819955827 66914
63787984 184243
159961803 146417
1333475 83557
298447646 43260
828521189 189817
58959402 38711
294234834 136818
363134383 81165
668467222 195756
95581289 62696
535938089 135485
655470848 39244
672313383 31165
9924768 37824
289325167 169634
110619986 37679
646402456 41812
728049749 16968
873747211 150381
880973401 139288
308871700 20974
938150127 45449
176234727 162211
457004317 43310
65132790 58523
708681703 15545
586140710 122013
570541011 93316
905255111 135228
489671884 112676
528455587 199629
870969667 104210
21519284 189859
237048982 197790
947910667 23159
767024156 75406
845544883 180382
847858980 37401
855721235 69602
323280638 160058
756561088 13490
289549776 127492
845615568 98891
889960999 161351
277510127 189179
590974821 163287
778957630 32170
705689458 129049
993240939 120909
221634681 108067
273333274 29819
832163560 15819
936332445 102708
919324512 177419
527821501 24478
972985108 162325
422579481 81442
465357643 156854
919957117 121714
357190449 83911
530930408 123734
315310153 18206
365395522 57287
224466058 46614
37448626 56349
384305084 134296
325954168 162094
820801774 142199
15428767 195922
938986625 86520
905635338 188709
712821056 154740
712841073 21993
282034928 198970
32662401 45531
396129932 197100
529307721 154429
20078847 190256
859632275 79053
335806097 43917
440597023 160462
702072240 158172
421380311 174395
819607262 41102
654021882 145265
388344199 4203
602056680 24307
806993442 161240
307347927 131436
820137279 180155
506088428 50145
261425074 91042
248619608 8534
684043297 7076
514375831 18905
14143489 998
854191439 165307
108468599 2437
583618069 96551
339551631 114010
864760433 16554
872316933 33355
281390861 171326
14685550 34513
763859671 60752
412779790 112767
164091666 188840
361843896 193523
594991819 82702
178981298 54100
747894674 156342
634675322 137026
128897217 115380
336594879 100725
376306368 161746
949356734 82188
104400988 120718
16485323 46420
700794887 128608
560919117 68407
236071829 139799
857093013 142127
416611924 62725
1046619 115665
224433560 66977
170052493 137360
127990563 82165
189011867 77075
898398022 142326
727943164 73762
915123478 130020
142535912 183730
458437271 150410
166718447 78121
985306965 128999
942157882 157414
133012104 48761
558704456 43141
593817256 70797
759528865 64959
506060629 173248
789280708 85183
800818867 5879
783213192 34805
348110612 199648
662686700 186548
839962561 150854
234558099 176475
93032840 18571
807903315 91880
50109206 24622
882998208 25932
772394835 18788
48768164 122933
378534490 99914
902632031 146153
454842590 159272
412411431 11180
498918424 187555
600411182 73159
69046594 24781
459972839 117874
663658384 179574
973350483 83252
637208266 181287
683838734 137835
738133674 56919
34652896 86579
947876651 178915
164909779 193061
474474266 1563
954221993 17904
749312106 88724
573602475 123977
315440077 99088
647538015 51389
640909613 105663
420820789 102108
228127771 41434
13268986 99720
415511362 106744
352826089 69224
109965092 155083
919924461 159716
64956815 71836
843235314 71390
20483453 40649
526564325 96847
454875966 100407
905430166 162877
552155296 161218
448014541 53427
318752591 158044
118896640 167115
481330090 113540
833499648 15180
233386637 158950
46302356 16622
823480272 14472
767484978 129634
431361103 154143
832100896 163328
357043784 68550
314747813 7671
868217241 189324
151198670 56470
272696146 18441
491028250 155138
564374889 135467
326863342 31152
530425192 87538
164570249 88184
66282194 100370
624427799 23235
320149177 32966
539922842 51396
990511814 106368
832305515 136381
18027776 145810
617857388 2746
877600466 59631
820639980 128940
163374889 71407
52802471 154005
335497570 191430
676119246 157274
765640713 171877
875295537 48660
256991474 80214
767346787 168843
90008723 86234
936534174 112040
534377064 147840
615657993 54795
712753646 124171
990143154 157835
69053837 102245
166598410 117537
664061416 127374
869951170 12520
492093212 5501
743776826 10866
436503178 9754
75977350 49633
853865374 95937
184630399 25514
166895513 162011
377691599 52564
568340156 5695
949484908 24821
813588433 12732
443569049 31724
395168682 22971
636147518 46916
380375079 139921
870225399 50513
142943370 51036
90688785 161780
850503150 71189
408458395 142411
449109789 156165
441502098 162625
283744771 26159
5092649 59786
13280812 21613
706619915 102921
988064919 89073
98580211 147900
595588298 108793
203378418 191657
180778604 111077
796044455 116120
405065242 470
649375446 178913
243664554 94539
121064872 99279
241921710 42953
641389547 41114
214241803 67444
277665170 40468
240164639 87851
879247063 33704
806377938 9213
395512409 142852
295891939 118801
119643482 20062
476044684 188971
118026544 78559
689769397 53208
148730615 40
699023337 144093
511443285 43287
645233149 34851
160198729 107568
361422370 123873
257918967 141336
714321556 53495
345365244 11000
281286939 100458
976609613 191605
261873720 123576
593452151 118218
247108990 25657
263158539 54064
379464060 435
565536591 104051
495014834 121233
59360939 155234
561324655 61676
961410673 118214
699407566 185867
837921460 183137
698860665 123866
862739749 192612
586397327 47872
700335160 192241
402323249 180867
236429328 154277
338602785 78616
60903826 140405
736064134 44378
758108620 111712
427654963 153231
627540397 90376
165597863 22761
352085634 199962
465010044 119977
315634631 22470
444428923 96802
29728531 163778
682597050 131311
222092158 128000
724449715 35857
187655708 164242
811257598 9539
439743487 63816
650277862 132240
117112130 70498
482575151 199399
36101117 135888
900772522 165294
467751619 125066
146276771 138395
375540692 20505
373044740 181487
553983632 142202
106335064 11664
169890493 179963
862368904 133664
485225800 169240
797478279 92322
47282322 36572
270450366 118574
908065516 147231
827269535 75543
97438521 162018
325693802 33378
313700881 180160
139137055 107328
320944609 169981
502196075 95283
282159715 107435
689258421 64357
219468730 184577
552969987 128455
549552996 119377
405699643 68314
181555041 42745
253727543 155885
983537470 73801
200418284 120778
133763188 102075
37970705 162484
533505033 46276
438794984 53763
369873656 73205
300310384 194750
870840438 154026
810166349 107372
85851848 91404
149115065 194556
484452451 71797
126188741 31241
595746047 9509
934954236 172413
843478491 89814
388478714 494
556805574 102410
277643922 178205
558666318 5083
583880719 8998
553338853 44612
235253799 88231
412043598 173757
906819429 125570
369276104 178765
930281973 48452
303820549 90581
248214052 199973
535469640 93880
925755398 193757
503573408 65076
874250130 35060
683289265 113264
167967209 153077
21527965 147398
626670565 68659
226520789 164215
919234649 97980
864399465 26
858993101 57865
567913756 69617
672844010 141239
784612577 114699
932737194 166625
487242821 65846
771953588 57519
687477988 27104
696770812 151647
844543720 130546
454454055 183011
673880752 120753
637581851 88960
77991691 115243
737344915 138086
315394346 22995
898529826 57869
668944198 169398
800116065 123300
794817524 143485
7263818 153140
989725196 94080
306263342 29128
401910013 114630
767556050 83076
858741471 65691
51836497 60825
257647625 44492
775473711 187045
913517824 111932
554113893 165352
721225860 66134
800849276 193395
600015565 101132
127282107 36447
916134912 74228
99750141 141658
567669358 145685
117645351 151206
152999101 138615
127962959 130397
865370862 119850
594427550 33489
443944676 174820
385053297 190998
956183660 32710
903858794 23809
742857969 180129
917666833 85191
351264845 79179
140596975 197006
215594105 161125
847834076 9578
53431262 40670
293924118 23850
388706297 32839
698849662 145936
23660504 69705
264536667 89672
118666275 114732
837483990 59341
906942242 63993
2277134 112034
154875345 195530
387748944 183851
543216782 162774
760928454 27913
653957464 75159
770161127 163084
397529403 22840
931722538 85556
532391451 176690
15319170 189517
877982761 127397
216275599 160554
410857589 121595
723145670 168578
447958316 134188
517860291 49363
189249700 58040
816283058 80230
797975295 164560
947701759 108134
952098828 10301
827110168 69671
268953588 65116
320570196 60451
948951757 103884
314173536 155489
642080079 143208
185342758 123379
284242625 2784
952713101 33964
195848154 66571
293443598 25249
512255375 6955
800602724 70707
709766544 109338
401799833 40578
692905906 194523
342540863 77730
52180220 14959
461700675 17007
694432871 145570
428430457 31321
30265746 191276
715178554 132314
167369156 127800
778014418 82851
260322249 98838
877277846 176371
370673667 67943
6640280 113677
719816669 150708
173776858 26599
999456927 177141
837918676 100595
930947763 192659
66945588 147999
696329807 11996
587309667 119591
973595169 99300
477422640 21229
752606529 142033
437814282 7533
150510035 69040
272985417 127118
224572775 169887
882468251 147168
509573697 34410
477470124 23739
718189366 128650
86726162 132763
214982532 108728
238562768 84536
308968975 195758
480863676 86007
606829781 22669
371398135 156652
378559114 126391
663716580 187649
793952636 119935
731742652 161061
950541606 74361
570082519 63061
529839212 56854
42558004 4463
134842121 91094
356010878 15699
978269453 173342
662701450 35047
893319948 161225
28070751 9758
891122348 108100
858504598 98554
838297668 131254
48341909 15856
269226508 87553
490904408 73931
310481315 194854
178574401 185255
516753453 97571
297403057 157541
415518381 184601
812113598 22103
596143115 195397
459731063 146735
406956655 158013
55836786 96900
522269397 189418
692908107 78302
265715488 59916
993385659 146131
54265581 135454
117758897 149948
903320079 48870
371542791 119458
755287145 39479
150849624 198452
453732573 73866
459563390 4518
912128406 96871
747719525 75874
180841213 144813
568593448 7251
204574476 89006
273397454 189526
786157809 47266
273530345 38249
462046516 24409
721820095 179551
599308253 168318
349270993 146404
936111091 96393
337320542 98845
581250064 42722
275653976 65621
749896725 34388
668659399 148839
47710689 71281
846235348 74261
351148552 105130
458273195 121339
465425095 168713
947689757 68504
168932076 68408
475502775 199867
107871111 43756
879546554 34267
371325216 126461
198426703 144256
840390166 2802
833909447 33938
654543332 61450
330189919 46999
792818260 116325
366189551 95790
672168154 91627
586100231 90301
629790371 154629
6917594 196090
865460957 44843
923866984 34709
282605624 138666
896568190 176220
69736894 170886
727964906 38625
657556434 91417
90782433 19309
641578781 64262
23008008 69906
174739440 121388
164694177 34030
585397865 50125
312972854 141898
996656402 159015
848136210 69098
664624962 91158
696104883 34216
326703429 185828
467177787 72686
400984479 108278
625702068 2915
46596140 187241
779970112 32499
926023447 167132
431263684 61174
386087182 53489
593915142 137154
763123469 56784
72951930 158072
926691127 184433
834520862 117211
536173855 186040
49781232 60655
246247467 139292
700534490 12497
299318819 154294
51538219 1466
199045647 56733
592856443 88176
835627439 133091
777326750 71383
803423606 192080
731144676 27859
896541416 132416
354641856 170311
285100611 133377
389090940 71005
124223633 157000
415899322 14769
803258365 106107
454211036 173839
119251290 80946
159157724 80979
910314808 51504
184567454 117354
852714248 151029
510520079 113706
377646430 184601
156995872 105653
615410635 102290
41130251 178451
36104281 182455
597104589 28073
885415306 108252
930959860 157340
948159869 46294
670007716 178924
778900847 13074
145853625 10642
528626210 173599
598327890 35122
456727901 193903
450803030 38421
54351803 119668
993234879 131592
67558023 183113
480514562 190804
562847190 195438
611825034 125032
541647570 68158
487629884 186479
259090534 126418
292564523 6852
155196645 111547
640221199 39488
600170671 178534
719636804 55205
362160573 158861
578935393 183664
993262054 195543
33709914 99810
336764951 15084
384772154 168888
352042279 116624
978687520 33505
980050173 37956
458036243 182879
540624776 94047
176190814 111723
896436747 177850
5568250 106306
808337230 37340
363571146 66076
856495314 178452
865719704 92543
377266020 178152
142408406 186195
760864941 187975
198575879 48685
687419161 2873
685622987 95934
863865024 186251
309613155 127080
952282449 27459
649136454 117919
968001955 167835
111438556 116719
230081739 76794
23645190 196356
462319297 126492
684740038 149813
804878970 167154
557617326 114662
865530644 42628
593248359 182339
278446992 97948
122695816 41815
794702846 174937
702440600 108289
517671460 96834
691504797 155869
787127223 197808
196378510 141000
869598487 56172
147496100 82425
86581399 114706
146044529 72779
85300859 159944
609108968 133070
745936965 66853
519550265 175954
147058189 42654
554692499 166626
896787638 86210
947508577 63240
989571680 104721
178459674 65644
623689660 149758
393981314 58244
649777052 180977
665264648 11262
802253950 21978
117441078 86128
814982609 75927
679308304 35495
821542467 84919
265453123 147081
57825288 73859
571710513 194871
458934680 64743
838104654 19234
505798748 158320
272431245 195234
355368864 184467
451993090 195283
314528010 179448
307957631 137555
671578809 145498
800781492 174151
268566420 10220
946507744 66868
532345502 95501
970375389 158846
805550622 92631
497170047 62516
819351642 132153
544308221 183535
17406797 38434
604685793 194953
494096450 107373
482668238 95734
507565213 116608
168158816 81997
737962317 194949
111173635 180942
441109147 83486
950784402 129848
128893163 14635
461942007 122847
707486740 191596
109432494 65950
18220671 126381
890261246 119836
434256822 141953
112204160 32853
688461938 134910
940433021 22677
754634298 117680
989348528 4371
329961967 100111
890629821 34269
148128699 122041
733833709 27070
179888835 99293
86230197 126472
113012374 185138
889783330 192594
617425073 142959
450656593 58165
361139000 196022
860169553 167027
278159324 5038
355335632 58463
319538133 119988
784502801 91741
179848435 124200
438105574 125143
760316054 144411
848471860 124131
636109156 192173
893683449 79918
282376803 6720
931798080 36817
212812270 102840
127487586 109295
130019022 109471
342776483 122235
750511069 67960
660803337 39857
391901735 20161
853463066 67025
547544530 10572
669903040 191995
974749121 48376
873432795 184615
502626853 125053
965315137 158746
6324422 102979
402809313 121264
484234288 134598
129536727 182255
136038279 42774
299409870 142812
607994991 159055
988139680 18727
720080518 13108
256395545 96895
831144247 10353
885061452 85621
255220058 18855
966701910 71794
965163420 85963
720817728 199981
405879008 185528
149294580 107017
660845740 53529
177732718 101431
771939508 124510
385563246 151538
366450600 36058
276705461 149527
464010967 107849
308190796 155943
942367043 156824
912295076 38797
348481958 191371
165440745 194251
627031359 48534
822036126 42237
340018844 178100
80834917 58544
81061706 83110
183981792 179608
338536542 100325
513671892 196940
797236859 28216
595242191 95389
226530872 177118
858866197 87894
739968506 155268
44357367 188475
252465566 75729
300024592 142614
443659664 169762
639888595 5293
320111460 56616
26656574 183011
694973719 67512
707749002 178059
981285843 13105
7883611 192524
413419855 111132
71178930 145449
206267091 130425
965043935 158737
391378171 144560
28801860 17975
999289090 12349
779664271 7589
852782441 121468
461022999 34480
673039729 144472
93573393 47681
447927620 75456
572661367 180284
612169273 28049
964925203 107597
945882816 142976
241096410 126230
196281386 150572
373650297 8504
440264558 126732
286213060 140134
524247823 138910
477018088 186415
573148936 10733
705260224 121406
671206712 95119
335435931 161714
808951259 102630
665521625 62128
650810991 129851
663246212 39902
195622422 52861
102351427 165534
676578471 151951
289934711 113561
264352136 169936
796255422 96908
233626538 87558
10861635 37529
396329074 112386
482452855 174736
176812762 176519
280707994 112810
887577117 2224
800482419 91264
865329656 55448
427449998 50553
288985543 168018
29954088 196898
538005323 122511
532084692 94341
204156473 66787
561090620 90875
18755274 113407
974148247 71134
881435737 17340
311724581 141173
667716288 153785
405112804 31860
243275131 170414
927872136 100358
705519254 162484
314916611 91999
463417478 78958
724615622 46626
70190012 190423
697370473 132292
915573078 74409
954719635 196612
74068746 21474
817795655 133301
821717260 52880
872502033 93081
62462678 151467
366503977 186220
500516342 165751
217133411 54897
693638183 183104
408633786 196879
279243103 185504
230411131 39413
913430393 187802
60672236 115097
683112296 101401
525357520 178999
776325712 110763
715082910 14368
997393213 58686
396382647 19786
721023995 52491
794416427 186398
808072678 135096
298286410 92845
803456387 93331
334690954 49537
271946786 57767
48471061 195213
60627527 106658
857578251 7156
731965941 158036
653317480 81471
136290308 190582
725174507 50441
949546194 54307
191774479 146763
686984575 54712
304129026 4176
786301251 47563
571051424 92013
958533924 149690
131299962 14553
580129492 124584
211008176 188688
836950193 138590
449837502 198698
39034605 132957
98305797 106660
221738481 58805
137031788 166291
997333008 146515
935551225 154858
224698995 106633
930329564 166664
532806328 46072
929012199 41636
310344261 13715
136866150 180017
426661182 127332
279047765 178386
848940595 103427
956928881 156474
971352764 195777
762515091 198480
687774158 147805
979609432 154588
844118580 6973
701832448 187494
832598167 36967
556482374 40778
856181592 101203
594723514 179035
977766319 36536
695357568 141472
620724400 100988
711995327 167368
148815209 21533
17881726 118195
698561711 16009
614103661 6845
212148512 93021
603931620 195483
117069157 129776
477586232 121186
603910423 127539
992467262 15142
125940313 27698
243747132 130454
151915384 130026
37771720 73912
402893605 19604
365024518 72903
212524384 101513
632758661 168526
804918894 105887
463870899 122281
668755317 6206
478712574 184898
190421277 18689
647445883 178050
725621391 68681
100734283 77436
233671176 185859
681901762 74422
992203811 82149
801112626 177775
662947178 96729
190713554 35435
289059029 198177
725143876 137113
758678310 28460
151416762 82162
690066571 154215
16985618 2128
826045709 58840
614170001 25669
817921989 119665
922826448 83892
156205617 133108
671529966 192855
32410673 24547
101987796 162065
604510446 123030
650847213 11827
205312159 44629
410720726 51058
820555801 65963
171183815 35190
122586005 15820
441496553 27479
570159644 186089
263139870 163191
188017375 51821
889199573 169710
991079892 112142
336406791 151111
225444766 26938
890917677 89768
893512602 47155
379246610 71633
373287966 169336
439921068 98814
295195902 99133
680001964 81575
768703669 135519
898773426 189087
451970870 78637
903695814 53358
495916073 53740
790433013 85992
203568361 105544
136373177 181102
798537938 68767
208573222 69163
99126855 170493
239272829 173964
768987725 115379
629711578 124697
764221620 3829
778969151 74195
764759699 136600
505104323 77745
715677899 109642
20661394 187317
125968716 169438
241729524 118436
62163925 8680
164696413 162733
438951432 167199
207451137 56294
864629813 165972
871587843 66429
428450039 88418
290110816 136306
167421435 158341
564921634 144497
348375862 93829
490436492 122447
981244235 15940
243699915 83885
568135091 138096
94860904 190961
252700251 69018
220903489 154447
806557111 16197
342871388 175105
456740888 73466
572512591 184752
824398301 183648
592555824 40614
221429659 87148
99608830 68561
136796101 194523
966927524 183940
401835052 106728
562072681 74214
374549620 114983
439904270 53982
721289746 191288
36100881 20870
338273961 169714
269112307 132217
256566648 99150
780511419 113001
687771535 106347
814507393 139200
655881877 66416
864471445 52449
530735907 14227
924614039 195182
325984687 84100
126729475 183932
670428357 45543
508087115 8866
135690244 42985
127295348 6483
573534642 4249
460578592 9831
328048423 75679
685789943 107331
730302507 120477
387503556 2664
792578491 173079
792069201 46000
98835747 145028
580634948 117797
115302043 52694
963239503 143360
88251515 184501
729901099 41233
216087966 74561
952145782 185809
344279452 110524
22340641 114498
884172071 157867
653754805 69194
957391009 173445
565483920 75875
145332522 27288
982646278 64875
207571466 113837
110272208 152836
119221205 30347
197101350 55523
683012547 141896
927143060 172026
64599938 193885
66157216 38363
992162068 161288
638629419 81093
3672532 45902
934496396 30827
887503024 109631
847071404 60697
530920796 110617
471400690 40334
748680228 71652
761310853 152462
303550089 136472
508464758 63534
175679779 31237
703142964 118121
593550530 130049
630891546 177995
255703351 142662
160815032 109297
815128384 134071
38749154 67293
919003828 121329
840950567 51328
962463778 182122
570862358 42796
672691075 137599
935865199 134045
614889320 138798
895205321 184979
917622961 95593
371410728 96590
876996116 54898
613707648 90063
253547110 163650
312850158 25319
330099935 11791
968429949 74156
84076463 169863
899742724 188000
213264470 63393
794673450 168144
184978980 152186
513189349 66613
442433384 29574
571131000 58609
124956952 120523
618274406 198442
255907066 62086
564728425 152169
226785750 148773
409877408 91699
885903360 46234
738085865 194489
908443492 28983
845566876 35224
409621334 20240
157732053 122592
150789989 132912
464613496 135166
6129904 117157
857550099 18448
745589436 122824
637916592 109001
140472412 56620
57147662 81603
913515504 46545
677932131 144841
773167750 4993
865038690 56444
318745356 160816
59765720 188702
529386245 164640
824636123 115499
464732251 98369
577035302 170483
498159840 167338
238188488 177653
598041215 172154
433061368 63168
644279877 4803
763577947 27208
567850167 199116
345945419 64216
906785156 43488
701181865 158868
309080101 9782
288356040 171557
35408075 36022
22260349 83536
835676965 82110
178830848 167655
948793358 1071
433662025 19967
405717862 17449
477821593 94581
37317214 175684
910326668 114958
398799797 4403
578792112 154118
316752051 128094
914113758 80509
260126850 95285
432874876 182961
153276732 68289
528638926 20033
291804718 140793
844419223 65062
730188194 47160
987836400 90208
856964415 191046
547882035 143633
694615257 40786
323328725 55865
350758449 136798
831355509 1114
143512800 133147
661550309 98032
960602900 183637
113026142 82649
372410571 152406
834188643 130417
491164156 98366
961204534 40762
910080919 128481
563090619 181223
966817094 1675
155234264 78151
114745631 104329
583991403 80731
730596791 25925
879015742 156214
128237890 128478
75224511 62019
950536100 44019
293309989 144852
145221929 126355
980401683 23876
325138791 146085
170145625 37523
683358732 62944
714327552 115798
280533530 189573
42270963 66489
127901726 163956
97536992 80538
302236742 119093
361557366 38439
289835147 149009
877134428 158129
674578953 89602
42174701 187142
225352145 50440
414425227 130722
840098766 94718
476745605 159663
87241008 177038
545057465 80829
380948727 180170
485435725 142883
369161655 68786
403405743 164507
237854352 28222
86777492 46543
227252283 85732
570121483 120916
723465695 12593
238264123 120508
215196197 97121
791760465 174823
625742308 184662
5103341 57115
225231317 20254
906451635 108916
716014851 110313
870797579 134551
206862972 129220
678839833 192940
930193634 94289
294181188 53692
49628314 199194
508377782 123497
468281993 105926
285634385 50850
618439878 44579
202528686 94730
168466011 61866
393266364 66224
480500676 110585
271134500 119571
170605476 47197
491482628 64789
467746652 29798
455955387 102553
435127503 3861
672227180 119036
573524720 120359
563602543 71424
591159279 39441
327423638 27396
415107594 41231
951019155 118279
812611819 87513
345554221 8262
711073275 118361
328698689 96870
956073984 8324
511519349 157081
504730785 164897
672920943 111668
904892687 29726
413483796 195488
128317300 74734
481641207 13566
774302953 90813
601480233 96248
560729084 10216
140912610 126241
691662246 99850
233460208 193745
327816629 87458
499863555 115379
787528775 195492
316713354 132121
249241673 145693
692883073 178486
381861918 78552
506904269 58448
523449507 94699
53286688 39708
654889374 115234
956013955 30512
738151746 93842
127435223 44538
664732022 159971
696853836 180539
438527291 99720
767100100 94845
118065668 52173
283324502 74016
441611462 58341
454393558 69269
592696749 65462
514956804 106284
286262898 92523
733743262 138271
946461877 182681
691759847 93078
94945109 165217
874091308 38885
302723474 50635
17832287 107749
692365500 52536
303466107 150599
474557513 155766
184711068 191122
908929098 70094
328256984 6118
409177422 87727
830049959 120294
208678496 153294
774836355 163542
815822014 187931
188850017 199560
890535251 51747
100260916 154815
613415054 81472
172442170 67020
222618969 122530
137880679 116634
776547670 25363
669925902 67621
128775119 126235
806551584 141659
578651619 167487
938357425 188398
585163930 119122
835498811 44965
830880643 12215
969963593 198024
649524935 160157
127788312 128595
717754773 72205
205887385 97097
552717233 53523
803875221 106546
408748591 157209
220522708 87801
43172671 157123
945008605 192296
303135540 170559
806033097 181799
697097870 109848
446425245 131648
762286304 147269
788827533 180692
755231925 82867
878656878 17584
950738603 102554
748091143 109618
171869176 42397
684629570 55887
268026583 99563
464157541 9776
106699839 179163
145797464 125125
592369657 193270
430465553 15102
375827834 7604
830492748 41708
677831301 138462
950642763 199173
270997302 145143
188016399 40453
771649851 50674
162169626 173323
581583908 59677
447809065 124119
700685070 146032
763735614 175624
846050355 68184
580064895 120623
73799157 48917
501965492 108002
687372076 60629
983000241 7479
977088721 52889
981745852 37141
984727001 191194
668718312 51526
933708084 41811
657198851 126419
322752207 129961
530305277 163560
683625209 117426
170740370 140008
317609920 73873
216207675 128156
18319280 149813
27315525 189109
356962607 60642
380237490 195534
642956982 177649
176318622 4904
688240297 199306
196289220 69317
879706346 21118
595553962 56764
158840837 150635
737359619 166993
567286719 158445
606908895 14231
135047043 95894
94889598 153912
720079560 36141
869175727 63498
814103947 184688
885790845 169544
68075076 3338
322769031 45962
625518089 62203
316829944 166222
678631721 175564
789347775 67824
704412860 18717
791634712 15231
350059421 19679
645591368 167217
266410477 114700
520231204 104567
850494219 26071
781989473 31079
401718102 125265
585812250 135851
794335504 177643
39851042 176454
221103885 17590
942459319 31945
349697393 196358
664210339 41260
364482142 134299
423362511 30821
878175096 176503
893523748 135938
137363765 184889
739061359 72584
624955895 121343
447406619 171696
698302606 181374
529039726 19338
820066867 148727
663853846 131752
970436306 93675
293444045 196841
581260306 2493
537920871 180495
622783379 106612
593487365 37341
213899231 185311
51243228 8391
313615574 107122
552315559 49118
935103241 11663
835005642 193367
606647514 175941
106496051 135512
367667477 121599
424992002 958
842812834 138341
456084797 27166
113735220 163550
263961214 143908
580971273 153272
279086715 81275
953167789 10337
881557581 62151
718864706 2309
882475853 171214
706233323 114146
568431769 107475
127998590 51360
492110594 76252
417078340 150958
139391113 40815
264222374 128395
327346757 50811
858580889 184427
201337026 20828
249549901 146017
712599638 53950
320432080 78300
268133733 32103
899244186 102833
106360369 121058
752845651 88420
698299456 148969
773015379 61032
748898735 195030
65616693 112367
389481075 57190
366648734 20181
481699082 2810
342076559 147706
981975819 1177
303931261 71070
196244588 80461
769003695 174719
580851603 20379
701355690 42103
806704598 158635
62504612 149804
17104930 151624
730032188 160967
571510020 42051
125599458 117165
61425535 90098
669912520 71109
739102600 139410
989259990 104157
460099954 154640
172586772 68567
994585567 136240
399601656 196961
724497389 104529
877545972 26285
833678366 89394
796984722 78118
153060817 143134
5698765 121661
308264901 67608
670669454 129177
264588397 46141
998383495 74699
596202497 173741
17618824 155078
135755056 172665
852723432 30757
293873537 174896
891464684 103792
453959784 17215
246075466 147804
342199784 39130
670502013 57848
847807996 170803
21621982 116380
533363419 36430
974009895 196804
496339668 147936
742778226 122748
349150786 39783
98507434 197787
517871211 82406
589693500 197572
257310695 93805
29813930 23351
415859614 96397
350038720 119470
427612558 172209
211245816 85348
312782855 78181
358121835 33023
835195392 80210
165890291 61011
863536802 148731
63352078 64703
284826510 175953
666271114 88947
566980088 50838
627072347 183685
461077053 156273
381424211 92156
705143100 96658
323956697 147093
21773166 36314
7264275 163343
432056300 87427
696691285 86217
792092406 195727
531417530 122852
790059998 25345
617715791 156013
785976571 7200
278309874 94776
485556212 177270
299136776 5211
73839824 1405
159250361 183349
623753088 28889
405641634 35178
368392687 127975
329429489 38940
413070407 128903
407610023 47451
848795990 28915
658513220 95509
225990303 161008
132249813 13412
123776269 148194
605288760 196936
447977768 143866
198315023 161643
706948024 5836
42575801 137694
713245101 121919
571607629 163820
448508719 173747
614510570 89293
305157847 143836
756844866 1796
933267758 100913
842887146 7838
944538495 130427
12221537 72406
325100402 169959
964494323 155320
615202395 16022
411408045 174339
690206821 98115
265521573 40027
584998147 118348
176050832 179931
631948420 130668
895821786 82448
588899521 6615
123346752 67167
317187191 166942
705341390 129617
10882811 16216
864450702 76445
886515493 77164
601552270 31735
307526203 62482
109401529 154851
737097139 184933
650482790 155812
360907772 74082
881260253 142501
931398932 81575
765380426 16591
978401083 92185
424714805 162062
305800816 31130
609286358 148818
162658558 114472
194375418 137162
43882165 48445
726422063 171695
223379925 40534
875287763 315
34013011 4440
785446838 163800
481601255 166803
645936250 21176
88065575 143557
132480392 193694
43767500 51245
644030225 188548
852390256 152197
607986236 116763
810376761 60984
573361988 74461
624356933 105282
694218790 76554
896033773 165779
508335409 65791
609915575 33522
820135841 100416
357731165 161032
956612885 80440
519982844 112674
671602239 117108
345100089 111098
926211720 72675
225120163 147424
251244888 8831
859526907 179000
561198891 98218
365117035 132908
288924524 4020
544180584 91743
982787560 150484
156919507 166028
645405928 186265
491595495 121408
665580487 148623
240321993 62598
890013911 19653
79297051 110097
485688150 131035
143854010 48445
561883703 164080
891447141 146565
315504116 58989
730784554 77383
146156887 170523
391872503 16840
156974773 25591
988000182 132795
489975942 107033
619798033 28799
69182300 14380
500026122 183082
170114670 90065
244028085 98857
110447242 141533
340098946 141290
18760581 74670
36629847 6087
697470576 44975
249831753 123649
35612411 19792
199961425 53340
932681709 192084
426066141 104669
837009440 169264
954741778 49118
584974991 109222
932183260 147608
753277880 157254
662030640 83572
913401132 37978
671656952 195261
619947714 71634
715642446 169054
870934150 103428
268597845 173746
783764532 57678
955630862 50485
393759463 49693
457757209 73984
16252864 136038
780363180 99276
164000696 70747
468889670 52962
21793277 180494
313701375 126493
642215348 90518
541587441 9691
464497122 152444
826602716 107129
632554347 66943
116799293 156866
364677660 21132
144990568 123617
69819636 91314
725217696 166987
84382183 185871
594234242 152533
451403075 58439
928043130 105841
121486441 130809
534082926 20612
656809106 72617
325448058 199796
682274550 186592
516832586 62531
733524055 150376
939318643 194856
263155896 37845
305806648 70215
525137652 158584
623840149 152131
404269243 80639
221443378 179768
433119530 13115
823785761 82829
556537616 5054
504131121 95372
212450339 58414
176460136 165540
876041416 20933
728044090 167773
7174244 99052
117916696 172397
67489841 180352
199352709 22073
581108500 135524
969501989 171710
521198223 177890
415162330 150953
520032159 141089
917778337 193491
800873712 129868
922850917 148448
701121308 114197
936797892 178370
875826135 18405
253427783 197103
108394647 49663
192508220 125399
252444599 44090
314627369 11309
805691378 83351
351531052 86063
471751353 171046
831470550 9216
347681911 36950
381148764 117762
631176546 66183
359245449 47088
839555356 85380
643008019 89818
583115393 34290
214924440 30044
159866631 91742
764391974 103001
308570076 57199
263187711 161559
953902364 63094
731301090 116253
417332846 176438
160533852 25523
270112157 105741
168167566 24684
627266990 115016
998409422 74935
802643562 21012
712638051 133617
178498614 192067
592253732 76665
384472227 48548
791792260 193193
948107773 127059
264679177 28449
3234466 14735
476229699 10768
644280627 169222
136686581 12058
315141744 161937
22145459 191022
800981886 198093
268277955 57249
907032207 34851
521282068 67996
675940164 38569
400868349 197690
427155344 20535
926959863 50643
159673918 42355
913214821 88749
146227064 4451
965315665 78849
115487696 72389
2318113 42031
704791785 142435
339536041 18497
984382193 127068
822694471 766
356202399 81825
20404425 134621
789100200 27981
45679573 78421
542253791 95776
805862721 190856
256529385 90795
456429637 199160
430783577 8425
903468424 19699
715798374 149323
762857062 93017
626478302 62154
216816169 179093
787574777 54308
365435195 11277
365514488 97400
332056639 57548
80433377 79031
409197000 153476
34809 52016
999695948 74476
321403442 25599
64120467 78389
802439744 148568
680481518 183512
650855231 109002
898550483 184261
586086356 163836
297123130 113588
166666211 17781
609584088 132550
971077481 83187
357577516 100858
610946960 74373
701110354 165800
475341907 59902
919299406 162263
896569890 96507
601663098 153711
502988450 67112
105208698 112065
466008059 129445
482721476 132876
763180224 166109
301260676 32242
145314251 132331
166741987 167097
831941527 101112
988221497 66792
880009684 27504
107773408 181107
685867987 133113
797844723 38743
338321312 153351
885993348 141300
659036772 5737
204667032 152148
668999678 28296
267575077 45232
453366702 30782
707330508 101035
246962108 57787
921585918 150791
771670781 172900
997084044 115209
429228846 33637
153569835 171175
852107897 179889
426429111 121485
543001115 31521
960013272 65998
600984781 129371
886843791 39055
694166388 175506
18982356 72115
557896166 123135
941503331 91537
562754708 4723
778731868 45472
756783761 164979
317865664 1956
361528018 138336
680406482 162657
429890290 83655
503370223 26958
101378716 44927
136115716 32323
743638485 6187
999926590 108562
633515675 120850
127308602 141999
716188351 44734
80176291 40452
756808724 105493
856084094 90599
238899964 188186
299702439 121986
254223547 77634
25067623 119262
287266160 175515
53004309 62805
809347506 7941
692681190 27407
385196052 37782
523192774 40655
465265495 123343
536017888 38445
219272727 46864
849948025 25957
187961790 152633
643260598 162162
868073271 22206
675647480 9057
227043209 5885
748866254 179680
770298495 111165
229681585 94140
90279397 73295
239773252 99172
892246439 33953
747985109 148485
919009494 161282
151061081 80850
574642941 2370
505555128 177932
574035153 178328
85810146 25950
587618519 107736
53672919 12602
126984800 36053
203358162 124541
419065725 39323
367895513 22950
330725055 65421
438746596 45263
518540505 115248
581337711 23520
539615916 59230
155334668 116397
673174151 68642
313995437 92601
939917674 91652
564487523 1057
730987857 139399
776093496 16401
374496611 73887
146926000 195944
534713013 90022
182627923 172867
421395160 7216
733029882 30998
458534263 175695
424503365 110817
532338267 47916
88936523 182639
588759717 152017
538073253 163892
944660064 115713
111031247 68518
715162646 88520
953372134 96580
627381885 16926
753546087 123893
685060909 11785
722558929 558
307010943 42509
496686189 149926
923673564 73366
529066112 55082
695692415 112468
493752334 79449
757766440 147635
786898212 187168
974493003 35890
741985522 177335
840388998 86133
381028472 124642
902445518 136342
302968944 121228
61783905 94591
492230272 76666
711426735 104403
431674898 31631
378996174 111648
145974266 53166
40711948 173382
319512343 20521
534852177 196987
108055723 27059
519205063 162039
329483053 61731
464450527 37682
14636853 48381
481677804 37704
139397630 63820
667699271 138750
999089152 148676
195021265 125018
770604346 12537
863851589 133793
439141451 24948
272863141 106290
885983304 141247
529219906 122189
451155808 149408
105584554 19202
837562359 101133
338848229 13722
310303344 121334
453992877 3058
772141894 27540
733772315 117591
531153703 185613
372337093 139548
412773773 43369
996609642 121346
575199585 116249
658109358 173883
767642289 169470
768548186 52183
833344158 118290
211625492 56630
969452757 119791
15191442 2098
382445161 128333
969665936 183429
759303644 55386
890763078 110737
551393505 162853
125466541 42555
441494691 9389
787120697 102838
614140957 10159
855089950 66029
690467624 91147
244645195 180825
626970299 23860
351137875 8675
738021991 33601
682260983 59995
663851451 43822
338035834 10035
309582280 68674
691033061 71915
536450984 192210
421669196 106858
214646435 169996
437258987 1849
382027536 5043
617498939 138596
76411411 3185
273534196 119894
931409822 14135
103547036 146906
762604554 189105
954558527 32314
392686031 119051
60913196 102538
787139173 170689
526815037 126615
85382327 9198
472125255 18267
156046341 189556
371533194 139915
812980445 29912
883110306 166175
325527842 168899
960285026 52230
416511435 106356
585240377 48566
873687295 146536
75231479 78792
818730490 81211
564298872 152234
747280129 89430
539002042 71046
22409552 162761
741924030 137465
349043319 128673
486301371 20743
758424549 94742
225684603 14921
798707618 16485
787593517 26733
8937071 94635
68287058 39063
668494568 170799
761099516 159084
527876899 45971
645326786 126579
839253105 23325
984060516 162495
260817178 53528
259159848 44515
20619895 70420
466157011 23741
880834850 49500
379911076 142130
902133650 92071
742326366 29160
409325056 164837
586191613 145504
694138660 99235
82282503 28350
789646219 148031
749048603 98267
310390445 64844
826248051 31254
309890175 132535
516485085 58039
423888681 116192
45478577 29395
532961127 178323
527044458 144624
447520274 61242
853440829 157814
627257674 23942
904603293 26405
630735955 3577
6451768 4848
850529359 132147
381830025 143358
873942716 96365
11355537 147815
326361334 128013
941915311 83183
113636361 77804
569636051 81463
911647550 161647
9068731 166593
881431892 197989
787181922 66319
137477443 86166
339155600 127073
819600328 131051
995363365 32922
442379468 187714
212028933 116778
958415602 188830
571543078 173871
597261268 184810
693029366 159659
202267135 57082
663383198 169336
299334270 134166
518125413 94542
295677511 185061
433179393 106462
871170473 57429
116385204 34892
271851229 110375
121256792 10498
489569109 198258
521347507 140025
313902653 71967
845625667 31965
78257964 162006
129118486 147098
970226249 93385
270103289 57790
496892441 44490
482647388 87016
184825866 118695
188953608 64739
989707151 122030
10964018 101839
462317201 174397
403892107 23991
329127566 74267
283119827 178887
675837095 170855
621088295 12442
109754309 190590
496907409 96496
638978065 90020
508818139 22348
125324246 138373
626848956 124063
653173536 129493
370421695 31037
68904052 62853
785358092 5611
153037202 169366
476929815 13113
582024541 7571
384966828 198642
240086456 104672
643868451 187422
437732572 65736
53897176 83852
7060209 34504
620438378 166512
350102287 199851
730492680 97366
387541820 61930
105103241 47809
355295447 8433
984432566 171553
152843699 81774
694502029 113398
57298375 25598
548980958 105188
590611835 171755
693486752 48514
162787628 43739
788442153 191654
991315922 152160
294856636 153127
168467494 157054
789069345 127621
918428841 152990
135730318 100124
897559790 7312
232924481 158765
168245353 81039
657488459 112633
6178028 116528
726862492 37662
66502445 123157
594147266 20241
434261286 125339
113143545 29758
583963549 180885
75294957 158010
485184260 55244
494168325 28741
902348080 16961
196558783 196011
637693780 34143
25288087 91295
187216566 52261
337662771 105349
711945043 65346
590945569 47441
231476589 63868
369346503 41327
575452693 129573
55098000 110526
138441542 71066
420504356 163505
127809213 30805
410507396 389
586391354 43195
798165856 45688
263597939 149088
727622494 144279
465955736 83635
859228153 192617
776537243 81934
766249636 23794
572865925 127857
404483704 177009
488854201 161836
920883116 139245
490370117 8158
3646202 130486
357622267 79135
309564849 159525
499687585 5926
345401707 92926
438370589 74690
549111394 144197
971137811 2827
433301962 65986
501112809 2783
21990873 91515
470519915 174823
399438198 153336
474838153 66837
277618082 86704
833289156 185499
194627107 91413
789563554 91285
468209857 40394
899609563 354
726914684 145286
867462263 70255
232588309 198239
802558834 131036
44432010 71571
210634868 199771
309072172 86643
380680006 55006
54009753 58400
189417502 170671
948460889 174629
259377858 95192
84759137 14261
623816579 101163
513986118 88651
872441657 51713
994079555 37259
247385505 4135
701718716 153138
487720924 151609
238573659 64949
147956018 54453
116381757 51749
401584884 195664
827237636 3377
878312287 190596
628383688 143393
113915869 174200
940775741 70442
132590001 43222
257673053 21508
172264647 87458
530304325 24124
165747299 106944
186085850 130471
332525321 108032
83035938 91733
599590324 39179
385791115 90416
964220517 105595
140759128 132556
478558268 96754
786206797 161522
894036901 63278
558025005 90528
661621792 62165
526122988 6287
217831065 133646
618364038 24233
69525465 185874
383626725 144455
224320221 142951
316419067 66253
791349365 36828
685420143 170308
704564932 102841
45385482 121486
792257925 80117
653043260 64300
58004516 119278
888612981 146785
599127960 130704
486744571 199211
965005975 90159
844738478 165825
584180247 180229
414122518 170233
277034609 47176
692144197 144336
660462714 177967
857946847 168461
612912771 44740
421717978 77286
100529748 34450
993632051 15538
95039885 194280
898472651 118540
105002477 136218
340381676 73555
192041576 40849
278232111 81797
404603715 186407
303139872 147341
892837774 34613
32540434 150023
763759014 16494
801883857 22029
815133475 31602
898255421 197784
166631818 72116
502043466 116137
609269106 57075
989577339 178590
563823805 93115
58571826 163639
284760214 195219
293428103 68887
791848135 187732
609410888 78193
105215689 152864
500944567 186768
79320799 172432
246320032 104883
797295282 196977
258831863 102793
687314233 126984
56385117 9441
516362588 155163
490597387 12827
477449379 90341
367392021 24850
908674747 8502
603066655 146327
561036595 77585
289976334 172403
90873839 192198
69645024 177518
889692736 36620
445784965 165806
780448169 194075
541778192 45685
638949003 193758
752025720 8729
58797863 21825
906158458 71649
523371228 119109
975705344 32911
443059760 27367
815030560 30697
789104841 160078
661111084 86435
447640555 78886
368511487 121309
702620423 63567
680575026 184992
666927801 126069
808264639 136304
259693077 30514
422156887 167325
228942849 151492
390230328 13436
436588745 2026
803055170 64833
927231446 53721
236742264 79061
504268226 195879
267507793 41797
474923651 33903
319502161 122727
222930426 163320
796866605 179552
25350331 150807
565632487 53592
138803545 95976
178423709 143616
470825615 46893
892375245 69841
997173500 20501
13236011 174691
613782729 31704
635916498 94816
314708930 175340
963561139 48220
346258287 145053
110885411 102647
132979121 176672
460873887 192442
312471154 199239
274263425 131203
531014241 12530
716056812 132399
480836201 169619
130235092 78529
614789101 116926
205948107 66904
795815918 101743
663655951 71492
384249402 27406
818624395 75369
346221471 97445
544466261 87066
349207194 115441
150852535 185079
858929342 26462
187208772 117657
539481497 24989
873433945 95199
768213510 28077
100769122 153550
358292272 131125
842963452 42932
724745222 184097
843985825 80855
183535494 124065
216150793 101162
557803103 40343
578861857 69677
924478861 52630
142359090 177038
263328716 146782
787851971 141709
900037842 132845
650282006 51774
278549938 68694
311415528 35215
961807492 152453
496262556 196220
688011892 50506
398260428 101910
546448135 8599
334206447 92657
285327033 170176
56609800 36602
309531624 73207
259275702 177656
951457415 172058
486030834 9575
643667284 194257
72963704 31023
473757404 197386
566413701 159947
516289361 21959
315637681 34045
82282968 105096
485476354 189660
915849445 128496
244106780 8828
376972611 2411
948722654 34466
604416796 143431
252697305 135273
550658197 1499
934032740 59865
810290998 30763
584921577 87801
366388058 191821
87723030 97806
82348048 89498
53411780 169883
811986190 199498
617499045 159673
735175028 70526
585855490 78623
272891516 187632
85225062 92223
733184661 30451
579437792 4188
454514925 41003
270722948 11096
22401781 75304
539135875 111896
563999080 4504
504863068 118434
54378868 107298
220446927 153162
977537121 84393
931258742 150700
966664361 55123
853088343 113325
628102093 153967
795945587 89290
998872463 57663
891028629 73105
451081622 175550
92696613 61329
708290789 111178
174788424 188261
44068415 53063
120006672 120291
519605032 123137
945334623 8534
568352958 41127
357967080 112203
668344850 26334
696827897 57061
353469750 183522
482134857 132084
675134920 171596
389855445 142223
247554465 157231
33590369 79863
777987170 27260
579471655 181396
884644393 60414
640769384 162027
201326257 187049
285007670 124638
268041584 53293
457052957 92863
295605371 132763
598056620 133995
657193306 28801
122699056 170202
401738020 917
384146038 174890
253089460 118691
365210448 197803
595441332 23187
836120288 24774
937859357 7322
482234155 50551
769516966 179827
446909931 112059
533199277 18054
785905922 30453
993491644 24733
934651050 149962
631696896 143383
476733579 182429
86430814 178694
832582447 127834
279778015 90742
478820251 63549
116690738 129556
219351762 26293
618812456 28998
911528839 184829
618468718 101256
652693914 48320
575511968 188802
598657087 66032
325085077 160333
135275365 162538
717156371 119054
838564469 3654
93189312 175234
670545108 172770
644680821 55170
554375198 173927
918337340 196714
593147223 35691
58608320 68866
192371263 122016
810239374 53907
634054564 79515
730523744 47500
32461417 127414
595687505 42521
998939466 176221
895310303 63258
279289203 73329
481912852 96449
124045235 64170
432790351 19162
891924506 105247
431987547 57907
922597870 172159
512273071 173941
707809112 44835
83913065 39454
695441344 59454
194959797 63160
702508548 126772
888162100 185037
437640568 69933
567956660 195917
453360022 88912
502457404 168390
217773810 36092
306415818 143156
373157464 65211
278587154 31579
614907565 70032
667082438 37975
653179974 124126
178642065 119868
9328525 102513
254479240 84669
757571033 109623
721202484 129163
956193492 90646
972794286 155264
366697249 43880
382285576 37783
263242387 73599
363787315 154421
799244423 5187
598922949 887
527049577 109611
40405989 70580
253577588 22776
848443052 92271
49721843 110742
45659960 190379
961196992 148513
548068313 1182
563051571 42295
646152577 62022
845071003 139712
269938077 80666
822554622 112033
690451793 40838
704011501 153542
688292525 6781
34312227 32878
226539097 55498
842738006 13822
501016626 142886
223301411 10486
15713189 18365
199408863 155437
304949817 42066
585059365 141895
153817137 53982
859202908 171369
221618415 109696
552530093 32651
408851674 151929
30364566 156085
893633398 193997
409548809 43346
554261712 147668
783977466 166156
309331682 101632
913650092 131657
483800720 95657
696931750 197286
996988507 152417
181472361 197908
806630094 154954
24970336 70025
232977148 113263
787620105 139079
49659202 153843
211294521 159788
420483979 106053
929399612 156590
170888798 153203
473891608 189016
222094325 15295
550059148 88257
950682323 159010
161970461 175388
461429955 149267
360255654 89797
772829344 141996
930881215 61327
3189811 57832
385173130 163939
311072496 99154
649818402 17009
835223567 181608
658916891 166830
859047787 198716
368096201 130321
778892943 66841
147015659 94203
493787797 177813
448032222 55478
396396564 195276
816593656 150367
328003586 178379
629368026 156216
669156835 64011
116584180 95507
423719640 103171
357453941 18494
802015158 102266
559355885 8351
315379231 85998
997259775 42533
891104406 173546
973519398 92087
842888757 40533
20627597 5665
886842733 37705
132627003 188130
155681397 193409
801032334 86429
210074516 166323
158105642 4287
566030432 36172
740222853 47341
919600404 53882
871554615 178402
788948176 63213
353851106 163290
726300344 95771
822061311 30577
701079100 152728
513999975 170554
898861873 193916
312996462 130936
660917895 118673
742778890 30442
903047942 191511
649881585 146528
952326140 173106
161216886 133521
860774740 50637
321021224 153407
508351606 1391
889554603 176324
139759208 169230
799844146 71783
765655260 98080
256740049 171543
22483627 75202
204243158 61632
57762303 106092
339663219 194133
856996686 95
475066620 105574
215263653 35858
460304889 170768
705553275 54381
336201302 54052
980464110 186362
671837952 136717
397345162 149733
159149307 138195
385654829 194618
834772784 88911
376552814 131183
852953988 95586
922817154 143960
2760984 176219
812205767 139176
4225892 84241
103998411 120206
734166045 183858
792801213 165772
17056296 63241
4998696 80173
523890190 186624
123355424 175734
224944890 186689
790043095 105071
180618814 38490
511946372 22092
204332182 26007
452727827 108684
595266525 105214
283652034 24884
766963526 74004
51616777 3272
85151835 44255
385465002 70570
871713373 20992
659514961 106089
368742526 81305
894116323 182724
393487554 131914
470778690 41460
302694085 30691
252849903 169266
766468614 108607
992616099 33051
255002057 52249
563021252 45008
4167752 118770
388209548 8230
116309749 20633
745960508 34841
531273869 10132
255084494 27275
188231472 9524
458207321 187518
256793906 26943
421706777 56396
264163243 92011
672265848 120414
644706375 93427
994860571 9621
144592253 145901
587155555 162770
231407829 104530
154475959 2063
340417849 81466
279283811 113352
76746571 107896
359047516 178915
262236565 113764
65568508 15330
411598573 151160
950190815 35400
289418124 167671
930628380 115436
192098384 98207
279728411 4364
920684856 29095
677840239 55887
217637709 96009
313100786 72603
548877119 75196
358869421 23175
298549539 121726
5046442 74980
649011930 94829
107478173 195752
306843558 152927
815523098 131699
475490433 126030
670643251 11306
327824840 84477
715275056 89034
418145863 187586
266311695 78812
621464355 198089
569756705 7844
733454750 20848
867265724 54362
260163529 187834
645226521 46707
65157262 107986
32190202 24810
510146569 127902
483130343 163749
389174910 195549
33151794 187120
67479031 177605
374467364 86959
720524282 66925
843345351 100822
240276969 100273
70605614 146848
566195504 34045
66745349 163552
884422831 182403
310865640 34240
226925323 121989
948151360 66732
202931100 78894
563032698 195572
521255858 21895
801484463 122544
569230471 158537
328794738 16263
29248441 164594
201192591 134176
747457180 192485
205045101 89517
318430071 96493
113450783 159162
338964920 142013
477784107 71395
938155660 79708
497001011 168673
913462598 158801
339903332 120976
792528723 176399
77032748 133736
816804959 153123
215261653 124648
307237547 179766
711903568 137499
979023119 84692
758334408 157462
614375057 192775
935382017 75523
365062217 90768
46475789 131854
279821919 3270
911578967 136851
297350007 84753
939278255 52021
278139472 38171
354966679 53473
798165984 170371
791890431 75668
769138452 163544
184669485 21759
580351906 119476
988418542 24780
573073623 74855
103566324 30738
977679050 196756
276384479 106854
495765629 153393
288448619 25424
819903912 179860
775211342 88127
575383623 166036
830567084 157300
639309764 53397
12828052 153221
372169472 188098
6703123 3866
82030018 177795
73932522 49506
742423025 158339
254256820 40649
849595073 72614
839374317 151489
661824515 97777
640815205 186307
536273129 187740
394026306 110201
790917951 170032
322433419 196137
715022303 70601
835019814 35123
482475208 79517
613510573 18153
44254692 46639
883433361 175371
214813418 161759
295466610 54559
112752494 184198
746820925 137717
254618302 191576
12506991 152641
361235324 80761
355490321 150980
271419551 288
456590782 58745
194885203 172038
361213071 156070
774412767 6157
317075204 45363
138192325 42923
807448277 150469
524732053 179226
235171470 143150
893467931 142227
987471901 56827
493488394 143637
40136521 41510
181318629 197373
934453230 176892
968576089 87271
571019697 149360
876663457 95931
237375969 132758
729907954 43085
844547238 116932
728609825 150086
997657148 164214
605672905 27045
692306267 151760
348673953 191843
978916972 119419
87990763 113457
962416408 65899
982089259 142299
556063250 108575
747214866 58095
872885915 98812
813407985 154761
928458365 77563
846384575 2774
236368838 43029
833369403 53331
677049761 27340
960984647 153592
493507064 192989
278920410 113154
452608835 81082
918082868 111793
589382619 33617
840201225 76992
727387798 156214
314474686 36704
224024948 56626
784519450 114582
685987750 48977
73241441 147691
571527593 28806
156164537 83466
676072525 16709
421443140 130486
66024307 60998
716081511 27074
110697315 174259
654006220 186360
674483977 154026
895231961 140493
596219504 117238
205030028 185223
56720808 123986
481073502 30215
183321935 127051
336379886 14279
649332989 188126
214627157 172996
549855798 185629
767729847 32146
878338287 125394
147689673 148293
972908717 112803
303961482 68227
321544731 147260
192696016 190639
845214353 113377
663423651 65709
766541183 5490
62405860 154430
179890798 72525
318335765 178523
884064333 8588
328364829 114315
75598774 187237
536080733 48122
700239566 90636
3980993 184371
697677689 143460
292101140 26630
442971750 192627
659749623 165092
72894012 64427
829680506 154547
21788077 60624
795574557 56680
201356217 15885
501614120 37741
737197330 17897
619707509 128816
579083667 76700
638023792 110546
455460982 115442
107011011 197714
823593729 34324
367178833 99040
309779414 106255
543100307 110665
683977312 23957
188666457 113395
554657177 158934
459842228 152436
853596595 127542
402705879 86273
929640748 129103
44250090 14012
577604374 44271
70741182 45217
211109470 53090
157566380 128389
763864947 112037
952606485 23011
806489673 26581
589537642 197406
124554043 79990
294134643 120698
245807779 53480
894168623 31728
178868581 185940
629734143 41797
320072928 192229
729848579 179050
694503900 190838
121316069 39003
238484658 145179
137024293 170331
88786522 93920
439347238 185711
72893880 132504
694001930 57309
867903795 197221
364951628 115111
470949432 154076
622658054 126161
796719684 26659
248510855 3386
33966178 139101
126279690 185844
591723182 75683
39548956 75513
59961313 23950
714601530 5416
718084024 77526
446678682 1807
154488291 96496
79163457 163476
235565574 130966
339408859 82374
155222163 164630
897129690 148961
38012763 3695
627451666 54221
810051286 56384
164923908 112318
488519516 27674
562033099 11741
931166501 19303
136541563 149338
530217943 150774
353347903 55781
45070621 143738
374115101 21892
620912656 161241
849598688 194869
132793699 79777
801530298 32354
85829630 133593
517871169 60201
44227423 153700
884836778 108520
189753520 39263
886871032 29164
956974615 30028
986207769 98673
931411074 34965
646749656 40461
862940663 184284
167092126 23607
169811129 88429
153048397 153559
319401730 90285
229381219 151861
66882082 74085
601927539 71403
351160048 172090
352957045 106424
9904554 61024
578353492 137974
666775229 183168
726482274 59571
914636496 182082
477894147 96967
449208569 55192
928864676 65666
560069874 21179
847267916 182636
652031368 91460
686567359 65469
334481778 198638
427008547 174898
866589951 125529
690009153 131993
143719672 193093
161386109 29121
328860181 162853
64058390 158793
217286455 63702
841163568 5808
542765569 114699
264456972 192557
297926631 109358
265503892 156151
621827791 39730
236902038 58564
407440879 147521
935759113 103396
715192107 59047
772112189 4399
66529813 139674
699793801 107097
725759719 159771
519631362 122514
419698400 61983
583058023 137082
299354466 152212
484199874 70672
316437571 6954
338378695 88477
741599154 102263
204813822 54281
264501280 67262
632016903 167630
61913510 106498
280743140 5814
976460321 115977
2391745 149381
946917786 163511
727925022 73137
659297740 153406
800296988 134671
108377226 131749
272527929 108680
621589682 138630
810836004 91335
632414891 67034
685522944 108261
242263482 502
766689231 56894
128413148 116783
282405692 194026
851101292 100887
63478336 111451
43138887 94768
929681417 74024
121291065 169350
370841438 127514
108838559 152911
781799149 159983
347668070 61360
811664854 58398
12188927 8747
834605956 22448
593006402 173062
21130407 74736
51566348 101000
172475548 129600
634063292 77386
384613680 131226
185276400 34701
778381187 167228
217483279 197863
425562434 87510
171042571 21046
74794029 140522
797907428 173710
54706993 185926
768413664 70113
129069091 4023
595602428 104272
855354958 186610
641738810 2945
158892567 140213
103284453 121840
488454958 35495
42897488 27230
832240189 75391
209274548 141592
226345687 130671
475289932 157189
591854604 42335
651642296 144445
369418139 149784
328312545 145029
877654218 22206
634317729 120936
159168773 38441
127169028 131709
187279462 158367
26488685 110889
39224168 97861
568485207 165058
233115931 148493
291674976 10301
4936915 164787
530601065 134758
96222512 182288
391006501 170475
30209650 66376
711159853 11519
832472248 63323
842975327 178113
93539683 28309
988675966 47640
782541032 20850
432692024 64643
208802103 171587
239874471 51708
20319160 131986
684243662 30321
52346453 113415
444087027 49965
279969585 161263
797042813 195656
727505586 27542
972048418 92360
681593918 106300
316891599 103031
340131190 127066
392235871 118647
181751905 46595
364491921 31744
967419988 54592
106921238 193310
583018220 147459
305395751 188823
473734109 72917
914817364 196118
516513836 8821
691117265 58829
3274292 141023
365317770 98435
905816331 99308
546959415 146553
142827649 56548
438395928 6339
492264184 22132
650029917 71575
400367306 161695
997806832 21161
976211701 132414
847586848 150466
987168639 99095
641216584 1664
715843874 166638
722800379 148249
614557365 78866
962745418 49916
60572517 74950
805088788 73059
399664998 185516
745599222 135215
694235042 66022
666423005 118280
498361817 93089
928182234 67945
375374216 703
295977044 30558
693788861 175441
159876506 81436
66925870 74961
451195343 192799
512325612 145577
412071703 60989
348206130 11189
854148549 68768
331089976 140451
719412761 72392
547644007 144466
687186607 168840
905160877 76125
717490758 198568
190394220 142444
630390526 155452
830689790 100951
685134988 175452
847206685 109871
549704380 162748
309835482 149842
290331413 64875
936072323 184149
924684837 10152
942641429 199295
901768758 102626
155045652 158242
179446934 196035
563375314 165834
864214634 57898
738476929 34188
190824176 142414
15158046 69220
222065114 21166
303620910 120905
790086347 173170
173177578 53014
384918220 141598
283416096 28645
322117421 140150
714545103 65942
469921679 9941
422756579 94272
821157988 41923
985297290 53553
78453113 149776
812468746 128354
164220015 188574
812404474 120202
736836945 184112
834151475 149914
97898773 23479
520774514 34540
826131339 15000
289190776 101264
112370012 84998
452209785 156886
49350454 55896
901926140 19452
58416546 115146
754962137 37122
255841139 177875
960132051 42942
460195062 106905
938923653 132895
554360423 168065
902354101 102632
565755237 132675
314327104 162145
52343469 112899
285413619 25096
141678454 161798
821400950 128420
814443430 116846
565314954 123110
711746226 99266
671691844 155303
449343427 48462
110873070 31426
252164399 169591
921409634 136115
468327854 89889
864511197 171059
529449564 45229
280818487 115718
832476249 15603
577628404 195455
127491322 127422
694539171 114174
933422405 177775
628491565 9319
429063337 142328
753480010 181885
660460214 65838
555741411 60854
438283565 113385
510665405 17431
791358272 196577
344816012 125925
860010403 1638
198359922 79445
312069004 169631
348112704 129818
241627933 198406
768101954 44035
430700653 186845
250878624 73446
882202452 121038
152651645 576
11053191 87194
411520746 186639
351890339 72282
158423988 182071
885331379 117795
954920936 21570
854991392 98997
961371508 176576
424619154 197240
422187198 197055
375856958 2995
384017683 92193
860504772 60786
900484073 47195
176374346 1208
189888147 103060
833284741 69940
462730 190539
882078667 198793
325059978 172971
382340575 121973
892234188 22074
681980422 179389
213147108 47550
646089347 15364
126874338 110504
300627282 62533
254952942 43575
890303131 185139
42286598 57420
568144691 47842
566055264 144063
352196804 22596
429274180 137332
904226661 140165
918006663 65680
422615009 162623
454539583 70456
441513360 24243
775590053 90482
708389296 127693
547342733 163910
394720881 100826
201265744 30142
3468682 136256
733547271 13494
731419932 193283
992904566 148428
582318101 166718
156023412 190738
356112766 198189
353002041 54513
438554787 129569
138442881 141514
867786899 16386
513362339 141113
780885532 173936
132974025 150825
535400213 45502
708572396 46576
310526367 172553
993636884 8340
475760478 48345
263101117 2197
223266550 42029
414983153 182646
402243752 67653
409374150 124814
437199038 74157
539550995 58505
662054949 196785
445511602 39927
410956445 131738
980030503 125387
318455382 61866
957445700 197619
527462875 63651
579314503 102992
719359196 162321
58171335 58554
462924739 138306
313985004 36715
405971972 35354
645428447 15949
238704898 91207
394166717 34638
141718282 110699
638645736 46928
545547042 50037
216203854 117753
556911995 131345
570023167 189349
16196636 77146
234016814 26613
442553757 191498
868023835 38138
293164758 177292
278459791 4610
268280099 38000
999014482 135210
824322053 93771
243201916 63072
166091252 161659
800505184 68048
355661374 61701
683053675 22921
430518050 133017
30549621 177010
460574899 100623
977070412 73960
661291080 124689
37044065 142579
282715912 178519
218550689 68390
414119751 54640
285799212 187129
93208905 135561
121568340 191271
445127931 174591
167786939 181081
107606036 173104
55704570 113682
365420787 101013
949833360 74254
809609220 79324
612624539 5145
838299526 48622
320135249 133432
214041479 131879
382313304 74239
108638965 62360
863429052 163740
638364603 148665
116640681 172259
535467307 77703
517263396 144883
317933836 92795
671975260 85635
257527255 36725
138339129 107197
964895049 134476
910757160 82755
35184885 119756
230441222 99457
165097300 30067
855319813 168029
395502930 68439
57853322 11562
581773435 189119
921774284 79173
403131442 8803
408712248 102121
762766461 35077
134525629 35584
712043774 78511
310999172 81166
757629866 72235
840280983 147201
355412057 194081
792411825 83817
772320839 23706
348634678 137246
905659955 120117
67515191 101944
76156558 24550
484789876 190614
722997621 162862
891325071 57819
16534330 41750
589507175 417
610736694 12841
989021845 89194
880204501 68734
788684439 143425
920354840 53460
442436033 118923
353007769 44458
469497146 27747
379516038 82383
522391190 145315
189194560 30388
342445537 179239
817219459 19181
86808636 164590
547715433 174529
403870273 78139
779840019 72308
212484258 96904
240756920 115379
909653174 103472
261946640 136387
19592610 84572
62605817 39385
118057635 44819
177975126 182931
467458215 148656
854715112 85988
864490516 162448
267157255 87429
439427735 198591
893106987 139150
539812316 8040
670324188 72214
773327463 168843
747119491 41060
827583353 72734
685052972 58067
205757669 68059
978466417 166483
45794521 49375
133578600 127889
748179272 155227
945942324 84668
81062299 13566
310383237 75796
451882036 114490
320479504 99515
269819292 40889
808138865 112909
611521555 99992
310365798 126588
490645867 155096
684422518 86688
771416485 79223
396785658 14338
685020337 147497
184576057 170657
201849344 120102
939233932 39391
845685793 161934
819380558 136198
327182673 194045
830270401 49312
773683804 71997
590268324 100096
942237338 167913
684892073 140240
820454332 177703
553611649 70860
193468858 113450
918389404 83417
840693638 96855
96431499 133388
937948661 92399
502160810 141272
229280332 82160
288193717 164403
71960642 31949
31030228 171823
670852414 109584
702152364 182225
775117761 74593
381457341 144390
532882983 145439
308137257 178465
764989062 182686
591829061 53095
443160268 82271
276119282 64716
570563419 101727
341608419 175860
432948781 11698
501669920 72351
591512876 116385
815714202 179927
976595074 69251
308219309 169458
801044639 113214
554611109 58618
63717603 104113
806318267 198121
25964479 159892
405074977 14963
77776706 19847
273009529 186168
356229146 72473
332893079 121539
457581337 155365
398046361 71066
156359506 119476
683881133 28358
758254027 87334
116662365 48335
630453204 75296
234119952 31802
366439550 13760
841930792 184327
979332843 28199
112132907 173220
626303938 85012
620404292 185718
616144036 83801
21703154 154004
306342060 51949
293291440 108922
767811370 121266
204563201 20821
433824559 113847
246667318 77190
377427561 84026
834658549 162554
524678850 50463
311460723 150753
979661527 56918
781336416 78396
269878680 23891
208505974 15305
588970342 6634
13327045 47344
893331434 1838
197775753 102379
603497569 22575
341340878 39088
609540014 38369
242586501 141130
166562247 143647
6371761 88401
254891678 36452
81531984 174029
642026786 10057
843861024 85818
928893953 70054
525206367 69824
135776157 161180
743723940 14864
526734076 163131
177638804 77315
963182608 30641
161139791 16675
433319062 33606
679876254 53627
383576237 81722
455185226 55039
165006743 60049
301645212 115274
530909091 110584
966593065 28332
77273488 73290
402277377 80698
236452377 67707
920502615 52428
432712239 4989
756712472 118658
173295924 73779
888308578 110595
25108335 91802
985379628 57937
904579727 121378
443319186 29561
633362389 2837
240488779 44829
835775660 180943
504455213 47092
150015924 21700
478418624 72898
242849661 22868
429265441 35538
27623440 34163
880528585 172750
198118847 163189
24756977 34616
337667203 95310
634524043 52812
339543291 75298
779037214 13217
937678997 42202
221413374 174757
476133899 26017
315904103 110233
610237609 170051
367271109 98441
773319372 161501
6871472 15362
298342508 85071
185722997 148638
63251900 22414
840292553 17399
135653100 112280
863088762 63025
777310416 159306
51170086 367
426697374 160769
97197469 2897
647914296 143296
242322995 170516
814684033 48664
167354779 27678
376251950 142704
709456152 22795
186623682 173421
203931135 150098
227353229 186574
140444520 79490
205143591 148635
440829062 10803
288467217 109093
649438668 103607
193770721 162463
612291391 137362
813572591 168056
287990919 50584
379341464 66059
739711604 104866
968415201 198460
112988055 20287
97991899 9719
475750084 142959
618135435 176145
507772459 109881
261875062 54044
480435110 127827
255675696 92619
86980230 66825
526538563 148953
566791974 143491
994938914 154006
933257030 35363
716417815 64177
371388227 42421
131239482 187105
463586788 106786
914600226 73059
643296080 19078
438627487 195544
37280497 158301
276514013 141968
438040016 89387
348010810 190364
506401754 122769
387912118 78551
805789561 147121
193025834 188244
824512068 1118
202716840 112631
649933559 105500
979817759 3242
668396338 66520
900169512 171338
711966327 179259
279916689 155574
307581782 110198
602438958 60391
681420100 127515
142563113 147621
827531878 162520
553560320 127448
985868582 7180
463188068 91592
819043718 128822
595993764 134438
300603917 54119
982533259 117704
674436567 106602
287828481 1764
20079446 59907
279697408 36770
135366985 19270
590405280 125361
364909654 34551
468909816 83347
810676457 13289
936434703 175862
374981867 195489
369790630 150863
716473101 115915
126371355 123992
854881451 2082
412676083 33795
104495192 58236
702186806 8412
491479717 7464
431521369 175857
579796890 159136
918449718 46782
832814055 191751
586422050 176668
344757249 91647
235322257 29111
585277342 161631
956247953 2790
795448832 164339
404171760 45027
776113329 149333
935606392 2598
843428154 71498
89648988 43708
630237083 87397
345993656 79230
976527444 8696
469288532 69710
651443209 113714
963614964 4170
740000103 49442
291162999 126995
131031188 92644
134637238 98509
606912569 13582
273119566 148955
880010084 132669
813464625 75747
583176879 170498
707408714 152854
726983676 9619
436425303 66765
200336651 139228
25504896 152937
473072998 188532
940671238 89250
340656871 154326
387482927 156674
427457203 12850
27823444 128171
515492720 80810
344955168 40783
856694161 14258
60632050 185976
270550508 23826
689826181 8178
298174877 176592
738289674 133998
866512957 133859
252981692 82007
759975919 46095
132497693 21586
899055631 13843
920322432 74961
351821415 176414
758450186 173759
176805558 81858
893020321 64281
349093871 183654
726863334 158632
563905866 160836
66586328 166483
67031026 99620
3814994 140040
158622799 132396
850493403 92100
947194914 35246
46854607 32573
964848780 128977
395265261 76388
604956761 2977
631013684 6892
163521801 94379
872918542 141907
462055245 121003
100416122 103845
821035091 93369
701396547 141341
454899515 56668
180955507 174374
528303967 86603
350567081 12752
839442255 141577
213579491 72402
760121447 154062
20105132 110251
227342102 9756
980004544 13445
249167542 199359
201055831 25353
241513671 122973
215472022 162644
731701349 66924
145708392 58124
112353657 60057
459365445 49470
960698469 107858
246165701 107616
73114579 115210
777416829 196424
743714085 197323
329047133 91690
362622360 64230
160814974 74841
79613691 171898
394175761 147138
268931459 80519
487167962 87416
226102398 46782
553779245 50415
771709868 179084
232977169 186224
540266677 147127
557510185 31426
962074431 173603
36499777 109502
846211499 136603
359792843 63827
571299199 59457
111100080 47642
899526560 43465
675101359 29520
433731572 102804
800360805 176890
835625181 96953
798878740 117937
930588894 199153
646244456 143466
291513017 43773
285006719 69524
519197925 136567
642341091 125736
347545770 159741
42276814 116827
115030376 30919
86338380 102629
208038860 138387
754869823 12484
159883386 114667
418190959 25921
881982027 145588
586070282 171712
610729789 2154
130983494 188072
578138417 66177
893747823 184369
927431279 58187
919492595 109975
833098694 89818
471816850 28074
748136100 51304
901911006 22862
151006519 181996
106692357 28486
218850125 67154
797541454 8888
644037458 132761
378313124 177041
351337488 7553
628587623 24191
446352040 83700
488609477 15672
911802312 193560
668849739 46222
747052507 97066
309045433 89142
619171052 8033
809202153 161534
374797009 806
87953351 8815
170190184 91548
208083695 155688
695214368 148024
824155572 53587
663693752 152072
996318863 85847
225237602 58803
961983873 102243
948923867 105491
699567068 50206
882008979 15339
7563254 61007
835553811 148363
909187320 105823
41821848 187015
436493927 100046
410100793 136772
503041056 192636
44068117 68379
845728938 190418
763888294 23076
669566819 559
954181339 185760
153109686 50861
93252775 54450
677589486 120889
207931074 83092
180452362 115332
708162431 154778
286099963 187138
683366830 181117
733821790 89234
758265547 64283
992811547 168557
765213815 130690
542298594 175625
299771642 117665
139743459 78257
593439789 83998
510180125 76207
230112597 46398
236778842 137639
423803448 192806
207396548 60194
197289667 172141
746361654 161296
470596168 9290
305472178 128634
715329142 16814
259699123 73324
353572980 45514
131780789 83997
382976310 193893
989906932 186022
505105338 34208
9516292 148154
549411484 132544
867046256 127043
121869992 71510
606451496 5106
300525276 70048
215213008 70893
696860982 101366
510897331 23613
731965541 136282
315202316 124963
579350602 181964
54345883 82261
497142997 34612
292898510 103336
683844191 162183
734681915 182554
206773872 183016
879576143 133935
880255304 110661
897417258 181505
155831203 175974
219058543 132106
64850412 179793
805440065 72533
313768643 185980
13268480 64398
711870303 183996
236292683 108025
151888601 91748
125358965 69940
10695867 199266
289447312 18975
650725642 63005
569970889 172115
332921472 4463
209031134 79586
944830187 27707
281947973 126972
598183777 105333
227302422 30915
44541914 76205
560166763 26897
542082665 171446
294780835 121416
470018148 26548
828325684 191431
796823860 94723
284649551 143235
908313182 46060
622131082 132889
382278813 178389
237682228 56040
43322943 11496
796834938 76501
115130584 116507
733426560 144764
419085461 128947
701930749 152099
182128664 147792
604404357 19048
514860910 68756
550831243 194858
998206382 188922
756298115 99536
317067166 184143
464208544 153884
205717618 195700
334759315 161100
38875447 50348
835061869 145733
34801772 164256
998756071 188902
792027997 26612
614818225 97061
672411253 164774
663293652 47480
167877059 57646
797132352 37350
246340115 47549
825265557 173491
877515009 189647
360470879 12747
364524934 178626
827124 119248
945815966 192280
831437198 143565
472487429 1109
233520359 185297
879393119 186203
382480248 195911
836549882 148234
836976277 66643
120260759 121366
612648167 132587
385581616 166884
270641666 77417
878319325 164654
323404699 16232
286454615 148426
177049108 88156
743996335 105581
450285196 139617
619470342 66150
268275709 183466
56680760 24509
777655141 98262
236159227 50250
782072305 149826
980552320 16154
502990110 137499
241539306 67472
228298615 40584
108956675 199840
334588663 66463
80347077 133691
270154838 92967
524264610 74694
503972720 100799
234971780 101424
826600698 168619
853992217 126941
709391855 161716
60070903 148712
949121044 63270
715183421 138910
532084960 59537
524825685 159937
561403956 115836
662388665 131034
331340026 190910
144672452 185818
460712517 179771
544333768 118419
743116502 197874
885145096 150495
4568475 140861
69891271 113116
629664663 29481
706911002 26722
664940427 87652
251013637 35144
29728796 190213
697730248 87319
645467367 114686
368345275 88418
60940423 21831
923887627 162397
592436101 101865
817038888 51095
503877680 99214
255104303 179180
574470276 25424
268362587 81596
689778660 146419
442168350 137746
46350436 146987
712252193 128297
571105990 193193
52960589 96626
441707163 76820
247529723 18645
710978130 170841
344106674 85434
131192350 136242
413218076 159096
674477318 195451
435790212 155636
276480815 98290
74008383 5581
814694602 7808
18974123 136417
403039702 199960
946031922 190120
887253551 46950
813141372 5060
646486951 130489
382741319 15708
179704391 38617
436713109 88549
761242737 178941
481452924 111270
175428886 138956
163675684 57508
686552711 115351
714612770 136527
741046181 131186
902377937 121182
685024625 81257
82553690 96874
933125071 147296
514514533 171928
291041820 25572
222047907 144008
887233562 889
877310683 93814
726705584 45053
778703976 5187
834284894 56962
883945671 131907
142941356 27109
457183698 175527
422092983 921
103386386 83817
35191265 149920
849741906 1998
903724242 59045
810666433 33900
825272295 100314
840475840 85457
861343196 161338
51738057 147949
2120752 39719
635740448 68967
659469621 93623
274798048 74617
490428620 6468
772676843 22583
543181846 135910
247790559 10844
524963416 35760
522550001 147872
545052159 117091
530089007 194275
177004117 84105
638851467 95995
818099134 63892
910872819 74646
777536973 33866
646690681 132148
891102131 197119
482642685 94144
942707364 106643
265639759 88006
336949881 132071
120223000 88285
251591300 98562
644150708 144389
486699058 155356
441254666 20626
867866491 9499
893162954 24331
643580086 179102
519769220 171161
665433447 46292
177808169 62180
573903976 28132
345564174 105042
664218058 107393
638852467 88675
693196957 146124
32915220 197472
976882586 126880
244294345 79693
158910842 203
120227737 56422
15774112 3834
406610472 41435
308243387 174385
923630367 129151
933369437 172911
47490557 140444
820495699 120606
379758807 28371
515299496 123376
427718425 141651
723809469 51282
204639703 106287
905020644 105073
305144095 138584
161589966 64661
402713290 136986
674516714 89814
868476931 56578
794211685 71066
820078766 82781
873047723 32138
188658430 46252
150297770 180959
488956306 141087
161984598 47667
966902239 64665
812370106 75069
726965924 187394
412960765 88539
152874686 199751
233799852 2852
591964194 91593
152949210 38934
88607921 76087
439250386 157492
730109449 7129
405167085 38358
514689672 87753
916436877 130689
232487615 45337
754695779 90813
34625828 24059
796340205 147462
418491792 129566
645194238 63369
474897093 90253
378610378 25133
21843064 80462
232469677 55812
3652508 102118
758141278 57747
318036241 35175
907109825 108635
870218112 77503
196536434 67283
784613342 35626
743750376 110865
296056962 108514
142070962 134197
755755745 99914
720807033 19609
464122417 103098
443873092 178604
895983296 154006
893009854 91963
439798223 139247
524092787 123273
20479365 193995
271117141 72647
63145814 189378
199137585 134808
451429932 171023
769365735 190333
23826966 51644
672386009 165097
540917412 34963
689711348 104472
522002270 43385
479674978 86321
263653365 122877
751746342 46002
284542989 36457
320074228 93570
428866419 71588
280622289 105151
933377660 77242
736677988 106215
739401959 61297
689122444 179324
491891893 179745
104555327 18395
332221928 187041
986338921 154293
160408751 74560
474709272 39051
781459231 166322
359042186 94794
501155974 104738
677076617 161055
584728390 32801
189436298 138844
526304900 114627
292049856 128633
432990852 15305
624327850 150509
422010813 102609
892374293 129826
12972653 150890
380462294 114115
335579490 113577
873779164 192045
817284941 32292
541650871 107598
405266288 156501
168550636 190516
619407938 125756
778862731 31561
274018177 112279
67142317 98909
422836875 27792
555432818 56138
777557939 151668
416569920 55149
245731925 59633
22468298 175479
942711219 165482
701716617 132006
238179940 95738
658892446 63432
122580336 63947
206037396 101660
255936504 11524
406788049 189962
124236169 100893
608715420 141832
72346837 88007
180243445 4509
202335670 60114
29170695 165528
115372449 21476
932101428 17768
563441731 40896
700366052 159946
558079589 159893
868207401 6970
292813650 102178
653839957 19776
822781892 108293
811223994 86835
136763408 41529
202145783 57597
442121384 42931
82339498 49447
193334991 147861
36251738 9927
39181064 146579
620684721 60533
94003222 55451
998007721 30111
217042869 197125
394651878 175501
243259328 72698
886688221 22337
253728880 168352
54243611 100853
884707048 156106
578385541 192785
745677595 15710
728365558 196019
885675613 174463
676401804 28623
986670296 74668
669927597 53945
879124715 57559
488634356 152117
86318829 27490
437781600 198738
94703079 101104
505606603 194553
350114994 78615
751226080 144443
59740953 176913
166399613 185822
389663772 72865
647332788 11504
142020806 150089
325052006 135317
131426533 100482
666836276 85693
223715558 46991
415061185 102191
855615151 16330
471841407 153456
835292190 114389
716622354 68594
30530631 133199
856418044 36635
463762505 178715
403332571 104381
548680355 110341
154886196 192158
715342860 27936
552269302 39991
288746026 140996
891481896 20744
14265194 79830
920567326 46041
604118258 139945
676610981 12029
341760462 152091
413835362 28076
283197185 191852
450724722 148594
327312019 98174
251484035 16511
386788495 60601
580964181 35907
791329444 40172
645004916 71836
936221760 138579
915525348 169371
492008910 8873
672400705 62133
184829476 79934
627442364 173514
303850806 139696
567992177 126601
556580553 184098
710373615 46068
200205192 190125
390592800 188621
347067132 186038
382265701 53274
160688945 178979
486406344 70047
715770543 73492
963262488 151939
563790292 67426
176869270 81668
192458572 123105
754471812 42407
337694369 157456
703599582 36739
828500431 161672
627317925 66365
441112949 118560
556122305 136877
645474543 173065
640254050 178165
117673193 12483
844856995 188427
744802256 175372
583968166 124576
393082955 73568
4376497 75748
415573091 75079
763637162 102575
745157290 4204
370316349 52407
301378090 92691
999931666 139218
777416976 63451
395513899 137359
984820713 172937
874811385 67369
771092728 22545
26295116 90132
246439663 11475
971058146 93625
974447835 191751
774642687 127916
511767978 121980
941573838 187241
987717865 79171
569454419 1317
160293727 166932
182564946 76633
706972073 186294
427128254 190134
26182021 149060
935213265 190755
876154777 112009
930844285 127567
872791442 161353
998534381 181831
659129637 129881
142828362 141611
864557970 152850
604674079 140299
174501467 176222
66891619 167170
4139481 137970
333649202 167536
955935299 84116
720899339 178043
123921897 113469
475661745 74674
38487563 63685
629645761 135371
251082366 48541
641777153 154579
838013563 117700
995908324 36490
231183258 23594
678934475 57617
55612680 43765
977512952 39379
179991503 76615
456385516 122468
187046064 107699
233731593 188755
511059965 113749
46467673 127641
353928644 46570
246307616 27706
542839313 33847
944493920 95127
573306680 20438
542011733 123109
376204883 175513
743569429 30679
337629901 20082
790972519 45879
323069568 196051
947231512 56399
289593833 181624
957565037 54307
514573241 149382
7820944 45436
229905621 157051
884747524 13903
715102908 107247
903403444 84426
453870655 29456
443072261 103696
459962462 110251
244329241 46809
971662844 151202
712979745 183938
87551481 114903
811989609 131217
137171983 55726
743056900 27473
857592575 62062
546538265 152759
265496773 163476
244705733 137546
473342906 175855
820664096 191927
394713181 37560
142055173 126701
14936473 64703
538700013 122886
853367266 88405
934745636 57211
678514043 59231
801865672 26872
63247422 185087
343566069 48972
623883212 95439
752346410 6961
803030135 157504
455401045 50003
621239393 128700
761569083 83472
782179357 112139
755765445 150973
320869156 103914
129499447 22960
268298860 49151
276148041 46425
348079476 52049
851500452 197230
90354830 121185
252675421 42410
126554756 181942
898890640 176967
916438506 39746
176780532 147082
532471611 62633
769027129 18240
653508993 50464
565825083 178220
643796159 278
55895818 97888
91757240 87610
338255855 22203
945149729 139569
754892047 183393
79661269 97
233901384 2446
642076696 45428
245167507 172502
817644435 49930
695338486 40469
12689964 189884
326409026 160975
375672245 131444
507000361 161623
584276322 26607
129422998 47449
801319588 194102
613232451 190873
200325828 153744
522014643 163692
662100328 31410
22284161 41407
639179091 175010
656553309 71692
202595229 198799
802044542 166826
711051620 131076
606961966 182991
798329654 8448
227123095 101037
940467776 194212
197588190 143930
460906299 129757
293076027 158829
40291352 190053
210174454 9278
557332935 146102
832699228 99366
302719395 135330
910354578 129580
45523891 65652
514720413 124565
363925590 132366
364247654 26401
567558993 175276
231654784 145238
927970518 128859
392175199 180080
494266675 21422
838802010 36537
427857757 132749
209398932 130910
205059609 152807
595142817 44722
283914839 155019
690237070 18512
468674949 145430
510455592 53017
563616863 51158
736731240 65309
276850839 153591
466864556 37829
238576381 25260
179807623 70338
600636006 189033
804895853 16627
182636138 186686
668375388 88613
388686055 85355
662092369 148455
221120636 32639
725362162 128815
126154410 77312
40430050 163242
705184351 63186
702113557 43290
936148139 194008
343113545 96942
965961828 62713
193362062 138730
489151816 128225
859564354 9707
513498107 197141
456859616 76665
707170282 97739
188715321 75144
788428849 171517
931312654 194989
230332418 133003
400551459 35532
278677380 169723
922874218 164229
594029547 36419
334536771 110113
874378647 5104
403158187 102820
949540138 6981
170742431 189156
469380665 69949
400434605 101633
339424030 189217
311521902 165669
227054836 99767
709515517 111427
860207353 117689
688299193 46192
926410531 112134
218768931 30917
893352079 93201
97192038 10558
160235432 115230
62597190 18331
7391746 8335
66860601 77834
26744950 160479
460103269 150823
586205974 126912
284366625 56055
888270610 13532
463923122 16927
351437426 2854
470792408 67531
456261261 121924
162624062 56286
964675716 195459
967031109 167346
675948761 46904
729880883 197071
899038840 97074
980972969 39258
764885059 122369
172734681 60199
380108664 171910
244703979 153049
582777613 65108
65165284 34424
471571119 78527
945414650 148043
807903150 35008
113069710 129515
972107397 66166
462126960 68879
112211082 107137
758981592 33411
330759709 304
745290915 114714
998470011 107203
221964365 114904
138415736 92592
653772332 197195
700889545 96121
449952910 97711
620846884 26302
213004662 6908
205163820 99740
651939665 139609
396805039 168293
617478047 14061
926118794 111258
544085758 171285
187242606 106918
365134976 1375
656049003 141471
100862277 117536
65974043 96439
268382001 73620
203900477 94702
244375536 125227
844164106 149562
401410773 27013
240308637 123050
597893121 179144
291168243 89250
479429048 46906
900342126 89268
615903265 150180
483176933 97285
82511300 163893
826206159 60483
421394774 77485
819645078 162581
292949428 119213
450418383 19120
563734247 174296
391964606 114205
843380711 47536
951560617 91202
16612394 112820
441873908 140845
947587217 96561
727544131 23694
964392112 85000
427471829 194931
387263691 59375
254059649 61261
978179024 72160
548009036 67915
563462823 132610
199632414 87239
997840175 79635
946849504 50827
657856830 78601
789909894 190532
363226569 113835
893769474 72017
766628847 76535
76479569 83399
191302693 82924
939202674 40572
721344509 38542
431312616 2182
906338747 92541
494169637 82856
425347690 63458
787855552 123161
303199381 88216
253353081 34852
387363741 121785
57701227 93309
997989756 159154
412966445 79732
66166396 20851
823078861 46445
241222932 189345
501355478 155746
756692793 159092
617106110 60043
147940025 18183
726403711 189553
210693911 8399
581437846 90835
33716302 2713
393492984 128062
608029810 79406
333345064 157141
641165139 83581
376564002 130876
100652803 98775
121012348 102537
930151994 177912
936746893 30503
974171773 154763
330028842 7699
579783121 83589
939101258 118793
407295416 147678
977973357 86901
662487462 121924
779016423 42160
975783165 64069
702406939 164979
238733273 45526
646316936 89202
763536016 136492
175140728 153726
444769280 133353
303479656 29110
351565637 42604
854097608 163488
498702937 43749
748137795 145932
744393648 168173
852770137 191473
551714717 119770
826445072 23695
361198221 184784
81179492 31836
320617674 65026
580036680 65759
267901137 105909
902060593 85436
349480096 40782
979151290 130867
256673235 32318
619975070 104795
137611222 132002
654893103 3306
528290004 165080
89740872 168216
56305473 116847
297894696 139371
548274414 88309
670069718 143390
246699173 170951
993248499 76561
889318495 67028
185431307 55353
302432632 120423
292920793 28305
670899984 184918
765510072 165762
821057617 99436
154582789 3675
637022043 50800
837358886 182821
698453928 60875
62178305 19580
303468159 174330
368811014 20376
155594584 33921
846493351 143034
40973418 131363
713177541 113088
532396556 143276
451683296 100165
949348710 105840
973487854 187361
303019149 169117
56231191 98652
854181392 81135
800940040 38269
38995304 20342
502124664 76431
972516035 41634
43389883 96536
118714828 42445
101609559 51421
762007540 182204
819924672 20769
154205060 197941
275701572 168107
454634055 164130
360661260 73870
219209052 175284
843192837 163604
891261438 165968
127729096 147520
385493330 110401
697059737 67304
401670344 191277
137896785 82647
839860702 194747
579866585 121955
366159029 58225
408497070 176621
398998386 101953
172170562 85122
809231220 156970
431593565 53085
50923472 121883
226551203 82349
329784960 11017
748752563 66165
15849155 179806
935269530 136014
800122539 160746
348784819 89994
834411952 30742
931521384 157882
963598607 97286
279931658 115915
867266995 191123
943490547 19186
103111911 26329
299905609 128251
983302158 145506
39492788 128574
555419027 198447
368800976 111162
485068638 140609
365836880 144566
737381660 60736
809210217 161184
421904026 148993
917588902 43116
748014556 101942
284862587 34479
77440944 157001
580681144 7096
839207951 48418
633182203 104628
894613714 74659
412349069 125432
760180101 189981
485878494 195653
19741180 123809
215511224 128703
453780628 11979
744016325 153824
830240624 35969
450183238 78624
940477331 196406
320897725 54279
571736744 158387
217315534 193548
772318115 130759
936748765 159551
241245496 187356
167657638 27808
297625368 187564
534621978 147393
608827966 18644
168865730 130516
406890265 148427
565988019 72985
710875549 130536
542875697 173531
219341520 174514
664520975 115051
768006969 56605
998426633 51815
60879133 26580
451331791 94447
169303772 183960
450242193 54608
575328690 127408
792990914 122343
127757245 81919
465432813 63935
482431936 183229
268632022 158687
163655925 39721
816605223 165956
59231423 61668
371385443 159418
14686974 37692
531115232 75128
370533254 73816
891065899 66526
805278426 13180
334131649 55702
981631278 46435
614267387 90715
865336279 121236
662410961 138053
813094060 36180
712496004 43277
168490412 26664
805182461 69535
189131651 172706
636321536 163364
147379243 40186
621531145 3233
380402719 171324
92038863 149395
577344725 15755
485584718 79309
113847 3733
806635709 61104
69429895 16035
212702247 18675
949302390 61971
583408097 161720
637088578 48471
410150108 107359
733670197 40899
474303456 69479
842563800 32876
928386847 119170
49019320 78448
483027781 186218
437637487 68696
941292935 132978
448883694 186433
642593296 124132
56673020 55623
482210683 169145
387478207 193256
590069491 62868
379309258 88830
812833647 162263
604488120 34476
819322711 191841
304538834 14816
434542728 31592
491884450 159902
359606012 177465
22574544 141862
167565077 43853
813411109 119175
890410979 154290
888087123 144830
570994313 28291
603468460 187077
233201145 123306
927849971 172361
45176083 157491
988947435 165921
374393898 67118
238341116 130622
496815264 135089
329569887 199975
105374359 62928
263354231 94997
816029396 98604
310295688 103354
755096874 43322
626725410 185084
711694742 105462
5362936 63469
375246941 64456
25202211 187971
864550183 114129
849584120 50685
138103342 143459
194507147 144817
471445292 81770
821647626 108911
140220072 97611
489331674 131678
942933782 98043
59318364 77480
460181574 176809
804076200 64390
841732453 53673
113412120 89172
871081930 76898
568080807 9111
453712503 158278
745571856 11573
265056583 143077
810665341 90182
223777310 106339
500076597 81243
881236883 153112
221088272 28855
750168071 105290
944358083 76980
522798358 164545
199582517 5950
651684256 79927
126684290 105350
161406653 1597
897016575 92420
212457650 13420
597338533 54625
218463834 35072
364432368 149119
220954467 95713
176703510 2020
556571404 189136
51859410 38912
756071707 91702
580393966 74617
519630300 148825
741995913 139940
155200035 147887
390444283 4104
494324868 7820
654568155 93646
730671341 107753
59881748 66296
261571585 192902
950378569 131830
143386034 147937
10511747 20547
709330110 64791
242937795 176637
598203075 24113
341091226 61952
900878622 58022
571124648 53687
206771854 183509
665524222 148367
250342651 84707
502766854 111796
932271704 46853
183806520 124978
663699600 91638
44846980 78598
371902938 143996
288287876 53263
729228497 199684
282125765 4658
116331934 35040
232707870 84013
405397679 155503
904489405 107926
174944787 47144
781707617 33222
369096531 35599
711723219 161418
311874344 189631
317835702 17046
625637606 166991
455779630 134666
577201430 70161
69331280 43756
119450738 138075
450751583 199645
972931262 17555
43306124 49004
567541939 33467
136179801 107623
476335308 14948
589793006 77594
202390575 126559
302789450 41994
314714622 139507
380777937 188135
93445700 26157
50932043 124480
744351309 96361
987811343 62808
687637684 192764
724982855 134896
197292413 87973
234692569 104905
781898811 39308
268124506 2893
286295581 48763
286941276 69193
601525861 148621
888502064 81023
536548884 96884
90871021 102482
223885451 104310
520852783 198335
747860478 379
930544529 39969
103690667 143773
448290173 122612
174314169 98029
351446646 85441
580554672 59770
83405546 69370
988254491 32384
938979901 63807
742938736 103429
349048715 124859
282341758 47894
996306578 134942
338343131 106340
510606760 330
560341815 104786
974817380 25139
536162116 133958
194838707 117531
884483138 148587
395259641 126102
162786433 172844
347193098 10002
796500601 19418
445182730 149027
454162235 143908
939497455 142840
587685541 159922
582701599 78821
346665214 15288
595987010 4217
910149096 4143
722735649 139798
245114287 31481
706526799 1665
602445527 93755
167488139 29013
91251567 154122
222101747 149732
805662884 44147
693359463 168655
199826957 152250
955761734 32054
617314124 185405
722342012 34094
359974824 2234
166238953 21220
767142184 179743
857958203 24779
194724004 19060
492518150 185429
150363700 3026
664913217 129419
130243530 10766
861218841 115317
88517871 31868
641874511 132648
135693330 102838
910632287 163206
326114363 151777
162091469 8014
383777470 38126
393982836 181335
620643200 53818
322824330 18080
460703655 187684
755668933 93524
786845166 143144
404516321 71483
266417464 186858
218430436 126796
56126474 193667
331183967 47467
975181604 159278
157786159 83445
886800831 198085
777044780 110331
92062308 185390
179305342 102119
54901809 2529
782827930 60699
323225714 124713
991888480 29332
143334163 99780
966457264 77137
728735970 4048
910582946 174889
276685997 117707
92494867 56626
600047246 141953
867997616 127539
227344919 156785
540687336 88970
666783235 55666
998298203 47712
215382976 5790
559777557 31012
125401291 11424
961525945 126117
771347175 60146
961598855 129878
555530050 164742
854146140 2591
505600699 118552
196425754 27755
667602992 56892
757811060 113326
786685885 72737
5288876 47801
227077619 20383
661761558 118061
987172721 62665
414668920 76249
592545351 59948
285358232 133330
747427881 78366
899864688 156014
152905136 85537
212264197 91580
913363412 18448
513314549 195539
817074911 102574
801160111 58397
75688553 50861
412073449 149905
793720142 47249
99937249 43474
318912858 157822
187551278 140925
755221536 101238
326389701 130210
729055114 56865
541648725 170896
328519037 164737
47697805 132899
734239752 80141
64702619 81093
675542417 39199
845594606 19245
485015863 60392
44521097 191477
814077523 19156
737057442 177156
283190138 114792
991551779 10726
641493055 129126
942377896 57028
370054944 191572
42523952 58196
500266968 75588
810244973 51293
301153857 86556
174226082 44469
964775039 162169
570209370 53288
25874344 173428
999426304 124637
394595016 123775
131898679 10871
926496409 93283
709580750 91858
432665293 108332
50248202 76934
223424431 71509
355121471 31462
661064906 3749
726391586 59817
138607939 127848
77452979 144815
166700830 17541
168181730 198424
373679747 160184
548594463 186598
125089071 20848
287301427 151352
800451949 12664
216219219 114324
390088212 191478
156362254 114372
577796787 83387
290296098 107822
630024140 130496
240370118 72737
712616073 165051
488785245 173518
198541030 16109
623962011 83186
431240321 8849
561310132 192969
619161945 184828
993009425 62748
384643678 24072
91580295 136056
700120088 134688
877283552 102084
395884186 20652
840814048 149399
174800956 24839
480285032 160420
474366243 87085
754271463 62647
171527525 98167
688454772 179689
571764002 155727
965782957 31462
896685752 59389
774456123 67019
537200778 65806
786267932 142941
119551507 137757
316631936 144256
510704757 165301
494838004 63582
317914181 174630
129446670 10562
153479195 99968
518411433 75411
249871705 85219
36081137 58780
512054369 176488
132095813 159849
334204339 47882
774697780 107254
87832813 6659
377844524 2017
198289074 109549
71390650 134745
656460009 123104
299336482 79423
162653967 137653
259334159 9016
973695583 42913
470781492 160679
842033173 55206
442830210 120531
510772707 55038
995088390 173362
698195185 12213
473114399 87405
86348010 28287
949948639 85867
134151310 165470
423193664 165884
590404063 114483
988305199 43258
169007725 84778
209880148 37468
40199923 37407
290125642 60049
408479304 60485
267100694 183967
860608210 105997
462982493 152819
428577970 192507
905039686 40377
704728682 187295
399719914 171495
717996463 180461
537788393 65584
377233901 112357
30260245 16529
972853876 91307
493339938 158534
970418244 52546
980553981 156295
790243433 69818
451285550 134559
486621723 2713
466533711 97285
729829072 183651
131115629 197568
181957762 29076
215724408 127540
247784437 21024
854085996 34825
804167796 125794
803833471 137077
21843981 78806
315971533 25547
836001918 65881
261189677 132528
907447104 105322
777648600 164495
648404587 77529
944168126 123296
924244393 20073
553116664 38241
5513836 73812
555186177 123512
758074422 168386
418868334 90680
706841944 157557
642696165 175326
592017562 14805
131090684 187145
339864911 74426
959933806 66743
603605963 7032
43577568 145411
914089297 168280
746447267 156143
897262585 156590
4140812 70401
516677080 134379
753935231 101982
522069709 54805
258461645 130366
906716742 137871
428983625 89554
561234426 28325
36605779 149810
949352774 170443
824028532 193485
478640555 147138
494481400 95008
582623309 144857
392773662 185693
215249112 116582
588031768 68396
504827685 154301
996043530 23695
885652753 26013
66127475 61821
135286913 95733
370176034 96881
540165310 128782
224659336 184016
44342244 91477
115860454 182050
807514293 86795
403836157 161672
54421868 105756
116346329 112406
569139652 564
317282938 121678
52805103 125474
734130470 51132
490283529 125726
662183792 51355
37323400 134434
76702898 148248
331028316 8121
835912492 165097
643533320 60067
158443344 32946
957002838 154399
836461854 2290
88431466 33858
47584421 198686
392665944 49827
754032904 90228
77460242 19793
302153559 199676
359369031 61490
506001308 9786
757345017 53217
716761108 83196
778959635 146881
55022525 75729
51763601 87811
910162370 107099
570931209 80128
436182956 113565
341678848 149983
494433968 94906
448500380 40907
532569890 101679
396736983 73842
735198780 113593
91386782 22212
308284796 21669
862098912 135115
69864937 10371
97879439 41358
196540731 63831
677197798 95967
47839872 146573
338344393 161256
413958061 119780
822013865 96571
936653399 168036
837584972 175395
227590874 74961
460100812 23781
718662716 32494
237538834 173868
540993267 430
172082945 35167
617474907 88402
270043508 161927
123508310 155909
20335384 151589
715175041 29396
51646556 69261
215268071 33491
569547095 68702
793672677 121570
393969106 158412
921755239 20122
239030936 149675
489725436 166682
235424265 99551
192193362 105524
185221940 79417
332496044 149137
368503707 13487
797196466 112630
843343436 28579
581756183 88068
510442418 146535
800299787 57312
515966808 52174
491003768 95962
295921335 127459
203176168 59457
821252216 100967
844727391 110816
61980887 140400
541635748 103612
854085082 87051
590935315 112331
256416031 189537
856026817 99166
822683568 168195
249556909 145656
665811583 199218
153892015 53464
861439326 44786
349020404 60432
678339134 95240
501109910 41332
737358587 169665
204199218 13092
421783959 180366
200420412 58871
842723404 188066
275984800 179371
923693976 32152
946508147 114261
915926100 133948
897094314 38285
693335938 148273
471063276 35578
549794825 95941
121022358 40618
648097170 157863
614892287 133206
570862231 108613
686326223 44741
354800068 60369
873105557 59992
520888790 136944
102844184 184563
736454441 198927
739650284 182813
415695160 133540
966615384 132464
301640735 40430
204064767 74648
402559591 92260
733022724 104340
63837551 184005
71032074 26260
3296280 67317
518255361 12701
984871328 66135
721360556 56973
470891572 110007
547808150 18702
156951699 189066
643812724 189169
922463898 148757
502165610 10719
956671715 168706
761601743 155478
500857303 184249
585494412 153391
271386599 65443
22634989 101954
77047649 152546
658634026 95457
428302311 136846
982869829 104066
385140160 32374
85729200 10760
721960200 99555
499062186 157978
155666903 152125
280140139 185940
735854907 118423
624720412 18345
106599081 57986
13867843 28783
134335683 190034
28362452 57868
730972904 115858
934318801 80095
200153793 54572
459129797 19896
873768066 115286
58806114 96067
174146566 145714
224609178 125259
470023081 135824
709971359 106733
150546436 121527
109049914 78396
434795517 15147
428542663 62068
739125169 60238
322340491 156994
978616144 104544
84652062 146996
760870368 22292
463634111 133695
667562527 127758
388116805 144854
363037769 60796
122029965 152882
767002267 105226
403737670 158942
95992547 16352
249145080 67102
437629523 146311
858738381 1026
555144887 92021
978448529 130933
863925555 118531
626696274 88571
210468601 51368
633877868 25713
748878022 87656
435950973 20134
29026299 157366
353493613 165471
329755785 13670
682139986 147420
600313289 13355
959195601 65855
137637133 115538
774587175 108504
640909068 84696
969116219 30283
893666015 73773
56838245 56247
414279834 98638
914152650 81633
353492329 137635
703840680 60818
225547138 49323
196100040 158745
612098577 77018
897028525 153529
798739802 134091
453530123 85511
42011274 165741
310317065 47705
900066199 124499
607118305 164709
654654541 134941
254416914 85774
625398939 178503
438073053 29608
509552282 52397
44490866 177841
375174697 169401
221596126 134805
559207544 81184
728112469 96159
743389741 175961
500892454 55815
577554633 24868
196343283 107047
962216089 197073
689999657 72298
360311332 111023
991168104 132443
45732447 32595
155472871 51223
770601224 77645
253921699 115268
679786438 196641
8565246 71793
32401666 63991
422879248 91278
970323566 33962
508046804 156568
490817136 71156
931834416 148532
762846834 20303
172436518 192052
47059303 28305
708068090 163658
864336867 139310
306046454 107676
390842591 179220
937114868 147362
611764202 82285
453064410 85660
128084753 28395
403944850 62429
705973995 125010
283492972 115549
302451842 101658
289641988 147804
422966893 86827
871855796 34142
785100157 180167
206408581 192064
159122328 79167
469764945 168655
98290545 130661
928168009 180423
230191778 35458
464881715 113418
129824777 31955
197262729 121270
128895229 196860
294870002 145996
658043592 111405
201040817 40413
848538061 173243
14174707 146758
289657984 185123
161622763 199533
994495681 161644
697075157 84374
293314530 79604
116861104 138906
89287975 39626
620255249 30739
986725474 169241
494323766 28202
557805277 192565
858628471 139903
95937655 38851
602580782 129137
152228041 20176
803468144 198779
111422119 117891
470995835 190272
257673432 176143
516376520 28397
486530190 39771
315417941 129823
930102187 141958
276827049 9313
845026515 119121
426155640 94282
437750066 127672
407471134 179064
505589514 115510
684411491 86623
670489190 120515
878883695 167207
750901727 28097
584446321 87307
113684079 35469
364609443 121207
462843743 81297
864192922 116203
878278977 197874
740926855 173173
957393639 73840
944837709 134902
106538860 160256
506764676 151038
851860395 22755
353892768 4256
428976954 148718
833266165 173092
852064899 109508
915109662 107071
96660689 76605
417069703 147426
792857934 142667
862852670 152077
932307658 155585
366438111 41387
968713564 34238
408595242 173184
260756190 54104
862909215 83939
332281162 51609
85918897 29859
327220230 61500
820782201 178319
871523396 23468
524127981 3725
846343505 192944
650003318 65057
544668628 27811
689361764 14611
839930829 48725
915131801 168738
433668689 58894
810488376 184149
978479417 172944
410869136 126324
970843942 59475
576162630 7506
486777269 56777
423768659 42980
718608141 83532
11289639 183647
291629195 103541
920592545 142900
174299153 107252
804223137 80270
759826645 77607
472698236 136877
133587621 117304
506051793 150128
317272142 149082
381811608 120434
796896937 169907
21798228 61628
49983758 59993
592792313 198772
847319042 56478
405391420 85968
713947946 199708
13583637 45345
818275048 32253
218430786 69737
248099545 117011
691355093 119202
2370446 106088
613050686 122474
323461124 41364
510115584 111325
983181652 37292
93722573 175710
967350115 118749
457761072 882
71381401 31362
274558151 139883
502262484 151017
441412417 60370
474749350 43149
804971413 177133
549230973 15047
835672827 63515
379264485 182638
300950689 101833
918727062 190947
11917723 113384
697224768 104003
291039294 61058
351401658 106848
148052191 65996
251378072 155863
215874233 67458
619208366 189410
738743672 143934
191456997 151157
151273942 144672
655023848 170050
961410224 45765
828293219 109472
806360050 106110
411191324 191448
176272270 4353
332537820 135885
443155195 58818
734357966 24285
897679496 180032
902526062 127535
254186330 180047
685036817 145887
855804130 107641
981733192 24300
2171195 120175
801393068 41236
613270452 193937
629833812 167689
750390675 160747
196481498 13268
757771808 144689
791363552 149881
124146618 57131
7836069 38940
901205523 151606
537123622 66329
881387243 122407
397936475 141984
360869453 193924
761157734 115477
985240062 71012
680585251 37890
960888036 57382
765054308 94144
150535114 24122
501909888 189774
947467772 87877
17752658 79336
515744595 70467
615602719 97827
383133314 103000
585086112 14307
299080923 167751
988566489 176212
291392053 176548
29356610 33193
604985084 94633
697461359 140502
102838901 131283
860277914 3313
85362246 57
966096801 1117
435479941 137204
415258532 134243
487303961 17782
641017762 104293
811083188 158837
859468026 104892
976832438 80614
513936234 195094
844125653 105778
184428370 139315
1366489 147909
509463804 187379
983205047 5934
138435998 31236
955614389 40970
189951444 140266
52831175 63172
578542484 77735
717929836 5663
644817061 127594
662804017 24781
620333279 174672
241306827 54258
437913054 42717
254859343 60680
111251471 153727
87448743 170123
301764251 32428
833935699 86307
516594093 15757
968465153 165343
31982053 116081
528806410 4931
124809523 168401
511533100 29306
142365669 9083
950440045 26840
389603477 100684
381652335 62616
551639548 108237
729980548 129362
769748862 139191
316548844 123907
563632431 24991
442564930 72422
963675540 148607
816599309 162209
252058167 181221
522553511 53632
758589415 154659
319805411 9188
273018068 193090
501428354 102519
632059462 63703
966941420 93431
442815356 35812
326306524 141203
996084866 72343
425394082 89821
499098525 115445
336960590 150984
813254369 71092
673630652 84478
455289941 79452
681244574 19059
244329947 190981
939335049 116387
287701301 70132
965295510 39749
898267647 136221
564599522 21789
957981220 123476
609943016 94606
466115447 160383
486357507 76190
385818954 88292
54493102 150924
373673808 105336
439230311 30375
812148583 72060
993948381 78908
111870597 189398
285960085 160513
432802297 10342
440040771 70415
728147802 51422
863569323 11232
400277652 88377
59536578 36770
636678605 10784
718501662 195618
825243744 73638
78657517 31253
930967447 395
565877810 130606
468225345 181403
14577966 90621
362794303 140062
10682819 151788
522385783 167456
809087558 114139
320596294 37445
998679172 161431
759138955 160527
457480230 144142
627946462 25581
503736670 45002
445923836 9594
254350024 19695
550568832 133359
788894357 27321
975497796 56967
904311468 43021
675410698 196663
296950514 138794
18771920 108354
914633006 54017
520182105 11137
798054521 161811
270054998 27874
90118683 57621
700791085 11175
122885314 173553
98971440 151607
903654339 43014
349125846 13838
342306252 156663
693352601 155942
494686898 188786
15895170 14292
421248588 78277
531385391 178734
998803803 89738
165573539 144927
647581990 182473
763246328 27398
414425979 116436
593701607 84871
891054537 54253
969859291 149999
400457498 189904
835874039 120222
482069083 28417
459264095 74991
642629268 32692
520775264 92179
217698331 38079
33518075 104374
905336501 173543
266044600 88846
306514888 188990
467618805 104734
213316234 137423
553915757 155493
690902485 108574
678881145 1147
58970256 95393
99240930 139970
69086660 146980
794970018 174094
958363834 144171
218310377 3872
719984337 134337
851872544 33775
12879103 6284
944384758 87968
111531712 126543
459037399 125715
49139967 50315
534549439 188232
139369897 181133
145104821 29128
770021497 43478
247113648 84444
462944021 172943
330416202 197079
145781645 157949
633864930 61059
373313127 6267
37605650 181551
965193852 132609
97146571 4463
160826227 196669
993150881 134646
415705221 47905
301705240 192304
964851532 37028
481896904 135072
935190980 78654
281277471 56151
158672887 7940
391541265 76425
402310866 197092
291263169 168132
838918484 118535
870766460 174745
486916597 185235
902167538 156620
291306702 125414
450990373 140753
171534534 170279
524344908 160919
464158314 46366
482529786 85931
887861131 84143
133427647 178169
375777055 167020
97549177 49976
627023565 134035
911824717 140906
198570775 108624
824404616 184210
850091763 9068
651885099 71854
758650353 22296
829297003 178826
682809607 96462
212838678 60727
513249718 49714
484532958 59751
607898474 3574
68826975 146864
476325945 184960
980391440 175870
849712245 44489
980298032 178483
163374754 144886
486715476 80141
511832638 5198
170354871 50766
810013354 81202
156311900 159354
481818610 91605
702454681 123912
496580213 171077
811818624 179362
541574447 9282
655882763 170562
220383491 103713
553412242 140260
554906984 42327
471997266 119079
222620192 165099
556419547 34712
920603581 178925
425719688 148078
457247810 185613
701535349 34075
571882096 101795
154846886 76338
927461512 181083
438258806 61765
391523494 186274
340275208 168752
624178492 173139
499136006 96031
497784288 105592
291115109 119611
631268965 29489
920284328 35349
968453392 99520
488449942 190975
332148197 139628
734030777 97580
669303609 5198
499093393 191753
362135480 158520
929089356 192797
917678986 185871
295021900 128200
24171354 112529
898936246 151963
367050458 119281
203889997 182786
66612232 56619
179201038 77297
120001181 52165
336772169 13835
659598621 31018
267074464 159366
394877815 14223
20251521 187126
640709741 23055
736291053 69291
748923679 45116
834656177 126091
863493691 14157
374931978 91115
528930104 38869
62635689 140507
511564482 187963
663561188 3291
274342902 147068
892538522 84832
310507665 158353
25921176 148212
854748337 199186
970783471 65257
424860057 22093
25406153 164561
350614164 100285
616692922 40748
579058909 100299
270112126 91288
747914413 172085
393112272 153243
120892168 97805
739438876 58412
543366029 196388
380076278 77660
282336489 106032
720936524 164638
686440850 171594
888917980 97608
993831285 149199
585246393 49930
998402661 17660
1555809 148027
486872950 157302
611449072 116051
104283484 181455
931637662 160361
883521047 36235
35768371 3812
917117187 147821
71832550 197024
899556524 21567
200774408 20014
244901072 96192
148012020 191518
292827177 118103
987800297 132068
960221516 77203
303427802 135173
935103620 191689
164182815 13989
3076939 179525
765513034 152206
743555628 146762
427282232 8735
84541958 92673
179379956 104050
259783587 102017
140871536 9545
633390550 65577
673718639 37589
678665447 96573
359321787 52689
880474761 4173
259430450 151587
413008252 77294
553822116 153830
289501277 187053
787402832 199751
101364599 127999
388189264 53826
301774545 115895
928307814 36348
266424323 83068
449000878 32780
704634107 101880
585568949 40940
519139840 133461
10808675 158493
554666727 154792
373528590 173215
708301870 143142
521476256 143027
269210372 135260
142634373 37482
744397513 144262
529431748 14136
561273209 108224
706438393 74068
696452667 70042
714498009 94342
705944665 96293
970231349 39304
710395193 164668
442373610 101810
612856389 33388
935918626 104522
816226948 105948
700944565 84531
757776443 76147
305135752 67186
696109853 91333
34420247 179247
449204386 18120
56689825 102473
799311552 108307
126410077 194585
603539004 197965
293545521 41843
79110063 79840
819544680 8856
551736341 147161
507675332 82754
520092373 35303
218584202 75141
199244500 174665
242265627 71545
394699943 115085
900171972 101402
772577763 79360
608733164 132555
50995119 52658
93613815 79263
717989563 192028
664785229 24419
492233435 48922
429959385 58504
794949329 191217
317180129 29715
923705503 21980
211639058 63111
741225260 140333
474939763 96067
595287110 52605
797170091 158181
826516100 88976
355729538 66997
127960879 69227
249008118 61502
139103762 155271
674322514 187962
311508779 55932
648198691 109824
607078643 37384
146558969 165886
136762334 128121
148924383 86873
676185720 144714
483376368 174829
795515012 11181
913001547 22252
995185854 130764
50624102 67162
825500212 86654
549359226 172275
663803453 70494
929323062 91539
146123849 168104
329619894 51024
111258753 169198
540679723 23666
788122015 76349
359244297 53832
604739655 147713
659055711 68549
590322041 69930
83190496 110877
710008564 148947
665873575 7538
635062011 57335
775014286 196894
346132929 156130
942424899 109953
554178508 97791
393687914 25982
421232064 18783
868743845 182798
392787379 143344
165500190 138524
187517439 104429
684035524 177112
934114052 80870
812286066 80463
581139398 15691
627724917 35062
307225059 63089
113441255 126961
534534764 183447
625628748 67043
340538593 2425
853872517 7029
305719689 80394
792332380 87342
485859789 148532
18273022 86214
839555074 180236
334764358 79167
463593915 30656
202987259 148034
870237203 132443
718855957 142176
222608164 60909
13451367 114181
170923317 105772
594792767 11979
730826303 179543
949992453 106072
455669742 45474
710732612 63022
159014790 153582
482845032 115180
529938306 116780
935035367 89875
766488406 90586
745277298 44073
914767045 161463
77690427 91043
668218045 48500
854328118 90398
676563783 87011
587575510 117399
165155888 45335
789002909 41895
438614966 136780
684779779 167987
917909436 184997
585927975 118484
71221398 44448
929058431 122825
254412075 80588
102279458 12347
362388141 30875
987281172 27314
659609444 103385
634540266 129544
88705679 117671
703812218 148831
114607054 199194
871034350 26978
594982809 69613
890089859 165307
633628783 12747
342478524 4551
572399678 144152
202385276 97262
95049577 142626
414119496 24942
206525856 83687
709913505 15358
444351976 131528
936038570 118902
199984953 31079
412514477 6632
244820146 95880
346421259 169669
918876551 17739
170948758 121263
790057265 124182
475018324 37330
519602064 76191
403708788 133942
82100126 149104
553151634 47321
92756494 51600
479724138 70599
334560248 173032
380365635 149513
827238064 79097
911539065 82027
837572416 12169
372165929 115946
473581776 138748
916722247 52126
38178868 116515
420217529 96027
926988990 167970
906095908 6367
694820571 105124
514127628 43817
237934725 162188
963284397 108690
596230796 43636
207416349 163476
702778344 106722
47122600 187986
125284451 138935
787213196 13652
979026868 72908
586905103 188367
931547443 118983
317996090 84772
806013051 98766
834545526 89516
519126185 93333
813286126 106346
150736365 191872
515842731 102624
378457041 191822
35247050 141116
484860121 42770
657610003 61018
75687808 24889
593575176 176657
991881442 90061
220248353 12297
211229075 91984
739860745 123675
288115242 125146
185988427 74848
662927233 104360
944317013 196814
548106730 125948
856067403 119549
277916880 127949
214960125 71104
388133059 122338
145792664 104137
203062498 82027
817933018 115930
327993697 182172
59276046 192848
771332314 82029
205304470 106291
428468010 70862
576538010 69539
19593414 53103
283394851 124453
480308955 147703
406788317 126497
823909783 5771
648752854 151497
722432037 181984
132273984 180984
363984440 66829
414111408 198011
229723949 152498
756229385 113742
124966928 153448
593778081 189535
624607366 151009
102159380 149967
513086915 55061
887018986 112039
211770060 72452
525290935 196164
693276000 37091
527247576 75848
460577967 34591
920141707 81420
584178075 191658
735803988 115537
387577931 39609
699092708 49069
807368454 184061
377163693 52121
352457686 124031
807377609 181791
534304249 26030
256339093 136775
68338674 59694
502494475 150423
773954760 62117
286721870 59670
260422180 50377
641728018 27611
956722758 173278
562774696 11450
144969163 70979
439403288 39615
577460391 115436
24085230 52836
512853775 182815
84859577 99537
966122273 175059
780493321 83878
834052657 109405
851268426 58993
97385070 50119
501008712 155600
620882652 154884
299983691 156931
532684127 107381
431641528 71887
202825997 77828
19405428 167067
71284963 52237
958292355 96822
662420611 57455
852014118 164981
796613407 4757
2961292 184238
176371600 56858
76505675 107609
52311645 1344
484710520 98083
795838183 169001
523630731 184926
711829742 19382
536259018 95524
899623577 54837
982535492 66917
634887327 144445
859853346 9289
298916343 138222
25633139 117648
38831363 181707
565240821 25773
185194943 82288
670107264 171453
259306855 107983
169607333 107386
729360422 164833
600229430 131615
399224078 153682
40317912 9297
514873125 17429
164002183 151410
88629685 129121
703021234 58793
33567621 107289
611154789 109942
769173572 48331
487425596 159883
441181872 133506
311719839 42155
43103957 30054
937913949 110997
423412539 193795
829138105 78960
571755018 147682
202669286 83366
608524777 91565
118571453 30601
404280700 161894
254677151 197691
327384433 160418
248102305 191991
226972656 25236
923453306 118042
240478323 61261
56703855 118337
584545718 111977
207379258 166288
291639209 157564
742135179 86991
398672746 141596
639163262 146687
711255431 159243
558774997 33700
823376165 186821
47967254 31026
263457070 173179
377367211 143457
379303646 179638
32130791 119427
653330698 137584
965997102 3670
124596809 191548
720436274 18243
267492589 117945
719345219 132218
318815163 6600
879200576 164302
150910158 137734
977336455 131012
201076864 100567
161574953 192286
983127890 8425
155361207 55871
190679363 110512
952252503 56250
467642035 148693
794540194 139627
773769240 128406
208634277 163283
484852370 66642
478500070 145686
808121517 186974
47045123 187778
966257484 59409
793063505 61352
117924863 8941
747540807 190417
563630117 46099
424512108 195534
900527063 103223
117803252 882
587827704 114453
369290866 77578
848555571 197591
445856977 30483
132798052 119982
824318262 120435
218456645 20818
594629071 191409
562503235 66552
788704885 59485
42364148 198306
358306038 159173
594413498 84599
351741225 192779
182427896 13675
839155919 49706
787100257 20221
909949734 8937
545035807 196180
123799124 28847
643929719 123935
929438988 13915
262352660 90421
792855670 148842
753787483 28929
415447749 131156
750038864 110135
99437913 78007
73238492 159439
81363430 63079
686199379 18712
525814734 177739
751177601 39145
52821801 8019
951315612 109325
269390396 13812
496473969 171110
145455440 17388
520067135 126217
916844712 18459
337382095 105446
802040440 183113
95916377 64583
60606877 7611
64049919 138976
265976422 17913
483023404 55781
865662521 45455
142836212 107524
548453871 64740
151733885 121121
398517902 84386
642388927 71778
465880225 103571
989092759 5312
723683847 143913
899777026 48105
259341936 133418
970092015 171539
205309012 89279
192812803 178230
62320712 64849
749650984 120528
211273384 138059
311525291 2217
223379426 23111
801103116 172066
984475353 15509
660479387 128869
62707679 14094
863134518 78330
433680877 9330
631683460 87142
833420652 68103
667763804 146477
627202279 194809
258716633 137151
735835220 153163
712341526 184985
177977517 70144
178803750 164789
306446788 108811
660641326 102216
195790797 182718
708344929 60246
508982960 53053
582460030 134291
891248960 101071
150126480 55435
477906319 117317
749521005 110243
737854952 142557
580731913 93355
712490793 89065
826001573 124080
561921056 63409
570047309 190727
110541005 199225
615233137 125318
458377462 10667
380757815 41660
228013071 28476
709473704 10366
463536500 85601
888517708 98926
543495045 136498
7145698 127201
434084905 155567
227741464 153090
379077964 65438
342269953 123250
987601905 98750
875594984 83526
120952118 199622
919092098 12030
891842958 93205
584445148 192680
998249544 76707
884256573 58801
36052724 129300
480593136 53907
123847349 56787
254062519 35975
346565419 50565
731279861 103367
753779281 115380
579394482 140014
253730775 38398
872276524 40445
528538324 11680
693563871 155742
213047606 123624
369802016 76169
780388817 113964
109283787 124030
220164525 105011
206996356 152947
331086185 81188
278984494 95034
401160204 135128
892578650 1384
562176585 10672
735722868 169588
278236019 32748
885148661 72199
24384612 158121
833873418 6389
310689237 30166
959021 34205
221604183 42907
665613394 198602
408955590 25276
692568418 63685
325745460 132093
399480082 196661
340032754 128273
467719815 169702
991321918 5248
733565186 143980
65179770 44325
985487605 53484
289477366 176773
646636563 189017
400518089 142917
113428493 73141
402656535 48170
913266818 188819
694346348 194491
826732328 46478
270146382 112826
964232366 193604
134262959 190179
461751146 157370
853821076 143119
707558922 184492
995248035 167607
354642883 108145
899091836 98000
506591549 81459
639051592 158215
377739798 35751
413952049 136526
94417661 83475
904306440 152379
241406690 164615
511305552 36844
476755548 93283
329575840 153184
757014507 177203
925624698 51236
409990820 43700
615357844 135341
873651155 146169
231541727 123966
6160778 28011
661435911 87238
224540864 195201
994144141 106271
949397223 69425
575222078 44239
738641703 17882
789903951 53565
893675186 143631
742586547 10769
474976131 136209
727840998 174702
480184420 60299
952588649 80430
42518857 24115
145270489 82137
849976970 114330
495812908 4400
701950780 97262
491230109 30569
472878089 159819
172517873 47374
196348978 109862
144494076 6162
703579864 61984
205306344 45717
605368513 196581
682067298 129174
552452704 130432
785089158 54272
79495875 126549
319980095 144922
854797866 179743
54419713 110833
367003874 11451
107909394 125328
255595879 121244
322925129 147220
749689915 172707
189262529 131584
279080697 185435
718884551 37730
904571130 21785
754926599 64369
518370807 179010
476438053 117831
815576937 170324
801137465 189185
394612617 82981
603315236 49791
169477132 26682
646325613 85465
563984612 101842
577947696 22487
446412607 2820
169271589 184916
262080212 199625
249193182 160046
284156954 162689
577870767 107284
78357846 75042
690428731 82761
312857850 106001
718307078 71944
388198971 73115
287374658 61491
480565437 106028
730668410 189559
602982966 165069
687047429 100591
834981334 13066
101715120 4433
94453497 32664
971906503 137358
303237044 111480
31994908 13696
927463232 45167
104159665 81469
174346918 114816
874327210 152807
495992132 188154
140916048 121517
385093058 55541
47632122 41354
406037416 86452
551244560 53239
420232571 31760
184285748 103691
124534305 109639
464987848 190626
183397083 131036
994705148 24416
107786220 187715
492749279 36437
954630097 108832
844299888 38025
207016753 101778
421494107 142438
607748679 199433
321379433 40382
412906009 99809
248997152 42067
55334174 47124
979751425 47762
201345598 168109
577922938 120630
254020402 4193
527993670 39548
954541252 95043
530586359 110525
3606422 145331
632258777 13339
180381807 110802
444253713 178173
121526287 72620
589580197 114057
641562146 152352
349918784 131252
717007977 47705
824388295 51126
466127491 14889
764608601 75012
921286731 146920
928068301 51263
54101855 178244
409555712 145954
472429218 106994
193094680 93596
806292051 24518
812292854 173222
305311677 48465
371255795 37903
327813555 171702
906930725 176510
39977575 165393
779173547 10667
501620232 94962
522751176 94088
329062650 35978
470167711 128287
586887627 153712
72356485 65145
159830207 41316
766991704 167438
559920879 194947
619730594 176032
812813778 171012
437022841 98359
884205108 7671
668639574 952
933836021 141818
30765432 136775
520237517 71632
536649149 3847
969133873 183406
841451901 191879
406525150 72928
222718002 115894
505142060 90179
258228587 126596
779721594 3471
440073047 124147
717399691 160869
75570002 32028
904771960 104830
888267691 65952
867810274 35530
68463674 1397
659932516 110359
982946495 44285
86102789 141818
905663091 90872
539917219 181114
751485234 110642
371098558 98932
880423865 16323
565296663 987
177987958 41827
594462715 66556
383483267 126267
892210124 51449
873274882 10591
972607284 66187
539703992 107443
117610387 145848
130047255 192135
412404787 16491
921234817 51917
229871880 44864
162343451 147106
13877057 31188
570021414 93081
40929090 162143
957159252 83761
143798915 159247
584114518 36560
478412535 12160
388608090 26911
5934921 116305
881419476 46872
536055833 134864
449658560 6859
754619999 199151
980817670 32600
829366542 146292
69553876 122767
561415054 37116
306108394 87959
578453868 65933
541061441 25493
593153413 70876
733489664 192696
266883663 96988
483689049 158037
713243558 55079
510813249 103226
917671319 55802
943718691 132350
910452771 198473
785238425 36667
841126264 9317
137117238 197391
629760193 114344
848223582 23400
228584076 179953
936488716 166032
934515071 118222
890233428 59535
266396327 67956
79512701 46912
793353814 195411
945274260 171030
475123414 46967
468322789 189345
633630449 132673
295730640 28440
215006026 79999
868662935 125140
506993234 121287
514592120 51310
818744366 64152
51253144 35459
871858681 47262
127855525 151242
850775951 138767
267409328 9538
540312902 55898
118954345 71816
355562587 21451
406534521 8963
912125724 83066
488287275 25527
426527785 50075
93569743 53008
943289584 48091
265002655 95409
175603669 197950
58207321 54694
328325834 54127
929744808 91328
86712922 5830
47573639 186052
28225224 180333
788947654 85083
67380302 48452
720714967 42903
441087488 153766
591729886 163813
550216042 59414
159413629 144870
541337019 37770
159906909 168260
167654038 123621
217864267 113723
86530757 128820
785625854 76007
92296995 156760
334250692 31632
198663464 139810
312646897 74902
38992736 61012
290136299 194640
568299007 9497
459016506 32414
340986197 16151
35925204 3037
560498577 12256
838511301 20861
505993006 169780
749235499 105202
24643132 83372
332249277 148050
790688619 54883
772976015 113186
959907394 55435
669374425 135123
157305256 143582
735818855 48569
295802553 19252
863056097 20000
490373140 109309
895260820 136795
238852462 91391
231353544 37449
909814709 49074
773272672 64440
176067913 80801
791921952 73212
821176265 135577
257495371 146776
765104980 73505
171456230 54223
709516040 167517
997451582 197605
854033860 78782
679951382 10252
632175791 116096
899586412 53308
105104682 155641
355118603 138762
383430536 110944
898060445 107959
736931775 102240
864759129 109101
210659984 96378
182143227 61141
369359972 68962
228923915 6433
903142777 187126
329775712 148702
582940781 113458
875461582 69070
582518450 12034
500805523 40424
274252839 106431
322606728 187281
856407798 141103
230923645 83509
349487952 19805
602057419 185335
360014585 38184
450702106 11043
254109651 76459
627084345 9089
250286644 9407
724534803 112311
655496351 33320
122278112 70760
43474488 127513
684892824 68369
943177913 152820
652004935 132520
193501314 65097
910071939 101398
768094664 98913
394626881 182072
725526755 137760
252539935 95847
512524617 84496
727288307 118733
826514363 59202
516095043 141196
403984401 90866
226848716 193237
574171651 93071
949555013 124441
216763727 187392
346040535 90354
381069018 41267
572208282 138586
509640608 37439
542008552 180126
122817947 126052
469455047 72910
848474091 94554
510656599 93266
689271571 124103
880978771 77405
568638412 131790
651832873 127153
386668555 177372
737638588 38941
566454041 119603
651787890 178833
447476303 10673
973847820 6318
789161135 125624
283525779 74531
401334021 105280
128959862 39222
587415932 56851
346680463 28436
626659617 126662
22851077 138479
547747599 189637
191309732 113166
27061054 46293
508902515 92398
434190915 91533
339905075 155511
159072054 41251
511813131 60696
82495510 82487
403677136 166989
935354978 6189
129080517 100444
30532943 115039
292974013 119054
643035552 115971
708523379 161366
338751887 105930
86847219 34082
523070947 192085
372847775 157009
499234572 82923
99996045 141651
265062682 90442
923512192 157496
266287765 22847
329675646 21190
647131388 106016
390649985 133837
784149385 32804
253278609 178159
780846380 80453
923509821 42518
144233838 145507
666780985 94259
929868870 184621
257140601 76203
159874358 114973
515247213 74870
856377353 95701
166479503 192641
875595949 40783
823052104 42901
163508794 175080
402857427 167039
121947804 4779
187703608 464
480013695 19092
509798081 146611
980999662 142804
29543429 93492
948056143 153951
298530248 198961
657837929 101372
864376578 138037
396244011 12402
59850778 118926
217123837 52849
347507145 11232
110196569 33199
54080013 45967
72126089 67722
34785036 159209
144702782 155448
435606221 176504
383142185 57988
247438592 69056
53796970 147119
281197183 45640
235245518 69248
269562346 198447
716777990 11560
976373574 58786
487399300 4815
369658697 100286
23646426 29447
221377563 65472
243462776 47076
50100598 19636
276079765 183921
960374828 20821
968305538 26526
900746872 138823
167704212 70940
84611549 38700
22588261 48940
958098743 171538
297598175 136248
21652909 147478
653451912 38503
253200308 146290
652209595 10177
916640785 18477
179238848 79245
759709325 179403
239061647 37728
409626067 66481
253565557 54306
160553583 78705
596948269 34196
791855925 40206
105463330 109769
512751030 14962
43151593 101703
969665492 168372
13086213 94453
978742771 172366
681095496 61250
774023571 154476
336318409 186950
441316801 19982
654872408 171749
794003122 108391
962663873 61090
93029660 83148
397646653 125704
579787508 177910
858970832 50823
127452116 11926
262820518 163235
227937058 100910
213447559 183248
614907614 13276
133263434 163883
272307489 16795
147244294 44053
187903894 50307
487454716 60373
656826918 105324
496948166 52614
756894579 2394
122910034 120452
86632592 67287
311860720 12939
215362543 125118
390337474 79954
289032809 87595
270124645 110043
371936685 49549
92353220 92812
23264925 117394
897239394 169942
693495049 108812
936431577 19369
419489658 86682
778481581 89640
664112452 138823
620296648 31519
376825737 122026
568833852 188017
53683054 73565
8643467 178939
290123281 6558
542406873 193335
462231253 42308
362427327 26535
571868135 158875
620705518 9151
937860185 76969
11933928 37429
756720604 125366
939481816 40945
566063510 11291
465671710 80873
380375841 157042
823066315 63664
349115293 130736
489503195 106128
163501875 163011
178643170 146152
600413759 162067
259153042 87781
206739141 86127
336366190 66618
987222394 54672
889481327 78281
42184638 62226
773329033 190760
288997740 124634
161725057 10773
969111915 64849
419759572 138911
121802163 111953
666238287 57459
926372574 78568
950675186 117620
988282219 101384
93390471 85657
479908967 92163
933679455 172697
221753050 40837
299354240 44883
822642642 118257
442325406 13392
302533090 126562
505958550 155250
287359353 61461
486050193 163998
303069783 53323
507785401 169792
777766517 62004
782355724 174105
755378025 161747
337671028 58752
106918923 150980
917239395 124620
903691223 83288
247621311 134323
438245693 155454
161630760 192272
836494936 85294
301805702 135575
697166900 89461
435501772 132476
486616804 104908
943629058 57086
88621009 64188
694649897 10948
515803627 21578
644592484 100410
810548816 21970
898446382 68935
8960315 17490
681516103 58730
494793092 9113
951629635 129632
654534780 91598
405235476 167872
855801345 186411
901233178 35327
441991364 84624
797907104 182609
584488270 104974
215828987 164814
565638089 169646
256718237 109113
208188614 149157
517441293 149937
407507231 147967
856730936 107693
109500018 151216
31385777 143946
575047235 123820
503250493 159881
979562184 29117
435352383 164065
400157947 93464
686396567 122158
179275016 134649
246996388 76187
767931057 58883
658354348 193874
639240149 113229
747516881 15471
6903925 137084
444744327 157822
916460428 180609
970045025 153598
510913529 130795
328860688 65592
240089520 67389
16586124 108861
451439325 18636
8708863 82401
187393735 157267
53430640 49453
894945001 115302
831948638 153560
768355883 70174
647141937 120655
664451934 27821
820051708 114786
768422581 101585
654827920 143454
620260060 39454
484124918 120406
671901701 173055
400175915 148654
798682637 96976
416068731 36832
893205697 9862
23335967 194288
457569624 41043
203835431 28139
420373713 58625
412345897 136745
535415999 81975
183146559 20425
887377160 188241
308440823 118038
293592843 24045
987769121 20414
246478129 53193
928088951 81604
419533281 39872
718505887 167053
741382938 155559
681976902 22971
265842518 129652
632140147 169310
946155976 54852
787950262 3817
13369772 46340
658811170 79202
413151941 5014
727885759 197034
114916594 131101
119388464 196432
533068761 180217
113037239 65276
745005037 48434
699089313 22637
406854445 192979
802587255 42538
633289958 51494
804478833 61571
48980139 19789
116907031 192912
279962645 74435
750070990 42155
180537338 101268
633064836 55785
164474283 176639
706858940 176730
54191115 1900
495126088 121666
934241260 152975
186459834 50740
982406390 193642
616550783 16574
109325828 88265
976561328 118585
394576356 21931
745812326 57899
594182559 49915
91673763 196073
34584611 58918
361368011 167002
270909646 169764
885081166 129566
423658370 127976
778875920 69834
992884530 140983
488903980 35017
582666554 45333
16241941 82449
732261076 148316
576215955 49250
670427078 32703
481304433 151871
964243984 189527
403884304 123533
809181033 134651
847040031 156513
477705411 96740
218089101 30237
855008065 75540
771802030 142088
943046094 145154
648079729 101971
627463551 141977
30211004 185166
735047754 164489
536380728 117882
340189223 29416
900659700 194015
264161796 157402
712773716 22003
461990227 109561
946876129 57235
989771448 182954
307883701 61547
847914907 153201
568904552 115776
416152104 49826
171931706 128707
753992599 61770
717253438 120301
449618875 31622
635930946 184716
253830973 192897
93363839 103360
805663665 69110
465121891 152827
237442582 97157
212560327 82439
538841932 147422
215195988 173982
339734944 64895
3524362 139311
418403569 143877
546635197 175791
22939921 154388
643825545 181137
734754978 50915
62884742 87410
518963897 126686
458522836 174156
852513518 58942
927427280 77120
462032387 111197
883568667 147465
355556072 99457
588133794 117196
164277340 167223
829165707 54552
430906771 135083
211481537 172676
565232630 56829
773767113 58211
834571132 94208
300593671 166525
493987729 70975
301279409 2724
820733902 32903
636333099 15430
286751184 7325
446575267 197643
723525104 152076
122880967 135910
371949971 187755
454540939 111842
297571295 88050
721193648 82874
57542823 32576
786828822 167643
979199350 6175
515682704 62655
292756358 180318
833554355 118068
798537856 185164
417366973 4163
86665139 113169
826622226 97617
633538935 162346
323056909 63069
231068021 117983
165556802 81445
422632283 156665
471184348 81709
202292152 148327
601480905 110936
893370413 109196
158720604 111516
783549804 26332
852911191 9183
299493553 43184
750306689 108097
24198747 103996
298486499 48235
33117746 16671
683411981 175062
592645134 175576
306581856 31887
50773257 60487
157120497 199508
480622617 172797
813006602 100483
386064696 57894
42108036 86380
748054972 137042
881423703 5459
377043890 123558
352887873 175290
557965742 123603
960991826 164831
711600186 71212
55943096 17138
523452721 170314
628681138 153888
187968033 171006
195587166 154679
534515055 132775
924143361 99803
279984534 68688
66268831 81948
544475235 60420
959641841 14593
60642218 54277
751315458 184066
325017855 198582
689163052 3891
826763733 3343
533764521 68013
201683446 83384
174782703 145775
336228264 91242
640433122 103220
807491542 163291
670501191 82798
114173993 137675
339702158 9168
530060798 28488
999016918 14343
522111658 31115
150578637 92760
151974051 20246
956937116 69570
717302445 131921
493935422 40087
936822075 42673
542781602 112389
703801274 196577
411848554 17511
360521430 152260
42506514 81676
408076027 83001
967842868 164044
494917602 26273
576774013 181341
551089445 190239
990865528 112418
845375901 82658
885344474 171249
505415631 195613
137701601 4336
74652368 65428
687504494 64262
437738694 170239
202511871 614
862151330 71324
874974913 5809
941076805 12110
945863184 26827
69658544 161771
399733229 11578
133266060 170243
471896007 111200
457342583 49277
653170462 187200
631157003 51550
352603234 20699
855684201 7064
275871396 155022
482434423 82299
231017237 128635
79701181 81039
809490538 87510
309007413 105301
468948547 193142
431789809 75554
933836552 137742
590906860 50509
796845290 155135
3386393 132710
503606013 137701
989584946 63731
988854625 162519
747186030 13704
155687311 106044
301439066 77165
477010900 1914
407022836 36064
230756725 74541
542221961 116279
399278367 9301
620713672 156703
222289523 192689
678758790 360
443357623 11569
210890973 152064
249627876 95542
914026534 155723
896846700 4506
305088937 187663
766450036 178735
817673537 3022
50387860 23739
508989573 125674
641210676 101670
445755982 178074
157533759 16628
505722254 165372
574791805 38471
793706774 10965
870203933 134377
541884731 49841
882932843 162592
284444789 77253
636930998 194563
418844189 162192
870802468 85672
98817607 118516
176873915 11095
195057752 114167
994438035 38218
46260530 75359
709808879 126011
10898744 33686
525410878 39093
923833478 188420
203517218 76459
244484205 109133
208403826 130295
105155407 35835
404433349 132728
275227553 184794
304742705 152519
904784096 61343
950990767 140182
234912134 58100
619850627 38886
795469311 81393
903442330 166892
997925528 14717
592809649 179517
991001000 130890
584933524 75164
133956077 1629
7700141 138565
146567727 91491
458571837 128158
765182471 28404
983378129 80969
552199372 149732
435851035 57968
395152810 65085
533559113 174089
123790632 31840
349192297 6044
101447656 81021
651281269 105494
534499537 78447
638962596 177346
722280850 170384
886581036 102870
219417362 169691
221366711 38595
662779293 193055
859916017 190321
738637219 115507
188492181 138963
496563725 28099
803860370 17641
846740397 48532
899625305 55980
488881141 127995
397101672 75371
320436868 167774
825912061 170187
235917001 179354
871235497 129838
994057657 107573
731044885 141692
115641352 24743
524340144 92367
413809330 83978
167564026 167498
335532839 99920
458768680 24049
173098615 121098
39881090 49190
445075323 116691
249867147 191902
795982930 16416
116631824 27495
869018186 72598
908380918 18943
114801762 144978
797156834 153444
861963496 165980
733673110 78926
22753765 175025
948453802 21199
880323955 2688
890790540 152620
639077438 19353
377701552 131531
136733895 93548
944666416 62006
874976132 14753
528801213 64453
705854827 152032
611056081 97765
348842577 40058
37355602 154217
779163863 10581
141621937 140117
747915838 34290
467207478 98806
428451065 84634
958460510 122404
127397510 136531
659610062 29092
689342925 11958
679258632 184598
476661654 127652
690829174 129055
763825802 130486
471203970 30506
457874618 6099
34367582 125963
807614598 67535
543153320 38033
586541835 51389
764414531 41673
831022185 171031
3453536 198935
766778504 101246
834537288 12966
551722995 107018
714385019 124298
976689420 33683
978251826 136877
32789919 136606
997014972 74438
189172531 75110
469868883 124783
976235144 33408
209675056 110711
431849391 178623
830651239 128920
621261329 45944
924759036 70711
414170745 172171
623894558 51986
98588848 26238
320682351 189445
963622197 41601
749609543 63534
612282323 65983
204371480 132654
925289775 117323
58542214 271
940222239 21781
31173304 185920
506101949 15124
689070865 149088
550403937 84941
94202520 72945
646555663 36168
92572658 149021
250379260 38734
613904625 78890
505163706 184601
304242916 118443
484354284 439
204569063 141305
810566073 65961
968305554 48513
499642329 183378
60295709 27042
385064804 67620
273317661 198429
172447980 178374
773142072 4676
469229049 185359
641575403 160119
618573509 183888
352666232 154304
152141193 98953
560186254 4398
372625717 188395
497166870 111330
933728816 107091
220292841 148662
447264750 155110
84652925 102528
3979408 55379
600944936 127228
666649123 160169
62023799 170375
240806646 168730
362316145 92607
831228393 146310
841826010 47947
264667366 2867
868740196 156732
870058293 27815
566737484 113234
98769868 136790
553440640 160313
351991833 37925
336234313 102912
551112095 7160
266892705 162923
10393495 115474
931229217 102744
903610795 180722
612711631 37482
451826609 160323
137737626 23855
351036200 120204
491929732 167323
483302599 41115
736748926 91447
199838183 10287
624509633 1959
823236960 96184
321018754 24048
33761415 152520
219562521 19456
866928647 142677
633099516 69282
192653817 197189
459634088 193763
324429040 197348
444841623 17188
570858309 95434
799731942 174917
186715702 81389
493320974 66875
487474311 147776
581048342 50431
754411433 423
646648879 151028
402821413 124348
540825421 90768
299052144 27267
64610644 74674
579273592 13966
165887468 161020
810149034 134412
603166268 88751
102905365 23583
636948638 47566
380241384 178303
694045626 160425
920293635 109613
599615592 159745
387762193 177399
261291933 175602
847607049 83238
202730538 8402
307283543 2415
342477319 124671
243642300 49236
480422041 172093
660104665 47366
466542595 68086
26285531 91446
858388666 101450
133451921 172833
684685184 109775
885027120 172408
928474497 29219
523102746 189919
108035043 132934
226630931 11743
261272281 157777
943826698 89094
757779698 18675
997730671 60365
576433743 82546
622966367 72312
765902239 165420
162088750 159320
493100933 134822
787411080 188501
983826339 194921
215678115 195731
269370551 187921
630406574 94117
205566518 99104
671983995 115464
710343907 117286
952508400 92129
586624626 7599
891892646 29020
985855518 195386
954800728 45630
366518792 66042
760419907 25521
689560101 187300
121020321 119960
399079311 197802
774497708 73007
928200054 136527
775163336 131348
796289346 138746
68600433 132075
194275689 80860
278850044 21493
855172245 119172
601610969 54989
915079984 12408
320339879 112616
244667709 173081
150648692 152038
847676431 141685
276704331 136914
587293922 11075
936252310 145131
217917049 136655
24080677 17315
555522010 76545
181436631 15882
673733266 61789
502575993 34883
127029394 24923
2915201 4933
475309187 21025
471298292 82637
187619694 92844
825907667 77725
787877865 103814
211282322 54908
487981176 142410
848087975 152543
611056420 104080
859891973 164886
396897986 172804
127172234 129030
733267115 172403
131939633 27251
254562146 12840
845538622 138908
297575666 132223
192330966 16105
120740690 9593
219253544 126320
993525829 173039
122800280 141299
918464925 53683
501179979 53652
231144732 70160
886087430 140854
295899790 176941
512202425 90991
459405048 16058
381734287 11477
306851789 110178
106174787 97479
329191704 167427
855418435 166994
367756152 34757
468486589 66666
427867679 163380
590558778 104878
562635462 38347
44581283 87211
537733977 37314
497404244 162652
187877537 144323
957366000 162273
539703547 179648
95138282 144555
705527104 166461
682521240 51146
220176954 154807
742721821 41623
958410539 123295
957740033 98861
893007070 114336
55879605 197360
221871888 58075
279713006 144869
145964202 188634
951915575 4301
941459860 42188
506857341 136005
991826075 194163
875172901 151481
393389605 72083
693300119 51915
100330444 120581
709714410 5915
711124086 29005
533814890 99800
660552453 19379
339741966 177540
135177679 150515
706614303 167161
678617576 188505
221507836 108858
139684756 14938
733061238 190447
947845625 30117
635732215 121284
237566278 59463
363770954 59588
773545545 148554
345809868 147230
161149309 7316
968599544 173155
412590740 139514
405667790 194531
143873137 74368
68838159 146752
322244853 135279
264866126 139966
163506581 74176
405350809 198052
575946847 118331
476812560 88875
860188619 6199
755532772 108827
261099923 161489
205363739 56414
487632034 94166
868339923 125387
375283187 60106
438258218 47313
98618319 14177
848480528 136435
200079501 192956
264010485 84120
447029665 176438
345449667 164068
671627686 186020
949388528 138662
187756522 25524
220341621 107715
21851121 50560
329863745 7260
234979591 144109
490930689 198639
782204540 122201
336705220 65314
147029828 42355
364914131 97585
990354423 88223
572287385 171484
759030612 120199
252634818 157258
48676562 119728
237890840 156751
723481098 66565
979972338 87073
704122996 77781
10859656 89993
181390965 88889
455961834 52939
848608932 121936
242007519 34119
750858040 148364
11869910 91950
191391993 171114
116550738 196041
13305617 64943
101438869 57656
858115792 146757
906782707 58376
323707043 166213
427179503 179961
646170665 50933
269476429 171561
604953172 64713
272862059 145156
700610973 139936
842694157 101256
967009319 89304
19304601 36503
838565403 188208
96298712 54946
500700138 113066
84288226 77110
941555659 179609
737664107 159210
432200451 172116
911602526 173956
8502863 20061
908822878 123882
131989318 105915
271391630 98224
981098329 145816
735243263 110924
997960240 112006
718222725 125049
625918493 11488
283561334 156535
690546536 73972
346612482 117831
595662906 109750
980263742 123396
778225686 147575
474568604 49953
394782859 111746
372779992 113539
538969725 81389
307663580 160160
322408072 4938
730969327 154622
826412241 132370
136529857 123817
38003900 76168
337606718 48226
234202900 270
451043561 147600
905445607 145877
846891164 126920
110305610 3807
347128927 160849
488893395 52568
974524986 93943
790721811 128912
857557885 170095
26553334 61711
971682781 17960
989595436 71860
483204719 33369
325384174 34497
680218959 63879
561947644 32289
30299936 11545
116476414 99386
267015028 35974
469007114 23483
671183594 68071
995557686 47125
905743961 106436
540296866 188107
131563399 97643
769139861 42735
102760143 11082
603097554 41754
229210669 16033
522939165 176682
906709930 162255
324493117 174706
403613033 51820
582796885 78328
800781 188446
991195470 55405
819778937 28089
627137516 93587
642109617 9530
987119549 119719
331021012 155441
79557070 76774
906965657 70680
954623172 105507
969646129 50794
921371263 118326
754710658 178492
36579812 110956
542868619 85933
116965873 135022
407928911 54632
733507049 47851
230483504 128645
609077778 7640
110161648 185401
519266904 4626
720810201 106685
231398143 195745
922979564 110709
3848421 50137
812038937 15457
270627055 98597
67494808 150346
392158163 42141
933429329 10531
161113799 2688
608593950 187884
119048582 189738
723442230 114499
735171597 142612
431386528 33576
205119621 7838
297717820 115539
960488843 63551
123778818 88827
146510250 152007
12779747 178628
556374887 56249
309647876 106194
876805260 33982
867583968 80261
663516116 141612
975004763 25939
931322649 20921
814715709 163896
382371448 1322
705570512 35354
814530278 179511
5748383 183218
17997581 11674
802048695 3806
884887469 199092
843133593 132215
355159882 187346
606113609 20182
678751884 79291
147324591 138706
935498617 182103
225870182 88478
27426194 22389
669687564 142232
846391194 138665
339994121 134618
339240829 36558
16813772 179676
271784233 193315
901826455 34924
219378755 65609
198403302 109765
147979669 71298
641910181 113505
73561266 195711
781874715 102064
281863504 153374
458912641 181418
96461186 135823
57423527 188180
735894677 116007
204456763 101532
587214887 10278
672204902 103061
784634546 149568
792845696 172735
258917582 81747
70995036 19856
679916022 173570
368547634 27256
599285437 127672
982822081 125214
117383893 182243
853978372 56950
243713508 10770
997354993 95680
286222748 173098
836651212 79135
404408604 156724
307838311 59597
212070305 3477
35254243 63686
513640024 41661
28531377 108200
94360831 45694
504210330 88627
902855183 166307
117224731 15827
560814287 45643
862684718 135269
606727278 4448
384672179 89891
430698000 19486
608461223 113049
949530555 31913
881531470 133456
494047710 23487
527384615 105045
660914371 193330
21566384 152319
730537756 98035
938997601 101694
967727545 45078
724097682 171782
252431469 19569
143286516 5627
946440041 182480
414574959 1395
547651066 112175
427172306 46522
129180622 103587
383807534 137430
994627998 17825
510486063 32098
566589661 11504
89086451 91520
600616258 48252
529980490 65617
207151783 44231
324028464 66963
761470518 136650
120663661 89439
152205096 158422
960056798 112185
604522331 199090
647354431 189115
444355093 54212
513303837 42706
339781743 76021
6418112 165308
906713547 18292
819322332 165386
995094995 170281
683536523 50960
369354190 107789
296332337 48781
93436180 182844
127062969 138928
261085890 76281
349056032 122495
15499432 89110
756365983 125475
637117324 73704
902737087 9266
405963630 58086
741599784 188818
899718466 61914
166233209 135423
815187486 194185
760703666 111852
736046869 156421
317940 171023
365630396 90852
676023287 178849
829298160 94616
347711435 1978
193119169 138615
437760610 147648
265964076 128240
649095904 39411
795052450 20731
764696807 153218
323485317 86419
974287962 188306
805578239 193876
973936566 25393
601817197 152877
906138172 138840
5348449 153736
262402217 181784
595847313 63863
218141206 40286
373279802 175483
176533857 192206
128684672 50519
6399983 160974
703646536 164020
464391296 130263
980512292 20349
380774093 74289
186598353 70856
682096128 163005
615650504 161955
148627981 153763
493156293 66536
418599007 129410
808704459 127596
952428750 171704
241047832 107387
357449225 24573
826078079 35631
831411168 55200
932949796 158846
659773856 89565
658307182 23538
831958647 99319
809214785 166106
182038204 50937
44522686 156384
611807211 169344
141086266 113529
420150659 66986
617990812 160368
941948467 43770
528597572 146456
944620762 144496
95875245 70529
482857588 174835
728881114 150513
396415233 175786
731074999 32959
986289207 163530
211950655 181072
803427988 19048
144005670 69345
589669181 89481
762517619 31827
301141503 82581
367915460 81389
231518445 67324
400940641 34697
979558100 177059
762280301 112522
542044223 116889
82188100 114041
52120936 55760
766627151 125283
100899764 53809
791551072 118235
733993521 189905
869004418 78265
865055474 36389
117543001 32411
87990751 165874
559923372 119458
793205833 99081
106111225 185620
74377584 145707
189183126 137489
201834956 78361
197759906 56321
170516458 58507
475746464 19171
536513475 169760
440268103 166400
721735991 64115
691050162 119294
947945395 47091
890734557 472
496073999 129278
359376850 79665
835666286 51252
568037097 163955
791197742 11327
877758096 59269
789619458 50073
715732103 146565
559894053 73132
457089004 1246
38683522 97510
848671902 115137
714816280 47630
147122887 43120
159290364 186400
161494510 33221
256997849 138936
922212694 146474
546630261 150316
96945337 69526
74446246 162298
712622679 11388
924248632 102390
872235053 59468
95202102 161176
988688636 4670
935906205 166239
962335216 145308
170373065 183348
201533679 147966
889037610 55743
890961167 93540
675530554 86940
408002799 176372
315857927 141423
931718020 99753
955373935 52936
616372703 64244
462188185 132244
71658733 70829
728247362 23404
925400885 48074
940106086 66122
8902109 184420
465014617 84443
768584453 121289
108323697 184705
417906893 161823
935596713 6177
822566926 29016
401080817 193384
847555656 129339
246441771 145202
160866500 90202
300080827 126393
666509068 113613
768941910 187287
548503099 160683
31089597 114255
601608404 179195
303528300 139467
594983722 176533
490972263 156236
871901416 141336
286652318 16773
889732417 94319
1715333 77794
302030662 28805
338459558 25629
813824095 64606
732162706 62417
592241656 101483
999382354 147044
962457237 4743
780793129 183483
292179282 185826
214873785 175662
432572095 184174
463577959 6461
174581834 182353
981295133 161134
779027025 139461
344643905 139881
615640269 190569
872569532 26953
875217417 178870
468510709 21986
505497317 183387
199190132 180439
227293240 103934
728119347 119357
587615235 43760
286571716 88541
617573782 150965
773078881 18067
701113409 55815
767443989 70886
582944732 26027
900356740 126139
808972357 96261
272560444 78550
649051377 70941
50372214 95536
656117481 35058
932156031 157106
33610411 63754
43527509 198700
498644205 17309
630762048 177911
566191303 169970
926901552 92697
6865951 116794
525918279 66164
183820457 65223
422280700 168771
66378267 188210
264907738 45934
49818669 59566
141341739 141699
847766354 15344
996229863 50185
122208855 64067
900993698 75695
362433944 62733
123662915 45102
512051167 188753
708084544 171786
896750184 147692
857611024 106194
618750945 191547
544900983 188179
173279518 171410
516114378 42272
281664085 96973
45731089 34128
862211632 31662
971359894 191533
674021476 11533
817179917 190076
847196596 32225
99433329 57354
480622056 113473
562146689 144259
105435695 198957
351690420 108128
61091681 145628
601846087 59021
893217977 137152
804147767 15595
106443789 110482
488122422 121046
143668222 141363
942436739 83226
825779130 107760
478676449 198338
33644873 55146
111985875 10840
283938184 46245
709021999 3624
626875757 112399
914267648 160241
468336750 148865
965531225 18454
38702244 4586
377405306 85910
471372101 150572
102927567 134618
952650140 191152
785423913 193827
263063356 174097
716207046 45273
428619499 129865
911582365 120395
947918373 86037
874736173 134506
575125729 34241
809473592 132462
323995494 172868
861743658 164051
535866901 26523
204727311 127218
187553710 3090
820586993 155396
202950843 147527
346808705 104300
707100309 93841
405818521 124295
659826317 103653
779766025 60946
506467737 154453
97405972 65140
432658696 90338
644306821 62466
713512441 113051
549313306 11545
286242720 162890
316736753 165405
940681704 67856
901480271 147609
285390917 193274
402630764 23727
534834289 61586
355657208 26314
736935983 118460
288719794 6618
244585081 129678
249223544 22008
272683830 72558
65480507 71364
974434416 148259
901473531 63806
854855046 86434
447833499 90498
813400373 185226
163396061 197111
345510056 193924
143734896 79526
491368549 164400
589631213 189645
925959648 92590
24570630 6398
654160994 25625
956431457 194843
382506250 121872
394952206 117363
913904319 58201
717401278 127689
685474468 20364
23840927 140303
820230692 3943
287998863 24926
751656852 104584
244420160 54991
549472826 131772
924612267 101708
569430908 182754
122486116 181892
65892453 151020
754504656 98650
87866583 128183
117263197 22617
992706070 50686
841145101 133086
688560495 63471
513768296 190380
582680558 102037
515843985 173857
396407162 48187
930263306 77978
893405513 178405
708567398 36050
900013379 171776
220505444 114386
562780951 136878
948971917 151730
208807348 104071
602908592 53012
933071080 15189
701421675 180801
749170150 25189
518440967 35059
452740521 160982
292702288 172066
445455127 100250
57570179 11886
183705770 180846
238661841 4053
572504128 172083
946140282 197417
323055565 78613
827717274 76880
35265227 2519
894254187 59965
950160526 34476
400473283 37557
973374839 100735
132947283 169989
698015301 3054
552176729 31767
694828936 109951
600052509 194498
444743945 143995
624515518 75930
625510249 65962
856603704 161114
267994088 81149
554069397 180097
974148242 143384
58135482 134214
855023879 172110
915420411 32458
507383374 134137
151130012 90270