54414
687041809 63425
462176868 69423
170108208 137617
638564262 112718
847842822 383
252672441 175763
443162916 39247
967385948 92089
804107134 98259
49159645 157879
346977883 76920
725002784 185305
594881656 58396
761270793 161716
449837597 17180
320380472 74246
175265384 76583
730379356 121493
463340023 106535
197181113 24358
207980292 62035
869606938 116516
188506835 23424
217395037 83625
868457541 109329
8115457 119003
156309001 183100
370022597 166870
359428867 65887
281542236 108493
186060858 53971
193502403 174958
136284527 118745
157304900 133016
358701498 114167
47400226 49523
103771553 82080
465863040 128710
620722964 112859
315823150 111971
140802622 11226
934818458 104407
905224842 190537
164246974 111201
25256741 152236
682436090 2077
937799779 80331
209200696 136736
759303904 122718
452232879 105687
652031299 89412
861600985 177360
101864059 157517
724044511 14777
86603679 18758
339309703 29493
19613402 1741
833145026 156790
891582911 15591
825265989 193318
482810754 26762
763816491 194586
152514102 183836
338141912 66622
898610585 14391
908327464 121118
22897952 10979
938863222 68414
894769497 74225
747590692 177017
839613431 149403
587638370 172775
465943987 99128
332699911 53348
408690281 179986
276410552 198498
480800300 65269
890652388 120993
433692739 81128
353436128 17355
456967898 126287
604850810 8796
465959634 58582
979866941 19800
638953490 60454
878495262 43750
423562649 134142
755363116 151915
543405433 13047
347509474 188898
110161245 88110
301649667 110645
865123478 155442
256126463 66460
10662186 55363
57959303 22090
125714635 89458
635164059 120832
881561754 1378
642394144 123842
745858923 168212
627082821 130704
730591330 112618
785111077 145230
327453142 165879
712865313 197954
182078863 48324
545504640 84828
636048936 61921
17230789 9735
240653892 11951
384037386 161582
885738164 44567
373514194 62116
454750128 82653
799489864 110173
245413817 99671
753432179 195832
317298688 109916
333399199 128831
115065335 119066
583725111 174480
383215044 52556
303589652 108691
97399592 89334
448151368 63838
503800367 186688
433260670 118029
479289813 122933
948601076 143046
229174974 27841
615158946 151451
615210214 97912
938306600 24701
422832674 133385
882924227 144946
7823132 61658
540449360 197029
192321016 134599
671320292 109072
51516174 67362
795653947 31783
669966669 18237
220199737 134038
731149691 94555
850728470 128911
911687517 149714
725908577 113878
646173632 107392
668163043 64402
241565469 161168
932395156 99271
921867591 143802
632107775 140924
777849244 93936
787600031 19310
743597338 182180
871728672 22989
692206737 147347
22621505 133172
247044198 15680
993660674 86108
131178137 126731
557917606 117707
648867900 31506
97574962 47984
111686398 12758
467021818 72842
297490988 181041
600579067 77621
395218924 22376
13021747 171109
25690269 77277
219358734 44803
318930968 68481
934345584 169214
812250026 106498
549247504 77850
814372176 22452
208873424 103687
35454229 122811
394347648 60068
799256267 52124
934138153 2778
607059223 34278
920708859 2961
637541694 148951
196345437 140799
562648096 65219
592911765 187437
782170978 125271
771784530 149453
773265302 110108
399381769 149114
112899217 103130
492214142 27080
491441429 156508
247883530 57846
94237667 161362
407797165 98242
436116461 82383
133762603 31460
652180597 182363
200364114 198818
467930674 186124
526790505 56142
162788200 149802
173003612 43108
787044866 55168
981388173 92350
506115079 172005
807883213 13371
671897492 95647
620284202 173087
774259683 38857
502412185 134677
582264349 159955
62794287 129508
22565809 98140
134983750 6253
702644927 82824
294097477 52005
841900326 17656
988347726 35246
604239631 89686
225545887 135566
77117023 39877
109079514 16242
762339442 148002
107691447 146931
359041788 91390
995795677 187202
852247734 140504
585015790 104142
190441837 53975
558978209 72986
70456859 178488
730190226 64485
595408992 96614
368181178 96563
354563275 123565
633185049 97269
572959669 11066
161274822 114353
862520401 91067
624905533 156833
963442022 75592
847875643 108687
819457069 47083
966332682 171760
510888291 34382
518238301 137675
8394637 100547
406067593 142570
904101136 130214
129507300 160981
922287980 66249
497906891 140167
670203332 196427
71986816 57430
779571291 92816
556585916 171088
682955819 35948
858103295 148713
617416076 60317
717164638 23814
578233671 59588
484034612 1587
945660398 117072
299159444 105562
700706093 11685
122893656 15393
96351474 64681
763074149 145218
636064993 77937
707138448 143650
265810850 100917
396998539 76869
988294064 61969
831987202 170959
872180425 90780
450351738 102898
713073539 132729
655046384 118793
34986425 166591
762297397 117046
738491997 126783
998583335 25075
116332503 59459
54468037 77277
166341686 187647
281171515 68516
436009666 135184
925238603 9700
415320876 184924
782957846 21663
981618372 33879
913912325 72553
732604771 15496
506926578 92686
379110741 130402
211847042 16949
645936426 122515
606113403 68011
286371203 138881
926153153 93407
454251918 55420
845786448 46012
450127684 87701
31730186 182201
49771714 142745
732766813 129494
208758026 45784
474225877 179718
157565319 70128
204027021 143854
875841687 37906
651708397 186335
867445438 53739
134454532 139024
938195586 116351
82169605 89844
218846151 169453
339324206 112139
112970058 78783
806078772 88585
430026058 84099
198897858 187729
868593198 43559
709479808 72138
696371154 10714
572655805 174170
888818816 35989
699184726 173489
411224510 52457
62633334 149081
555274510 32796
313847280 150636
163786671 139158
868214791 149948
432319434 53553
993700820 81986
574306402 1504
389782608 19147
515974018 7810
666373974 193284
950310130 10518
992351022 172464
534312767 176197
969537431 81568
673936924 64247
114444506 18175
789349522 57746
361532337 60645
245576518 161511
353204859 43097
568939165 74859
593267897 111061
341242959 103925
294058149 95700
49827331 168987
120301042 141268
77914334 90158
720478892 191156
111185313 179445
785134414 54007
318454385 91411
360384280 38189
863272887 27572
391577340 150258
512318051 167194
641885416 91973
67320588 135341
669231682 77170
339898208 11008
590269173 43034
626782417 193923
159458127 171412
846551996 85350
568306078 85994
683499640 119788
864502794 114284
26005831 140068
829917238 127285
14460302 57289
305726756 106828
818975496 6387
689095731 188382
233098981 170357
864705575 24008
242646394 34237
212198588 72777
606330947 46519
460068984 136739
995974525 113638
420037467 44260
881665330 60232
546375633 83435
569032996 53392
78794611 56114
994262922 126080
580827953 116902
715631544 49333
270741994 70556
149355058 138628
543868099 123619
830222173 133121
984099098 24686
76473491 107720
398455336 157164
497959650 113056
23754132 92110
222484080 130008
766653570 42414
867456323 170070
824956168 168985
122593697 152421
577668101 135218
88970655 161927
628951389 154834
946937293 132494
192216679 62040
404605962 47843
738381488 1672
284984281 185396
851675837 103709
862415944 116748
157033536 191586
792881349 53215
488522979 44612
863119656 151975
371210907 21150
465467499 113581
589756693 54080
781523857 10537
819738187 67045
354888265 98841
264463708 161865
988828192 116015
593393810 9284
861309485 157956
33152605 172488
6205341 114701
188831434 124048
667445193 3253
757143527 162213
963825620 20482
410012334 81877
581595000 119619
679831259 13702
371035082 123600
698094949 60915
750500885 137268
144802456 191437
741608111 134804
394052356 59357
432798118 29516
645595761 161663
261965230 100301
364045997 14330
183889565 66906
339006102 106816
507885698 169122
45229443 12903
698309951 124623
301717380 28673
187465863 119854
841146680 161399
966821410 27787
130157264 37906
428493679 88271
218045950 169304
826591973 25525
451421574 186794
122941346 8318
944394476 37003
719004702 108968
910369151 131755
938872488 71242
566629464 175
351927148 164190
123754600 4146
657412428 126320
56273891 122591
840151138 55119
198808754 54393
416878380 74643
549067247 46761
361767774 189796
28793122 90044
168203390 4194
881789356 68473
227462538 65707
432246369 62427
56073258 188040
489999228 159781
468209869 49108
530335626 47269
382113837 178608
72263031 178377
128894812 103871
902002902 70770
494265212 116292
378054735 31576
484360834 39633
390641062 58624
693916352 8965
603489162 192693
945065074 184232
456085903 126257
819232202 35311
379131440 59445
718627369 89166
33258078 121118
868201980 155372
529507225 190582
768524929 42152
439389941 177844
679852922 134556
295419224 177077
745367081 76955
17082455 119783
20850959 129603
265398097 107337
306281341 8253
817167175 76002
659511675 171527
516125484 47750
893693918 54495
888183749 154466
668940456 56321
348198708 129170
340478587 46879
741896227 190826
793615555 19548
590105630 47635
982920888 22969
480238968 73226
896576218 36729
146342248 22859
5275967 61520
1824538 88835
739425655 60838
533255732 66583
720201634 79944
267663516 186648
185195026 127006
655682641 140829
104065594 165617
55844602 113605
616668944 116323
679586329 199378
985533709 97128
511666126 899
816970361 160900
954761173 80198
780668258 116953
498300547 117427
353996688 79001
936910386 169213
23985399 123573
705778041 60740
279067916 28980
241622400 42364
62219074 35481
773419575 4125
774643708 115734
179110256 85925
318087946 63009
382043285 183470
432307189 173090
544458960 196909
408955088 53784
167657216 38949
565143669 87768
375982171 90003
31410023 121006
572363346 25863
550955184 137439
631398140 23279
378218565 58268
214233710 125869
155736088 20421
894368943 16706
807828871 59484
97521523 170224
504095433 25663
869405154 92040
735305161 21468
643570364 123821
420497930 80137
863386677 65766
292477476 174101
752800333 155576
787527545 137317
331132953 72956
660752620 182360
964476749 86443
151339446 136043
874018482 179912
956303316 40042
914032453 31890
22821249 170027
976927326 197094
17653546 56519
993202845 72289
637851496 143316
209593650 58267
574042381 135802
991139567 121854
825070763 93386
622820760 77950
679645152 27044
417509567 4195
836813302 198419
160252668 50393
49438542 19309
512591701 151435
421813587 53710
694574489 136605
326950701 74653
826044659 157110
786322284 76737
527621827 6354
393690964 96259
249899180 26347
447648416 196436
718384311 56160
938853980 91220
200907375 45177
782705058 185089
419713931 58767
7530417 70517
297757915 113498
924073963 129086
971189158 121401
748719709 149022
673519746 104730
757631013 95967
934864370 55046
585313448 40599
196326037 49147
418310430 16128
883566793 155772
824019045 11939
167765178 8669
906593372 194931
611163705 198927
758874837 42227
558900806 179195
574006733 57358
293438750 192938
547681522 37822
926166722 115715
118827336 54823
867115075 171338
35834950 22947
991953908 83888
726702245 76027
235454490 193921
761521544 31893
156115041 193101
554952825 142940
395440826 57703
278726793 176953
833141925 139389
52021752 100240
134331930 55543
218833260 111298
739842599 67877
337914519 61908
75747739 110671
945285063 138526
153208496 178398
166852339 183630
488490713 24344
575747155 148559
719728693 127969
982938103 131707
252611218 163990
690220366 150093
910565548 136437
962768983 53378
879948873 27307
381468561 60474
740631803 92760
645775571 15403
235178294 129993
394675265 125452
349351472 35079
485025998 127272
875353562 122365
149597018 149640
82911311 26546
817630671 5405
874025797 55907
880281561 87857
748274760 11576
3782892 62756
31934385 103994
980656085 86236
322463559 74350
8690979 146513
599066311 177798
762988834 114672
776272437 12173
586133631 55148
436923432 168494
315915002 52970
766467827 101492
304417602 199914
723780141 158502
86267561 701
969066196 46263
759779178 151086
1660466 78372
920721223 89463
424296353 27265
859185547 190845
578395038 30421
450277167 150799
444966161 80758
939664082 42286
883536854 74065
467372616 171731
101990797 154719
761439733 183757
338043744 183139
714597229 139370
573391092 22311
49324829 68557
705372024 30900
863208204 95039
131874045 107052
127071676 58173
468250974 60077
509964158 189898
235749885 189111
21373593 177168
692557135 112970
621721171 176464
527761927 195376
563695311 65313
475107347 257
83484271 1607
909577512 191354
301563273 186876
708986689 195261
878819568 193301
139296685 191641
966647721 37512
5045695 189353
219280772 41374
921176373 164334
376855409 8511
879445917 93486
929045496 194495
763856005 131109
333992877 12638
414847743 41434
51715654 92807
392378544 150745
265418780 198132
226607413 50419
238465152 43600
392830196 68812
893507366 97304
448045239 25221
475704129 141868
448200067 92974
784414665 45313
272194027 44826
203046760 78948
294841449 46713
40081802 115601
871057689 128120
648960766 79893
226778338 197329
360883250 117497
10478797 33131
574995969 151988
125423917 30547
235907917 9390
121179665 25298
376674867 92225
708802189 10789
927612393 181469
842935006 52103
358367599 147151
336105557 27502
725021954 60860
611462723 118397
614180332 126174
222655924 162414
849095194 130310
556347514 59264
214045832 18611
315471928 178595
107844084 186899
935540191 104170
840215073 175393
405645993 60847
249882533 161426
535859210 54109
842913688 32357
751358136 151391
524366609 127343
757641049 23989
357908711 32152
740419670 9566
619907651 146592
166171316 119865
117380338 92458
561408988 76298
975418645 86630
559442379 102381
831506154 187847
300529044 50530
621388648 41784
504380794 1751
988104337 170689
420457005 177061
493296857 59530
699422169 109404
411468911 100943
50001417 121399
316987709 123951
196779785 102993
69141572 150668
527896483 76505
148222037 131504
58592192 137006
515629118 101415
625706260 104203
757476684 136821
667019594 157861
357814883 114809
192782061 46555
102675075 92119
770907426 81813
679216602 70949
577819714 189371
701589223 184821
324587873 10886
334147998 94082
866750561 93517
863565507 5984
122124689 150484
427359806 110055
707738400 27618
683947061 180768
340840507 88068
362706407 89629
776233922 56115
814251839 14953
738145027 6866
526474513 175874
91141830 196983
383746422 93736
239577610 159257
146414469 92434
513184431 29671
423804090 172054
926175298 50946
732933849 139768
846453086 50197
411471616 90663
949794098 78843
598034403 28734
978396970 149042
176844626 37433
958139201 5912
240518653 70590
342470178 13161
105649852 20759
368076005 44391
318140527 160190
207927601 110063
780669256 32829
94810431 121717
431307432 197501
723525934 147360
872468677 136659
854775573 194972
713461040 45101
670584978 48498
533874969 178528
584062967 126292
482950099 28098
496742677 90489
42695549 123830
920208112 124522
807117923 179066
492243730 54545
110097210 168264
370968821 68694
476041995 135387
442115262 124596
572524953 76156
980115307 34693
303960461 29532
169058236 51596
118852442 112507
846283053 116949
697172631 59933
976097188 125067
301669437 13517
160073775 2348
645865553 42130
26693989 51303
821054039 153068
750871827 10273
985755882 96487
845538257 108867
913733307 52502
238409669 138886
6093370 49185
570749265 91690
865964591 97337
709404211 100345
962503653 132594
791646592 15806
891402584 188806
52925991 175717
429663501 69923
986573612 190682
343276900 151979
927825529 100238
657075689 65622
773143793 44092
952266210 3792
70805811 199526
449082212 79572
270303685 106571
807381844 13217
131019438 167021
650525987 71035
189987555 139182
732512568 54251
656125653 187835
513161129 97115
383813468 60090
477322420 135319
716967445 54328
146540401 71590
202522040 12465
864151543 151383
187672362 76522
180897111 31402
648300421 28307
53728119 38371
808692228 140649
546756966 24277
172101562 179311
707012691 71635
461838099 155386
230868765 32692
829705912 64662
141407074 170460
67557571 50307
573705809 195331
38888393 51846
539919815 76003
371310543 97687
114842845 147614
805703674 72529
929238562 7628
931120019 60555
138452733 46586
359317477 23446
624834973 12051
701450674 55483
687455876 165831
608832083 75915
551230785 46161
515568841 190522
950699959 135214
450415817 179181
916551079 106389
869888561 163025
723385107 78616
682581386 85431
340019938 115220
89661521 4998
673142331 152049
798740145 163750
942500897 172777
766831122 38871
130823187 38493
375999411 36004
959643764 20436
431686460 13591
529726807 105521
175424522 73165
302951102 20008
562830561 39192
170899348 131199
669795768 134080
497690326 175835
350406722 129856
970813333 186820
386147599 31013
849292392 121529
662513473 98965
857706460 138954
322265805 36066
698567737 84230
95889230 5481
827197260 24601
954438856 164229
789121356 105515
762546247 30828
414549701 126333
330056939 172974
969991279 62274
503912588 117279
445033139 119368
627772955 58252
465987118 94602
989794460 20755
616839841 151916
109021717 114658
169455767 193449
300142225 54707
300920302 51446
23540953 7410
130351401 127361
228071780 62796
43213160 77104
933765221 28383
3474575 142417
89529721 7226
970436988 164246
791567971 178956
448924283 60808
600675711 157298
706050269 41436
325125354 177054
500737169 139196
538047552 44829
800261254 166464
112558701 60432
737770858 128412
453513010 61951
529599011 61908
638390800 118112
332107266 95220
383414624 145537
649043975 127871
158388127 43646
312484568 167106
504108356 150901
463152063 51165
805876706 142080
544219987 160891
234643670 18604
406447363 98856
894187316 51813
936789809 71993
857822952 57448
764550841 109005
318305388 40610
720270652 119455
967836621 78459
657917506 120194
956891844 133350
706184252 167263
1875744 103689
667516091 25026
325812526 82837
92065421 41289
819337556 90987
918672032 197173
958045949 73799
995702110 183827
943664901 192905
456667130 68525
243740827 183725
787135988 111746
235464511 56693
384818113 51949
157572286 139691
305678439 7012
400261226 187162
785058022 192757
66279713 63300
380936658 144025
893176487 134322
43021432 47864
483534874 105939
501975649 115797
39449651 116625
746885463 148088
824876945 137692
82494884 22078
364633777 166388
137388147 157304
274907610 11887
826493097 20217
729731918 196544
335796768 167612
922320491 2317
694755837 176579
137785482 20671
963928996 100425
532130378 5187
855448960 82765
206578933 118686
853342418 196160
913172830 187965
947024549 83905
103964786 170908
78348738 106551
493542926 43445
183614333 42330
770401555 142993
345823478 51719
404047979 190896
549042739 47455
251346240 117787
212727805 164281
797927679 183546
747067707 10652
32979620 198058
293347095 23994
894310267 20289
157559249 16379
293298626 103141
410571193 409
306004049 91943
74404761 64591
584037818 47953
695826601 80640
55207467 44562
659687050 92804
323658090 171369
275895063 6578
611031481 127160
133321336 156222
239391438 102644
847559076 69163
777045555 26813
823839676 142296
315061490 10838
451325649 26475
561586763 53240
775393175 71685
628837317 113494
998559241 61330
9768655 66702
192632037 150555
664758723 182251
317780975 91043
50181882 109393
955739464 86052
233734252 103801
1090728 187324
957816539 148758
61504007 57654
595044640 156822
604594901 127069
732032559 70501
776097036 141890
10097994 38532
904190691 156395
217979538 186897
105132928 20658
426032960 80571
689945237 102267
73257350 185370
848670267 168155
782657379 103641
869413352 5339
581877134 23754
447268029 164264
66559098 110713
328223228 36060
927345645 98756
887896383 14498
762643940 125611
907097203 150767
309830730 147937
552143802 92401
726190708 189560
927765207 197712
656251889 155895
55874562 163439
442508722 34838
250515085 83086
264237165 147917
637618957 14683
510993638 148668
701660185 56987
250970599 68483
401370485 133941
245840449 106951
636494049 32846
625012379 152252
93674914 16657
841299055 40756
414758229 177190
918728501 92812
798032897 9642
874889318 108330
263824684 40165
205735581 42055
521205915 11195
816556999 149130
558634003 178586
155880189 28597
853465451 12126
954372927 44695
248584194 29658
556466097 137626
363969859 83776
30592449 46119
169159279 4877
944133209 101659
808726604 18135
959642926 117463
795679499 110475
632397313 49871
966057901 6122
885213630 89242
264640119 105256
797065500 123472
701529151 196570
460865501 144304
701176399 157061
908761790 199048
501230969 139675
747923828 6316
418880538 62130
237400833 135733
848984157 77813
718505390 45266
942129065 22797
59894003 92551
448689055 13323
338176607 18045
77849945 75805
888639016 50079
78600847 148853
516170541 109675
120449964 6532
256426105 151455
598194955 89467
769510496 48572
944966030 69197
151395311 129748
617099704 181861
468834060 181544
117001242 130730
167513295 27574
760558732 42128
192513717 7734
379352928 142091
327780914 165249
252614541 88750
938818940 121931
127528933 126557
22350890 41922
128215701 12322
680348091 64540
371468609 84689
962289191 90100
962695988 120439
596630118 88101
246151999 44478
859004841 93655
235005625 1670
605172829 13444
78532608 4565
238028084 100292
278666837 180808
811428008 123302
267566591 178715
955301812 100157
22351884 143797
831440219 32172
225271681 80403
708361222 192299
251838709 159540
593800663 47007
344122522 136828
286758096 74329
598780143 82499
281691033 19112
846144446 155542
50753704 16255
351362880 175280
413133973 35600
296472675 194950
765181378 100969
895235952 19755
159368695 7714
11195559 158681
974670401 20262
908573610 33021
329987940 74305
137449639 159068
845468780 59905
235027744 130108
922556054 101689
425083593 184157
700762902 39203
24864821 30156
689385794 178970
284931639 104533
607347247 118964
415301906 5506
902597358 99859
913587625 185744
991697267 62089
970731091 156828
79675541 195758
852410613 167440
165287892 197442
885333126 140309
447027187 179646
268860858 174009
642225551 61266
644914695 189438
601048744 168575
396290406 2063
709970845 31392
592008989 147065
803171308 176248
462859419 36944
703595360 96466
942500826 75166
526694438 71956
819729611 124484
570732767 150818
792540078 57431
147989294 132247
310121299 23929
830299837 92799
727346477 98617
244484053 51936
359076433 165940
656057470 174181
598504679 197911
809359914 104294
739041865 148800
902298066 154024
604266256 117297
603289019 81431
616788564 2068
644358620 50883
632121469 147219
128799967 179003
823453815 32060
195156890 115560
511811034 130305
6653915 59063
64047909 146322
136176482 62069
908040293 18847
956889377 66287
246218866 114089
342908812 56584
605263612 48650
986232207 113274
805340418 47903
947943256 68278
274338513 111199
538912531 195955
809110795 185008
675658966 8966
949627668 25455
999566752 191409
577672460 16353
162323671 122139
701884788 86912
448979284 160428
375040340 151364
930211797 130801
880214871 84080
960730838 105909
26364659 5735
816124865 77443
591900892 125945
615808671 23811
615356098 35166
594096945 135326
375137805 106537
302652619 140681
280341655 141059
585081046 91204
676092955 10903
41963389 33761
906764938 156460
640364368 112440
37062405 128088
853936678 172397
64105530 154523
323007440 163364
78541238 108011
504100562 89578
914203923 41077
512132740 25894
633512946 194650
333181681 169019
980388285 68889
310452747 112564
38117097 88736
599902646 123308
64289510 118257
932117892 175036
747226918 86573
172861690 79964
422891564 23777
200981689 199328
380686181 81792
686512600 97674
110495261 105885
905882202 43729
180362095 134020
734187549 139987
666795681 12825
613830162 174635
40462270 151416
912265739 174167
301055583 165363
157951494 145249
363925391 7104
839309742 126834
730127015 83339
673952328 101822
586222642 115269
391083468 144440
880665728 176496
923452638 53530
262685429 99486
167748457 55476
361676519 182108
63748626 165091
779624821 655
583820718 168224
451605462 188075
398679498 90084
497407124 167433
104372765 155865
856617035 193591
712087268 112702
931225525 191180
819955894 49883
350723904 44423
250656058 142070
629646629 173679
155174030 92459
248924742 21751
120276843 135766
466830364 54807
198176875 45971
40684715 133593
839148509 3236
382299651 191855
837164032 104705
336931649 114439
352341655 107849
315489918 6390
399409488 132661
327484957 44075
369453951 133819
237816019 149719
747812450 172741
318216690 105701
147676717 168566
412658332 178673
373792826 10424
604242406 174292
631166772 146850
690265773 9882
169950556 62626
292085446 116999
90322297 13983
443356793 61853
151538720 121418
924605297 67366
864001350 19317
601123736 188078
344777248 92933
394582504 186630
314802821 42697
405411239 126371
443835280 144039
967119645 74655
214217162 77735
341306899 159964
497955686 31855
746919224 18587
980175382 67145
661125037 107988
561739996 53671
389351783 125474
801799494 71660
427560443 49481
531616214 86048
956949047 126793
979940121 33245
721316453 116974
73767389 175894
458238702 166256
319267832 175922
817954116 96141
726631650 43412
414352169 117352
38448467 95412
860004168 131405
783320573 136840
741621469 124159
30171174 48263
31384974 23280
734099423 155393
219292026 45380
347319186 118786
385812549 187852
875475582 8881
828335710 44522
968415921 186620
659216697 145623
932362931 68838
416619666 96431
378992388 53956
426081912 37458
88475456 53435
193447410 72008
237483767 4664
437072389 29943
264364719 27292
427411441 82918
507629783 39390
173348538 189193
376588159 121908
443101310 152541
240524511 195220
949839168 71625
932166732 60428
506468454 22509
738188647 90999
984653714 32504
431095738 39834
680986988 169766
222003770 196104
884141344 7960
871737976 14306
737539493 185467
887981907 106810
567701588 157089
682833185 116381
78353431 27793
623727144 34491
421419564 158723
325270542 135658
514507557 160889
685444484 89125
822665172 147560
626562958 84739
174000383 111520
914305854 4260
873109485 184251
753206709 38524
837021732 56844
176744261 5885
53977721 46000
587718449 169301
31694526 48839
826191007 131562
828911821 45531
160688464 135379
33267113 179926
173440113 154549
29244763 12272
752613847 83497
939027122 9022
917560418 70640
825002190 41146
902036913 99343
448107532 168188
267232499 63037
3535121 42272
655080950 140861
545978361 167330
234546182 119719
458928200 80244
46484620 90792
238388810 97355
804335861 59119
245040173 176209
502537462 131286
747190681 98168
142129432 165671
997589541 17538
858242945 67764
638609639 69175
444127967 143034
774958526 129609
978746162 90859
508993771 119117
854785856 17245
487102146 170129
951329400 104862
517641560 151522
884625584 17994
684365069 145027
367213414 149819
528435753 135668
741588660 76061
10770962 60006
924427380 17726
877864025 51461
627680515 25430
795201358 25632
124640766 70880
951393457 136499
133875537 13483
718400828 156412
112990314 153045
767578677 198135
71439168 178171
652816729 108117
226346274 68520
365814104 53663
571928875 47496
940579905 170352
70180452 81743
431420591 59232
265348259 126418
872966692 88162
605214480 24438
532660053 93397
219662784 47688
245847166 47726
369583051 171415
756404247 179389
481496236 131511
885368000 268
955035803 189012
325921403 50351
949979141 67777
972036144 71997
512752250 47891
658213409 9356
261671736 110233
449537073 76371
961499072 182110
588585421 143381
317194282 28102
708656812 534
947096504 185263
801551272 72560
703479436 160240
23902191 111483
988329183 159325
764051387 136115
631015080 19930
342851385 78964
9940885 147053
97890049 642
191458513 140159
936608744 91020
490015452 173816
629483296 189429
75690703 73902
598575702 30788
656515294 52971
490025656 103193
601755139 156365
139447552 75232
347255392 41589
376630841 184066
853924967 39350
826746603 92978
430539343 36332
711107993 176944
233816614 42226
527071929 105093
293431484 161570
271041973 6890
322778911 179830
900391696 576
718609658 82803
412433346 20028
73689851 159290
657752101 102443
623758973 92509
32568792 57592
2493740 147082
963736896 99541
487439648 55230
47809698 60546
741547687 21554
32405174 108817
640812438 61352
91953563 61189
450344638 137933
321233280 151090
378823479 72317
795170286 184498
895618964 111878
700019609 137947
971638225 181495
122182948 35659
865281985 147944
194563761 60331
122027765 74713
311146511 85435
182183446 178947
780431259 31696
741358405 46846
289564852 75926
412729656 195404
653100075 69130
490204949 138671
419639291 59859
255824965 69831
117501993 51342
435376006 100813
985124690 22145
649857634 167551
873688567 93085
152078907 76393
832331502 65746
925143989 12108
637754748 80465
570423484 21634
817362869 188439
326409828 58629
606137656 52492
856562903 134141
62384106 183604
712808929 97530
801169 117882
810138137 112378
958518227 165213
264776733 36418
795094669 85146
187910231 141940
723262122 163304
674793963 33209
599189712 83595
244627707 151010
958552692 86094
439180412 166437
390615906 34574
249276716 109595
134387385 85142
911844472 4156
651139111 5523
260266872 186105
877880883 149527
312819975 162084
42854371 99804
650590552 49114
236061589 103228
406533050 19392
657699938 168530
12680078 122313
327840463 3623
628322075 19752
690791874 9150
469877611 184732
360985797 172473
228635231 173674
648804315 44078
346528384 87787
515823910 106159
355865150 92937
235131127 76380
393092709 83060
526406951 177366
209880393 162048
46132536 65469
992865010 187068
34748652 99537
893038838 161306
418240129 84935
716341709 27424
94759924 177720
537957888 102652
401629575 140956
468025554 159946
45307225 93165
811652043 143149
356205032 198244
257858260 33823
814667171 166125
272871414 103590
114654938 119391
660049476 191620
426122687 147318
565903032 56019
16519750 198866
584572335 47487
66781662 62139
430016382 52920
749770598 15374
178957654 164465
929890160 37393
116922768 69459
976267227 49718
881785022 184618
857253957 156081
878889814 127519
719923385 126042
368975837 95189
363614193 27784
818796322 1147
279208114 135339
583650322 116964
228903215 116791
359698192 169691
913414903 135703
53516421 40446
883251233 56925
950874541 193510
827913058 196611
397895256 3776
357262999 162140
131984562 40510
967299026 146712
806084670 68493
753662730 150398
383321139 181558
692056697 163122
402740358 98026
517198876 5762
778824464 23948
576460345 197495
49695564 168250
390317664 120219
638558442 126848
449467067 99188
329051139 13884
90053447 69138
816935964 56679
481567499 3641
867389877 176908
79585764 58092
136132776 121401
2233729 183818
964298295 124160
359399604 158325
978798839 24337
821982395 175993
271099804 163965
415742467 19838
232274240 189924
586005305 75564
167631152 99257
974552845 40643
56144726 91208
439394370 123808
873302916 185877
777767854 1880
872295683 43503
989445159 137296
591845227 134537
415899361 166586
663744801 183020
863463993 52360
117557130 72444
428205241 151635
351030348 124579
809089445 13298
617608755 137852
416010478 190353
279057149 170851
85516400 147737
626375415 70873
836144472 56634
415841696 174228
137073237 85791
609858799 89939
515278088 172234
202581282 187158
988490313 6608
517721260 196798
874367082 88551
8234866 105042
475108344 181488
215803617 88504
246240853 4560
646275168 2475
298416534 60712
202548885 181093
866815019 45755
83110345 146736
173996984 121015
802212532 197790
454383818 33769
896896442 76591
504285573 137813
389737392 6191
790175859 118702
238703725 45632
981969342 156993
401626906 134686
785043432 59312
441561854 74024
277370392 18158
300381437 16445
920826814 144266
911447599 113956
641801403 139079
78923502 158411
945219075 188276
138305897 68817
224910810 56535
470329204 151924
309983860 118085
502695918 100059
865688461 90043
867655810 169700
979525543 46371
986891101 153734
627740752 177655
112785980 120256
57481533 38618
291075866 12740
458547297 51849
908652289 135096
264614344 112389
41383051 60486
474468610 45746
196630328 99205
899541709 87959
885759318 19403
583739741 192822
612713636 38555
212865412 96166
471563166 137197
247555905 60917
687868117 150153
597455716 150394
855767540 166558
340907792 192122
19527464 131536
833692288 163988
85527519 128573
680008799 80726
582739930 119330
297085245 175282
814996013 175943
776859941 29129
807521673 18529
536718959 136964
664759475 90296
238174702 105042
561720458 51718
968265745 136824
900388211 162770
408364080 172869
95753684 8323
882516894 108933
238418590 195676
701796854 113053
527701079 143068
357809867 90537
812304745 52504
706664873 198235
73055888 64534
270884395 198044
670155122 174753
193833173 93306
107288958 119051
989251531 188753
506850847 198597
442026140 52248
19271138 77714
274298218 16078
247027125 94597
658161738 109346
916163419 149704
298068023 45317
336477685 84381
564942537 61760
280900482 134800
366359262 88086
642304599 154928
36710232 181994
100601801 43574
941316347 163012
422522209 50640
493798966 28654
535476002 146404
416724530 83185
294463807 47845
252430349 166834
610501034 199254
368892904 118948
647661073 72262
538508860 73932
105535037 3761
457791051 148894
597912185 29959
287583876 73308
581087846 58207
197278575 31213
495584135 150045
364926742 101468
274102142 123153
326396053 106276
272310332 155783
939382451 181454
480686522 16797
448924417 101935
340331836 122460
179718769 138744
991981629 110589
360991189 179461
133490948 9158
750305671 108036
519259895 43984
214468589 162612
744945396 50021
84251592 98697
27958210 161914
290322202 73389
837242338 2190
497235677 34425
304903309 160052
879443955 36327
502288156 192089
442080877 169886
447184873 181191
570066949 118780
97092689 30826
648583366 119351
898218418 175978
457826510 20167
675566396 82362
402597370 48090
359318240 147753
51700175 25383
929314211 166712
635256039 66334
987186306 50931
923676826 159496
753178239 2053
674519746 83784
512499427 162006
868191732 98490
230362472 45109
652651171 64845
880140871 116434
195385694 129975
461969519 17571
498446495 14962
945583863 61963
594841290 25990
923858921 5181
622665302 29084
305642917 167881
253982514 74006
917231895 48732
175219370 80905
840658148 195989
917649802 172490
550001561 11547
634990816 54911
648226941 107211
803102884 51895
250414885 195268
614861681 47384
134713703 156420
974215690 137338
184578163 96780
62465515 134104
700511823 105
394967875 98506
551570539 5996
798977111 139792
683200600 25694
596327914 100945
182583921 171533
21711918 29467
487959303 98353
687884177 11608
371716812 143525
163798777 196447
775229385 175618
845631606 11928
46407388 108946
529957381 24818
227388724 94659
928346622 48412
967216478 49934
190713459 175599
165304396 197697
107341882 171458
778918117 153134
9933986 103293
180765174 137086
41306622 48931
833909280 162999
386625494 144344
141907776 60499
332003920 180643
698789506 167714
992287563 42827
299709674 16974
448762679 134520
659478828 79124
903634698 16327
594811228 26318
275749793 16988
708379116 139387
307589066 135417
690414457 16131
126311823 92903
140788998 147878
997171525 179383
523885448 153685
176371044 138949
323983651 83453
928656741 91850
617881278 100729
808190754 6235
809333762 88492
608833136 65241
639069044 37135
756289332 152061
717774336 121351
435296868 135124
285500211 178995
962086965 78171
615010527 112017
648655861 175142
597254872 191089
326112672 76174
646296484 113793
264615211 167953
807513426 15679
553861295 153085
458635374 50565
587450121 80593
471490841 128766
329738669 99343
94532397 2085
206255409 135556
716956290 62630
16788899 77706
944223364 74534
753393115 155651
62111324 191534
70407558 167514
561460984 80661
676949785 9034
810548282 131192
888658358 104759
504684862 90837
349800318 7252
970339121 170226
982918145 24551
945487017 94916
965675817 47327
738508581 3062
221290381 183691
548009642 37512
186109220 146587
682831496 59114
220286170 9010
847132033 23463
478163294 188163
888702526 43508
756201489 1966
333983572 100480
850971858 109228
615393534 86784
457440430 46146
397811177 105493
959949643 41286
604959214 27185
104228099 97872
151244508 123842
340389643 168484
495256135 48092
844087756 14912
100514247 76775
650591206 141126
618224182 169707
762267736 92863
810460987 158967
836265269 102339
84024155 122223
430266684 109280
859838248 28328
57461023 92843
907652643 138747
416038274 135058
947086840 99972
234547377 13873
722120027 125573
363463158 176208
180569557 120565
308755423 31638
406671604 37496
750481339 88395
106756888 29306
173824647 67592
985535563 194547
402474652 173209
632013047 106020
675013180 137233
715962414 131183
706833512 123094
691448902 83812
978600170 107642
317992144 28097
891441015 79791
482269525 120904
183506661 176423
718303077 25015
671431770 93511
339470388 45667
114573647 36900
969910184 64049
678314788 3904
661636871 102776
841661492 91254
723726844 21385
839341022 105818
544515663 75709
364726678 15774
161791419 51109
729098127 118587
897446843 116750
533613474 88655
138732227 70681
230613829 42251
490124875 8460
683490261 122417
542195010 166810
783627976 192997
897995034 146554
500776528 100518
156161710 87270
760205604 187700
455687948 55167
905855612 45285
794839040 71394
885718880 43720
144493877 183974
65456142 58525
465121435 41492
995799210 81980
639310149 75526
3825276 46704
963688134 51904
784331015 175056
313124205 73614
179983714 139848
71186057 148757
217842109 68033
418941235 61745
214349999 60658
28033477 179767
554892484 98105
910475769 40421
470907734 176107
582073554 172516
611469239 133121
172321349 184939
607251747 5565
993862395 191289
827809536 29058
835853629 178712
685597342 37932
774572468 149397
173059184 83172
121807605 178399
797483506 187263
234274194 72385
819127756 169426
311078520 149508
370250708 64946
858449849 56581
582127759 23062
194627449 61605
567400262 141298
61957185 36963
442333964 157599
629421837 26104
710959210 132501
533241246 45956
406309071 101290
851802904 22828
363458009 138817
449396836 184074
152070132 31326
930460907 140857
355553607 5659
956367170 928
242915178 65504
152618383 57793
526927631 164351
408516213 194718
750917683 89632
277938917 169492
914931659 50990
888359352 44379
653355812 129866
519046609 102009
316536093 92009
854676184 178469
286994624 156301
927085079 145368
19531456 115777
799876867 54485
372207907 120124
99342511 117032
828556307 22916
650476579 143493
810422410 122969
945039180 132732
372398966 71056
254882974 442
23931007 98026
164698493 27138
711374249 133507
313144489 113305
462433826 130406
752396764 164987
981907793 197370
968249421 77391
631122711 187534
965158086 90473
192990394 57332
526239272 95125
777711595 78826
581951904 91688
245637190 85485
201405832 171065
989925149 136494
882678631 93576
948759161 34678
1807899 192796
911617381 105893
782006328 198735
358139531 120487
651956479 134338
238241420 176887
954630184 92126
208064684 34673
789948025 96776
219625642 48772
442201591 12857
452890125 2214
55876900 18174
679584887 195923
941436018 197922
69040149 37215
542531462 182649
137605758 45316
303952049 41212
622830233 193811
177099758 27481
273731642 27699
89005010 168369
118448860 162459
774168359 193799
67363326 27271
209332260 111928
313760341 54671
12105277 94148
128411539 165830
585498921 59041
818041036 61570
876919875 133701
793365937 166990
991027373 23780
267144260 55162
654793725 115840
463752575 67783
112927688 23806
101842661 127872
797422288 91561
603154436 48956
760644317 119590
709917934 76894
874848834 152580
103105422 5808
772113472 177912
45789684 22585
471435484 142369
696024781 69203
752830467 70804
29564674 193507
236795132 37801
601286250 173805
880301206 105068
220455676 111787
147135266 16235
902708478 156554
361320938 54578
598271055 75114
880493773 171566
959177947 194941
434187958 183561
180882253 89663
185551703 67435
468318928 149649
409773701 138368
132554811 166311
387299562 8866
348192260 198224
673962063 162817
492356978 36834
377507778 45361
971816863 182077
121877802 120805
530752693 93115
630069090 49061
902412791 36550
54297215 107916
857242209 84076
617843184 33651
767234607 133622
167172228 48629
643304792 166088
526307380 87321
440265887 99707
521668950 42756
665576722 70449
622485739 105322
325466209 14279
77661935 124796
202169830 85080
664463213 59358
146062936 28158
825921220 137893
238610238 137722
31342559 42513
903755750 123394
318247906 105834
697503386 13835
537858228 30829
428901378 112672
4678990 108035
513337352 51714
221828326 198839
808225820 144349
757874721 103367
258627936 170646
515581644 181615
559246979 147153
647000091 83912
160797684 143197
442449675 78355
396622381 9238
723672921 50656
32540145 37102
892923766 60075
499884096 49847
336209712 75339
230562645 19336
327765010 68436
962705820 45066
592456083 24868
593561660 63568
44963795 60647
454030927 37802
499660297 78153
855141087 152144
853682625 123385
484804272 12040
961718310 180842
258654628 123794
669086651 39144
443023361 167692
342724597 70113
586184191 167501
932741560 134157
876927894 53792
858782260 128841
135222732 67857
427937288 43616
539193216 178423
384481767 52749
780599872 30965
314550282 101207
251799193 170307
751874808 35189
248916436 154931
918896811 2840
517149674 16208
796804377 51904
697068795 111216
698911469 138962
442779713 40454
917071639 82365
328034712 174533
985147216 6365
881028339 88942
68660337 153761
41612720 4195
743727409 19359
621884760 42879
44606014 27092
652576552 140050
545933790 840
224855923 92579
855329081 174904
120521905 139729
424876940 155436
866154555 43692
754965813 85846
729553939 26191
716894971 11453
819727321 4257
533111332 71811
713460302 166967
265644375 98231
814343971 14382
114083929 146871
858392849 4641
521146003 76378
193464499 84319
305232775 99734
228750265 52676
373708559 191509
305761352 7734
442384390 23442
964881988 78804
89441695 4215
861407748 82187
72902535 196906
795754003 179426
334507493 72927
828896953 78184
307894808 130647
313299147 15633
580575943 131052
703226589 44627
279228879 178587
239870707 82922
927867109 33505
175209363 187445
982682988 13127
772446381 169237
791071843 4020
526515370 91570
331804781 18420
756086261 5299
148251494 24701
549868381 155924
674968433 168250
867772237 94212
931898111 51117
320309050 31865
501339340 43917
602242558 69400
818126963 120822
460115376 90961
502214381 94478
581172844 79796
863602257 128524
267194944 87899
444097300 111937
899648407 76831
969122142 80740
921278090 103030
550973797 56789
584396372 71339
214771524 105891
255207128 134176
777280470 143220
616638186 79771
176371436 129129
196058621 150306
430838184 9194
56068301 49565
901696498 48084
378550456 107315
37623306 27913
602947708 44631
996164159 121740
629799366 131721
828903099 102037
68232408 170426
283327428 4429
603403926 88576
561240900 47433
330990030 54652
652742519 185839
549134353 143880
285356014 97246
251128876 149631
542138416 131911
727928608 13140
203620183 176495
629018389 39268
287568387 113517
160600158 164513
755312902 782
840963458 59412
364359972 131683
351617309 89805
722110134 184220
516900717 146356
341013759 131460
781340868 16703
762955482 48903
558536488 193977
759565720 54456
491667702 60264
594814787 57548
386477696 76428
165682026 142124
360400300 60963
859064455 50968
172112095 11505
155578808 184792
29272102 32697
687731475 123658
855007568 65965
149075699 177592
225177684 55032
205119575 64251
883146791 186930
32556110 173445
773680084 60612
235017870 35029
606258832 138443
952245187 2176
332349398 14056
484894349 148996
964594313 16676
555940688 55703
455959430 118670
106604959 183892
590657865 177458
490660028 106169
275386463 37586
964445922 147192
657294039 65241
318262802 175848
660909370 39772
136072102 50711
396627053 196573
591052123 56528
982933009 20769
746368895 49198
35209387 190348
793047037 83927
613923752 193345
611076117 88193
850822171 194493
489558759 137284
787050984 24360
642740914 92334
207151507 159998
691394742 174127
664140559 74529
513725129 59297
679571520 59779
553786022 126777
276945340 149935
758689693 86511
70225905 143200
108869357 15666
856935087 185590
367232221 82826
469285092 51243
125835688 108349
690630473 157561
494257904 70767
939973501 170834
672793965 95050
882872173 52701
698537740 30628
685548836 21459
598665581 155574
384946718 141286
376963625 194709
268149381 147290
394419544 129339
575964518 67033
611004931 27868
569019212 43838
951360733 146917
340987109 158860
86347658 42678
962652357 151985
248698818 107342
105018382 71054
203398751 154623
847832218 17845
349216868 14373
123010851 14672
299712969 44760
259290903 59737
74873264 19436
388510073 194795
407462828 11173
254445278 99450
289982052 107024
700007166 14680
486601155 63935
786164095 49318
477623931 134286
714568729 90175
649374914 89874
454365569 94674
565271248 113421
831990223 43784
56325269 184191
156127349 87230
676148716 182216
209105023 126302
736474201 167707
235221435 48294
747406015 141640
502794264 96259
418823751 43078
884210652 120577
653810596 121445
740369488 88009
87568610 186838
855886540 81420
77264687 146969
431185494 131587
25524907 70592
408363977 152343
127863682 191426
523867032 117669
316025825 141514
915135975 171289
728387527 190579
95995116 98915
337467525 55462
380664451 63858
461459710 153343
953711456 193647
700946271 199014
104756458 118140
344472884 39429
522883865 76587
658807494 3718
898175315 61003
299091513 174286
150533866 175567
220699350 143972
780254580 105408
393167348 154514
104666403 87106
128587502 54080
345539954 128289
59882107 190152
85508792 19335
136676760 161022
481058923 79637
115768019 49511
595658669 123999
475320892 11067
603377030 151350
577387406 13437
571727360 12868
208154726 66339
853150847 58733
191742006 123130
247823043 100725
257690958 149373
563921688 159175
224749358 115499
611285042 128789
620471418 118112
196666499 83445
572844434 50418
25087307 52323
858179097 13810
272459355 188298
23070681 48910
590653815 50693
181803535 126426
389152083 166106
121772507 12071
462171162 57471
307629563 194310
214772453 170147
647051541 50710
964297143 105492
703491251 22258
994527968 97858
526433436 170208
114806433 158766
955836126 95820
586023661 199337
923609293 158426
78873222 135863
148359624 189240
219035185 96091
798264673 155920
437718887 139180
374862568 52236
383962744 79295
636098779 188795
140483070 186313
11590891 135933
134831948 162384
254456933 28427
311973752 99448
360244766 61661
24364360 181455
288240507 135459
685694778 183118
634128935 107256
104648091 155907
400091860 117876
902458695 161173
561822487 159549
519102749 177287
411443815 154805
582243081 36049
347344989 33179
257835178 24230
535054602 159084
211853965 159139
702001853 161653
478339445 114790
907706510 63779
788670438 88099
227985963 176712
426944672 141711
288634627 114457
92047011 69448
635591704 23335
610098417 75657
7521321 174052
195609607 69692
778191834 140930
997794336 28759
583562808 94016
584322283 70078
982176292 187989
120626250 11659
106488337 47861
618777065 169643
533367428 58056
271050473 172240
845371968 186834
800350077 62290
579807578 96693
246132825 195513
624856315 107547
492605030 111633
857398886 22265
420609680 153025
510065373 135755
558108 73797
716429453 132477
733118539 58552
490594681 117101
672548216 44054
268145144 63228
745755767 196924
494006150 168835
937879391 155962
235627851 27061
525382900 58047
407040591 154148
1250947 185578
62436839 67702
944954525 109744
328797454 193970
598501282 175016
347445216 55920
494740622 24559
430060613 4135
674010596 134055
815578270 40984
950564486 197066
578391767 94977
266065721 88409
749576691 63219
778773131 68191
59361542 135271
211583246 103222
95190119 157149
140748419 84124
494004612 97359
419311853 65641
281906993 62141
232889427 192469
62651914 167262
390393808 179615
307589398 35965
534496021 143661
902053987 150732
214212295 187248
563011750 39978
75372664 111862
889599692 48460
64013729 2213
419633325 104618
730184347 45719
501757570 134848
713211827 194138
807735496 145096
914028093 57637
131426800 110452
223015413 135256
672220066 44994
194079655 159884
746801514 139152
816913473 95865
783150598 102924
55343198 23319
192581200 128157
405132778 26536
587356995 57073
345316336 102393
597910156 161239
90003763 153038
621103110 124282
425122678 101411
262258076 26318
588171506 155120
176061711 94843
608481477 198378
364145312 50617
144547713 135657
731180353 108596
596725250 14396
927607553 150758
66470520 112709
26817048 115399
250539659 161856
298295523 151265
783183575 90606
295027833 156050
83016667 45567
464231421 113314
814841298 127962
992275570 17499
575529531 14176
489518897 110686
592694760 60048
107286690 77486
773518125 81117
630927167 29611
537382903 49128
919000866 195706
617785629 170257
253233224 123190
186631490 185369
610228169 63671
752282063 97881
859876319 173400
766710587 105294
257236041 56135
673379543 115200
289619247 88892
244023028 135045
511633881 29560
624926117 161267
722641467 103995
312605428 145559
213496659 189946
724324944 162041
771935069 45283
162624469 36040
882228046 163566
123552226 124690
764933212 128735
281424282 128952
661278039 15692
807802077 171010
446070574 160006
370624272 163515
901369794 86344
641286437 33701
847828516 191382
781811225 194593
711843398 162709
561823672 101242
49788665 55204
441410526 21905
718396076 127073
390118622 98311
413050933 36958
264617684 94943
712806384 159199
619882141 90268
318399561 139574
815428227 83863
145528339 112037
802778818 194619
41908246 127266
233025720 129991
680320140 4156
92065602 92794
700615413 617
465792343 49177
899455487 111072
872904484 62115
259190879 48982
803053215 76918
866830144 158721
306263248 122143
302096489 44755
801812980 7769
619747348 129886
728269847 20977
222651376 145624
823014884 16799
381739820 46912
115168596 10257
261203560 115899
815375439 69381
405913960 74925
738952163 55260
101453660 161070
694975492 53591
906934987 73284
45172791 52978
283614449 132541
914415109 53579
747785148 190318
934522457 69662
705261843 53255
383707351 178660
705731125 167443
90116691 168369
275726320 11
526754726 25301
418189826 116457
646968814 173735
923699477 137349
726555544 131668
632502642 701
321506992 60836
773898685 165606
219032457 149589
180158386 198325
356002947 5726
697994272 86090
716597798 95045
164657719 188200
798555181 117722
910778390 46649
578859999 133620
228556147 117027
920611221 117737
277162457 107674
296791124 9707
35412488 153776
718112574 110630
580547374 127278
755336183 54492
637531612 70715
156603208 18508
165577643 31484
37863302 55933
728138212 62654
123965681 81951
789628416 83719
780688279 197235
509874989 74788
743370212 45673
185107575 50527
928231872 154511
550865363 99772
690207338 184919
678616587 57021
43566946 99278
681309359 140040
735348208 52628
576981062 126370
361301645 6566
28122849 172367
238616854 39392
736229278 40548
534154795 100304
750472917 5355
32637371 46686
417139881 71624
667786415 91254
443529607 101200
889823593 30303
406352477 128206
615819033 111393
533832856 117373
216523746 104355
48969683 87926
80121752 14368
89076016 135178
36958795 117140
577773096 62374
710469545 83623
764539887 34338
331824209 63432
371139154 159990
901910728 126401
632534171 127636
930919855 173902
107685402 62494
337310388 32119
431607573 174877
194326194 80663
875939757 95180
914840969 53020
212898915 31051
224517342 191629
660695938 97805
734854690 74055
260339604 23379
756233328 1120
244027737 117244
851106943 5261
714720631 32374
602194929 121792
421481388 167162
591962172 150682
458664319 91711
283099178 168150
60968135 181730
827048001 53700
828734173 97501
66147701 129432
819382293 72432
43141315 145575
827873955 184944
973281098 16816
171597705 97240
450925400 146497
285987346 21423
351637513 18950
875281341 97182
563682860 154765
434062515 41512
628385688 41053
284876342 124718
930258058 166052
690549428 180186
667141613 173357
81508986 30132
634356615 79358
119628351 157381
671060069 8453
257402332 185699
2170749 100974
549586199 137849
604791129 93726
797462143 71093
361700107 179048
256666492 82234
144337430 24079
375096791 136415
541253958 135953
949188861 122263
247977845 167922
509499035 163086
862979320 104574
241048794 45518
418448456 130445
705289485 29487
149604764 79689
969776406 143079
160634030 195474
711255135 104205
646223240 65509
335729604 21788
269552448 169499
219304358 199792
31086458 114209
313094741 27677
738495232 3125
181726560 11436
159305991 37163
698953959 123031
233185397 174926
123885423 132490
155776370 144047
868577996 84780
598752764 21987
505126815 134942
720393445 120634
744254618 66115
490306766 35658
133141672 58325
496144264 101422
827615681 139705
340387673 168512
286826428 101728
63755336 11928
261911228 82217
378470597 165558
804864086 149418
824141612 2193
218059879 80960
965344077 128511
198784195 60528
763355178 42040
430671255 50714
687214528 190274
91551661 180676
104506616 127965
268951413 32040
284409788 111859
490510330 199017
308932620 195728
464374469 143258
373144568 104162
500025478 188708
304634935 131532
188396952 191328
87671788 29270
612941967 177163
199553082 115764
351723221 36179
301898187 11388
178500079 110828
897151890 85303
302975739 18831
429999170 174595
812268367 20456
24100016 161853
456687523 54371
946819041 134017
79416445 112486
34683071 81446
13567958 149604
301291760 89196
444872109 90145
696875723 7412
119464500 8736
475567762 22844
177554035 181030
621539738 105155
615808189 157517
492609880 28136
547720521 82631
68015947 19778
648756342 185374
595967438 48197
260020607 93060
493751558 145253
336188158 97220
828976631 129928
840491853 190703
196787499 157713
10691793 190370
45187455 34184
364151302 137808
784083979 193825
561532347 124467
302643782 34392
785407618 64002
800172270 91032
923865898 163137
557315749 87819
970525973 72399
666229225 131569
171064821 115576
508202644 1036
430483621 76418
394891660 90981
484742608 147534
712182 64625
72969458 47086
107860010 73594
374505772 157897
843037863 199817
990543820 110561
794134413 35282
573079584 101283
325377545 14325
1865493 87263
684448988 185354
529562599 113310
588098483 175483
981523254 14424
882719279 157269
889222586 71232
890357808 136398
882134549 111820
177302751 136906
698255598 164319
362683975 110541
137442576 46636
180503805 181470
989862606 199921
580749468 156428
112488851 124196
565731897 149022
653977501 199029
315220003 140210
742518175 34942
221872195 121995
756959441 117369
529864021 177416
157853410 170736
228395664 101274
751382389 61589
373163965 75241
911375908 113086
435370326 93709
702681926 87892
858478893 199066
640632464 58124
321912008 125114
788119462 110039
625551983 193149
935856619 76672
767282223 39394
274870184 88086
128939421 92692
494742597 78509
773210947 185815
604462366 173784
224538951 88631
981459952 128697
570660009 55416
288436687 61440
355968774 190425
385910880 67590
753067164 11680
350145671 131750
27844511 61743
779612978 40366
921027342 76314
906722250 10859
726214167 68196
692623539 104277
35403391 21098
948521238 30716
787719599 24058
244967913 165804
540629505 82422
224924015 111887
40986648 152258
583858268 91963
964188811 80615
562842433 163945
490370610 192744
440614656 100723
135208301 17244
219003968 156809
879938348 66156
706081761 60622
506315379 3910
22075564 197597
312749880 122161
610575044 73321
252264151 11295
145390846 180924
553382253 191654
804483207 153261
784273405 7052
23281067 114033
428444379 156524
736316531 53
516415850 146313
729639799 129824
330828850 77840
814876584 38571
960903288 195169
540918006 164195
298106631 49675
148456257 68625
631264846 149626
711196074 5345
267505168 108886
952448887 61402
696545971 36782
627816099 92540
51394997 149954
569605321 71757
263568665 167013
847844035 162889
263476662 16680
268212799 3691
289175898 81820
10669957 42465
917657058 140474
743242914 94089
168285732 94965
396662155 73881
254449523 111348
20374329 58713
741261740 174686
86236657 54897
487890260 133328
984450496 109976
507544779 165157
693776467 178047
982244835 27444
776063007 17548
687911040 132411
269232943 79967
77318832 41619
882872351 60324
294836835 164968
535821096 128272
442003961 156808
488757440 55312
512657134 75204
432981293 65240
834790490 67744
358130824 51334
178919298 55597
458878648 79150
654889669 189044
487266015 97417
435319726 60246
121582137 181572
828625618 99875
187000901 123395
606714574 29105
830496331 48487
780714768 58495
50953946 95530
48947101 18512
803535523 41618
392050518 42894
833184801 62358
264627993 182163
747406826 166754
672901482 197258
841064187 103466
972403342 113054
480607476 157444
355643933 130980
180802871 133646
353326553 168215
59878124 56892
938616880 142986
734278267 144363
700928823 136592
992685203 48331
102807073 115951
640981770 88760
722138468 114134
392254824 34125
483991065 104994
393246415 103924
207377221 193230
66841220 175485
445546599 40098
671909565 15790
795745414 190620
542783447 86654
139893373 151253
491623732 114335
21889700 113352
267102182 129105
497729603 138149
631707225 4365
162716535 198575
86217960 19988
628702847 194494
148893826 172444
34348752 100059
168233503 170193
122211989 176065
873015055 199394
939790758 186703
804786582 186562
905947682 76330
448206163 2220
971572015 29581
187296794 16272
65563936 57447
360484870 78858
810460767 2695
845278113 98478
616182361 40525
311956621 55399
75723483 30800
766555089 48118
447887078 1065
244671905 147188
136371463 45682
45893175 95025
238518606 99336
59276334 145031
334238405 16744
401656434 33192
638504107 22422
75047208 160156
289282506 64410
818702371 74781
504011133 114987
802237024 88572
549887128 114538
305271888 57003
20038377 12532
172670239 104926
272577473 74842
807224797 81976
417306598 170842
821393741 77596
57559174 131484
500966138 43989
538328987 140077
203051490 62994
174418300 30185
60914822 161164
314646082 58652
800131125 75635
728990519 41888
361954256 99539
302497662 86813
497504979 98441
252242533 80481
940944467 7559
249042087 117164
703156007 32888
304906628 118860
356829712 30884
483389467 119819
815422865 101326
918185747 3225
144137250 118399
305707677 127950
73552857 25571
333311790 187825
769618814 109785
20562216 27358
857689767 154044
962093209 128025
829007845 4844
987932944 86125
509561851 103007
876712879 69204
389959362 45299
573051893 41867
88325846 97954
76680173 178185
953250297 138216
977874909 107754
379235322 126721
192935097 137947
481595328 122846
850265572 51520
288573895 173241
471492165 94490
323260580 5449
2239956 47920
45757777 196938
402819277 59216
577885568 10110
544008838 134772
634785937 94346
684977401 71272
279199362 187150
39056166 107160
864512970 179498
790382163 56199
960371434 44050
79123428 84356
174059733 8931
557419905 120682
112672844 108043
134653912 11320
567307810 7737
134017589 150483
693925215 79505
972688927 122405
150639042 28603
422607769 65817
113046482 66460
283143568 51051
747991739 22150
985859000 146955
10890032 179744
151002001 79005
635392524 81968
919762521 15578
858997325 164050
388044078 17324
185020152 142038
92272375 69403
864471330 107228
49217243 47574
802596113 84221
109649224 111029
497115992 150658
633498294 157541
31863096 81675
740580650 47227
293857779 192308
419023824 22916
150817347 191118
427713896 63157
901662284 93610
651065428 116365
547721958 123651
342611965 115595
474578843 82690
608270778 159289
422676399 75911
163977922 175781
961285213 13476
105312064 7471
477926367 100591
762847385 53042
820891655 199464
168944746 29296
781359175 12592
595164463 154577
19374331 94045
194760733 115253
381730903 96779
339815650 6604
160627517 136998
41504574 38902
86205210 195495
796593213 17356
799042761 25116
691731725 130581
856853579 118430
477344360 35996
119889578 34737
211941690 122925
608875099 2495
524416595 93248
650926314 107321
185235095 87057
644098470 29900
268523250 128144
754538982 18345
920056887 103189
136290838 85638
155348617 129328
10470931 52591
733877483 155370
317761110 180611
711313205 28186
902257491 38773
959632468 44087
271349800 15512
321618187 98942
427936634 127383
665773250 113520
499236229 17539
454146859 146380
443489822 134465
822591541 111428
534341054 92707
676086460 72521
731466717 107959
550079595 102851
326096576 150080
194567647 177723
675493185 3620
838223024 53787
814038689 188204
565365 4933
106188421 58038
529802669 15325
415601838 128258
464007728 25645
729721833 28105
416015731 134145
519940074 136627
834543947 8725
331910983 103064
489782806 53246
131884204 116747
765543915 43053
785918041 12033
446519085 58340
771158496 51578
781738657 41190
762360454 104813
164188729 96696
951555917 169365
984292126 7513
866083525 134194
488636156 6045
729689586 186895
650189040 158355
910507009 189066
318381450 85207
932840108 93076
420996963 91470
167498203 58086
250295807 104315
8286008 49340
525109414 76624
945604057 76465
500681101 17695
763546398 170570
557402926 138337
714331740 189804
532607412 190188
955507100 138784
45222986 142689
223693191 130016
899277068 11963
401381457 157484
370181551 151943
400330190 89843
158833645 39072
770441259 29489
536997231 159109
369618287 107379
28538755 187765
755716468 16777
977927748 180690
825089279 137585
159905552 131029
868644118 176351
657358690 12233
276571338 108594
375103740 193492
161247897 170589
346698126 133013
444866253 7850
471232834 37961
452945178 41476
179829771 68093
225109928 182628
900645274 185723
535085459 98351
461742362 134039
520481174 87640
679628131 75630
841556143 134657
15077048 121397
830870711 74944
259133810 188593
485721140 72320
896097060 49921
15949378 74761
500743493 40171
599192097 150986
935946204 53296
700399908 62582
990016843 42959
397522777 139701
407368267 54013
927157039 178817
904087920 85329
743203941 123174
977686790 53446
356461964 169059
118867792 159877
566959156 65807
408086471 40568
78529920 153775
192947911 122696
121882854 129004
728711462 70441
414198333 10378
357335315 67461
784219905 187297
150201762 185884
827089499 63885
583140141 33131
324300658 116858
313021042 33651
887682730 34590
351349489 192967
153103136 175480
538650085 50766
823443384 35604
737064169 52025
205717403 172036
865600780 167170
149681025 34380
553873044 14746
595509789 159436
327807593 65307
678481460 83606
549048647 46077
410954709 87742
27017045 41167
887165676 9229
380041979 137052
394596369 96930
655135218 59268
10266686 151082
674954614 119738
64438831 186
656148470 133604
717759115 25056
300681842 46725
681249984 101976
629183846 175720
980760026 109786
459346381 38434
994187146 192394
426226378 357
487297849 49969
267946936 89692
850693566 68316
362287822 22024
49135328 110930
359114563 73373
400607472 103700
875735487 180934
471268910 42553
267441997 72548
154823477 35242
53455432 72041
460427401 98791
189955776 113011
948504306 190746
948794684 126366
116046508 60459
827791531 126061
367974599 54443
873651504 29887
474683589 9476
180473966 194987
150458260 113553
381397921 100098
912538286 109367
358220520 139753
168540036 65162
7881417 104919
427276149 83924
84468432 136352
388287638 136735
206458824 115304
499165442 16979
203067968 5542
840092933 147726
359087962 46567
597295665 8183
821958665 73467
903387133 61870
320491770 13651
156666596 105989
816516563 158124
211502878 72541
339399668 78569
242788219 94416
207676983 160590
250775146 16268
932157971 186679
875983707 107412
290502287 89150
708725210 112404
120652703 8471
505099038 186130
771166349 137307
157254357 35521
78278930 10761
631159493 93035
932766781 9665
447319282 180522
481204379 45264
680231299 56814
756745857 10706
32107630 125737
966241323 7944
696886397 142803
873514138 162000
174961712 146338
321553317 64333
607685023 28964
147517260 180431
420259310 134206
365270848 181463
811778836 142813
385619708 169526
132067570 119122
437616708 26458
637055136 64303
810394173 139066
815443848 74648
726694997 152238
4141295 154253
502365882 114410
410396599 102323
110337022 91532
267482 161179
218156263 191708
387142658 89184
622289403 65519
690547651 110114
901170624 27902
140629985 17659
637544984 63795
659335016 193463
144611005 68354
766936308 47790
231085702 118087
535168842 42314
426465053 98518
907152409 98152
607346068 141173
455734290 59526
218881202 167097
763614087 19573
240550110 138951
218061169 181943
707569927 197345
409267391 124097
860628517 198115
191290617 29738
101333699 179912
467359330 87728
419230047 17494
746878600 76575
113400920 102858
899380149 167141
906780079 22841
116949452 80758
530388188 161232
681590016 15846
415431341 152841
100692338 96538
991539418 84017
33812777 104914
411375798 42442
806164568 198223
79507607 68771
544505926 32673
654104263 156184
585978762 173429
466497531 72294
115048464 95553
394404535 1864
410426621 35137
199720270 25679
761077635 20761
778229246 53169
474484381 43204
64154950 71441
55331381 61710
694652385 65515
58390671 11151
224828499 90735
143723288 130195
924555664 9578
615100807 54307
729645382 2305
500599063 103361
376779332 69076
43901174 38721
626321618 33032
686273014 139627
916472098 187279
46771530 74408
539522747 17817
437351960 83461
186152470 64864
930731085 128252
54804372 100427
555893686 16894
846590207 145955
728893400 98830
638836004 198371
786689205 146458
590141692 181017
620474104 145939
692558962 38685
957508707 50350
28099011 87480
484417880 90004
159635177 152712
917528001 126055
780881474 99816
862921537 47001
283031191 9403
916617937 137657
771740002 53082
198124812 340
10136194 195015
553051873 9918
916015484 199219
450770595 51377
628940928 133995
437639253 72711
233866385 146462
376837153 193814
746676089 148633
23635676 20516
326143386 75318
791873653 27668
81946304 55383
420711379 2175
882488775 122106
663406095 193550
594070977 28855
209443478 36506
634638580 149302
240332408 35532
389632017 22476
221967701 43689
376156620 195439
365097306 46573
583866778 136581
67942256 144808
675213544 163686
20556657 106840
896732595 57311
795296437 2540
135071463 106937
515413177 85657
479101512 113265
628231354 65957
280602868 56449
30299263 56269
74578797 176883
194451682 122838
228533279 109646
829965463 49121
605347265 102047
454060131 116381
680986455 188975
335350669 68210
832953079 9262
542991167 135831
102578701 183302
142262760 133705
246132191 52698
633906243 59862
963348809 89804
706018032 50777
383625296 46370
999166523 40674
898840776 20243
484867090 182330
441394253 113188
552397452 84023
930524567 2470
163483208 65108
715220986 145353
923271387 52880
207455184 90619
140188578 122017
510678429 155074
409782038 37528
745803035 192487
21662969 10111
108034940 179472
224914937 194633
554249139 66854
608730540 176720
664172698 37134
561174013 137834
348792902 16535
793819148 15264
653302808 182267
970044674 20553
294647211 32086
415588630 97550
752059387 106544
380511517 136468
738574576 25157
284835455 40202
687082980 4897
518582528 143153
6379798 198635
758575304 14573
97519246 36281
828993329 59930
5635788 187746
738812575 40329
10831440 146183
829880420 116599
89196370 18692
86863106 162581
461226228 85401
465135587 174418
202569632 63132
537487076 109269
989078980 149290
938581227 115968
850980195 149191
559234558 96847
906065846 58340
323948701 20425
707053589 96706
486501446 134756
943502369 196567
355881563 80729
28221527 168440
43679113 39290
239447332 136297
931765802 26958
24966800 153219
197943769 22866
529522385 183576
898561205 133291
346564714 187506
149610446 134880
731585264 66104
532108820 164621
303915792 180258
375336564 3277
38270804 55649
761896506 148414
914854124 157004
682478235 112072
344833852 194101
251892027 135566
565693690 29300
965623731 178927
255916931 70782
919801298 180652
252990497 64528
507370496 7838
775645956 167189
760033367 147298
766318656 14090
174004892 94380
253450416 67824
117925067 15396
486056985 124916
746923983 45422
951939765 107186
2140583 32
463509012 71364
347025736 167615
940075114 141947
578124221 184687
20390403 68531
359306224 108702
634733953 77586
72920863 71574
554487089 146543
13940202 100669
199604273 122926
882559231 62809
593299917 94696
764834928 31589
9559348 26472
404680465 181913
968729926 69273
733475687 55227
718997711 38289
659259025 198090
336567752 151597
147788941 69167
383314356 26626
175250243 13048
862947599 188583
239555142 166983
835230533 16881
348234723 140475
701759200 26991
735159932 103790
594428945 159694
294718497 122248
196884140 38210
976530162 118898
787801140 72957
440125680 182759
384958818 114537
558174967 116344
445601818 131693
248428556 101285
755851785 24863
898449467 101282
27698994 88456
859667966 150944
234189792 12982
795598476 113546
762264538 59391
518637748 32792
318584543 153425
760036031 176348
934441303 166594
105640430 166479
57685702 10895
580716921 112012
163137148 127715
629911192 194568
56213469 169120
841545486 184822
868223194 27060
333446143 128017
208492742 76689
976118150 49898
748633969 114680
658549935 6136
286616290 139193
145680129 132099
956978599 85059
586766924 67914
888781250 162612
510791838 73775
502031763 38189
479389398 14645
190066415 164973
114063926 196306
312971413 61139
992811860 197695
903404614 114006
747148563 30047
170509530 31616
879794328 137168
20103174 137648
437626412 116935
184537059 146120
600946835 11499
605541008 817
208469424 137423
656772854 64261
914010489 109339
131464546 76620
538686109 182926
708463146 16907
784423585 134804
925002016 102242
492468468 44025
968014141 6170
199579720 168498
880318081 190082
957486911 138130
416903040 193011
347573354 139665
354340186 120821
742258652 10201
769588096 70804
179294192 25720
722364965 178412
723160011 158965
375715540 97290
563302267 45632
902013351 21114
820790769 98047
402451812 118346
610775193 57559
767173453 135385
48139750 9103
780267707 67048
650859338 103393
658729402 106762
439795121 146877
135969875 162143
560596252 56592
390986921 195925
620841480 63573
100631660 69427
943828054 156054
403025644 175842
162211838 80698
221882026 106410
545755986 31748
507074662 186646
411501201 185574
181253994 108181
236767112 171752
314693181 69411
341069231 28525
211525959 150452
833363571 170970
928590611 139477
819303718 146385
844236112 29189
642696246 29107
180174780 39279
679929218 150614
135208121 98826
826211236 195923
144479100 62847
68215390 80588
566481639 94048
237817137 110723
756941078 111772
326671691 24912
354207528 171496
617956280 94447
389950739 173484
991093284 22090
768447861 154085
264675344 83252
838187083 187942
497379913 59667
780319769 168858
764924864 38070
832892890 166019
154581804 76438
701567015 131713
760477216 149172
246478473 43009
171130759 192042
492925776 91297
419893176 108788
579627419 116432
336960013 49346
269256540 3050
100010414 177469
459678797 21141
345695509 139631
718271436 73014
545597008 164735
198466192 199516
677901570 112685
62296907 117808
435308961 168696
917467481 128386
698553656 194802
83856861 62786
620423587 199346
89991071 21214
512543038 20217
18943152 142728
864107309 254
307395621 131811
2184074 189364
849393742 127643
687363989 143200
611034158 164197
125198369 6836
995547632 90228
487010151 34887
1613939 167087
432171828 62188
961912794 67162
713889817 19586
993158524 59312
100226155 168172
150537208 76328
464266671 159386
21977531 178629
921049011 130418
674477600 184629
695416911 41579
925596951 91025
849062596 159117
174254544 704
484291444 2274
757872858 55372
926899491 43597
87883054 142661
947145626 43210
998646388 157406
960123336 127978
223761135 140460
155351554 70382
733950343 166448
257322712 106712
863376589 130332
49475008 5966
588153448 38165
490895893 84207
815434867 183370
137796111 173558
226425351 37362
543003419 144643
641391136 153177
632085932 176399
700571310 168595
206398975 164585
392297032 82326
125707541 13058
845524442 87789
910310432 47989
77526459 155405
160686977 31514
634234430 160896
373222801 54084
866545409 138620
536891912 138574
340301354 47443
565680780 101569
125732550 8252
470308043 23638
446130036 101291
444019062 174268
519305513 111111
68486668 149817
679231202 94490
124057072 112371
998994521 77989
501336006 44597
824060679 17204
467814486 36772
696555440 191954
70459482 83272
21374356 21628
301932760 43883
33749343 106477
829159389 33462
597416822 41592
877880110 3605
475526771 16248
532329864 162971
694425754 161218
904747281 199824
13731247 155704
287653776 117845
865352603 36209
750436778 73452
771337132 178272
868322192 49438
125672285 189339
261681047 194571
981437755 119330
609998653 65848
142947930 128778
869691646 153615
285658888 134164
717441285 34161
672150994 170627
523001384 139086
494276370 180056
230039713 10538
157382028 50176
615884582 185357
650285036 126103
890564591 56118
46244655 42730
584428442 185513
229378162 160877
599897135 59284
195694865 51681
425743733 106580
815520539 188531
139099701 179185
796755804 6854
360010315 17185
808639739 8310
381652994 60990
53671818 191103
580274232 169068
90155982 24993
442388251 45536
940989913 114316
370791273 3833
764380973 48162
479767643 9694
946794150 161711
551309667 195263
873223834 196966
500951966 104361
35355220 90408
75673570 183421
874682169 49625
976080721 72152
284745072 30730
502495369 190384
450310476 190736
109065486 33678
649236959 144753
539604931 63050
549066118 33733
397077332 168345
472006225 63701
874961764 25985
401818669 63292
117722248 199058
778550369 198860
59509586 137344
526403562 38830
185532083 65080
104613062 191693
901867442 136588
458165892 58449
509066139 35886
371742724 91081
553018781 189492
760523016 51475
846922912 68171
273368911 119311
541240077 30061
466483013 175205
635399078 12906
820286914 97310
812738547 50015
414834204 2749
813357297 175824
547786732 96209
666767138 126780
992634133 110282
845894637 115356
724946993 47939
186293952 196177
511886407 109994
66371820 145920
772852187 175220
79510069 110208
485786720 188798
8161710 114924
483305049 18263
795536575 81483
928548155 64598
406538419 163990
792881177 27923
989037025 17093
845022060 104543
923016077 13007
559515802 62108
858469246 167826
237973576 152097
366988317 1228
983335288 105954
536696770 136923
705772098 85559
397991735 118724
582958855 117312
151190117 63354
889392065 148466
360055638 50007
344113005 34545
408237587 171231
599286593 41955
934038615 181715
656689041 9162
358812931 139547
857859546 191282
819582838 184225
13439780 145809
175700825 128481
887889883 92867
978053938 36798
51713171 63827
880963575 197276
158688256 141103
569782454 151885
725095689 14718
365566493 176576
378339546 78214
304883222 45742
678359849 64704
83786990 191163
174474821 167176
526967505 151661
463082350 129231
120188701 86525
556688753 100269
710323089 18857
408740302 184279
145895433 181607
771190603 151002
327086481 38989
757772868 2891
651629348 126091
390667852 82707
759505853 179464
784363352 3067
755665871 155738
128897939 83469
589174293 61845
562229404 73292
350654840 37336
374337280 47689
751444240 154313
440277104 62459
916924773 101345
291039640 13581
865557319 138593
216024222 186232
223840446 53987
625657994 52985
218553224 62772
997638095 176085
177288689 185588
277749639 105219
372698330 193335
257150360 102573
184568266 57435
551463127 9177
959667239 2850
145609462 199568
243277990 124347
693066329 181155
476857326 46608
649335896 146096
22976026 74523
958248001 70408
846811626 157207
851703658 85280
295598948 28048
494297820 148029
721496445 123125
115458420 149582
392130363 54880
44025572 143991
690679271 131270
827436621 196911
814079566 9026
699929067 39747
378871410 16506
345406239 133839
632396128 44814
355032681 46074
325794978 12795
503814995 23752
89074771 89506
683206384 39146
438922002 82936
251661891 36727
269125170 59914
245418365 123389
477518755 167760
700451048 62151
308842891 65845
758870290 49190
847804817 73695
399472289 78588
829450923 155210
438948581 60015
360884241 108007
740656691 65898
929226707 150219
370214297 92592
171698649 70243
62586823 87143
120258260 111041
160456709 15602
397068534 176683
306535587 17622
912070218 111189
173070547 151857
845576372 100896
98082819 190410
463502492 188814
895887541 8709
842297395 1620
752296554 197577
317743665 73871
877326169 180165
470436164 165732
318927069 19394
673218075 180234
501317688 21744
676921003 110310
154140409 160562
636661534 173318
984243064 4597
187558828 44901
634112607 121849
694009657 164876
197612140 16398
311666577 68859
906084399 20211
880000779 168589
970467074 69166
800711792 19522
508647800 3161
476914032 149058
687627795 108604
642332629 60137
48378372 8407
311584139 57110
280940814 66068
947477660 25748
602672081 43143
519460505 48025
964662957 118186
538313465 69023
122735429 165974
359563397 179420
28101857 13668
967470432 5178
938433338 194807
801338051 67414
674593537 1573
853877866 106947
160994838 674
532403949 63226
244368513 106802
440848716 180903
140673985 194383
258228059 182850
259936665 56505
135860079 54044
917934666 108384
448646629 150348
309273264 173204
691609341 173587
205164416 22928
140074718 160594
598025559 144678
375836382 94813
774002973 35608
570998677 66011
963162869 195462
202797616 115116
780969661 117583
11250778 70009
824108153 145030
198841828 35679
545180848 112997
89644546 129048
439376905 74437
451289015 48691
433511261 118475
301726189 140161
183031581 160849
629508629 161857
606610220 68572
340479977 85897
868855013 81038
461161085 117530
450776604 114878
747082596 98400
682219829 117962
393327491 150686
820223137 12350
495128742 97286
728692225 121257
767711952 196681
42885746 128037
519662246 28581
259578596 19084
323697518 126233
760149027 179744
786770018 125110
246735572 107677
157114449 98119
107716791 81140
446084336 160792
356744534 21578
48774874 111579
427820228 66492
228311739 83557
541959564 118369
424412247 138211
135426318 38759
283814373 49176
455562405 28802
18485358 80845
923771443 66206
914678048 116209
987936522 159631
820298685 62084
106223122 49672
964946069 48199
411142735 30050
358768006 48705
849632154 17574
791552860 39805
806301857 181039
862716944 6187
512212708 85447
360025772 130281
281425508 21
920120783 156894
590741865 59819
469788055 83140
551875237 26213
49782998 9008
687803048 15704
381949116 147143
402241063 74313
77636010 59244
901372883 91420
440690792 183705
958615217 79903
500014915 38225
300268573 41492
962243212 56897
23699354 91153
712148650 76861
180068574 131801
299224405 178823
10164907 11484
432442385 197412
454309041 132046
716635685 107330
499213304 99445
169014517 88713
125868422 50693
522574229 153076
320095663 97800
802307228 77422
436812271 110
606143731 58081
838588044 37714
883695229 141468
68804775 99687
451663031 185009
868741251 171276
346816514 147650
219319663 26684
957190654 53246
911322780 130932
76645127 40658
60418032 114539
331996269 11532
485531556 111452
831005596 43658
300429726 65990
8683937 180722
972433273 168260
144650138 197063
432370542 161111
402907465 18105
389957040 78131
303523596 173358
633746127 138887
604368309 48134
189541565 9004
662814137 49743
278348386 197993
911852544 139857
390072643 151010
837398261 74645
362566082 69952
896251017 142943
557014747 33158
851534711 186753
185561565 163245
22779155 152428
11914066 16922
888237661 99292
878197881 21930
469315960 56780
685667338 8268
115850347 121420
212699934 133506
949348920 145211
658364921 155848
700464596 92137
522139168 46420
601699747 53845
857339346 26354
213511149 134668
498103951 68138
668267953 104489
257149589 89066
411427462 136839
363071972 121641
997410073 124851
108198219 23632
733337999 175610
331751164 186870
507721963 197792
202995081 62770
800271552 168410
398991298 106999
62111706 24296
931242002 168589
450273920 27279
869493611 145082
940368209 68208
286397167 42389
52012868 105271
410643162 19573
759741617 60649
386862967 49327
345143984 151048
392566208 115727
496145046 56448
1640696 63704
609477070 143802
922976900 26087
565543158 193032
698508880 51925
457081760 192664
343526077 21450
467947861 191677
686063373 118084
34912877 154962
875724155 131659
623202422 56852
38246084 63687
824695414 957
310337143 189656
364300582 14774
581430391 191841
344472403 74321
675138159 42226
114336823 116088
214584665 101630
931944572 38438
97804525 194460
921815164 5787
95166261 19838
144138405 30959
619496055 96880
803190562 103237
99872512 109558
267820228 164191
113839613 117245
300985882 131929
639851608 66836
539035016 107840
324662384 172855
103290758 70707
78251206 87640
2363432 188570
22938679 191286
64842585 22199
759301845 152203
316692635 50433
100752178 14351
106288784 7436
646086803 53255
68105891 84862
996389694 160223
40705103 85394
182424856 152318
591481970 12887
699632848 86312
211692471 133813
289571703 112267
997927937 186394
415496751 7151
655375859 81710
128898458 7537
453661777 32634
571247958 41833
793576653 163045
559125335 70915
869312987 5049
712743492 156300
66436481 131492
901487362 80826
43880923 190565
937182490 141458
188722716 69581
610334747 48695
182039961 131270
851294775 25257
638995262 72636
158834263 198332
435397617 191985
140768275 83550
985847504 144046
495868425 119688
682607334 49442
552157476 74812
240001067 86715
287052231 32603
954694759 140704
946782763 342
442939044 193596
867034736 39498
431450486 64061
270082947 32579
690404950 152404
127258491 107
309731397 193361
890806551 89939
818749911 44921
373185365 139889
78154071 128399
276989359 106180
194548806 114883
789531688 33513
385127639 157260
290942162 109747
20541867 151602
43106072 146336
835888029 54139
816207803 167309
464521716 2231
628277774 114764
875887424 198831
439177167 68308
401080319 147134
613091360 28723
911317046 14837
821651948 182363
179360154 155934
998001518 87054
238063042 3651
372653229 77087
443202342 32950
672150371 1154
193002998 144555
706266594 7088
647267766 119718
671073018 185405
231493927 742
85248927 127855
211389127 64937
530735684 162288
738295492 18794
856750664 139444
427690586 76976
282568567 50570
813261861 199080
100311983 173392
16710277 12585
270401726 34459
952487142 196124
637765806 113939
196910727 172758
544436735 165685
168130249 102641
600577682 33067
969602756 111969
251447591 71122
891702705 42599
49185076 33602
999580546 77798
524710560 153176
693423683 69273
919944414 49305
101269444 150478
437343881 143046
555044337 71566
178412006 138771
217623390 110481
620018969 62949
827376750 45050
446288740 10548
219348101 193984
653074936 107818
931369086 22987
25761091 30022
140551180 2346
743314748 70887
997086257 46187
55159318 124987
727057651 23609
51835797 75873
871580178 113504
732243608 117509
258235875 188804
603330145 143500
244590339 143272
893147942 172560
154513798 53580
495435194 53846
310616177 172807
394191407 136834
717104091 182606
414202712 93744
734999230 137139
589874299 197411
588258406 5985
505911298 118922
62085397 117016
550857286 50197
92529270 100053
114575574 142522
325086106 135396
823303349 79873
949114973 62395
393554297 165251
230927257 184111
1872457 28294
531077902 173941
565508583 107958
672141926 187161
907924097 132709
145022057 110974
169661179 71851
161724023 158364
183888236 185189
479878487 177953
149303598 180418
342197196 197787
406717282 117089
926508103 9415
659722603 149914
387467438 67119
793905698 177970
542467361 143780
167427438 7920
795707560 183402
920056971 82052
525050203 41978
802266032 21651
634058331 140371
557186629 5178
687160769 161875
17387164 166906
574617921 148461
644800046 90496
42968977 31366
496076959 47437
82261598 10752
315610598 71875
489324318 154774
4348927 195585
438171993 23807
266545208 128386
141284587 52795
602466692 2281
304275734 147496
917262690 34839
54672446 130468
322238835 103541
488832130 100346
554167505 103186
767044547 175126
686630570 32175
943902460 31773
860058975 30741
565613615 115724
352586138 80772
541539427 32916
588276135 117112
852600477 53795
623052930 194014
302185624 58093
908192446 192282
895248667 121977
103169495 108184
24091068 124591
469593236 3617
552931141 44634
125889236 138865
590062216 42939
518299961 125361
437259710 115845
550692481 181353
817617571 76404
379301018 139801
572310551 24897
79870219 87605
823666400 14099
646778174 180895
251027668 165311
418227296 168278
151808824 164439
672393683 5918
490150951 174860
90875185 54627
315345606 13836
579665238 188289
278431837 155136
627173664 43037
86164421 59821
764266823 147477
338184682 101328
49476170 32729
528984500 110351
454223271 7302
938152639 176133
513835066 92101
664075775 113883
852523512 27057
760219279 132718
399852261 51657
696478813 194229
891229009 60401
608735070 109030
5675649 107933
785176952 112157
292082465 92828
962340209 140702
315444677 166678
274739356 37450
767216415 55549
378585665 169368
528307049 48738
947865726 8893
720616980 22028
490721752 179688
510959619 53848
407183952 130729
362500367 83101
503793034 45986
206933300 44849
971496665 135029
783137400 135267
42997177 175167
568470174 122850
525783237 84120
954703311 161804
432292938 81210
58624180 194625
202943480 18079
763112430 166
624716855 29064
561484545 182220
174622730 171593
739074933 193421
445840639 57593
452286038 75652
11486804 20126
454618113 42876
612741194 24079
731300011 153301
534906287 185362
787558882 139017
556823850 12061
517488772 9218
354042080 123574
234674118 52587
809417587 155727
753223461 157473
848288677 197116
571123371 34190
349560852 166235
200568584 170777
437359360 121381
28683188 71153
236897365 124992
379289439 43245
377412590 195777
80446497 4965
579366756 36752
403101556 161482
514524505 175493
649424138 35141
322110788 8337
530465279 143945
442628697 93114
863801422 61594
328549530 129248
634616980 15780
545451516 128243
486505159 71916
396554727 159891
787143532 130231
418587265 121201
455634043 88822
36265624 99963
648163092 172143
928982056 65902
199052716 174701
454692767 33161
661893440 94592
535585598 164243
763289034 130495
395458863 94177
934125696 129929
269168279 61184
221311069 105308
547178672 17713
166799173 92235
535634756 108172
691730060 15303
741331413 39372
107190937 141186
834115810 90614
749995311 102026
819666733 70301
518162276 60988
246749224 1317
415953937 105971
793788688 93444
943188035 177933
698550884 1823
599665234 169695
202172304 135502
535278337 44120
930028075 123223
709505787 81366
440250088 53284
538099740 63355
958644350 126136
951683610 178758
699601919 175265
904062691 83112
571659861 182807
942545402 1004
700019108 128975
117468204 70132
749553440 29172
902897800 169606
260255660 88868
194454557 119575
821869201 94752
214228777 136461
409591678 129241
186064015 154711
239316137 27592
814555393 25949
121104034 182972
461270450 7488
413278531 83980
416552789 59495
291712317 103757
36040488 171192
863452689 160459
748757941 34955
672122573 113492
710728290 61548
523059499 37773
453652085 1555
338361723 120637
668317921 4376
70653871 70869
804168983 139114
870379233 148882
72432138 19543
669433448 73575
584154350 117331
572438654 95882
593411224 117531
318794168 171437
124542836 129251
68671568 65082
352931457 36982
946644199 64603
683504664 11244
374467402 125901
625399223 177744
259318789 186969
792877767 173820
62658824 194357
397987179 49472
517757964 42907
979819147 140772
588774525 186006
279346057 172669
881337546 129193
678848796 39039
101654650 144306
167027720 106644
669534945 34122
582792341 53160
458707427 51074
607192982 112724
255747570 155024
527776434 31506
201936531 179930
657955536 11523
497991646 51775
715542301 21326
29937793 165693
825128595 174297
706888461 17333
482210705 145075
811213652 142649
101471091 68163
137958852 96208
728989049 31359
824953154 47344
65885949 131940
834312232 187585
968310729 86764
68490448 48303
850086325 70122
416225770 54543
421943065 157434
962296207 105402
89648193 112578
243194744 45199
873881791 116448
947486061 62592
991975578 134691
211071032 25040
311499347 176366
774634117 81033
58401153 8115
564733234 143034
534524986 147424
519180759 126854
494097046 109289
161316380 30016
268405764 157954
267240694 156619
678251414 21477
334343764 90669
249935626 118134
280982675 137173
513292994 60555
574257602 31973
63755908 95035
439323462 15023
765908466 168645
403375172 195791
839548266 130820
295735414 88480
863939254 62929
431415746 129636
78261342 102487
874815083 70153
13579438 40298
923590180 143666
78107298 92102
31518336 192071
659263793 172543
899178989 43563
542921100 185494
56754996 10007
96396831 18497
457694749 172629
618311717 179132
849545799 107828
438005775 163802
978763123 126938
195765546 36061
354930667 126385
708119308 177632
867900209 13977
470200860 160479
969801065 59155
132979915 143297
768616908 28384
898201985 44323
363437721 197273
588722008 62988
986203046 104440
809334762 177509
593078924 144219
924186926 75909
737902994 162438
4495532 56750
124752127 35928
457294361 136885
151171202 106379
253631057 18168
938682345 167210
321710551 4748
779481945 172448
928671364 174253
607029210 187820
912016335 104710
461864437 70656
5556050 9291
690771842 26062
668391576 96301
786200136 78911
768516419 110186
576250502 160121
579397039 141796
486943050 199308
335662178 5604
400709400 114111
368239993 9812
205312418 120462
351817314 14860
532055017 151584
503935190 99871
391419836 180755
331083779 122269
264229724 33067
727398957 108340
92917686 36247
148704729 130839
785274180 163952
509758077 126472
171779213 179302
30476224 34659
599396049 181713
306166005 24828
760486329 158574
423326474 158612
206003812 132538
862949783 167221
218864279 170494
46991156 108895
285717005 148958
456931661 181784
875337255 181590
405696716 43957
485133291 29747
34341705 128464
29836987 166277
277375644 172672
201524071 128034
107378924 154769
803428232 160116
161839011 78883
102011068 86847
855795180 150559
604126193 57783
465111887 160754
481551037 93819
81113244 31010
184171900 45473
109090063 96953
610227356 145822
63018812 93417
118705510 132566
306944668 81369
659549892 160879
915502537 125410
275368973 62236
52817607 38533
670054233 20934
929450788 2428
991580116 17994
516888194 7122
727528876 159606
162628200 42392
568995057 163994
266280224 10057
760228753 168230
483419693 175891
625890291 31626
970461598 162457
137352048 54339
644973714 162361
662570026 199245
112032322 10075
576812963 170909
900356084 108816
964033601 175474
356429151 177663
460656902 31780
418211769 84532
969204067 132262
492307449 42690
570957861 183671
210944440 169014
261167792 98951
801812825 194036
885470680 66328
194512108 3568
27577528 183664
282118754 183127
550018932 158532
581289211 74909
685156670 117178
572433653 20245
267773784 26616
780230741 171094
155832311 180347
751079493 180358
248157489 87829
834128728 11986
505689085 177757
550522408 66671
612577036 4464
233074713 45301
742579274 45118
157377848 34691
697305811 55075
414801293 95581
361952430 179544
447873085 144994
814316545 31685
685077377 88621
242776681 65508
973110103 153517
848997417 111069
636785576 62703
823541147 148453
930586453 171080
667388546 48628
600752433 59311
583135441 156789
678810691 42218
272786810 73136
89533816 129721
99810695 23557
742316911 107282
5319620 73372
255425535 183210
899688770 182503
589936343 17414
747544084 63935
293018702 127621
252335867 186897
23340816 193619
16316689 71321
282670328 104072
528632758 172853
146970297 71754
803618355 62062
73311773 111905
795337183 174399
788185668 1072
744813279 170770
635699255 41717
486812920 127586
973576285 169669
600517714 160004
496124949 131180
249512567 76186
710329710 69640
765155511 26574
6511472 143828
122126632 70356
449972146 153028
918933328 67484
335577941 105976
339665063 99115
51454361 2158
813414963 162996
684277457 141812
608116399 103734
282686768 169521
720903505 11303
322222489 195835
395560204 152735
390762754 113160
822797638 65004
666215835 81545
993919636 37053
68109389 23587
31631013 82720
248804097 80692
535941808 120937
924496045 173578
56867242 22891
902125996 18550
318307219 188700
355745409 129235
978023606 20805
537785785 76824
720288809 5547
50830795 117750
562599182 122059
287227104 81778
968915586 155070
627867655 73797
545010074 166073
147312517 2955
707830804 192865
115040872 113679
531414428 117074
406412674 122049
739971239 83279
568763587 130448
781009998 52617
704618495 71013
195768376 165631
343891538 57357
916836003 123411
456683057 10115
281568228 172341
720598985 41881
236601054 106527
340836461 88206
77160761 197460
886586715 13167
730625544 29521
898222883 84742
509794624 24566
264470682 157605
826469996 168098
319629902 101129
178799132 188631
745696378 161780
469747564 77302
959008491 115113
260938164 184065
669382755 153059
177144050 35831
752759748 57702
92039877 195644
777471569 199634
191570644 189476
137318320 139422
310626200 117448
302344994 160014
576755860 133841
417281381 149086
7753517 182973
246481081 121483
733896434 63282
447206721 47250
398373930 179068
39239839 49936
424175076 138340
205307811 189251
689288449 90778
979037399 166035
852456553 150384
915010527 189324
974048499 134854
348386731 108749
6646439 16295
143293661 55514
817166106 89383
295968724 149393
957857944 196909
6960973 45669
58849545 119855
464541733 48030
138793595 34044
419854790 32614
396148163 33728
353350452 97491
814301387 103105
822952573 143989
84713891 119194
521931859 190619
459961629 148146
319826043 162114
584537416 138975
866811122 164151
566632081 9128
782813364 191225
491435765 37999
333639803 46306
680941499 131479
935513926 98840
485611650 119566
25086220 179909
203016022 21862
744713878 160659
177391932 79519
163638327 124422
247472907 40820
869940893 176392
380182740 147638
662064032 173880
822176775 32690
127438331 120099
364456498 5143
542766609 9268
142623844 67368
263596223 158789
185054573 57712
494769073 2235
531418061 177264
60858896 13773
350916054 9223
705226579 136020
712561961 158086
378605514 135341
486558777 68377
109147967 140929
325209944 15845
858479226 142300
272500426 164313
229032183 15485
854086931 99612
117450059 45404
224160044 47766
502949735 126914
306176210 177542
799048194 33176
434458334 73860
34635359 113851
459685528 51727
805613729 36176
769807546 125049
201585763 70973
173496207 71342
999396319 28423
656385967 44953
957730880 105500
334624900 103801
214015358 161489
651064387 116646
766635857 5836
348642968 16148
581022490 156706
261113201 37180
391371431 35084
42408304 166921
145296429 131255
857849390 8943
4426309 54371
574343198 80693
6507932 92229
962831909 22587
137735503 72606
448943778 94181
969311068 141444
267465627 107914
380078665 34116
158989030 119156
620971171 166916
189358803 169318
847910368 46617
927191274 80039
467692664 105947
934838833 74824
962252455 117773
572307323 27809
167761151 10103
301708902 140091
100036432 192995
544241180 99893
955882349 2427
651210111 192644
835897647 86319
443302575 134957
995037570 52145
257199399 88838
368740649 55619
329719411 186860
627957475 69342
198691591 121077
843985630 125181
821368595 180992
728179094 191278
770137995 84665
544426881 78530
397281162 81344
608688717 71714
246141041 2582
40165043 179165
427862311 85889
419761961 35038
949644907 145531
847615686 38627
943590466 68685
583050940 13838
421183624 51459
259584902 122579
194639215 5080
142177243 130981
744828051 81072
351666502 111697
263042841 54839
322208842 136870
510941075 143947
826182913 177497
202061060 47739
572305646 67984
551781317 197085
817797553 3260
593031612 62473
483646394 190730
48840758 92743
952844029 170866
867748479 46104
231301887 130267
244061919 48505
345375218 131828
102852343 99751
570301281 126191
935045491 51272
442044584 50083
659308514 11264
693897521 140207
440560407 129039
146168338 196358
75352538 103298
481177283 12103
765397911 59215
1410298 61576
206770130 40793
958083952 89086
770135757 43936
653648760 58386
731995614 102044
916513150 35048
254716105 47587
832642507 179523
77042105 6779
541362817 80133
876173820 195721
998983808 41227
276642147 79078
51117632 94820
685365574 126337
93298720 134189
723503718 163661
163225881 196360
77799141 174323
899715337 64154
303575987 121419
393447439 61291
771123026 157853
361155472 121755
223192640 79431
842966105 76536
517876112 82823
202145756 112521
440272803 24994
720624547 79301
527611171 71401
13639752 135983
424454177 43543
657013480 155810
622281930 180904
473815758 80450
719049363 187379
139203485 6407
499045204 44095
680855580 72188
321204642 178157
644059669 168525
978360184 123276
632895888 19618
627972747 138090
549217046 184511
286882666 114157
289455150 5691
190447316 179898
741866498 46642
694622008 120105
211188001 190540
347952013 48079
528903991 196112
586173056 174234
28339221 138666
860479663 976
512307349 171597
727365410 43567
479477658 112866
377263886 94251
699411305 94972
540711702 85442
359364639 126283
946952093 43819
431143186 14264
261257525 129089
753626249 66636
835728720 196590
324708038 57179
148770018 54203
67736317 161126
360750808 3768
202897575 152341
455783869 180607
836748948 118951
893493038 31428
492914487 78386
156659669 174580
634007758 20618
541776953 76238
982930045 10634
219422099 88503
976213987 33343
586514468 106479
434026880 90072
256955403 9797
677600693 47197
273680046 48800
75939844 189806
250117325 101996
532327576 169197
191278616 40874
891148162 145418
608508955 162943
776501157 59489
136762247 46813
42466513 152232
994263690 115217
541580255 12903
379896573 83283
957884483 49640
895679494 189642
439180406 171174
960222785 30597
422663980 129528
422450985 83324
366817058 165889
278177589 58989
375274567 30682
477127243 102934
730038711 10008
46768672 189604
744694808 86315
334259142 133207
327810905 189129
119339712 129095
691737566 9326
466949300 3785
105012510 130506
464515684 87884
245780960 131215
304968624 199512
83256237 178240
55002136 193255
744732163 197111
637651502 1869
508735496 75829
262707273 169263
167073915 112856
828058210 30247
423057685 26582
641941225 27296
684246044 23810
976186615 106220
777854529 51620
460978824 111023
671466273 139246
475755225 175379
355642007 89528
77631501 121170
523616817 70502
784186915 59875
133865408 5361
989401409 14895
708252815 116473
138252070 32234
682219944 93161
874249531 13077
545111830 43031
628281324 79261
854164452 190395
970262008 24245
983639986 169285
446192192 134969
544840766 11589
198972489 122786
164563999 1085
151426167 149205
540187848 4816
597899244 128622
126997558 115485
416970198 78543
114469376 185544
676808020 78044
705566978 157367
91475812 148468
334781737 42684
964620399 79187
72081410 93822
386229177 73219
990802413 27773
553160675 89746
76359695 132732
925498873 149816
96406053 144236
351451581 130415
697318653 61814
271776526 124663
197970923 110470
671139782 152442
82298004 6971
36305943 172936
860936323 105863
97272613 197403
781451315 30545
434095722 104452
428881380 104219
311216045 139751
379015901 72488
65106263 66874
409530872 173593
231349946 96770
769125027 168019
783657952 158592
264583254 196653
172996807 50812
76215866 46824
748231893 108942
614245908 135170
798013523 87381
584817569 83062
985111293 39962
323121612 39932
854083934 151684
612638103 142774
600392292 88655
403783946 100288
931346770 176140
316317011 137239
987704409 133484
100772906 8860
881355408 130648
33283 102830
620992134 166638
296748078 164328
371357331 89532
992289066 71396
581967357 4113
837879567 25204
563854174 36320
357774923 155081
368397296 138184
507087691 48848
791171670 163183
335193141 10271
668931181 176934
548623667 193582
445053075 4530
208656600 185036
29052389 44855
286380937 155680
308864701 198137
868704529 60925
991729796 154854
246827166 109925
944722838 42416
903367554 141043
499912014 14250
332855982 146863
536795611 178362
280759155 81709
220572230 64366
705557973 76574
997949524 93214
625950031 1765
547498742 40442
419689064 133
333628861 186375
686651136 74110
236017326 79971
174920795 179842
311237234 120232
730906174 26370
471279187 6038
56826711 6614
936912088 8687
323898094 12803
529535993 152785
474659181 75551
679046784 141563
594613955 65957
157000833 156230
834513889 122478
961062351 17529
880904425 150185
173192568 63647
914005316 14145
497114828 194565
673701049 94199
5199006 30863
327811580 35191
269853622 152530
3154393 123508
918162355 118918
806867995 111452
590651714 165998
893000772 21308
953963822 124351
274611828 66806
409922049 38581
181736679 181225
716316297 31250
104122646 12246
694974612 191
283394313 129752
987986037 184726
534235617 148602
119676834 75423
527037763 153532
752568555 146417
84736838 15625
448511488 26692
176411780 168869
608876327 141266
244875410 121683
402866376 126185
956068073 193441
415393556 199594
117913063 161330
270415464 80095
485176947 41357
502202893 28415
115955479 92900
28114735 125689
912248053 186559
763167361 37342
503260636 179702
327895803 162099
973272265 66757
564499641 198009
885487290 18019
584265512 63656
784852952 191440
767216568 54121
413442247 119351
982955845 155512
306808195 31000
65965974 141576
630495874 58922
440870360 124207
808965387 141800
194427707 35117
364945676 142434
573395138 167888
20267384 194030
177049162 54208
879517065 103864
536985512 194667
68889775 140794
381036597 55377
303720385 7630
958881391 120999
165104077 143631
396694531 63532
98786406 5577
784750501 152037
804946355 58831
131002663 110445
135728416 176097
705587374 195144
998691829 78788
231322741 52675
234940310 197972
683138603 189973
31068676 51854
877305055 154537
100591485 198314
620183538 86468
45427447 102706
770240607 124930
715145264 101533
771538453 191180
422749191 1318
675165749 129587
709919651 49761
516998808 199894
429482465 78252
90847390 19505
376668024 44526
668994392 112509
927855615 113241
869613475 62012
913615071 12513
853426087 77030
525802412 169159
243547632 162454
209743785 179890
80843593 10372
616446906 91176
57582482 101996
147036100 18136
723730586 9244
349529642 157371
477683134 48064
411524515 166972
998391521 49404
345858452 174026
504676018 152276
283496474 53926
500291944 35471
241271439 95345
412886247 101105
213647558 35085
890853056 13950
624435659 46225
543283011 41830
610004092 180702
633646312 73321
680077597 176737
99305207 129530
869811310 67902
462857454 99458
541503459 163822
513990472 94522
866978412 75717
247065692 47241
60446802 198735
752071566 33669
887780778 120384
496199512 169787
610768272 108928
671170289 131272
770198968 106759
601047062 130415
501694423 32188
265333320 108284
602003406 124605
659280638 8319
157290807 191650
20745767 135010
735612849 53682
565884713 17039
252062903 130574
104487681 33326
132013761 87533
730774734 181508
483466782 48220
5456212 149806
250322859 50963
636332403 145360
563194981 117741
799842590 67478
499108339 191136
393059049 6303
748763498 108115
242485970 126130
930883849 190089
533298370 45650
603541924 135063
520861917 160016
747927103 106121
208807402 179781
66638872 85865
681153347 188936
25198000 99391
574832087 53550
206934108 127956
624082504 115524
923636051 180803
941439864 68134
836193155 127585
919803680 190921
936238657 4745
936030118 75702
655328775 192768
868250764 79143
650856752 178165
485093089 140361
772363102 167554
328129654 599
6229287 110016
469871232 29967
520183643 104210
14588656 1222
616702370 177418
989229841 173119
756963603 105145
570484785 142127
10175465 57457
40117781 189464
916565164 129451
552008320 49521
346985239 61849
735991611 36855
64642457 109216
526401238 23604
571563823 177616
494327753 4061
838708663 123189
554015467 189615
516096153 161149
686063604 26391
74362748 85929
864462432 199962
129580383 86511
78175878 150875
950911542 44916
729682021 184622
538517933 47066
813916760 28890
503781495 119643
134278689 167553
113476873 53287
487678860 135583
249601039 142297
879625825 192027
334056188 91619
242978832 148981
444542133 163360
884302274 29882
685265706 116480
707935775 13541
619469822 177785
476539513 44788
877687953 126962
842784373 78362
380884058 42366
361030181 32444
859153555 153747
23055395 82937
606995192 82293
358009678 116386
806262324 32682
938295585 18914
555478911 12249
418924525 175260
359572014 26070
310125395 106796
682194579 29523
314130338 124376
935742080 180899
951485447 91756
63644042 429
10543233 29857
39916767 143397
779519159 12187
158525217 50626
688776687 109174
296183774 186752
439096141 195318
708907622 161867
812145780 179750
382085851 181355
186893677 79467
363289650 47002
989495125 83462
937647283 191328
652560586 23382
211526742 165708
470295610 138419
643475697 32370
707684547 170407
415023771 197643
386422956 137958
799410735 185704
39030691 115398
79835369 108471
7671142 134576
426429987 24756
620663813 192718
571713530 96935
534302704 92473
389973010 92738
555802957 144915
218339244 58123
873972164 120529
299721727 27968
506416808 116350
632402983 154958
403406799 438
474507789 2582
496634468 55150
328035520 125710
497938664 114889
666992087 187439
520194103 156489
107815357 36650
575427559 18424
627879613 16455
782445425 11633
239154957 198412
888006377 2662
464482430 31953
906629655 115803
36752987 131454
848571071 68034
12543440 54946
339917512 36023
595668946 155776
279222830 23692
413620905 91845
40022989 195205
16249022 73775
719025356 51535
118191187 131649
917513386 80751
840885713 75755
788744334 92337
775728222 96862
271465751 74761
901812887 55076
125865511 98620
915609740 60430
444189994 8103
892633428 45477
876895517 82627
575524404 105191
800980292 55217
216282571 7822
952854833 96277
129927715 60124
234246340 67789
986111509 63768
288581308 175879
414576784 36923
290697981 129224
965837099 160438
793773214 27479
100467472 75532
440029906 63616
997696281 67294
907095334 95126
304238579 153673
855712594 5005
793846756 196141
177465989 130292
996307770 85311
273544949 4241
926773919 31912
972841812 102863
533705682 91271
91822586 151271
359328565 103372
25401421 125404
494964454 6577
936829458 144913
181848244 22919
106245911 144986
292969156 37677
512149356 122834
344154693 14275
953442325 156866
784135015 29589
320114655 119754
646567848 84013
242048803 178230
409973859 18425
806851292 162127
346151197 91125
246166516 181069
728972595 107472
771161458 162178
787746191 113687
509998755 80049
410149858 185788
993607608 118355
73317729 62431
699736399 181832
498160164 100321
870503846 87314
813030967 159657
714647801 57965
157873155 70520
814127239 60101
446551374 56646
615818881 149933
961896345 172169
553275841 97103
197609285 124183
295046115 89152
105177721 143961
793181290 159975
258779023 175740
521609406 38262
285325458 194949
747465800 163125
137321371 145800
102435564 70555
348196670 76375
847007296 142959
301468078 58189
86261339 181668
239466021 75103
139232306 78006
682094040 25540
174560345 164146
598753128 196751
813719917 179146
160274220 161096
957756809 141499
915315807 19084
928704529 146382
200927184 90814
759207510 187664
423748346 97378
53908907 195175
777927808 31774
729035571 166768
214934579 176204
807422415 87145
864076027 144777
191859246 101016
594874722 142492
378353553 22510
350612608 7769
283441842 16686
415681214 98547
153184176 197216
393980289 9019
545410370 167255
220594678 104623
458798109 67867
389294308 11903
38036723 21640
768204889 141827
484872535 122691
920628079 86345
950245621 120556
474352278 135092
194245903 59904
869846253 47436
673659539 176942
554052061 176489
566300174 187979
196184381 99357
718355152 85870
648286680 135642
82367914 183558
693619632 151032
179937829 38971
204137961 64986
633571091 100594
820959623 50990
852126995 179997
85981750 153364
313186496 33593
74137399 43251
48770747 2317
422194100 92543
894336154 67575
723779018 65499
60013217 94603
50398006 89955
916182012 159553
640343979 37850
6283011 68793
517922381 23220
779165271 99731
381817558 184015
111852458 31730
604432091 90236
737478565 30613
711653609 129036
112865779 129220
631280491 167479
910733166 51536
541352804 67272
809726318 46250
998312522 198512
368601024 190320
229173214 113575
105525460 146084
637166971 2715
260744134 101442
232559468 38920
431204640 4827
794260237 50434
434838917 185383
755966950 84330
862185202 46905
111712609 125020
929038878 53979
225033868 88210
657115588 12610
879481751 27117
700306988 43687
881135045 115479
244438871 91838
924173947 86347
683950649 9342
639183839 3206
636140595 187700
239875712 99527
653169387 7162
289318092 154266
414261124 123049
800217086 144681
935446996 71762
322043794 45912
94250951 34042
22351682 112083
107680333 122225
673186311 87936
598540952 42157
783936875 53401
53740328 193594
208485365 110142
140095805 123645
311664828 123114
722258193 44482
983201717 16112
884074103 106822
664158498 51709
924431770 115746
975473344 33558
855635151 101623
800491308 36958
87623049 165473
978531405 52292
457735065 137709
13319713 27777
431021517 1651
598043369 118894
647046839 57658
846959793 188964
308168747 104057
356993786 23351
646606082 59085
835369367 131
416665734 51805
387214090 130546
50863451 152813
935727005 165188
247930341 138848
834957233 30653
290239680 109517
764451931 196028
722122020 43401
497592602 1242
670290688 120530
483556047 869
297984473 63355
159674181 33296
745556182 129172
493358377 137728
291906349 67102
192179299 107824
839915698 190980
737268965 158292
810416453 113046
771623000 30849
712785069 16601
43200237 185421
540861746 79437
857012302 195908
646378909 188886
232596123 159325
431818998 87383
338783730 124304
652170074 199961
376835398 41733
704127315 162174
453739881 173033
728313322 4102
35723562 50852
609219438 64028
979950659 77188
857981541 15565
111146473 179484
463817758 122920
738458031 172142
732788497 54674
623818927 189176
833880481 22437
863283029 67373
201099911 153966
787834356 198782
41149398 40547
386320758 51545
527932034 8858
969406648 92306
275158035 42608
492487013 67902
856869724 58171
806264788 195296
523940400 49017
941369571 109677
433150747 198211
418850482 16097
88397424 170684
159648389 97773
965225525 118736
831066121 127306
884950361 175996
248992514 44236
42889376 82173
775311165 134528
858248681 138215
47153463 127713
172697134 28657
999873960 15649
875521154 187698
233432546 56452
834046070 81089
681802717 198934
509467059 45516
248505783 9690
666938707 69415
26071091 194096
797221021 143839
169304665 199427
591402148 169182
886000521 79552
175625913 178224
705653242 108709
245267548 26856
567331594 165177
432670312 4676
595661723 175894
648072716 105434
155923567 105128
972220739 164535
942293749 145130
441234084 71389
151410608 39665
211277210 172138
956923832 9558
320556459 172821
61664629 182260
369256960 131162
646954239 155996
797540475 57607
512554041 74348
101879967 57162
38799523 178659
195350362 143862
789660950 143841
576576226 143176
457678999 62818
324069466 156061
280602806 21242
110017602 145062
239970060 175855
439853025 77755
476440288 161722
524524422 82904
284910209 579
89438750 97623
780378611 8356
280944338 121699
95136176 126531
202768419 38111
976285696 194907
850490666 55994
628211145 162302
265026235 22109
897947850 138871
821394043 26336
686186848 29380
923892061 31783
824740615 161329
487103121 35172
992034877 121278
63053612 122788
172638793 92482
613231130 163729
701015577 139770
521299856 90961
573239873 34324
926145782 56954
498801971 107672
802587496 47392
810948037 106522
576199098 167564
559164435 60022
938318527 48164
114564197 173448
578515194 180961
172213985 132381
187761651 23004
817726969 30620
153598257 80108
130363628 127972
330793710 94737
215769708 78201
548962237 103579
626759496 35784
410722586 108101
782909368 90960
606416811 86335
998401146 177169
400693647 75272
967806064 41584
574886518 91853
221081667 189277
269318462 125547
521589479 77130
679572746 53024
405826752 15807
749869760 48921
870885117 157108
404399088 39605
161336071 30158
4949072 71192
601926453 117300
251929031 196479
728441333 101641
795787198 126541
619790440 59847
699722399 128333
852432331 93977
823596966 97032
37198384 545
243555810 62502
380638657 137121
651094328 121605
401911216 59636
574248756 28194
433793354 89686
426661824 35393
523466659 73462
371451145 178333
503561383 53971
365456257 19986
140286157 52565
867941547 134568
188441247 196432
996758025 44865
101597771 12615
2032120 193264
897247476 136449
650327712 125194
791084649 33903
323766957 197428
549643830 91885
162015935 109243
936965429 52449
321561875 63085
492844372 35381
952294221 21963
945361047 36183
683623903 108422
471306459 107551
870300730 66264
561722117 40458
227508743 44178
653803973 52507
657933783 22349
318924940 62724
381429988 78718
313267645 40060
34274573 41203
543677115 74212
506176300 65401
273790851 66533
383532097 55380
225507467 133153
509793608 64619
934896189 67968
666576207 165695
486105395 174588
486938247 29560
930916760 137472
919399429 65840
454664621 66815
580898290 16321
466488244 72781
294561956 78739
120864151 80257
706223826 17420
944482690 12927
978120802 129704
641455177 130875
387483572 90817
616683680 87283
973936484 69973
393301180 153122
99230900 175259
290155560 145854
225361964 182084
366058805 105632
842499501 159649
226250814 63061
636812382 178060
205364391 196533
867788468 172516
655623187 8712
40076034 88426
689275865 9590
233658556 162993
229147940 88239
555749752 73917
301535222 115826
500046816 154788
777462303 32979
775059309 195608
411489984 186891
591001748 177000
990281348 126110
459596333 109861
669633003 76899
271692462 89421
340369077 6249
655568725 1813
736582865 28200
64839729 44499
588614498 43406
790771533 133333
965831413 98014
513494275 165944
89737876 159597
561231892 168431
546648812 54935
865886497 94078
574370177 131760
178870022 90093
595810060 121602
280332941 27990
810211994 55229
586984650 144748
34396617 162607
410514322 9398
642496492 132629
214658553 5033
459835957 105305
148143349 91927
241504820 62567
621044051 109987
600650274 188786
929734993 80378
29927094 117239
242790595 140144
705079936 86160
522422246 111048
823097622 110722
594540387 170796
778786457 92948
157015472 84405
204049831 28860
35219544 65875
431344566 173788
232935567 138464
434906287 6223
335473153 122829
468204367 23407
231190578 105082
623088024 198972
737681880 124089
748697829 3777
177751018 189905
745617710 74866
414623902 197604
320340063 24907
381368940 95161
181509829 74515
725401933 43007
503816636 149171
320089716 136386
152030436 84266
762064340 124153
637975833 95883
670628342 41728
622677296 163081
130248951 97242
589833257 76323
616819668 120162
618099761 186110
199849641 104401
352846012 1793
273645715 198553
187128727 85725
628369550 156749
220983306 93933
404459300 76911
62189180 96777
962906133 24828
770661734 95375
338146461 121182
887254436 168003
472931683 122052
257751164 47240
728356034 71495
635414084 128353
579016919 10374
493847158 180373
99365736 153497
772143587 181075
433189937 153596
344390450 173821
91677610 127877
599706489 29576
394168975 13274
137690425 147846
419947386 5749
30094380 134412
968895980 118988
398009955 114883
803381496 120751
519031319 73762
653595404 137728
296601858 140372
341051618 150725
433532166 77694
442575447 39118
40312472 12286
571643159 18435
161716065 80981
660425071 189968
977769133 184517
53893888 57942
558886542 166033
468437898 78528
776297151 32420
653151803 154771
67107031 138152
767365080 158736
845483855 33135
505186041 42576
470883311 33269
87316298 12658
164498153 173344
162815916 22980
474021283 89673
352506727 102387
480450870 90575
56681709 166901
129895193 141062
471766370 112762
402799107 116550
469263213 2042
975498011 188854
329105875 903
944301282 87900
659442452 14472
89526866 168007
708422550 452
64873539 197876
528044505 149842
649741237 58972
393024738 16251
920595504 129913
281999348 135950
245047033 142678
29090190 174018
973272670 189675
490252619 180653
873156118 120914
691035887 196056
385422143 29453
236624387 91088
576919242 76081
796387443 143522
62914622 183089
427145131 56848
357704987 88709
742345139 101774
265513373 32753
637477684 185705
790847278 34834
550584228 93431
955544934 108340
351747815 86072
955942283 42224
951912504 130308
630151467 170891
548347392 194548
662194991 38899
280507188 63647
627763990 197541
112223771 82668
942960600 65973
387568809 180727
901948347 41533
402347008 135858
645645650 113891
340780922 43384
963091185 191513
134958802 184026
792061337 148251
622419102 33364
868548330 96171
38714364 183111
695425928 100399
444168669 97856
581273108 82267
89006681 103104
685615093 186188
48965315 8953
587939401 111929
787875136 176243
349505052 110039
549836141 128848
379010815 15104
842354713 71387
620686559 1530
255262810 56207
101082341 40724
19200533 22179
840948117 40813
832453913 171941
492125426 183336
673005912 118196
258606499 139927
745698587 188186
734303167 14460
197266035 130355
312350009 69757
710563530 196932
859629483 90156
593375531 163594
526247995 28320
849412460 4722
74891889 39394
94298741 183274
296535250 122115
872424685 126924
6664937 116374
78784541 77871
546387541 116342
780020721 86067
789105786 192411
961949069 147817
520616742 88876
789757004 20621
146477724 82207
15383455 3556
249054741 43051
621122943 100690
939396303 5405
341142472 83945
421146274 85472
291932608 197099
327337916 161687
135526362 3256
872827861 166660
848300776 160264
170591264 101213
379328623 154329
595913774 96702
97285548 47149
109747597 62023
490192492 52469
382179515 123682
616804175 135814
179024286 185728
192087185 147665
12332350 199988
11822092 199540
884990860 56410
585137336 183868
146659433 20809
320774922 178929
196503902 7135
821251671 176097
789649959 165635
511948954 151883
40696415 184800
963399176 73848
941599545 136950
171795565 132729
32120079 170905
478677335 35185
670737439 162224
76325837 162360
757935279 5124
911629677 17638
318932891 21554
498487330 35314
989816634 143725
482877765 75082
232459612 106619
380128333 27763
740445283 9154
220961096 13461
684856560 133553
863409322 158669
751183495 193248
883188545 136116
693704023 123858
795442432 108773
825092459 87452
255486085 70196
124717073 199861
197208435 112363
110284510 129917
32117430 36585
912713145 318
834044230 34093
903534681 124186
88405446 49106
920702666 24599
393625845 97670
735194465 68251
293937967 18438
2641334 38032
180900793 97259
233750436 117198
107168713 102820
841074865 77542
779898418 57753
10633950 52077
653318553 7968
885209880 89856
531290930 109930
648196943 131874
822710619 131446
458092709 172820
908267555 40937
571432896 103656
931262682 69147
43419605 14268
973723130 16777
567387849 133665
944937754 113842
571148837 182341
20706790 10491
654641555 141240
245830112 5783
135578756 19026
649525472 180988
886351535 51977
758336219 43387
368147514 96368
23274793 103666
973238095 41501
383118713 42864
783012339 96481
745523488 124249
282509445 24695
348192534 755
849218847 131344
694371937 91070
28039492 131755
408925296 198207
881871659 180128
836950270 180086
466890076 137471
962973271 150181
314156120 77914
104792878 55584
145162353 186933
280662955 191510
13826023 142412
961710298 56813
690302389 181260
791244527 68821
368267244 3693
624920856 155367
272297698 189941
583721141 166707
537488860 118597
173195224 141221
871195233 157837
132126091 32492
848653234 124085
601360565 194127
906190032 13921
812418467 104113
770869201 109055
873213120 39845
910850076 198619
113512226 49802
975154262 18877
402345178 45234
825012575 79766
661918785 142336
217584117 85684
997336439 25673
502835070 120352
322154664 105489
906197854 8896
746623079 189553
727673837 133059
34746604 96076
39918161 65198
988019484 17170
219278878 102173
582986472 113005
559816346 92651
754864731 175677
646525246 29455
299314617 124735
233746610 1260
901476514 125540
120380281 21188
301487704 136630
510022853 6945
299270920 65998
864955596 9888
252748125 198179
872411578 16657
678288315 196239
267165613 45182
566444840 93998
195382889 8828
983396418 40145
299641991 78765
61099991 5453
602824890 190588
317637176 8375
618591086 114817
947951225 114254
294414294 21766
102073658 20211
282200409 50544
950570441 74274
545879619 181547
65780545 38492
195927532 52878
169970225 14721
193704628 69534
991531475 179201
194837700 185578
624806018 166899
755622705 77249
541962762 157143
130271112 151810
941935150 114680
930893952 181891
696999759 125220
239842748 53283
597442845 29618
558062721 9947
151562045 3807
666164275 176456
414016883 87539
617980832 93739
45117761 10563
256709652 115391
835931548 29803
664245712 31489
240741194 189495
264165564 7535
785072919 159893
157089657 179209
168649293 108803
927588973 118021
977658548 143169
15767871 116977
488656203 92805
114874361 80857
845924147 153928
670600989 77481
694132392 40460
217988817 104516
335764790 107351
986916883 118219
736242237 86794
657423017 56721
719558632 126947
299204390 63697
757778533 153628
590549945 108513
655366932 54896
687379036 51296
423225743 144142
211956183 66079
182218144 33441
951787818 188553
536114774 165139
211005052 155982
210112529 162599
476856011 144241
578330234 105563
718204614 186862
689204734 153316
547982356 94652
784730731 40708
385562184 42736
658564534 29139
482135232 154504
807411472 199305
321529721 89921
978262767 26093
750598074 170860
607884657 35471
112353867 80406
691983147 130826
403590790 125212
80031028 3523
42005011 47393
309834902 40807
800405532 103199
4640244 42382
582653794 169572
513753121 188758
913304013 55241
870177472 187383
70285813 160582
290026090 83221
29949684 77700
118893151 96603
730080924 175339
10443217 41903
294018120 23370
954427146 166001
492037979 88180
611371847 62728
914714088 37980
484507128 186062
306634501 93598
913775229 17304
928096753 19194
892110880 74488
841962032 149315
967528550 2414
230107644 89097
683279687 153249
712191093 148020
101361904 73839
801311505 35717
704779137 57183
370559377 26873
168009050 188676
50462522 103543
860214842 14081
124484648 10838
398276199 52407
152967899 31900
97075566 37224
391276592 8551
538580673 103738
132194222 96651
694706179 109633
580895743 25406
199766391 58442
984530153 131064
802560285 118819
871080442 54660
340674620 118131
218498273 135048
13392110 84940
282271146 190551
849937104 126348
44429619 138531
933206964 17921
768756654 148499
959631135 129178
494514086 115935
157306146 164580
340053575 117628
927980513 79210
47702507 178672
779231476 54131
406222093 143560
944137859 101198
634088613 159443
758844636 140119
702905071 137195
12086849 151298
727302228 185143
725766630 120630
956038482 135559
426988933 163406
822510912 109752
298093167 117079
273468765 183535
885225420 165365
912129471 165451
196484469 193528
763452202 134697
756280055 91466
486701197 156256
50115876 116620
433425864 1268
564258219 176546
545708171 100727
587616243 112616
120132445 142914
279297085 66294
582440721 191360
797753590 8231
757899167 37957
553997726 29292
761061901 87447
610544477 36649
273651110 167785
874448891 40633
229108168 143857
275944075 11814
756186852 20123
712170228 77219
657964405 141819
571944260 167174
764599990 35704
929984282 106398
825044535 9295
457831756 113042
898962674 57387
654842735 36758
411319930 103275
985957479 49776
597494187 35425
484750762 165029
56459779 196588
726377848 89613
500755968 131766
755535955 23782
373921128 193234
250318219 64766
26324303 176845
446780314 162279
534095528 195051
302887824 107685
173104637 117991
515913231 153822
546731549 116065
840833862 69190
315696652 56674
809038237 67174
293244340 162085
18099946 6539
356579583 95173
515601327 78414
243269696 158167
574015634 5601
248181933 4323
583715547 38999
629714047 91812
176390 6057
186714774 71315
905120569 192014
867769370 5318
589710673 36385
949939983 130234
906823771 16910
380076465 127622
85287096 76395
186478752 158326
626522295 3254
796302645 135064
710205633 178255
210641065 5001
7748017 191337
854491069 180781
473104219 103848
232815524 175743
742126061 37149
212773165 18619
833708610 30049
140200306 38632
977695209 19315
422609919 170895
700829287 75544
708917411 185161
943827827 103908
349060748 78311
248777381 38717
189491527 147390
557312041 32525
372502464 64168
871486056 171877
167697150 45694
843258529 164606
653653674 158676
450202144 73462
958149732 88068
439217677 57943
678499270 82881
950780163 66051
698738717 19660
573187476 37728
706791074 400
421171991 186311
777290214 72708
462034828 127404
690875772 43693
962269172 18961
701127735 180720
225932115 62324
943828003 18657
686594566 165617
156347651 164677
310179744 124760
499881336 10260
61361871 195738
284707880 172908
788105674 162156
117771795 133083
97246711 36637
127625141 6214
844685091 120981
174783568 111353
129728396 14638
737347122 88740
159834872 167388
74205346 148723
892786605 198080
490410970 180494
370315051 112484
50238690 163443
874876690 176244
543772782 163485
861802547 99550
486678977 185565
779125761 115222
124407066 16169
440679319 7633
632810531 117746
129169521 93287
517511216 119382
758321802 127146
211791666 119481
886498318 75086
545446439 27887
153551536 111884
787604104 158072
714153355 137754
556357177 72877
59991507 153748
300653854 3841
321700007 30829
590510513 171819
503591029 161047
480439345 12178
122089965 157825
287280013 31858
183862981 37448
179402931 176840
652253166 196865
560890950 79750
435228692 44710
267279763 51709
905832630 177695
511153697 89748
245060721 115640
345868488 133862
893493140 47564
262249849 187192
153271602 195453
580021630 77128
620233581 178711
544364549 74912
71080580 44398
575815477 739
355838332 94509
918565089 148465
786214497 147362
455148777 76449
281877999 48939
99251758 72443
240772460 89687
215139313 149509
584378953 105760
670315042 77508
601063443 129332
152330328 179058
618228795 34172
648975383 192409
349253702 40361
248170976 21349
683817608 68404
587358907 117450
190593746 147706
211602747 196447
290010497 25111
775207458 95336
602476102 194944
274119583 184447
534243976 172449
143041596 170282
453981387 99543
544558257 74450
930564446 13603
420167445 162628
228131131 151797
671452639 113262
139311235 118574
496735102 134927
481400950 182854
405536763 77045
781945254 165632
315144979 110460
818356652 105827
40060244 191779
900713320 34866
334652668 86371
946127143 70190
450331451 16226
822606812 148204
489324610 27183
62802145 106749
925422655 23946
117592333 163247
743167147 80022
792738224 40369
678822791 164003
185046341 93837
687514039 28856
394263323 182376
162846027 86481
770379644 48968
432897195 34503
924037406 184009
387246485 122104
791933560 124130
959761297 30537
69729833 95005
864625420 2211
884864728 110393
481912143 141508
692850130 10224
693467974 68068
659118868 160299
74733347 4773
590813931 56288
875649073 65839
781381358 51383
59018188 94194
588875052 3894
338508256 182889
169121623 70901
580092094 102915
904824955 149483
797476061 166283
36035471 159475
478459350 104676
630050440 150097
651105202 117893
400137041 21483
712590239 72877
304893994 109099
236445320 164715
142835045 64847
652900039 45664
434507347 188034
239555855 30140
532806434 78035
9678846 195242
817509126 77751
974008067 173546
367309241 35047
23854306 135537
850247427 140478
263199062 31787
266015917 39654
766208529 27888
29760304 123573
263070371 53618
402472085 16059
459806958 61789
91636784 152388
743558448 196729
153049612 87906
713733109 57846
827315487 78691
814083566 66493
975975698 164275
921340439 70448
864326964 134032
485026089 57091
139757767 141809
215737884 42543
41990172 96793
183979435 6142
794240971 99984
197170212 127424
543705322 49860
273051349 175551
545165476 183724
780000171 67404
717616106 89632
166262518 159457
350435810 34485
336600903 122088
252531450 54180
746353742 136094
985191083 35476
877635504 22657
631025561 64901
937131934 40977
995876636 5692
983961625 49982
72997015 86151
534974113 106710
295351952 65233
485599050 61398
563277570 12822
183048648 40750
765458787 182933
841685223 136606
597848 12829
785591276 76738
270373657 177890
389332345 98012
422577946 85980
941306799 120306
660037498 65659
181289649 61208
919916352 195648
715168880 134401
73128626 94775
236179746 168689
743025097 102159
661303342 29893
304925497 187961
843952887 70555
255192689 183819
561552472 133031
721684038 48807
513824853 21548
515631186 118479
955218993 25449
424460234 57311
153232372 145714
989649625 64422
141927269 5687
471945289 75238
21972574 3896
324787736 65330
73411333 41714
125667241 61859
245456495 98241
499027294 43102
477751078 6246
865376097 4650
64568794 119085
269137829 79977
885763387 183154
817279646 160610
549507214 102519
591971913 2832
188966103 19855
911333605 182722
367081144 168261
482936958 70259
148621544 182072
200516606 145922
450939247 187877
16948877 100926
748331282 191778
245426595 35002
797164084 3995
155446427 23357
65889799 167709
726355953 1908
294757941 127842
95476966 58864
185122765 79606
526735378 6393
721125878 91698
808774470 142604
530846873 165787
24249642 75308
647352958 176941
940279814 65851
955668006 188610
957225389 34966
122032599 135583
115569577 65808
930418282 114182
606340504 38298
444004616 144378
406663863 161813
753047749 187790
357835512 24768
256109006 64633
28003954 193405
36475198 150227
9486959 186717
509302938 25338
201964449 134554
847199713 180779
434237652 85109
400927576 47901
629141277 69334
664361753 127613
856973946 97744
48530451 100348
261803052 177795
550069948 182780
592811108 37856
363430009 199527
742267484 38391
968303232 75207
370611077 25553
118824844 122620
23260081 147281
448450385 15343
815152195 95332
28393700 56701
545414253 135909
61386358 79484
640024294 72494
273151023 27690
193225996 45297
709115750 121128
133087638 59787
400366850 152501
843163206 48592
753720994 36421
289185499 132902
82555174 71256
670729136 124288
657385373 30391
869374192 199144
596189481 83880
727731977 119807
11836787 12134
519771656 144367
632135555 178032
767728777 155940
42249198 123869
653869286 173116
175151827 85815
219743110 37570
2476435 102229
251603135 151362
879412622 32934
105936104 178580
322799757 4891
358049400 121572
527608170 36704
771565155 113317
346292632 85232
426313882 124856
487299037 15074
168450967 3504
197224070 195125
405241427 102791
586694203 37589
170944148 39032
895385890 107737
442845153 171447
359119829 87368
63422321 161935
277561733 63680
804139623 21509
742138002 137961
603792033 50047
139463067 55276
418193347 93452
705029904 146812
797977238 194449
596978496 165044
832898649 165143
796984634 83729
151699765 127597
510536059 75653
329088781 89974
858332832 22482
634114258 79212
583276013 187156
417380986 159691
832165697 102685
930860751 126509
945627578 117895
333483629 11232
766354159 23083
874195476 26945
475520873 9923
1398448 43267
503526073 35124
125080597 50161
240039330 179911
566631842 103967
758463962 93770
874759912 95047
525843057 75071
12379282 8695
294620559 118645
609198668 23523
892113653 76767
845028179 183995
439497766 39051
812347256 161196
427351507 65598
842768621 161882
125223222 13918
435742469 149821
598908209 181225
639607110 185624
959547012 32904
295004349 98746
601813182 135415
821043566 26458
464230773 46454
403978565 41152
878184225 91242
492668981 174703
267957379 93210
756793718 41976
999720156 151431
348782577 140104
240863267 56136
592579286 18244
629163190 157798
144700888 193896
26203071 23581
60142199 99646
777178172 142209
500612865 190534
71388628 164113
764268454 152017
69307417 56068
976994007 183503
410150814 48664
647505064 19436
480745387 151018
798153768 141090
286272858 143030
39422545 57474
251777553 158218
293093748 3352
993061508 129443
727206201 97790
382620612 140704
699369042 177203
291993015 62010
934824721 5719
333881365 123523
430018307 108348
623369608 65508
44088965 93595
909699633 173175
868292166 3907
681884490 9342
310154826 92549
74075870 185021
387207091 178200
86377043 105040
994519903 58608
933181149 72000
755956557 128737
93947657 167689
42931498 59185
224850279 81187
70601309 153171
460154838 146042
978003920 99240
833256660 141041
126788078 147050
915935726 99511
253977250 8473
826984988 81125
752016444 159082
297122467 33485
242361996 137150
816738661 53050
714089709 136785
25199899 141625
408320134 41522
492767079 96106
289076772 68449
576046296 116942
749025289 48315
486799423 109531
891112447 125565
754306196 109182
882803622 56024
417002872 193766
849310918 24892
228943597 151425
66716883 47352
336648008 180563
944208710 188091
231797617 141092
161700497 178453
711061888 171346
995041270 160865
473323470 46158
974963122 37257
32023151 171040
847804365 105009
322029250 121770
988855075 54455
192470203 86290
799654106 198489
588608398 23176
605307649 136166
381967414 170807
87826604 53864
940821690 17047
282106739 123405
523683262 64811
580427583 190737
690258222 157409
745081185 102863
678826388 133197
7839918 182494
375017178 92235
272957801 35175
502785237 122775
201094060 36647
302042713 195270
989604279 124761
97518563 193706
882275610 183317
899157742 48986
951124557 163383
375517135 82329
455335131 77740
551484667 31632
718137568 49171
760582435 18453
735787777 72227
982100537 151580
759822640 12303
505561609 69526
457222696 35979
258551391 154852
722648796 6176
804066426 14081
531746345 65209
469572538 2322
957475052 3649
383801735 127013
98456345 89505
779259919 72415
257469337 111231
97182001 120841
7586845 103167
961413282 187787
669844033 8851
441381894 8288
103509066 180785
308805814 181603
132389697 27085
929504112 12005
334433238 33953
575446155 12432
381176228 189153
208048101 197484
713023522 59044
426783750 136036
511385733 85895
136238242 48896
252635816 109602
449583089 23317
817438075 156248
363120522 138247
573391093 195990
678260586 86025
639237069 60552
128188170 170834
969576561 87506
216269359 192124
744658835 167897
946108945 111354
32838666 995
911629308 166219
869512693 119264
447376132 117536
562245211 124335
913303923 111366
816479279 105621
862470690 157305
100108252 75956
971407174 138100
258698776 18840
60965217 89236
793981671 21344
671446301 105397
188913936 34543
464485093 115343
204650240 31188
383540611 66150
174379586 93316
316295612 147914
682304946 131141
426396149 67609
557714837 135231
700341018 109342
45031655 117170
48548899 150196
745374509 149886
64853348 9371
384278773 12686
971873498 186596
85924561 87171
119727137 153029
864428977 193561
24776476 180175
110600754 29878
262786496 8177
474943239 5384
355579255 133228
628360279 22538
354395706 68852
280920190 117944
509755946 131217
717115287 52256
804193841 153300
234882133 155755
424775717 161731
941609040 187913
454132713 53570
442776232 158365
72552463 162291
664077057 168821
717267758 21421
245759926 129719
746197734 19742
234228831 5999
797478140 195141
405759366 6980
384889093 152075
420709352 57171
928098582 155284
809061825 59491
837045476 48460
930260780 76079
384767621 137144
3709838 83692
435424808 78457
774091688 132211
84318827 2986
577625064 133849
84532965 34370
425326561 157965
34306175 186935
453423003 190945
68424247 167488
651143803 161708
75412939 56650
633880884 26468
551591879 154868
962184063 38653
860274119 82662
837899363 161302
292088016 67720
562766886 39424
158531506 93575
887944061 93215
457463305 100725
751122148 147580
322434927 47055
883624752 69383
553145473 91487
481521970 82053
134717991 192459
988180411 16688
523503991 81152
173003132 23350
192099062 75839
366294456 31761
36647460 71301
984099801 159504
19929408 72209
439935277 43289
321336146 184594
22935363 99210
403874219 169028
90884887 166891
192934128 64039
876488125 28498
364864108 31310
18606213 86803
758748493 54841
425260982 83924
576874893 186168
967943901 184714
763302783 163561
673516259 90838
196148357 112927
497216443 86635
21920298 117655
967690530 40970
334513531 92808
317860833 132446
257989464 38391
243592197 180382
693125020 81414
123700899 145636
475711908 47651
577293982 71183
368890635 23162
805660139 102160
280221966 69718
69495041 174540
221669953 63825
749114379 199752
949421146 43909
680751885 138578
743086887 89462
236383468 63951
592381252 153393
389716292 134639
607478173 87233
19188377 152457
851841806 150412
586212764 111234
107310135 36132
482613465 99575
360566913 34172
321892027 125597
900592065 102112
684200496 4682
741128817 28415
906807455 115492
757324351 94888
561602619 42253
324002566 55976
697932225 44321
913908378 61678
992147669 97827
44914510 103389
680879297 70001
332349142 147893
148647897 11640
125872572 183038
807589959 179660
629076172 195530
555434012 146812
80051858 142359
628258169 122029
42428433 28208
781907799 137669
939402632 105074
198913851 61809
756658161 122837
974723498 99259
176109843 80142
798485088 96671
876832973 11209
586629303 77061
142098064 162045
95458578 38111
879731721 39254
828987856 21966
347288117 9352
622276235 126927
39964434 138268
202664570 106804
226919791 15627
13208634 89134
355120382 84156
340806954 136080
411251157 97542
418112159 40762
596656380 54560
372498674 78994
582244221 56149
404790464 146691
158340265 149444
113291922 10150
898454978 71624
665864663 101843
607468543 141546
538233272 53479
156151598 113143
507679872 107250
580625437 199600
735483809 110554
239803966 10912
73091516 160128
190628925 183078
163033692 29588
628195889 44598
652327703 186860
327739833 78077
780564374 182609
812594179 58423
617769026 156122
605499652 155698
795171163 16034
118641805 34659
358447837 2371
599351495 35385
222900945 36181
577348999 121532
598675381 140072
877812769 182147
33635883 183144
211394304 21064
847912841 170486
902939443 174965
960889373 77106
203417474 60362
688507002 184477
106474606 110286
967383016 177382
410061522 91928
779078876 67970
454886533 187965
537949130 127027
778045817 120531
662681345 12379
498658217 39759
612498172 42046
641833357 60995
290107245 33798
613689241 114869
189075171 5252
176900776 64357
628271732 48192
774336742 167623
399813272 183016
401320722 144423
235225279 135559
401022853 125142
259646605 89698
397290343 147025
946271963 123820
513720091 137197
423367158 65558
526456925 84682
573938703 106688
411390963 20547
143491717 198639
397627579 151800
8472981 158849
782795068 18097
719438861 70937
846517610 25348
508114328 2573
340929097 161240
426409548 126704
658702129 129580
835308062 80040
355410603 30289
948763378 3554
238282683 75463
694846309 24330
125927467 133067
241853620 111322
263865396 199648
315187566 360
494272715 58965
762189374 2765
834046662 79309
987582226 125185
826963178 57558
769411128 49654
1821533 4875
627505270 130194
957613596 107281
645308395 27580
359714849 26124
729307679 78631
939048315 87886
705387365 44532
755922988 106140
418891646 134120
524319271 68736
346892679 161075
696043391 67384
239516209 156713
313578276 145115
996834521 179868
952644792 119333
908915413 162456
420485282 115639
563564516 184170
777504038 159438
667477221 99578
308967225 43492
953491829 144439
472763736 197728
516758851 96511
323949459 178373
655804491 47223
930883210 177578
703821838 195067
917760744 62606
193444769 90475
600667936 99695
358005964 90599
939768375 160008
980480148 161588
654020053 60192
413865943 71492
313533775 22832
204485433 187015
302643909 163753
539611867 147699
728923233 21675
57547866 91014
304006242 126486
645491152 195866
981656063 191955
414262771 163749
865434133 176254
281575408 199042
843638311 71476
185822106 196411
300924291 137247
902714532 19676
30169513 144556
177477982 50258
362648875 73121
291476770 123639
853764194 8625
995663128 123232
552983198 30053
835392711 3556
627130145 37319
83030783 188354
433230834 171892
96763222 44265
36436193 80077
870480544 127456
544882360 195462
543150326 198762
535789930 8550
127587410 189370
876468947 125850
584272926 119216
422861196 76090
954239227 55871
480526443 190199
831432511 189731
99858929 39370
829199401 52501
112434363 160489
870872653 49027
209319948 150323
714982564 165616
286621312 88246
312433107 140715
498370513 83716
899205282 186467
765599518 25037
578731614 89305
457303229 123684
201449441 172477
344095538 159611
635257092 20544
945089880 156784
375776215 40317
359467582 20474
44500035 27475
823719573 120458
210501318 37741
248991469 134726
609711382 79044
133674171 185243
592866328 69449
700170436 52337
561653496 185407
744144656 16141
79019764 8096
247115343 55863
652479950 163558
184710299 128415
161760537 135816
256318527 6439
958782044 148488
487037232 22947
82106750 9312
136088282 66717
323025737 16696
800934945 99102
416143069 92083
793719561 77833
102345592 196942
348035554 44010
712682726 102269
699382249 147648
747287573 186865
530531937 155523
464204738 127069
440180384 136321
237911407 155028
309377951 182342
331128499 113341
105820814 178650
975386704 124809
217693012 18496
364965441 61202
877518223 150533
742108820 81496
925856180 171131
728768975 19199
466955985 38218
465271608 20772
621470063 21488
225762761 41978
528320182 127123
821557067 157805
692924262 104547
451290317 157910
597114982 137607
433198658 81872
990946492 112849
795762282 30434
782738789 161474
361422823 141603
719471138 34109
87863646 138348
182352883 196415
767271859 29546
679312120 64091
487535545 13548
497646946 94506
151381951 78123
911028705 75093
962034798 96704
415806708 20954
573618310 197056
831140554 38590
760786686 127392
152566910 175624
705764114 198029
940323525 160887
628187943 34347
308665219 38104
472660000 71739
42680140 1039
474473612 160084
840053361 148087
260263959 151186
419087620 163114
242344909 16992
534032435 198448
664298277 88966
579456708 42012
710010156 128266
492693002 170268
26783617 148103
946625269 59138
961949672 56993
219281885 103534
401558135 126349
839002837 59022
364478999 30085
83765364 59353
963978047 150812
138468629 8712
974639177 71214
613395855 128304
993051782 61633
529905579 15140
390994204 56419
933316205 349
496288757 75822
331472952 181993
128652970 28911
576427560 192320
788779461 28193
233157814 34772
697368388 173044
662506460 45822
734324672 197579
476927529 188544
533143337 159608
157689712 151852
378395127 23387
221058002 178419
710119166 148556
802681165 27657
46743768 115809
619480696 156961
280112385 17268
718541197 25659
246256004 59176
439643855 121492
527646559 85459
270064569 169191
143370175 20751
968622221 41558
99272124 61916
404554421 61603
710660312 198221
535659945 136669
660187543 123880
765089424 59052
33380619 182002
512276563 187062
180995316 49265
354946198 142149
870443360 171662
494262766 101211
192115364 160805
135613362 192032
481382971 78577
683169336 125283
762478707 123376
868116262 124854
737716119 160751
680262002 101688
534640921 22569
822333175 168723
566315351 30769
548270102 68352
558783175 154202
352038590 65295
706122049 181465
852829623 52935
370695030 130466
237884397 188002
708107068 186130
749603790 11451
287029948 127835
754283774 180142
876598445 132535
329588452 63905
763091108 51560
817862645 110869
26654952 51579
981645243 196879
862716452 147097
8176007 125050
129428592 130590
611740919 114187
508276563 155778
263634474 43586
183270457 197094
548517322 51545
200356305 97400
455946756 54718
325024129 100094
171146056 33026
267034908 118531
732615067 14813
335798399 174357
72601801 157854
882176589 181226
42199655 112849
229314626 72519
68664403 137319
154852890 192055
567246036 35334
68138550 131464
38600940 104479
120268437 198011
921351258 115419
238489727 141786
585434517 2280
662458200 89457
338487732 140596
90639506 178900
418833381 172142
989219380 31681
720270399 64122
543828505 171016
192456675 157944
885322184 5539
236459961 104120
763825298 121547
227125762 169454
985683425 61178
795204755 144286
974498933 105135
998154493 64906
100752457 167614
486785197 47894
906872323 198767
166981568 96928
287810749 146626
685964572 17463
783423632 21384
417312305 146551
663112675 69096
211603470 150351
136266757 153487
473553233 198773
319102326 42154
432248012 157211
512991111 64976
488385912 106167
14162938 153208
263939267 195924
40405820 160573
785679283 147365
341815458 11466
798312127 142566
211594441 75078
314832268 93401
399354601 176458
920586768 12133
812528294 141421
33404984 185204
819656143 17228
446346685 89655
709291955 357
584086302 12644
156572109 199052
735549528 54659
148094834 148709
545001398 189213
408698426 169764
686891162 60837
833323539 137188
577454184 130846
563431949 63843
310691703 161886
609174155 22246
442010129 163768
506512714 168263
437824318 59032
764924337 96700
575312622 85408
576713004 171183
412773281 15375
431976730 193918
21239356 74217
62627348 22421
556752469 22933
496230789 69144
597343629 48424
335108009 123153
112371770 153659
987618546 60546
386188728 186356
731271116 100016
404940193 152774
956958405 51393
774664779 127953
810187712 197594
157250713 13817
380671103 112593
857271392 74688
788256619 140487
864195058 106379
532856019 33643
157228745 156262
966123416 134690
487813823 147392
525948159 179885
316989509 99576
6081440 139587
145467587 48291
763682709 71533
923228842 9998
709706751 113368
153807473 95429
349063345 97611
275459513 78133
282110705 49185
755070461 99972
897747656 87823
463272348 181925
550846665 156326
107531464 173955
486104236 4629
391809031 82327
428873455 182215
862708074 180246
894919036 52855
807214027 191372
924334008 191876
145627440 61885
171474258 134810
970646826 18348
110155884 186782
930291028 92055
753089969 46959
328957405 129176
221884962 45034
77333811 68689
949155282 128834
476383876 8741
531967508 43358
59416269 34557
951238545 58353
395801304 194697
88340848 42088
46971692 23708
387835783 180560
898033758 150010
577647900 184342
545510436 50108
113209395 54281
313208359 170820
443636400 197637
326400514 35505
854036399 103646
158487281 119820
251577647 13993
101472252 128216
83632009 95891
483741151 128782
695528680 122748
367646432 157010
193659802 157950
653305862 73266
133878273 133310
687601387 127151
747858307 96255
861978510 137600
962627299 84838
421052138 105522
773992573 94622
716707815 69567
295135481 113927
379580940 87996
303154749 11288
410307641 106696
482793025 143084
281582861 153180
585117582 146309
829830420 25664
83639702 121808
376142633 48812
329135550 12036
644456686 82944
4311382 85616
2593984 152829
625696097 176342
215136366 79257
990795839 55719
469143403 37034
782497237 73676
969353072 100449
908049405 157818
774228764 125634
256592300 55952
553644272 150496
381787233 70838
504146127 125870
147465138 10193
206218664 168855
300339529 42952
954094500 123826
433351505 37372
696386239 157372
196921677 114651
211797166 123800
893344395 168233
240024905 99973
555328904 76013
300147071 71539
418106990 183644
478322524 16152
737439768 70228
757905805 74723
430440007 103532
568438443 196451
382802254 34059
55657663 132637
141368192 112196
601710534 3249
142659684 158934
408632393 55231
105262543 197539
269197477 91451
160906625 198189
956809978 99202
441490199 49868
645848111 92095
295434179 39788
272552719 175098
680686025 81836
597709932 32961
479516565 172796
37770976 90545
715397110 32219
962961490 105533
209840634 166355
912515210 192485
991504620 43575
860935015 93252
28702901 132086
770661864 146626
839287493 130719
674516369 159242
993336136 169384
319891866 193313
64332821 186615
780169534 93295
163166028 11383
758704197 157189
189137270 127574
391730675 30295
802043336 159124
318147536 22172
580981854 186248
671982509 141009
398336196 152345
445136339 143679
777237481 9947
767769404 57048
575773890 68115
62256940 165135
257560472 133625
109678579 156019
487926419 62082
861570675 154329
424119261 76710
275382862 52961
430627118 180235
287402061 169912
632644857 184785
370505447 2446
782272517 198019
565989850 110917
794792876 161063
231558102 133464
212990014 33376
97515922 72062
696403021 97845
960338888 73213
929190883 179682
503843325 78226
155704213 80362
946063186 73616
968180279 141916
938029482 6255
728131058 15290
249605030 152835
755175461 7234
674456278 124219
372442070 66918
50657941 30782
487509717 87266
705525756 73070
977924380 114749
184462835 146149
315413547 23694
236934548 106353
520700380 60187
329364178 39790
10182715 95467
696676416 182645
425960092 162283
16381678 165731
17977574 47160
529892453 49167
803712568 24580
125322720 29195
150922876 145544
11094651 164063
496073461 75748
995403324 160745
506802275 56775
709708768 180422
181794006 51250
603511231 59315
547581990 80431
75536387 43213
618598343 66124
812554048 34982
131286568 140538
146029366 96485
871845229 184371
950981330 83401
37930605 12518
157403827 92777
68662216 188366
912139927 53388
642086682 147841
225642238 187459
433867938 168145
443616598 44391
587625206 124552
184741326 129938
583627211 5748
794574550 188059
929090527 165379
148802231 19130
289626607 194190
150793782 63576
193439811 45723
64474543 110744
608822844 113660
121179101 158217
952444406 3425
688670649 88
110177956 101045
442962513 91798
987864102 67098
709989513 109630
855064291 184131
733042386 161738
106800031 20115
178612906 182634
994064865 41352
240493835 168007
972830885 138570
394523835 94123
5801888 95401
322549417 124725
706556440 192780
565441022 49068
460758051 54100
361602303 48057
490493831 38221
254087023 177905
381704704 178053
775172554 67546
69252811 110325
57544466 52791
853636723 82070
845921922 70190
957129553 128848
616855405 18485
843302607 146290
442170268 158507
678809547 84907
40909114 184473
760384245 30552
104497706 101733
714441329 19574
231206792 41245
546158028 145891
382678439 145698
383777859 76912
384892854 187102
555794565 51289
430923066 145863
557058955 92447
299739778 163488
927048892 93931
868549763 179715
292999054 80800
574147973 119457
873010762 27266
166900604 159949
265934607 125697
255839216 106957
106732815 109741
403089970 63547
415782646 105448
616826387 144814
731450216 86120
537591746 173734
391406001 99314
225870495 96147
476272039 140150
914453799 88036
589296665 46455
396484346 150677
313533892 73165
668041343 44204
927066681 101991
268784563 148306
188378398 90586
306129599 88706
250947232 44799
410957356 149427
334840138 149733
847674792 168383
422621186 56865
952939666 115231
830039538 168619
361275236 76597
519911259 4552
124892905 85185
135427369 123449
275444090 74155
652999981 37024
42658224 143384
86585480 157235
815814026 104824
376851332 74678
548228012 152036
669201323 88063
910397532 95701
432295971 81297
358652402 56219
328494162 47671
919366567 50334
859587309 173117
182598075 95505
522593846 154415
817906332 175560
236631588 121350
82014325 69287
696100824 70315
166695878 12880
960612826 43904
312439652 191590
34724497 49524
18187167 52894
969538607 164098
20236946 75352
641600325 169862
347604820 23354
547978507 58348
558991999 72621
719456576 15650
47656411 152330
429235227 151296
519263067 50142
926341584 88238
935063788 186306
343412502 57705
120632974 8152
943265912 16202
768980082 109618
153397668 196951
329762755 101493
735463999 42921
861713585 40493
647208362 89062
17998759 182648
99146108 165327
822962069 132312
948151355 112618
359766522 33221
483497326 123258
439291074 147834
76366708 138147
937568660 8230
495259955 85879
183417329 53556
400380762 193571
593209060 143064
369104221 90816
432307666 189315
469396558 31959
701789059 133881
232240388 166024
459786888 32360
246025804 131663
350017849 96937
228102203 44345
475693447 85571
841251498 4623
793364672 174848
906744696 138713
433758559 137392
765203484 48265
826516707 82596
63044460 164572
916126471 49051
588852855 34462
59691 70013
658177595 152017
729866469 44111
329395532 13860
465408708 119038
576089646 49153
722841825 150279
670650795 182169
677689823 161368
395280000 86724
816281299 188071
675925333 77024
941890700 142703
780422695 3390
364594547 156036
740234600 169322
480549999 93972
442967827 57578
516561861 173588
916025497 124790
767173819 29485
665637910 59785
722227483 132895
433859297 40654
550076988 166968
834456186 110077
441667158 174272
162091029 65327
687790375 48274
448901210 144361
48749326 129409
982325093 7629
173896734 110797
581959839 93408
629799535 148188
509947155 89061
973957845 193163
823206202 112185
43364757 79569
86095598 130305
770777554 59302
947833347 151162
792466347 129385
765114678 77862
998037854 16183
96600169 122402
138092723 195240
169676260 163673
769037949 26708
986320499 94463
746526625 126928
480876730 24509
925530836 41437
371235499 104953
74474595 182972
277394618 5880
237566647 23571
864143980 54708
653884306 184156
611301385 68519
280829423 54493
252264021 189180
834771596 67990
90514622 109992
133192062 77015
740103112 180612
858093065 127775
150845883 140873
54216391 118706
887451187 182162
927407923 197074
711367360 107194
289893589 180823
392735748 77730
757795865 26098
241049742 14557
676580460 39764
20589268 63408
613080045 118985
312161332 91368
437809586 95031
411609003 16036
787143950 30210
700782060 173955
640398728 88546
23874994 139848
758605775 31554
894168777 8218
596920365 35945
316316379 75406
818883830 1544
192402484 16237
496817094 177729
29380602 95010
923256939 155139
851932541 192682
822475427 126118
865857015 159204
559537537 128784
978073042 15642
408850480 73872
118617020 67702
248936300 102498
184946246 65009
524448873 164098
119068308 60290
308324821 147034
310477662 125801
494098292 197216
877567468 15113
213142257 161464
711645286 144366
475032695 68115
127973176 90018
722649304 135981
24761248 77581
960403810 168994
129052719 194338
951941631 113435
400955986 106884
876651104 144490
199375007 135322
150405943 44072
859323586 305
825078319 45749
590248103 139954
868498735 89089
314307907 19772
974390954 81387
423470797 178630
280733363 163904
735673846 68884
893995703 115713
80578791 186086
165227067 132364
742119251 117422
511387271 102415
867801818 6781
92061838 55941
15511225 157750
138305042 45096
55195748 14852
73161927 160374
452491648 5569
957598700 5579
361665536 52484
399298916 198778
52390304 6821
963456187 155000
686844590 5801
548497641 113062
639127293 163888
715943808 167645
610905572 92114
959532225 100828
699508231 44152
728267152 134084
919356740 115594
604364410 150543
710224230 102326
572555272 162474
228622027 90050
983149250 29289
303845585 101749
295592373 118443
713150225 136728
542029651 171207
10085915 184715
551337060 188173
519577258 26267
908779035 77680
779526331 156825
122143102 126488
943164912 44437
538043757 65553
735572513 101805
279575333 198993
409407179 134950
57768680 20960
329456918 153774
587311947 85471
113743089 157860
92649879 171150
707366914 4944
432588451 7467
559149493 183979
449349073 83502
56428995 11300
172872579 195644
246800116 154949
366890054 54391
752762422 19646
56824980 106449
992532991 12419
879836737 21179
185882518 125187
71794455 69993
554099823 77926
357031469 47170
215052269 78912
714284155 122645
280416222 158160
958053886 197630
124969365 146779
786894916 188788
816896258 166514
868355611 155505
534559157 192121
969553326 158568
332862421 31638
333193832 105462
300106488 4229
730051445 141289
97791680 79313
931212353 184133
10420400 94712
269084468 145868
497103663 51183
856523004 112668
85560326 181517
452299527 140849
480936075 77102
179047471 157968
249907040 92731
344776743 70036
185095175 130330
404544048 94383
760031915 89095
566793192 90130
284763568 98890
200147812 15027
931799153 136136
717348659 32511
337540237 110143
221971368 97761
21102066 58345
428255861 62253
82216609 189925
798920215 101971
435641685 80392
325292772 177991
627523451 170829
343423490 145135
216786305 38700
226841595 199288
22985386 135470
147248932 44490
52394199 141650
520473933 7121
734885914 176800
690824748 145458
446354303 11283
440513172 176215
596031349 38847
467973624 34683
773505973 26960
272767580 80005
593421072 111037
470119935 13215
169125740 144987
233170707 111606
259654503 143916
286299422 142695
132463262 2137
71530657 104878
144370075 112743
867981569 123602
729922186 180682
183461732 151475
640630703 102353
814454697 130318
605060813 147943
633924330 83046
989441862 58057
189945558 111806
392506680 97581
888059506 193518
10885640 111040
254612429 9089
635674845 165286
553378680 145698
731839522 20827
600903667 183711
472578355 135616
185583537 36799
263857513 72876
742450997 76272
895998814 75824
388338991 16807
345202312 70947
798466977 70236
239172838 74477
763261829 184979
9257360 111787
213262079 111149
467737847 70024
94308794 27449
107353847 86106
492637496 32474
536887494 2942
3568818 158421
630051917 16715
959823793 38152
422539980 81008
970506252 193268
959296555 119644
871641521 61379
888990294 149405
113623631 107901
836484318 173504
66596689 110571
321850514 49519
975188432 165763
968985019 76094
625022447 144772
826362169 154967
682335568 15139
732611365 155148
866497589 66629
75746146 132871
357342459 143650
963283095 138121
501286564 15719
394641268 43270
582289407 135174
695892693 92654
868031914 25958
250321233 74854
46526001 51433
362630339 123189
61337833 176959
117419807 23403
276600033 140400
356957977 174716
908259065 101419
593308998 148843
822894942 127841
716489261 18278
854829477 103684
61115698 9954
496960788 15009
105644444 25312
213223144 27752
574631326 291
879205673 78946
356677618 56443
359054942 137849
148149716 8377
704232006 126789
597734119 11351
909134783 102264
11987622 197179
72691263 155655
310336306 47543
459956461 110657
232334444 146303
464874018 44338
250761322 12613
819887408 3538
884365949 20077
930525782 169913
584103161 164829
193670375 154230
459559183 116100
501347173 147139
105367602 43913
13530998 29634
909891385 74079
148061040 58622
119599072 87359
541545842 105427
787771668 155730
195030474 181307
592490054 108147
92308799 4826
167888816 21023
566887467 186642
388126262 110602
598010536 36157
857030319 169385
168776196 23297
525661967 106950
53831204 140291
669374926 169553
634487942 123758
581881595 106877
848532726 167006
311489330 144943
250477010 84666
657271826 121334
491965781 155002
673756002 23132
607215748 28369
876761964 157825
943716149 63206
55528187 100005
300561859 73053
562645075 108919
374089923 15914
337804411 42716
159760294 192473
895022399 41212
148717420 73021
442913271 108729
771876512 85056
590774755 84774
318581665 17511
4957800 185548
233533581 42089
816454615 60325
722352552 26470
649417298 46972
46403783 24276
548740857 144325
877060716 192444
545014582 41131
170102510 128104
77687096 9554
878700675 164842
794500987 33283
795405461 21782
738082015 160960
880456568 143313
931009301 113920
532242074 33689
241467434 109734
841625167 106884
114598044 127742
127683453 29076
637491074 27105
287817368 198540
388148585 161925
492640531 15286
402256599 640
749143601 36545
10590294 106271
20100392 135761
641060322 198827
94887009 102490
826234633 74788
533828629 47268
535737437 132700
685293740 93258
313102289 118975
826160540 27994
19566979 179401
507180316 130293
592954184 105099
985730704 167612
705825705 69222
230978129 152175
160045203 139653
476636547 151271
864481032 68401
776686169 71934
61302050 25298
764353207 121409
844141567 71360
696047464 42022
17876440 157392
687008927 64939
133755268 122876
322276643 167778
411207667 112259
904437531 99105
887463795 42268
557045126 90100
205467754 108081
230569575 75476
630063660 3100
901490257 21689
28864658 63055
425443910 189582
326322473 63749
508355725 191198
795344736 133435
925123894 164854
955556729 10797
917552675 159507
641599785 59935
332012508 53679
479276722 175487
908513124 181880
76633023 124929
931771148 148711
586975014 90328
382089761 191885
912945472 33823
22615328 67513
628717912 36560
223905812 30462
884621072 107828
971231864 179640
642242190 13779
648035940 107169
528146636 157357
199210344 194838
275988967 9883
788818063 199307
245988508 39795
332580948 185165
430665773 26265
836630934 87509
630281885 77226
970640958 51258
664144058 81594
180685888 50394
714535324 10005
167506299 82176
250690071 71905
407013766 32285
550914624 45111
328156096 162017
376436285 10615
999584576 72659
336040897 173533
157389764 44748
981419951 28367
135340655 119234
144806879 852
47704490 13056
853999059 78013
197109421 58506
906855741 56907
88520595 57408
956482017 103698
631053607 123428
744414370 112199
212570672 165150
777801445 40167
349244629 143459
111190606 46882
918689801 61200
858296911 45636
172748408 39564
749225593 193550
529446342 142188
324815368 135047
921546430 152138
305763569 6069
677702012 33288
594193581 41440
852245390 40167
646637449 79717
613249885 62103
18015883 134439
133827819 33287
904768068 3432
860751974 108610
682902728 180709
571025303 38580
260732091 156393
338265715 175778
485334983 115121
462543846 176905
127834321 104562
696976208 88092
477002255 96864
202592935 9406
563904335 39627
48288400 118593
241097167 52501
28920696 171472
999969999 76562
615127369 135932
850417988 14397
87415264 83622
281931363 97228
403805840 43747
974771682 30616
30983193 17399
783409831 174215
120386570 173527
184578157 137805
868349084 173885
417956894 130548
122286179 61530
203053653 1226
79447967 193989
455337468 69746
432014015 91016
341811791 160490
873576224 57558
413158015 90578
165539543 106762
818068659 106780
691325284 120892
434283160 70877
339337933 45788
751712618 176177
441469124 28171
419821020 167395
17229212 150823
74051298 152298
941507858 112661
849623696 172081
476391494 47301
576699723 171144
519990101 27309
250073387 178447
376694530 111441
480758683 131492
58860294 157016
811280410 19650
328706684 38815
809645162 138186
412791432 107126
568148945 133108
798223360 194406
472320602 178090
802094268 12787
175691018 162069
555649903 36340
197529745 123879
888669023 42688
376339407 163111
190127308 164511
995476675 4473
237915778 28930
938163062 185829
725399166 88902
652253770 85191
504698321 182898
815422028 37802
309884746 95210
407318091 41044
279602015 141406
472937667 38818
984664389 167949
777514157 172595
395422574 150705
661407576 124045
235045168 14360
697234376 199295
286254348 108160
630414575 179554
491772305 90889
18773218 176869
903872728 138893
641240872 71680
188906400 58441
799120861 171828
121799566 33455
813658730 187012
573371164 36245
775298113 53910
926907934 17896
708176753 161910
196455240 67259
294485835 162772
101620315 110869
73453245 12121
338193378 6378
903496399 85846
245620804 174767
738929646 84432
867318112 37904
995043076 72375
92253652 158036
963013075 143973
391865565 91460
777849232 5774
953399053 176360
15841894 1548
881584387 127337
256602379 130889
554529121 104250
225155200 35058
179604576 130277
786486421 184657
864871054 115573
575206339 31342
162057663 148374
520184879 185599
448806873 81004
570252384 153362
943240940 64071
968462300 174950
387672416 113043
618816308 128368
644239627 148518
692434404 140608
583715400 51217
65654338 680
72286510 32395
298290339 28614
326354661 176296
495825852 112994
597206374 146865
55328476 104659
905067196 172770
536039199 134553
191845751 13758
229851298 112345
118302198 28096
855558513 123242
384780152 124525
961163474 85114
194830668 75617
373891008 107105
898504726 13437
627400843 121303
349572238 12430
398288354 134657
913146759 73920
593860599 103494
537934245 20033
98693426 40141
414169118 96037
393629863 44020
446178825 157293
212835644 130491
386936945 103991
958573413 60387
831661868 113723
831471281 118851
53306250 122142
150510941 8979
283603298 114361
850846317 176628
456708560 177603
865487203 58504
833670296 178653
985184196 25884
776884907 186326
862586538 34132
715391291 93566
932167908 84611
604504955 165791
111643357 41216
676357774 109118
876075331 75459
743324423 190217
550071895 158041
215017342 170506
514136089 4481
721717961 140953
556930860 179616
685719667 186035
810901620 180705
513481114 146215
822223055 179407
464260382 92241
396188441 106370
772519886 56051
619471328 66047
43445470 116182
141246600 49524
672115374 174288
67809338 78098
725705385 71724
997402723 145634
341459823 78252
832880144 49658
270446528 165600
513284422 150859
459938180 9422
686631367 194080
97985860 114257
290513637 82353
394431530 103999
347767872 91405
753163561 86087
885470202 158960
776456944 24792
864167298 66593
40057671 63398
874492912 138214
938090341 134865
487178841 145297
847119185 172404
352430196 141385
145967313 4753
330171366 72040
163267327 145381
334331015 133049
909888663 157660
664036821 69558
120632409 31948
292310622 32228
170711167 1573
283539438 64395
416033668 74758
410296112 96350
624978019 34795
8764657 140102
485545957 134233
70918090 24080
997264693 199811
319323175 185953
798874906 122033
441812434 22036
457700787 130762
305631173 148152
215041435 150931
193257121 81881
194172771 90629
84838784 131966
589668062 157246
863456357 163119
577451735 168718
190796664 13892
384571514 9558
761428026 58757
576624641 73703
774525286 197529
359597491 140609
756269802 157026
375171603 18193
433495170 46316
410043430 164883
595633876 123924
389540836 10562
471238737 154246
126477992 167725
810172677 124219
795445961 131136
825895134 180334
388825375 174637
619194938 95078
534485866 29466
114505555 34547
732048807 172451
78123436 149260
448134191 94758
105438420 82315
82005601 130732
421892574 2011
949595918 2261
431940263 143722
119632821 159321
601082161 8000
275185312 195932
209640929 65664
209741686 121181
637059267 45961
576202099 95856
114471809 77457
567913552 67421
937220844 80739
995216890 77118
171932011 68812
700476656 69793
242690894 116953
890559480 44716
246239320 172584
22678019 6721
705538950 130387
451580130 173567
681838705 130580
201002235 184014
701937775 14414
502684209 102231
693160305 176732
805310240 119816
441396810 56456
337899738 79548
675198862 143653
491819895 111471
133151588 151261
95729217 124052
650924736 22638
268964251 3469
170309388 117767
933949677 144260
732337779 73885
377099832 154608
48821203 40301
475490088 149903
894430085 22163
913743861 87697
666216036 35200
299793889 106507
631421840 1212
424514122 121236
423731985 97419
902159317 197279
619503717 33858
65772787 141993
693350410 173232
948991600 108186
59183458 65248
853409938 55263
470747985 24897
578862998 78676
356731631 140549
927787691 153797
642212238 117324
129572540 140131
167006083 147359
720017964 182814
809214333 23643
838808699 40959
999656984 20142
191406550 148112
284672080 178567
661866000 42262
462688694 85622
397628549 95428
569436796 80922
485393860 3634
353426707 36035
330967786 181487
260474766 36475
704199808 111199
112099684 111457
281541755 165247
604933960 122653
460531798 69976
714722470 45818
696404779 180550
509848775 176062
357534494 152862
246198796 116718
365780615 150016
675844235 156505
696051356 40709
744475141 130154
184740645 175389
792107520 89678
804203864 110204
801673893 34281
296259412 190287
405112130 123538
350247557 76400
749662614 27193
341908839 95391
63868802 97538
654881862 36267
757346005 164844
886438575 115998
234503261 146674
698005687 125387
459219666 168419
408101499 136657
500702267 4215
340417669 53764
204950078 89188
599550821 150784
297030358 79996
843382390 165823
972641561 159556
87250742 151708
791743232 69485
582024923 141990
350201765 19091
76859895 97585
321445029 141332
175303675 137
841819177 10530
22096223 98432
457702330 188404
277833954 99711
824857973 126791
572627569 67523
877530966 37087
99144637 141734
967260119 87107
684353774 94978
468706887 131696
551150900 100785
291668182 86554
349930372 137497
744560890 198386
268421673 106682
372403514 78773
936482115 80816
583473832 135858
747744821 134433
374243407 4253
404996217 5635
394854116 161121
230547235 79007
982617069 107121
988530588 107451
353913760 115871
554207051 13614
83621727 60038
538737776 193798
317181652 20084
955886992 151926
709704687 60796
869106316 192449
947999649 193990
612080030 85128
72005344 9290
893982434 16736
358462957 46475
23883099 163129
939745897 20442
369549304 157628
932001609 193619
627617194 153937
358589324 182790
28065688 173819
867610569 24567
494221661 74349
378223054 41213
952810450 165407
673250518 170452
234730117 130087
986343542 84533
999817839 59700
74174089 18940
715678313 154062
509055728 15997
79153230 4325
541195130 42549
85896865 126167
746938693 84089
960643716 22055
406058715 170170
571471167 143297
260050405 80467
159841570 190288
456714033 176084
39866622 13775
815540693 42395
998593117 127171
10501861 179217
821023632 97071
875528021 111274
349107610 58028
36531745 88611
669902327 5880
770441880 104362
839423747 53989
899509400 57361
329819869 481
988845617 115484
967434330 15987
145245033 165238
911792804 129459
871877497 21523
386068325 151452
660717859 108106
379265461 196434
910701953 18788
304750748 124347
612560073 29200
948767977 190863
699033804 97649
417438767 17802
803208575 123592
715907145 136577
290008537 23366
645899636 45189
159153496 136740
796003405 122892
300010270 57806
697418657 29080
934854880 84404
686774716 26249
167091240 6053
682468384 184029
946030410 49245
472192365 97907
891922682 92579
913615578 12493
272797956 199792
908169949 39271
324911038 106241
884864344 106110
47063676 165652
230631239 40616
497304227 79461
937924689 11761
972056780 153672
619435594 66750
238474072 36250
133561264 57507
602372576 49916
307603934 164149
818476825 4901
165591208 61720
186234329 98408
652753395 160623
795985092 120899
340240898 105977
991058013 164535
186700199 39711
178767803 136478
150980956 3094
358402567 89316
980260639 98042
172659561 17458
436545422 79248
802067149 87134
608105847 155235
94859780 87647
695511492 119991
190002338 106554
608736841 89472
619150704 22177
436640381 90738
971500477 89240
979607392 37226
933289754 164788
718756154 152513
302082063 128106
212149401 35487
763043177 84699
89302031 173436
901488888 24556
858593428 134936
493499319 92123
447224135 48071
829176223 69427
768526499 162098
991277287 5217
848407888 95149
755604163 66295
338190956 151407
360844339 22316
639863304 14580
299693701 2485
50426985 140985
376994530 71103
493505789 131935
831071429 37883
977162892 159186
163349300 30801
121277818 155363
849458868 4584
809102553 40131
635864154 125457
268147333 47204
906497521 139351
54059912 182868
962722964 186726
314955832 2635
86376853 71397
493516898 185508
452441669 46330
225596592 195552
112561402 121929
433549546 150277
28876562 146835
826002341 30197
862562181 110232
442812910 175
967316801 54120
290038086 32988
677037572 13216
4080847 172111
817772392 153637
211755597 111465
887597156 25308
245974808 89172
144017623 174228
343282716 166018
321775355 166686
762046081 88913
959934889 71233
729632121 85376
277527641 124472
278464065 81980
924777379 107303
434316003 90733
946837302 67016
92462114 130287
817533747 59153
19998449 109574
830613211 28021
739527830 151492
939393768 188570
780605472 140558
583759275 40362
740627667 170030
58017505 70706
106024665 46164
112796523 168879
510003696 17662
19453721 60411
570817807 5895
140327726 197668
634129266 97018
227961310 182765
128398618 82982
934031011 183550
990782653 173958
478438270 106386
551795808 36435
905550450 69824
420278558 196376
194584026 155265
581363850 2023
381112717 63497
422998596 157939
363554100 153173
855380936 26450
170502881 101930
906048894 184935
428176414 39774
311555258 135856
171487162 186856
488241131 165751
184240216 81923
462880766 17697
149857868 170857
529345098 69586
756297094 164424
12099588 9509
352423263 77574
100227712 140423
560649411 130447
202816758 155800
106071657 153984
298835527 83994
954982621 166902
858072436 165655
370682350 187417
407081769 46762
845390276 84329
56841670 118310
310801699 187936
377406642 65850
514446243 58013
663152447 181546
744179368 147245
677781518 128446
247502304 136572
934028271 163224
932360368 101692
377007353 71238
801210490 161570
692066183 25590
432250456 94112
995323485 119482
266197684 136020
965685651 24408
442900317 46327
401783470 56421
219597666 90182
791803377 20652
7738874 65438
89402745 115203
391094227 140614
800793455 102324
162196014 67726
221139761 61555
389767184 55967
475038812 105664
629213387 110253
825367853 147909
319893768 45502
973437156 18453
645996756 81169
720044020 22868
671963377 66759
169167397 60691
995395150 28055
606717654 126930
839325299 108498
781087492 28115
852884654 193861
825171876 81062
338243030 37929
843328782 103058
860063946 166483
881101504 47943
457079554 121116
949543704 66695
529446674 133029
375461814 147035
579522246 149750
752595376 17104
335130261 185530
946652717 162519
226795426 55577
965195068 16561
348917601 195649
566880898 15434
64027055 61284
631429352 62927
896877517 329
775313060 12898
719515862 122544
120403220 106585
757093189 159690
307032068 75530
937867858 34739
683835417 151116
478958738 91547
848656475 119962
769963818 192198
607973184 40607
312787393 60929
953791944 32534
978622019 124526
221583004 61399
63501104 179140
598591211 21231
797600029 170393
550630562 54235
126685527 196147
708588114 173647
713341484 188078
17111871 70509
404266016 176391
348036232 124667
513629403 123052
543945535 160498
144287119 69844
665203923 160766
46873682 164940
260759906 53677
436201843 122939
576817533 117446
505677468 168894
944359583 46762
863528055 6531
82896532 139682
264324724 78612
911252080 163923
863033905 10045
948957254 117596
334755999 77520
702082715 170200
329292838 90399
629548948 182526
405886836 184698
810902913 189500
980835691 123077
675116961 190036
810987560 155275
687761359 63193
454833890 189352
508207511 107778
35595740 127286
568496387 98917
56612516 181473
108570846 123321
517255447 109565
570522424 159944
217616028 198002
419170131 159050
533158178 118085
555951304 144006
993035397 52323
391880860 59230
96671525 84885
588625238 100545
873638368 138499
703314833 159100
795823022 159947
645414580 39052
860464681 3904
552938827 9082
996964649 191467
795628532 172974
284195180 31821
259176825 171038
983896539 148284
481998610 137971
83176893 106283
428273285 136738
501144260 23319
423144644 166211
238708869 152828
615526414 182455
672373353 136968
955693122 115878
122701358 131842
875226477 98111
746292503 118863
749136959 88343
951389873 150489
555894228 191105
534001879 170356
667607075 169528
536682566 194556
33225292 90418
436704802 71158
484762580 164815
435606506 184065
367417344 4269
577685760 44643
793612725 67082
932265019 48171
643260844 109896
906354345 125510
644121363 36188
404539619 85972
527398012 154297
56195967 123950
463052784 16017
630998834 99523
170062838 67019
585842878 170172
286129742 901
654698911 95363
192898599 149604
282387065 126552
964071152 112966
7571427 26346
902018361 62281
242440649 59396
219414546 80571
878342932 42367
415172477 24250
75185509 107068
348405620 159432
734929475 45705
463208977 91430
744175409 122035
635903456 11785
727981334 20545
548457582 149744
429063513 121468
559375433 70940
219954676 64655
159310494 100077
900641799 88364
72740499 125805
902410658 165246
358116667 109852
852518173 119135
559059110 139027
989751728 108703
689355703 17477
601517310 141870
952731581 55935
676990852 146453
30547738 65247
283477251 45904
887269272 43712
593718224 187080
998765852 192021
357530649 77277
110281008 153071
275085793 16706
884681466 118851
632456548 53951
942196424 97688
342988965 112953
74210855 194314
346092000 197901
995896631 53357
587766099 64757
327778687 47781
58158446 123027
974264760 129893
776044930 140139
887228136 92457
415873894 177880
494641166 95247
931423757 182336
386811375 116586
369683982 14956
988487764 82898
12994165 171426
847372669 158593
486620727 68564
354201803 58755
227015414 135175
321106730 165960
781300279 125325
78457033 111787
850526521 4980
65558543 9998
80254485 147473
311769296 31017
39782451 39839
532360537 199072
924455561 101023
793530770 4253
387557043 89337
855508760 18154
354829414 190621
84505437 119974
170305063 48327
859724972 152623
930076440 32662
416965218 164161
395759617 87446
19773137 70736
833753065 184707
836029671 196842
695367517 135284
985623270 128298
714733490 183852
783674155 144118
972250184 176678
101887431 169717
340017126 101974
768386331 49525
762843097 195796
713329381 65009
167344287 156701
536517428 163606
457505589 1320
688179568 816
540830134 185423
689024368 141023
340173220 114974
211279042 153070
827144019 127854
88477818 149160
209169775 181036
819127683 114916
806239091 157876
389336554 77293
432033466 169961
109034256 6182
990526247 100032
503057889 50789
347391682 107090
10428967 52127
613890811 81445
140493755 105097
813937078 96218
42367693 162581
32329266 125173
750108451 23631
984893727 71777
71477859 79687
258142979 44830
745204244 34638
344554583 8009
37256932 3450
2850380 27629
405209756 153550
197493536 136160
75504954 2429
436349289 171700
652111458 87264
549301356 148254
646216316 5351
599056130 57898
535020806 106879
76566342 99584
605694998 75198
61259587 160314
701479643 182698
677446302 98220
685965890 30000
465933770 127724
863327018 170173
795682938 142993
389747169 119766
796669238 51785
144024294 195831
630456740 1969
999525187 126308
369314539 156117
112956927 171161
705985758 51073
164135718 31977
981261706 42233
999170143 190103
219653349 18776
403359784 137911
939772630 39433
172185549 166482
420950784 123823
25840435 78740
346755170 182191
15939375 34669
427821812 133292
917043261 108369
223487240 102163
79259783 143911
232922635 9681
549250541 28512
926697056 195251
786951323 84102
346882832 23151
715168269 47582
162420333 51225
215710416 179483
607402852 154273
223060186 8214
926324649 88175
204690121 91983
418134621 129336
182768729 32879
967772632 132509
123163666 35732
583078675 73226
286625723 105072
249670746 155051
78614984 178139
970052403 189066
671382538 196262
917655101 144334
33309662 66886
191429293 32521
536724550 121539
782224080 140837
325374681 49711
159644061 93697
297988364 53416
150726543 170810
942301175 134786
686216507 172130
267662941 54520
653225867 84751
491609993 198246
53013756 134097
350981549 67397
950225377 131781
307962662 129816
366886362 64519
734117968 85306
500809923 146832
42983263 54371
200892744 92381
301149727 79447
42659573 12196
99640791 16336
73363256 83374
846517480 176710
109315877 176056
325599580 136853
91516611 195224
107523502 2764
486579465 99607
32965533 99569
320906762 149708
618301784 146892
989993082 134753
369474277 72799
49083749 40960
14125065 20156
723866901 52683
150137489 67134
113289497 79675
40256354 161519
287538811 98557
363698478 35283
978907256 17084
17413148 33825
821297924 167033
800957831 161274
908068773 195078
228022303 116777
368339027 1101
695994575 179184
901924229 23158
28927315 44841
618301380 165938
429791382 146799
29497666 168036
239323460 8814
696312701 41533
368700012 55842
36530827 44204
390417334 196725
476631697 85422
218755282 97538
599062569 95307
303483502 152487
51557086 124672
942620228 56362
770981485 92264
280025573 40473
597352152 81362
396575953 60335
361832309 33063
185613368 47489
892002024 36020
440017852 44134
690292604 6639
476252561 147775
139844102 80417
555611579 64279
795330426 76874
525382602 67950
346964987 185010
281766601 54784
76154117 192327
561541083 6309
884212179 24215
19873857 60259
797957666 187707
812780791 76161
460209431 184914
939652432 66992
1791537 190217
201243161 162130
986545535 135541
540779849 130574
779748972 125562
712909340 198907
9045845 47258
748936043 184885
912366305 38793
869214052 69645
611999891 176994
473917449 154193
6660101 165640
530758655 28826
870755367 92256
101315086 129818
675403216 34903
898000514 161298
831139433 110494
329367914 174852
589588390 69079
157288670 140704
6414460 135288
51354823 59818
49056070 22249
916535598 158286
251976972 150077
379067971 9542
646211720 173235
542648949 164514
100090870 112222
982928862 163083
759188280 121317
338605449 127424
832934742 192285
595783567 172518
891273069 85293
555120328 189155
402107273 110816
118162997 93501
449071139 40174
783542957 171658
223050977 38883
942633553 31858
739629354 22515
962089307 183412
173288222 107292
217012625 94138
162410925 89699
11167852 56154
83288659 122540
124378317 1582
965410023 97288
213447772 98822
988660661 101933
597905369 116207
410283742 54929
252039741 177524
913321050 147686
305387342 186845
113406306 89532
898300874 98964
630005108 144554
985202881 36397
679230955 189732
894256263 160709
472955541 199102
377657138 162329
84132115 190596
501653009 181591
199516885 131619
556631291 101183
293858755 56859
219384667 187537
18062172 104788
742589302 47395
673727375 40177
377025817 120183
311014022 127744
58594291 68753
420473295 111294
119738120 101185
744390052 185963
7298960 118704
559932387 77813
884735240 194789
438648443 111019
235296338 15655
858268644 9731
767708790 109899
807619524 22989
604979942 145407
912499742 31575
280494660 86266
7143715 146647
157814951 122819
225489193 20146
285422998 154707
202589027 192165
467567431 14994
561525014 163409
587297314 67652
253930938 137347
598447846 2039
897546853 93807
224800274 67117
777223105 91457
907234893 12874
240213421 179175
468449665 29942
640183580 167631
838390682 74311
612768868 76038
334851739 65991
646713743 130890
238302568 143020
565587076 60644
759859724 81949
908153608 130396
489157043 194717
804528736 131737
482720096 110281
583192412 13811
619438269 102807
754195281 60111
774912516 162536
332681539 165918
873034764 177441
454679410 115526
197370777 178133
279250582 137092
78233797 124287
326574189 110947
635891202 156974
308203605 197509
732675922 165176
326210689 191639
310313598 186192
491027527 27140
77935846 93608
433098926 5333
321947024 50527
203263626 6444
920654539 183652
541364776 55380
259256034 88106
76074561 133731
20466404 127731
83699039 73423
500218312 45233
67497187 11537
222154636 191738
603045180 171474
582159141 41053
994936426 17468
199409189 85693
435441575 96366
937915886 40328
70015653 77648
228421844 58013
254218549 38951
195248184 148211
931232376 188157
455788331 167866
888320309 146390
139516207 133396
103020125 123350
260129798 115941
815512633 91638
707584467 174037
48804364 126544
10569253 171337
980486664 19853
491804878 18940
425057806 181766
221968389 49420
306560125 56809
139410599 32827
164858256 117423
841792658 142799
68723473 147150
620274024 167865
850662982 78647
910681116 40913
386217343 63755
974647066 196098
335536438 108762
101639501 183163
742832934 27455
488933808 172446
625200084 27927
90739878 56735
122738717 48636
469605881 72669
667547545 75
873646783 107493
167858114 171817
301059240 125017
3757359 126182
50146476 113540
916640588 42627
387635411 20784
260062049 28838
228391655 6089
760943342 175009
582120397 119467
821255716 91685
86309523 169080
358303420 138955
826864432 63479
291125177 105276
650510226 158507
441270071 93735
148694446 27044
410074750 62347
449257431 172168
588009259 80059
527246194 191550
138042524 182599
854058902 56984
462007580 52859
359402512 138328
702249680 5084
961401834 3182
262367658 97904
12798561 113274
614905284 178571
126190252 62138
270566591 116398
29879266 68609
682740693 137178
349365062 194985
727965607 160275
530354721 188432
593164632 158629
851965418 133322
943980623 78018
777706490 28366
208841396 51600
696913860 80514
425822438 177563
489059467 173398
82416825 176238
635220633 45496
669195266 4335
488470307 120650
471813659 142779
779725908 127725
436309256 198658
405132423 161040
963785228 124930
892259749 118431
565063122 190424
442003071 40029
571903217 11376
7000677 199936
220603168 63874
794010523 90998
424728526 62323
100660054 151293
520515369 120729
146392837 179727
33238002 25595
27587647 117976
745874128 94088
829098166 112151
903415654 107721
790164393 61259
473990678 123938
464841349 178063
628256150 85276
338844088 24442
368916714 8115
43398581 128977
886464556 72846
718975576 131258
931971014 19292
74529644 42554
683426031 73195
759588730 121684
441866945 165993
83060254 37080
240587192 147651
11804919 25858
835152786 173933
185840780 54332
136755094 111907
273794232 1775
218111502 2859
940765662 123748
266470931 168099
755582964 3118
244587014 142900
213495255 159767
551670413 15994
275757702 146340
177968437 165360
910663164 36693
571514748 117225
587704908 100854
400531899 26783
531745468 136847
55772157 113828
752330981 101719
678245912 75348
751952688 100649
369309848 143391
99264475 34448
533278836 182282
575978903 104219
346397218 190871
410387513 74002
971336455 164931
767954283 185815
598396951 90086
648671677 152736
30009571 152910
680268519 39962
401915230 95527
692392066 29867
68421166 4366
907588707 171445
506437730 178280
553240948 45203
496993360 25029
291836419 46170
358689791 3618
457292113 81455
544541636 103125
437497436 56176
859894777 42327
726029370 29919
880356382 60856
488633104 152675
628539787 90173
550085924 5516
814521666 115037
399835868 70708
295224594 1076
494293526 29848
652619180 126629
201618234 158365
389932070 148172
724269745 183984
237647802 51209
116774539 100791
972938454 185128
636287480 176991
364202297 12060
455705237 6710
203153446 47052
997728735 181874
439135599 145420
922800931 166677
765222758 95731
715190295 89799
192929712 43885
452474249 165237
77245823 183422
283793167 156982
513308817 83411
629642563 45030
366268481 26004
310519129 64284
781005646 150049
581039971 62069
745985864 116314
808232542 131634
447016017 121886
413107646 69058
315014308 167397
917429010 37672
959744278 17928
515998212 114451
231213478 176891
899343099 61460
615331563 38035
539443872 147210
220064728 172820
858515486 162869
357985522 13983
256895156 24229
291421459 77555
640214305 18475
306735216 137589
932548065 71518
415069174 87309
513218870 177910
473952624 169705
643066985 164404
763766896 107302
93310774 33465
768943501 194858
369629617 181841
938717173 22831
588400509 179631
757015257 57874
94218423 139150
837389299 113379
213696580 52971
16430210 191845
402891635 157738
741799374 129759
840074587 164499
593155140 22384
40248611 53679
383624415 156446
966297793 72380
91794811 175499
1292899 14191
114386851 38045
288555483 184327
298602549 164463
721131029 343
24616178 188178
47193247 172530
258363873 166843
875995100 73881
491535272 188209
646494867 4067
790981656 132486
921835683 408
339310884 143295
183864158 41852
366582200 31864
461345948 112782
518891341 92728
358365730 82512
965095650 93504
745391442 18051
503269046 55018
226994394 16058
859935780 28271
121935639 130562
692490842 130870
334316372 4872
735970652 106380
134146763 7779
217489765 84619
707524757 119869
894906878 136348
315630299 116444
277945407 50241
585740987 179423
4591913 97369
716163701 72343
457079062 82065
449852056 192156
479614500 151150
652481508 102422
492254661 171849
458864644 166757
407613020 82824
347355596 193790
613627361 169721
230628805 139812
409148405 21616
118119858 118700
960392651 159759
323452904 124772
479830420 134602
574838906 155270
290025487 65929
655546347 107904
65133602 114630
94217792 185869
209518300 103193
110848505 59096
102016899 43729
650537374 147584
48792587 101040
753803393 55765
822087449 137159
459906237 193608
983223945 15696
214444827 74283
765604087 42444
902953559 133054
272534338 152041
273760545 177642
299603093 189434
408854301 106119
243829500 191649
50770087 65612
693826113 49664
174200948 199342
435097386 15399
286002623 86012
203325326 131760
144743168 185558
115830686 13082
778947184 96559
150383026 155239
836778280 174724
346865301 160386
14194040 63097
514674433 123068
252804010 185220
393964310 40297
585246843 153820
223750958 16867
119043595 14554
562880735 137456
105981168 53373
330623078 117048
203080733 66460
723180239 146228
744189474 53620
969362204 38067
156500276 167314
20099386 72662
940943952 80077
266889859 58730
536450647 16739
666238719 90256
447584329 21059
653647188 4813
305858487 137128
547270111 142343
442434034 120199
197807182 177314
657917706 115073
920568221 182006
394025850 15763
915153539 188150
782777117 137160
150874640 70484
991004159 167754
917679867 123754
720063971 135578
32067550 64615
544022311 156992
842956946 173639
143725791 157879
918626645 141590
632084455 161270
182353124 145202
274258665 74362
575319797 75722
497809793 24656
599027539 156796
369868026 70115
243177479 78385
255576006 31061
627900843 30286
281745605 7202
352192687 125082
906699552 194656
274409835 31435
280833676 126263
918374931 128891
706262628 190163
870115128 87433
799494938 55355
477644910 166760
375163597 9060
649078231 93216
751549403 112180
122353554 133200
891237378 146256
287342865 111599
875751595 94575
420175471 125206
708896243 51068
957789469 91040
315957101 103381
401750048 15165
723785050 37500
506398750 72466
708560085 159590
3818042 100769
52600562 71439
729312182 29000
707133988 86892
597817659 34170
745299343 5650
424939885 65378
645985528 136672
677135691 198461
805952928 192225
160331972 188765
404008693 50699
755395596 154746
927363318 24690
662144041 124029
935382248 53714
591489798 125026
905293149 46237
654312495 107685
445835118 138756
261690163 28066
44659458 158119
703026245 62060
154534141 38505
161691155 38837
715949726 102979
342592949 146852
447108975 120288
30326991 116233
38460486 133346
83536913 96449
33158846 188192
996205231 157621
895145959 83403
546418155 122317
927552609 33961
906253943 52153
546316139 212
431724522 121530
756605029 99535
204399271 23338
369643308 35725
597192956 197547
727514483 37706
222796100 9964
413510385 176725
492439170 118179
109966686 154541
654691492 9641
951828774 187036
659694364 26541
88527234 59935
683673855 14121
140750553 39240
136969369 35212
41266928 37261
845195693 39451
347978728 107096
452003812 35694
299926253 148395
545675795 57478
933120903 149762
880098972 137432
232443397 151789
206725192 29160
75904560 39383
643100026 98234
506319953 172015
460176948 153147
874186246 7960
713837310 84350
408961141 180103
932376089 170265
964714795 103090
923395709 27106
601596573 60620
306960772 69975
793701839 4423
812629291 129231
202752792 96798
382439027 50500
566021570 94326
691724875 183176
521460887 162312
730322674 183016
399156352 106512
884184476 93512
566178755 151777
326692499 10579
85488157 187226
244111402 90002
504294322 102387
88275323 51966
451383858 117166
156929108 12455
254085927 153008
943672950 169908
939236166 141923
750008130 92258
477778279 144031
456542923 180800
321191827 140737
260852837 74980
315034399 129269
77523218 2639
102170815 45490
921266984 138390
951546205 25217
854583483 101215
589310583 153394
969960572 177063
383640523 106116
691330109 34153
682293698 168460
60884530 91116
272587440 18740
828723951 67211
581386457 173497
207996532 94220
333159231 71074
972373742 83663
749343732 36143
842814144 22084
453800994 166756
51141136 66954
694809730 91315
909452105 99173
452863482 135193
540464232 18060
132121924 13354
69274344 152284
453518080 20389
316028570 63678
615394343 146168
436724385 70065
414789458 80681
81512832 161821
897117102 170104
221375540 12329
839246898 80166
657878952 74638
810206591 3866
406710592 16670
622849073 46433
540368488 59917
544617873 49095
463083948 29947
571905103 11213
216720107 112611
721190878 126709
461395274 97579
445854367 107886
285160471 73165
644077837 195194
357701350 137496
415977028 39440
101348703 102419
82143852 5946
16887151 29536
426113904 37862
874062764 87785
185259115 105247
111644615 110442
149915648 193031
372896335 36773
997546679 170473
946062739 196624
256185187 74957
180575213 32560
733028824 170462
612918380 10120
468231712 139103
929451468 186677
600224682 184501
385311515 118907
684503596 86541
868441362 22293
294196912 181462
893073430 193168
65501228 187831
788323591 4389
927537874 45329
351073312 172184
672769104 125061
826646571 32201
431592653 175990
616304877 42002
362461803 164912
171814709 52775
5911684 78872
797226154 56156
542553157 14520
363786120 43673
422184000 85884
177565917 134309
68515264 154011
333803379 94351
220596364 150805
18341266 194428
424382806 25466
148907173 103458
716078032 11722
785053675 61308
982252676 80930
766740227 64220
210184742 173389
986680512 155264
175542824 10573
989477058 84337
241747684 54119
597197475 149543
813270687 107398
186189684 176969
922219140 123240
734144646 158268
828311664 168778
971164751 108441
795649276 162033
992277936 71292
384125386 106757
691752616 121129
100779937 23511
445335357 83881
739205511 181256
861639834 72118
892463509 155610
319574013 145619
973904509 192940
560694509 67760
122550308 158339
644142975 129837
641481138 114963
807843153 84126
412379998 170325
83518986 172767
398604432 53363
11905767 126089
856785005 106561
477138895 115698
384341266 90712
75434939 37227
174146892 56999
541352391 155904
864740995 138209
166276466 178688
61451324 25105
55161405 4094
866382836 137835
32120630 163721
776964920 48989
792682986 88339
192984165 23181
871297341 174565
651615879 96901
291399829 39940
731083482 177173
980954155 63060
654390320 154923
853416817 146280
187013464 66172
569301497 193950
262037734 66562
624913583 58430
203785552 6237
464543654 163787
422373081 40257
175595930 35543
773467148 102951
274350777 130314
92793949 184926
833782430 124898
140217013 82258
358994484 137652
898457167 107951
801372865 194473
872722463 25207
744547712 109730
767513137 74223
342232775 139954
450767232 169818
931199582 20728
555563325 144897
380272519 130082
178071912 44642
821496631 92956
79069707 92699
276509054 157456
261517562 185989
864068813 64452
798768992 12850
687987214 143894
588165391 114795
197835571 65663
679693850 176679
91684706 64928
773884062 11059
678157687 81015
72768122 73736
128513468 154394
448121315 37235
482119887 112440
451757905 112813
907434975 171333
18218204 39088
980629524 18025
422817006 167804
168677723 161638
187233943 81434
362333858 90345
945434496 4560
942754112 39074
955232096 139563
990725881 181406
361191194 100964
644519820 113589
363358093 54341
590876843 100590
476784176 176883
262906809 150555
143884753 107610
934120328 124507
625607853 62366
90116513 95209
568497511 103442
549177207 102385
883784973 182381
917801888 54394
474877031 166934
572089351 181796
959402645 91279
302359599 68211
374707248 98391
944913174 51949
268774363 56668
828437671 136477
468799009 102627
134017929 19122
890620219 98762
388980896 118891
431752885 19532
352394006 126685
502678236 145266
573175727 54298
964534144 82037
288376577 108145
959353935 117764
370527630 115265
509634831 199061
104265914 68271
262477208 160645
341899550 165303
376174120 53822
55117277 14822
295373953 114149
109419228 96489
73994391 107783
544764075 127910
25537714 152401
290875416 199735
180867904 165038
964386364 72289
511809038 127429
123464222 2834
142464704 108675
206560609 6411
459407654 93039
112159612 71853
602229127 177228
289806850 126344
483634766 7211
333449354 128745
77170578 32542
226634851 166592
356949885 127590
227326938 149929
421473793 167453
385930981 127795
140809115 86865
8992191 77529
12750005 128321
743304574 90220
474370755 113339
454126088 102084
494354573 11299
975908314 153093
73013084 59290
124207143 10958
286499356 124057
667302529 40921
958924951 176583
858504259 113570
475670429 167430
47387964 157096
255603078 192518
431379993 125556
977057099 106182
733515253 145831
650664426 34433
707608664 97852
646330944 28225
316734904 13846
339595012 71676
17402232 71142
429587577 159100
334253250 139727
590239049 52113
7371151 115934
987454330 4986
891856846 38156
762687186 79351
683029003 92285
21717186 165001
564283085 115801
699945834 84441
901681734 78664
405357128 166616
667702205 71532
270934368 184370
328146759 175505
702914052 86796
464306053 164657
986407045 150809
336150665 156272
48518877 110384
496070235 167822
889546905 159661
25867137 104429
915399762 52876
167868204 21475
78134613 139695
996890408 75014
845262335 29185
792363770 176982
144197263 48957
708226899 164650
189919838 13293
784577060 135333
592636169 91480
718329872 161884
885721379 65570
831468687 123609
776868564 124986
354678529 157833
801502370 121908
577301695 18450
640258517 68371
928813428 142388
238055592 18653
3505142 96107
511146607 110120
980109321 1269
974055824 166102
187823204 166663
810158498 154707
406812089 2156
810365603 158201
482678028 106942
911913545 66053
957991711 58614
646781039 29267
324867447 72698
413786501 4067
987032593 171614
495935690 67760
487261343 147605
190634808 147718
883018975 21210
935161825 128478
961226019 29243
516629170 86110
317640717 163923
332238982 116349
223651758 78846
697035569 83816
255429858 27447
102424744 145310
731100390 18695
502627261 1885
605391064 75622
603205130 171027
798596004 16620
57868238 173214
971779620 33276
887912466 60728
2902926 180697
897783702 30933
505923650 83657
271629761 133940
920157519 178135
584395234 175453
602751869 15041
611698870 113840
748446165 10367
775638282 84941
109744983 117277
145309350 93759
280956984 51248
446762760 154476
453100903 40269
343152448 146950
579178550 106152
546201184 150431
894195986 144020
426332312 175426
426437225 108507
900349510 117671
186620355 80448
362124094 38622
292501265 173757
506165183 75694
801712943 64537
478310268 126099
254923021 160330
65189804 137084
885743708 50313
283930949 65607
736102669 188628
130332605 94606
715884416 51168
222061148 80310
159096527 105196
301435404 199134
284959933 28142
462778345 67497
788969439 924
781347943 195470
829056760 8357
775293066 5147
966946193 58218
668220087 151869
486693222 119792
574909115 10414
136126798 157027
758496436 104550
588371682 21396
644538309 161470
667827777 191188
584366285 96302
826845603 64075
367578155 31332
818876061 46693
136559617 113745
241005811 50148
206563113 11385
812200978 158988
480062584 101288
418784229 151240
485530447 114761
126019366 114349
172112586 101913
279957311 144619
937594352 184610
998505475 52443
53426920 33725
689935232 140824
83329282 194171
677975709 126611
172505113 123691
742475757 191576
625758467 93533
351608401 101653
821703152 35806
576039822 108613
819483393 181699
161085283 172210
607983897 195547
525572473 27698
861301555 67607
839644176 114357
625424755 98235
477388865 36198
802542321 65655
648117819 179633
781505684 73452
952025453 160935
312905286 89927
603129322 12911
901117076 52116
711109117 50978
543448646 82052
431897946 144651
628618862 155690
300661028 85497
469436474 186557
337942539 190255
784905426 152916
446521651 38330
770427756 86643
327225453 189509
961107990 70766
264711394 43339
18139397 3937
183416752 155413
866096588 123592
494801520 166376
374349674 8327
948996364 20111
639584701 2381
321320184 189552
830601044 183042
583152692 20393
221515407 188940
597123954 61161
672333718 133882
155127223 90473
462912946 191652
402990955 31042
248088468 124857
624340453 106304
446990323 157645
296864352 144971
280300650 175790
179397239 111053
865103324 70
953193021 148744
926311177 100271
180683061 31513
890078070 166783
395515175 107253
50623689 179238
577138388 88388
830672947 194510
550223141 186016
404334355 183917
93510092 16678
902330822 165509
586809683 75322
214947126 20183
688424380 110578
832545366 145474
486208789 150235
782537639 78421
468073283 187064
812306185 163664
307742359 18884
969319710 170064
426238801 65755
662811227 123572
933042077 82643
994831955 66423
388281254 172844
830097353 8243
564696042 77116
534707476 86867
97438085 196787
454339543 199510
183561235 179073
73133794 84306
132660621 49276
190905638 99957
755564479 84451
448104095 52696
879450545 118995
237939496 190542
806821942 16555
961419571 25045
388777930 193362
874426337 184010
108934685 196445
386576519 166107
243218337 53013
475411799 21753
945926162 146199
141881838 93693
892753056 186486
689208419 120805
117269541 99288
741340770 110474
566083846 147830
554086976 124045
849133557 25009
437169659 117858
122514797 87876
892699857 181957
497454960 67058
5374173 92624
624683114 96830
87234198 89880
901428124 149990
636150594 51423
747523253 70822
535809149 132956
333947048 189780
620795982 96435
918370605 100221
400746578 53256
388139293 163402
973176909 57102
791491713 70578
957406354 132221
818969397 168051
419866333 59273
773401583 185763
663179029 10237
205472698 183179
748021342 198591
905890980 11503
171738769 62614
196381313 127311
628110485 43215
472643116 84697
272050033 84603
755543637 62831
410139967 163332
875303602 80479
552722958 166971
73616271 63601
531694691 70055
812755121 133994
797788139 8273
211110443 154090
499710885 28858
93013058 171051
659259997 120300
297404462 157486
68858212 30619
978348907 82726
23933916 179677
912649764 111091
766788644 195966
936577892 127878
593431507 62568
657992035 61142
158342256 16640
137771963 70660
217758661 72062
439080437 25515
680346360 187093
387474668 169387
522547447 84400
199371493 180338
594718926 15565
393704909 60645
533108177 1139
100819071 138734
850288432 63551
876780646 23634
187776306 4512
275152518 140953
524542353 120737
683384995 3617
218089687 177455
834208295 29348
141729252 173147
469120066 89312
322681175 154435
25258789 193508
809753577 21544
703096048 158035
968132222 183617
490775156 119579
532747013 163236
307424454 70205
888771662 61345
42526551 69287
54034711 166036
643331421 151197
253637357 154582
420600323 144077
827263078 161282
521875947 89230
977729857 69257
279308551 82001
1759439 58526
443521333 90844
736976743 83298
423172301 38833
228497251 60797
130233269 25288
176326717 98663
650579816 82438
303437478 124280
579917157 45975
315905304 155823
508566895 80572
650926714 142510
681144630 7580
517343657 179401
14913502 12404
808077695 71821
174378602 83251
152087478 109936
48511973 198000
968808022 31597
986851640 182470
214060793 5432
963255323 122455
908110608 95732
735024254 57871
162916954 81816
76133924 195529
503493814 2901
260502109 71627
456362549 180453
747135741 35433
477507618 188774
616670997 181458
419248548 188571
687936505 94565
901530111 46674
289194561 63764
405361503 180181
186997481 42148
782239139 150734
74773082 43086
845232588 87801
184584188 11804
490842799 24510
513465734 114868
437844245 166009
76429332 117028
402023135 161120
336881750 87416
102793118 80026
104954415 58385
235710993 85730
14322835 173682
390363315 17205
687148017 66870
522965668 181767
93507274 177186
41532418 48830
868303908 86425
989143275 60880
772796484 128581
145163627 77349
453322850 82716
493776774 21858
109285768 114206
67038241 116823
653769006 39188
210114981 62188
10929236 53286
222322387 36452
656442714 167582
258332734 32302
509592373 87098
786704247 99559
613364499 118384
446803779 39278
407126702 18906
366736568 198504
237012272 42220
227866759 146629
2236518 39190
21968987 33334
775877202 60996
733582954 22533
794727991 11416
401560453 14191
966738226 100037
416039837 179836
705110349 183616
456679297 135650
574767717 19583
629807806 29292
761073102 70890
584697070 62273
601197492 110296
942644669 38407
262269738 165983
696535995 117859
131324568 181879
918644359 31590
572184110 107791
899722012 2718
745979615 96365
621202305 33728
242612666 20939
344631238 134185
533835187 7868
699900260 17079
622299568 10997
838396551 36240
160180613 149323
639673738 106014
989392434 81111
248160358 6793
645264930 167507
611641906 66137
878542949 102883
229300829 134785
472095845 192829
439775222 167846
860453626 103853
778792284 124019
302112758 246
990002091 195751
10613435 58300
311696731 178178
751044870 125278
925642125 61159
626018099 123811
383540813 108776
639177150 75514
929039710 81304
482148838 9361
749368971 116679
221183957 117846
73366559 18248
26147254 71234
835054302 179064
734153505 191178
538458140 47693
643497226 135458
732110902 163087
741572128 144913
492767317 118236
273910936 114049
220791154 50450
379103222 34674
556823651 126858
212655884 127502
35523922 135339
763847870 88651
536408952 3526
963001151 72846
486837721 46585
850816997 21818
500129708 76305
915486615 37399
589341432 104554
536696524 1828
332758593 17590
483706992 125626
859284067 6215
947773661 114534
860988777 194447
902987539 41671
941118723 157878
54803740 106996
751637048 108441
611363995 194225
75783354 9744
683895222 42335
249553991 79130
349357887 122342
996959324 49221
947744665 2936
484778146 133984
924658876 95953
998387295 169896
39083031 18316
16209846 80931
26025231 84222
967538154 179019
150659543 165063
287304177 9615
449470612 60049
917845498 112284
173531524 140382
804960276 116095
46893252 38688
468671394 3954
238964908 51198
505619511 68153
852947746 77374
933311600 118958
461552011 3278
467479885 149683
573619500 111768
302627012 104258
132615334 1981
132578259 45781
270022941 40495
535024174 9162
198170377 61972
736004450 101750
473034758 16098
267938574 41274
806470771 121929
577467768 41318
965441868 106444
26602307 166216
527008382 60566
423775315 59948
386319677 55559
732055694 128122
719794649 138252
422062782 138103
776917865 35283
346173200 159576
858790406 104756
946048200 136853
619539473 19399
225837832 81574
345545019 55045
337614956 104827
451496902 154710
849557891 55935
760906749 32250
54561677 32268
43860348 183428
276543572 4086
224253649 49130
676785331 42723
563999358 104023
932220584 21711
251245751 150204
371873152 67504
530464345 101486
287989886 166085
808117222 32138
908670020 65302
837747818 137724
137503895 184876
918888166 197348
318597384 106816
950705395 182248
179370695 83726
495963045 18964
258031436 60215
498122040 46883
920997284 84505
199565693 168623
543034581 150301
980539719 1756
436659201 41569
248232738 100845
654333740 173818
298885908 3756
871313289 59786
501930082 164341
916324777 160330
952429445 22397
919196117 40910
816675639 20032
290182134 197330
299448405 61795
107162261 23992
290442571 169780
584285416 186398
940962875 167077
69172340 147450
448858113 30095
927902934 136195
163247373 102008
232719574 119315
218234210 113594
720472841 98884
61616906 32192
577741392 104344
258542082 50458
554323907 126480
95156795 102648
619186909 137541
846896721 12442
982998956 194803
200397037 132307
216917775 133961
763767508 75803
528589182 10948
847474698 190002
629473407 67966
25742210 748
383627580 150137
287420393 195786
394069884 8634
838094726 139742
836155068 137356
555551423 7960
405454604 130131
289171595 6876
353198780 40624
182378160 96637
510634204 94968
513869696 135215
695233447 59497
149383514 105884
899036055 175014
212125579 136294
21530439 129157
608616806 137781
163992801 8659
412162959 188276
336422994 1443
869701511 162685
21590308 56083
926018714 153045
251295172 22036
134860972 82541
356764545 82481
303539788 169581
195746329 151087
807693265 52034
548083305 73608
249995072 32678
271802837 21986
393248876 130296
644528579 67279
158595829 55715
84007208 2597
572850680 38360
507161426 120651
335640189 178527
21088500 76833
164825208 42042
512780781 71772
721084328 147990
656723944 172761
505024476 109780
309615174 183273
443084679 129687
517231559 85302
219878026 113420
910314672 148476
627386920 85859
737723465 35305
351342915 96645
890559799 72708
151410342 182196
606995685 16463
809552538 79869
701067306 14590
281361271 15481
236309391 91469
907622862 119908
735799527 173956
381374299 73998
250326434 115711
972392249 122316
558204619 95440
653091895 152998
3463963 107361
166633196 19216
595820820 146443
114237867 4657
853975843 160299
354411495 142468
957055333 58248
655894569 27329
10543162 114616
883514600 66883
416919545 32005
829284527 172437
149611000 34536
472777473 38479
165636984 61704
609660993 53794
805518674 26207
182883410 13923
794717565 82753
881168227 191484
237327947 58711
831279400 118855
847462424 92113
403796717 34040
368871707 126992
872142291 81001
550125079 121902
878603746 21275
308012160 137579
843642861 156943
135321771 94999
106501915 122769
924398957 152302
417264059 45361
524670573 128946
94153983 4612
76686588 48747
714085696 171389
48940525 82407
977807601 127033
736148002 24835
360808985 192464
738674466 48547
384199447 67364
246880890 165460
241358128 18331
937738766 135353
748672992 155384
630301991 66823
756404210 91835
735488427 46463
620064929 42033
617846288 156411
242853555 39362
848032939 14352
193234970 143522
438718367 126872
500971696 25156
781124716 89201
99900730 63785
180684313 96517
619725417 132878
777425868 14927
201839926 156722
138577292 101984
736371667 57290
913668077 98580
960408586 70443
582079544 94217
262014002 121007
477155104 154131
242318198 36850
405114021 146549
794465898 124794
356402157 41973
331398021 52847
894839190 120536
664374794 157944
72693402 93843
166715213 156988
849991296 20931
632598774 188094
236005035 163421
958767905 150918
384956883 37272
14833130 121291
579192565 166491
389790694 149129
78685991 151679
95639759 109312
467148759 68497
955592075 173334
39819149 131474
701364469 172299
565482963 3511
502656450 164613
537721978 28284
847773013 80623
977726297 10357
759405893 36319
183995718 169293
324474960 19755
560513340 185287
6605486 56642
184919822 40962
543001357 111355
196385223 47217
154765857 56840
908485504 72823
939421589 108504
636378669 18343
341452942 118447
13423625 162710
34395713 175748
333077142 157250
574644144 35936
491213518 46564
570095125 145611
887269068 142495
388988612 173427
857939393 3034
276212705 103556
259081323 97315
560067661 16630
621453169 121798
68004731 121535
781565174 144001
167355963 195779
940572561 178206
15312235 157441
77201289 9959
161960021 157120
519322249 35320
794831451 99061
727118225 47468
502099211 120182
260880247 155890
425101309 52306
170370010 174632
514736135 83531
460175755 162298
605810120 57658
958003143 81486
447411949 54812
152099231 173256
283573834 89413
666531987 130753
816807319 161155
213057537 71128
10698838 172341
813639822 57419
752284387 61200
6187151 167030
239082323 1933
633265330 172011
365850060 5543
22908840 59140
243649168 145161
71155972 125408
633512030 75691
417568660 49693
376952429 5575
507217847 41433
991330285 29
962614308 92344
399273235 84719
65987673 107303
988837273 188150
99179040 87556
868228547 20451
485566435 1168
345550385 102814
592241437 68776
330217180 79744
894120061 64193
932978038 81453
632451011 47435
288594667 177536
70853029 56194
212975095 57299
669462534 11772
743511137 58066
734318783 108634
959321132 86889
443443008 85798
198812712 148166
260018790 81421
234814653 33390
51454189 124239
962330145 156727
690550815 9162
668248634 88462
897025403 54045
762742440 7154
864128662 138624
803851147 146930
70593175 157791
333752972 9415
617971049 109067
321019492 84730
706296423 69120
520451534 50569
718080050 57341
368769277 89032
221051299 41291
717378966 131878
854950498 181801
548118393 49257
24841018 47626
512317821 184759
676751007 168412
22547063 57530
751110927 8613
966416679 152826
433764499 65487
487110712 103674
779707569 151657
205315140 76404
623146148 161466
332827317 131216
776392143 130979
462790372 58667
695166288 71448
194586201 83718
761851152 111866
966732328 51650
347771089 63555
882719798 79600
593999944 18188
292072791 137198
981769502 1069
882335741 173635
566230381 179214
582485345 69790
147504503 63504
961983769 68655
813857857 196421
200271047 142317
484501338 136314
542657945 48182
281328020 130165
279698791 125494
876984677 57292
515328803 133879
675393127 107417
67418824 16134
952167334 147413
945944911 92752
205519502 150598
912136172 23169
975088948 148575
137583259 152255
206452295 108708
43432226 152542
687854060 15269
247230260 12395
582697669 156827
14062456 80108
264588709 130720
584609024 143819
629363390 98863
158193829 37428
144758020 49413
444997254 175043
93361803 131634
513704329 57193
953901814 72067
601502823 150971
240652379 121551
357829723 71048
171126925 64280
995302958 173251
296316852 156736
387329702 181524
469941520 136551
625511102 3657
894813346 60312
752668762 7118
304196464 16568
248766887 131401
795121659 100669
812585875 132332
823192477 24322
966115893 144212
30237270 173611
373882822 111352
328183777 31659
521231471 32576
742338538 81022
731039428 46510
224443200 40756
168180719 84609
923189198 41709
84413565 39546
604362437 129829
751927806 177939
137370024 57604
355664247 70277
18175470 30175
766882130 45055
613931512 189685
933439055 42736
10276578 74229
467568703 42054
440381448 33971
469300379 136998
133674884 26252
75731912 177448
641380168 160615
259829128 63172
9054476 110243
209683564 20044
650593279 179084
753935510 117050
294024894 47278
532870284 185868
860196853 2213
856820076 144920
406402305 163884
26954523 171165
845041351 192045
447270426 198378
828803250 83183
908501685 189113
929593931 45686
323189250 61594
593402828 83347
712205178 31995
718595766 63924
889669883 6624
157752483 37919
497626068 163710
375933611 163432
474220155 35907
997759549 33158
561837796 71688
426229510 102118
364967010 141009
591309866 160809
723791450 9326
219204548 114798
213145447 179875
688732770 84175
683183537 5696
248408110 116059
225088155 24441
366229365 43111
192336837 106381
437516893 48819
559994121 61171
573483062 148526
621283911 85675
430316959 6323
384147598 9262
34886854 2349
657283848 65344
706736135 169439
612790900 36698
461623298 169850
159743924 184596
835261554 168574
898680524 68363
624276405 169038
963302336 43979
837765522 147084
898659733 172761
757828003 140220
469635168 127967
120564306 114623
148545131 186621
126008240 25451
986067792 104435
427131044 67043
520951571 94920
472597220 33147
322785833 96518
757270229 104699
499151683 43707
779374835 17596
107695870 140273
139278520 65089
546048216 155770
403439707 43924
468345489 55355
259952576 154345
170433183 64028
496598328 153017
440553529 119420
639505094 86900
927531817 97087
923591335 47985
606378237 119300
639921556 166112
382148746 79440
656619402 101919
454043252 38433
353939578 24399
664274869 56729
664801987 4748
855855963 2200
363081100 116724
998833411 101613
478611719 4749
879475166 63078
348682230 68561
138589709 17522
416050010 21338
596028884 170579
21721194 45602
493329415 176364
776179524 1057
331042095 123566
900388542 119095
751626103 171795
884821178 111195
508605147 147146
162878274 87334
391246342 120905
497690346 188603
342343264 25161
60567707 167013
381885738 158902
755591757 62670
256354125 147049
570059279 148907
448086063 178205
501903078 158098
161044619 124998
798264613 33736
432766369 126960
331325830 153504
323256869 186419
145448640 96501
422447386 122152
972408291 29429
497989050 136701
705223165 164685
100419604 4374
49670380 31819
754693446 120427
170921972 134148
468825322 148242
804706203 166337
43406852 140734
525966230 159113
113218420 30795
877304007 112385
276305534 62921
202859303 110945
135589927 3010
630670932 118140
35732334 1132
455518185 49334
978464474 24314
512295551 191900
823183431 142390
471872894 163045
79124621 61678
21468934 157727
321578106 148275
254342806 113207
120130845 970
573126835 143231
777286476 77249
563583408 54283
92040607 165399
136666370 17304
155587997 13471
380262643 125480
332192781 7149
132992953 127038
510666699 198054
922339890 37983
146869965 90666
285030836 95072
600451239 8600
234442971 83889
810174666 141751
166591827 27621
555024716 121845
535564783 59860
275060357 112889
257813875 36528
315624080 108833
827926503 86610
251086349 166477
849760890 11775
548643403 145870
459506746 28340
852356813 118848
302605040 83148
449127401 56739
490274682 146178
291240360 170256
863854676 106410
191740568 186636
560472485 179738
53096314 10769
445910643 85094
797704217 125792
604820372 178199
531201689 88058
394628033 11263
484336407 112560
389931381 167836
738967543 151464
370053909 11361
247530455 104441
392636599 22186
14441473 144081
560513262 180993
537346758 132998
559879948 196105
871997626 176855
349019196 115054
966066040 126666
813986864 151604
396069975 38346
72259457 44506
814696209 8843
330066691 183445
700633679 95517
198625137 149797
324005886 27904
709241948 159393
431817872 149695
789206444 130386
582359375 194451
62828868 146841
824520524 197660
603024904 151499
304917067 131928
65483985 90390
138611576 100291
91566653 102652
723748257 72989
176260062 176567
768071520 113529
557464977 137711
441351765 91157
963621518 39253
824495881 92902
821430502 125294
24543925 69243
330419744 104884
749721050 189664
863867210 110645
165731211 30362
884655395 154536
212080589 117751
989143853 119863
216788744 172715
113769724 165757
337843986 123839
438875413 96094
810571830 70728
229662533 2470
998849422 151007
699800248 85383
527075961 113298
142123546 76560
174589833 106372
37511566 152169
759205512 177377
654478653 152600
59053086 166767
390125762 124893
101100380 4857
68472853 174280
739660410 187680
561234379 79496
482484400 131435
154533062 1298
642716672 101355
328674587 40313
255402504 59894
537881830 184826
445194769 115312
849906976 185328
78993214 76527
828010653 17749
123909775 13894
511702558 17565
462564680 154938
653122038 180892
947082364 68953
613767436 84587
293207022 120099
54919481 188874
960618397 21080
908857289 137663
669375020 139380
734582461 30726
189646154 84908
297691537 78352
857633546 99703
196341097 167365
688051171 150818
834182253 87098
984681399 139477
157366226 134331
965056288 97902
43246407 159158
120154492 145773
815679225 167770
217069595 80947
326539437 57427
410901027 139851
154167847 189650
123042746 177769
797517170 37808
967038137 138652
990528092 161720
568319688 145883
790497030 63149
170260693 12198
696834412 198588
16375149 162199
642439845 134529
367777685 99825
290198195 168477
343617428 119741
958229310 63955
489234802 84460
103004295 148154
482085504 190720
168449769 130895
754543383 101554
774160762 29580
184597325 67231
936347631 125654
400169053 33793
756159654 73345
956488776 38355
916180620 154881
394346898 42392
323313233 105681
576872301 120603
115929637 125603
838162647 171631
662025810 116430
749978645 198701
83389558 124149
488159621 85373
499076561 199402
245372783 77997
702581568 34039
246991229 354
300861209 12966
626528463 69306
855850204 82987
452651976 10698
60565929 175726
812276216 109566
656904547 193102
430466130 2936
459585144 49773
461528656 48697
447650827 60603
858044256 130290
852910258 166276
129972601 123518
624661265 92259
980760623 167208
657739082 125409
303181935 58126
339025357 19966
619628874 25387
411166954 170984
667864705 105016
889034691 47598
141263743 9861
319178906 54317
253812380 4304
936456901 124156
196200483 91090
58544286 194167
157121939 91690
906303660 96446
932966871 107961
78586866 69233
833418081 131375
521395020 36337
327475327 53236
456785239 104737
630256185 105216
712419263 183842
55392398 54322
202013713 7908
95144920 25572
13745040 147362
959913821 39681
358483137 93761
185838025 153563
765064842 143306
70688843 19720
570523688 151918
919196802 20396
269211628 87318
741790149 169157
414028456 17570
134164152 49724
695430892 136674
595913299 26708
549274810 138454
214166752 172864
97055407 19823
246627610 163564
912003042 21475
643495434 33534
306807441 113735
652895838 43423
326131231 17051
590994376 164358
918753618 96264
774940296 161609
653262337 10010
692467286 65753
470570068 93193
80399515 101582
129182395 130507
961006845 86132
633486963 199682
858247098 31581
817336321 132076
852357591 179954
586496554 33431
155294607 59310
848427410 139273
477754242 189545
12307796 101644
920275043 66348
616546693 140833
229117860 105333
120036256 25827
386416602 5268
210964415 166373
515453051 14266
350232083 40805
871330436 74862
54618083 118974
751829229 170080
337285062 149607
417963062 26975
838899623 169116
290306370 60291
238654583 151397
617292218 198464
368499657 75791
245343403 198525
413325933 126963
92602755 93100
277714622 191907
28398622 69452
381344668 74719
347520698 150055
161747682 16920
26871158 76131
50512367 140189
987659179 101723
70583479 174979
106602811 87134
251575135 121132
102220516 188034
716605718 120402
211921849 48999
530027790 72675
813871035 23300
648951574 23166
893466661 44016
940528762 166559
467705294 57435
71156509 53484
593722560 91802
814257739 123034
649634076 36741
47311078 55511
403566092 126165
78577926 122070
131346165 21512
301604757 51388
221663695 56562
725703877 194851
907512272 41424
547539821 70350
872712618 183274
869732910 166005
442030435 59666
62602763 150273
246593813 70842
721695789 90975
9943634 74867
34377147 43679
470093159 27035
985048787 28948
331143557 156209
28760342 148540
800346928 145715
525846548 167756
942502806 47724
548549642 9641
514267281 19204
450609334 187931
918548619 80698
392157479 24488
435363034 96469
132512078 188950
621451601 75729
751112836 77587
926494099 107975
187963881 27932
753369535 14825
600969032 164733
180552704 124451
734577506 72361
77856822 32741
336378791 84802
354317032 171736
716114152 167359
539407499 151857
141299108 106031
377056319 186637
160554325 123076
803857996 52682
365141571 79032
710087715 132565
614762533 180152
791164463 170177
706499484 140600
65058370 29689
104499915 148803
500458032 166870
901068191 81439
41665183 166186
830066815 60878
645712575 61491
382521482 160976
316521505 98718
338940262 45103
126854905 71533
435426965 152553
453035637 151391
630188824 129605
463203795 50595
277090320 140891
748406530 119600
204045195 30125
122714132 146238
24016499 39030
759996053 37921
245915746 188133
182217497 140476
72333123 105427
129309893 96124
276135402 9927
851078961 63885
361318205 55736
172609769 7760
9177535 101721
119787950 104743
474747225 121775
268888624 33156
824182816 110239
242071030 113347
430498887 32123
135281198 135377
336584990 55552
390422264 95069
349809585 185707
252392764 195617
948893289 35890
344514537 199797
389370201 127995
122319838 127639
484730251 177709
873727232 98021
261516766 111625
575043807 131667
207174711 171564
688596107 136719
717370807 116419
526121954 52624
58318541 177634
860619509 113501
623210750 24355
700963611 114606
249550464 120682
38511184 96882
703305575 35272
918395938 68816
157991917 182914
297954971 8102
291710012 45282
391781386 114026
838737877 178911
917609916 194523
196913841 177962
564190819 158244
345740484 69675
338902829 52403
749266319 113799
566399122 196215
340284277 154165
139514867 199310
140316610 18738
594900096 55497
6193399 99770
915520051 114111
52771329 183775
499294973 127819
458314470 127496
129620549 174569
552656435 105035
609618374 144280
908097875 111356
258346921 45831
692851529 171206
505378386 181078
705041717 155594
226171465 116555
373037087 58023
880904471 65992
810710903 14281
209160983 32730
374401095 70658
734143290 182519
746266226 20276
734401764 148913
307232251 38681
435350205 122699
494916317 91687
496516583 3508
588786371 71991
398710847 14978
919746809 146145
17293107 25664
187393179 190657
500559471 60908
736830150 48596
314564449 98807
352706767 85822
232153124 164235
627730569 102915
791042822 161299
636775811 171199
804314644 135584
257830250 12741
716796449 175352
695485271 48913
411476572 66280
214063125 16142
322462601 17061
611581194 9325
268115652 69328
270749636 113637
90183575 5458
883316304 141487
859664134 4260
430761068 154077
605111318 16168
541732022 4488
257180729 109229
268556930 136601
325979855 47621
727863588 47918
24468435 29943
653387441 111178
730535064 30803
457025788 135450
819987744 78406
163207034 198815
364882812 51379
101841071 178398
740935966 179525
782186872 76437
874450099 181393
537063267 57615
807989523 21871
238721635 58190
272462380 29847
399243215 84988
75611778 90578
486254709 117024
830857677 191831
434423524 39790
617378171 82879
115737153 121229
692870630 146539
688441431 80173
4123196 5152
617789324 199621
225205778 55761
177604399 41970
274694393 127547
952738112 195472
841113427 6148
724950782 103982
167328088 166884
218370077 196974
793330347 12924
340091494 54124
957264832 73714
827970416 81050
144977227 112980
252374262 67953
556340071 13970
691876596 125711
833612225 68950
39349466 52019
538450470 138458
78276114 12859
564631404 53242
200792847 98214
905184170 135053
591833345 79230
925670756 120149
431235092 17003
477821523 101860
418680458 45793
698257873 139284
47864645 44234
448496046 33315
550272673 65311
88464073 80560
817617593 120085
71815757 182065
429155530 117704
981951358 128767
317260719 166459
643081097 80604
671083393 116203
694434702 79291
341145924 36981
684375264 65648
108244534 47923
68494033 135319
892000262 150455
609900586 22562
879897092 191145
763405346 81215
276804116 56529
792920474 79808
930080480 160502
918448937 175993
380417116 101239
644857734 39616
438511523 96867
661573418 117367
806345688 134276
708459834 52701
961117570 181882
987025283 163959
76530343 23186
991835419 14408
117082250 140974
289803706 84716
272708385 24048
472246537 80496
691734825 196070
39644037 16865
245741714 196053
502402839 175495
483650624 69542
492791347 87485
582721740 167947
435419019 175532
512717830 158515
435727844 28153
7115973 174370
490089771 45619
772049212 101167
305113259 191563
119726016 29216
956232488 145941
923384951 46901
150088897 57592
589101625 40598
538629771 113857
946445025 114395
410751116 11324
92736899 65410
857562825 27875
109842437 146693
84080203 136813
195923319 181634
711487752 16277
659800759 55895
643950867 89321
319416079 72391
834113416 192946
782442660 107501
119830793 35102
142285774 108356
906867001 39166
652202053 127331
616352529 101482
631968613 156695
248872986 121018
927106734 105169
167232729 7404
316051755 91036
878243718 151424
867632657 110415
620008120 170298
549015294 106710
810609904 73021
75774462 175687
971881532 55862
908222023 130026
708401222 160881
912212832 180339
265205466 22388
865367609 74056
31099899 155962
643892326 12455
202555638 84287
22802281 153406
587350169 23202
132188903 147997
271256798 197199
64091532 96953
92766499 56715
737807826 7749
904219199 66438
804091977 107079
946453118 64604
791968039 120834
335534001 110560
992212564 130038
930228062 81204
431444703 111508
159314722 5970
114251040 54668
264293016 137137
107308847 141799
647627441 184989
664875575 66836
323746480 44500
766041830 188860
19003007 7270
100714920 35314
879428248 113912
285734406 67140
360838652 145130
198000833 116270
856940827 24214
311835156 65465
214309759 2188
118772249 146048
531275533 23216
719189164 130690
958722053 22690
514842126 46794
428019272 184531
138505102 22067
259755523 32044
738238940 184981
298523011 177884
611118912 5213
755411143 59199
687479445 97631
109051074 120689
374192812 160828
298867404 167981
67539291 181470
304089281 126955
279858306 104524
63693358 3878
995290835 143135
146120102 57461
583800799 78688
88291719 52865
294220185 77022
257093562 8620
110932111 78878
679389106 28617
336294547 62493
764380630 28292
732354009 190639
573112432 32446
983414943 188192
536130924 142702
956555618 154386
526287918 111104
28242096 90680
773345291 199013
22491338 5672
334819228 192906
291802812 102019
905901275 148195
430536289 100817
272944574 77256
174002710 60281
60958054 102001
906746585 109333
726744519 133726
844939048 184978
841109573 47228
815127909 163219
313936597 11225
708367460 52077
318687563 281
780630816 20468
667583726 11538
439604018 51103
898081426 74323
184578439 143086
535091163 152548
885139897 29773
494404725 34165
715336916 22721
553228608 963
580934873 172595
509835978 77880
3668269 16496
507879118 74130
154957189 159597
334649340 119910
514648475 197179
565794190 37911
954519730 101215
462420829 25899
403534662 32926
475709585 88866
300960286 67786
924763435 97848
109490444 112178
772917198 36159
449023324 135379
864204253 145213
257912237 152383
280170876 24549
259318217 53222
151725823 50531
177535170 172261
627135471 79088
796690312 75107
402408536 196135
871829632 1672
823246085 192326
453446904 59573
54887644 50852
412292052 159342
603731462 42880
235121772 121055
45447223 121577
528442195 180360
662060608 120329
50364552 194329
932760639 12701
471048835 83984
174557541 185653
151963329 180185
219297208 152280
956614032 54956
529381928 91115
354603281 159460
574715175 58706
136292505 94688
27407945 12729
123702351 40479
488996566 146335
258452873 178273
512008998 30621
617809334 128459
889455084 139392
538787629 130176
632790464 122897
855234217 114292
12534755 133743
28776242 154641
625979180 111755
897324932 62230
790392167 145517
772494331 59447
970340278 17441
183906457 62511
19480088 128847
197322592 92690
884528891 125603
75823701 137809
952566003 62965
671639223 151117
126638487 74713
177308722 74657
808791222 9853
386748028 33573
54133504 26523
439231426 40719
153439295 190844
766649812 156348
331776444 43277
420377990 145764
129185108 1231
333395444 35791
955156632 184814
381668323 14483
3854074 89909
736851805 836
697384022 188718
229973170 32907
322151340 176884
90540800 176725
717585197 191261
570930658 188413
914424915 70016
900558377 163023
709500721 145387
825074527 21588
662759771 5450
61313553 3416
402089135 162994
978974865 153439
374794558 159369
634743107 42836
119648619 75318
698805459 150086
365166879 27263
885866030 25594
657735961 183329
111729271 182637
43649206 68785
865484064 147663
605836278 170074
852712876 122481
832100994 146740
327626214 12203
913620429 73800
352753607 28667
265101621 10093
14632087 81046
527559738 165161
84972771 15981
516760146 5920
697498830 99047
471238708 181467
872592047 60436
218071336 53162
929854727 88939
292526753 149992
185787521 121432
206146438 87402
748180342 16482
696855909 100557
983525642 4132
503779264 61166
405837085 114827
306535498 96835
964409415 177531
277275556 58441
533843983 153929
175140264 20916
698883500 24506
732162124 29365
993059637 42626
184476386 41014
717884126 176218
212163235 132385
491900477 98276
331856857 164813
915828364 31704
121075650 52562
713597177 114840
91397 62087
110633805 94764
24396605 60890
59189420 99389
632685769 33084
919587506 146325
977558100 176406
983991771 119999
693624290 158485
634731765 162705
609990656 155238
865916482 84783
451238790 52405
66927291 93858
242475201 157914
994192420 169192
965963670 83228
121843394 145432
554010395 127111
822033893 148276
389905790 87221
111493776 34993
950179548 178763
933305238 149747
592446987 182547
811363843 154401
749269255 155598
701456326 51672
381063738 73032
976508131 172076
20620716 144064
417365249 29547
220036235 26116
602979040 82006
754535826 19149
583057634 90656
80329598 90922
945431062 17968
855115502 115336
275101046 161758
546429497 169178
655039115 62207
786216577 52361
406836644 138767
690106983 88135
41819347 198082
906928842 189582
632462434 72817
351529450 95629
774029780 83321
861038107 39087
665613485 20770
489784145 41796
51050001 21499
373874105 123482
379552980 67018
705030210 75199
16301627 151371
663460090 58830
971783615 53629
677808137 166203
419625254 170274
336454503 197306
597520493 38709
436099250 102911
426809261 190771
415565456 30966
674987855 19825
550484246 189491
147301397 190475
63616705 111706
752795999 58154
663017168 12956
693676530 163342
86984848 102934
419427794 23317
856661673 177657
72161460 69220
718987499 188481
794127697 23222
675299253 156086
588303632 192953
688250704 35119
426864842 115586
907182944 23837
774160233 198581
948548098 87588
753683694 160478
340443295 99629
37392220 48383
549255141 112361
521507992 163057
956863576 82127
584029074 131459
193871601 152788
158311591 88113
359110495 140656
553904082 119489
474442769 66441
766053177 128362
334702243 9819
764787500 103632
917277835 56364
863531615 8154
924633979 41725
679220137 36352
347512662 79792
570069838 195204
981187380 93910
746267616 16486
428285911 77678
794817833 119382
534631378 28561
912674821 165348
310120406 188516
519723929 76884
191849093 57022
464932797 151536
298132409 9828
693949700 20360
7569519 10033
207917097 109729
780556203 75396
181836002 18103
344413210 162859
235395539 173794
449904999 120811
506067691 103175
693646116 166048
750274401 36579
341121570 85717
131159191 192167
874376734 10691
524355302 118157
446986715 12783
135659951 120088
472719885 121473
933467214 155937
18423468 101578
543556588 100006
409590435 65658
518069002 41412
85406102 190563
917383238 80424
687800801 198891
30467383 154179
43535939 147486
617742822 43685
547758298 97790
642197737 104785
431336290 41510
280728610 64311
22310939 87421
202790230 148106
80044893 125150
552700575 118299
907962280 86308
461088358 161930
544303716 120000
860119728 48309
467658235 132694
842778344 85366
805860094 59751
625856425 140962
17818608 196106
222606864 28887
252222971 112238
658717438 66888
307156220 184608
297454837 97040
246929025 162180
372886580 77236
604102150 69852
564405250 13251
315707896 48383
195237075 159266
42497324 170417
921852662 126532
464553083 129914
952988909 105199
805484710 39604
574887107 22976
745975234 159258
413917931 42357
890932802 63602
487567371 159326
809407169 28322
472999708 189530
519822851 86978
370245085 6812
24818448 90302
103013126 110470
263679483 133138
463180892 139000
79676988 82274
333601020 14657
904991275 195338
735118612 188538
821577986 175642
578376946 109893
91406534 117274
215418160 60784
952589555 6235
611600666 23101
700623732 138144
98621267 153561
309131296 13539
677435912 87657
730636960 78847
923445654 198676
917367200 15985
522963488 169566
477730604 196927
644172182 30055
187730964 49001
27278674 163842
981173936 196423
421644661 61671
383128640 159605
275344672 115515
170350756 58277
201847398 28136
312128930 54549
528057116 38618
965531544 142973
525072559 9102
537150227 102710
570228304 68527
185842638 2352
442342857 89630
550121119 159662
637515260 17932
811887422 36564
90348154 6693
603617012 99936
717382325 177015
841862023 61622
207440890 11030
929792242 147670
484254588 165380
575870831 31390
195478499 129320
635545074 18790
699214639 137320
568748292 154711
740202433 163031
774143136 141857
286937251 154664
701430949 142756
585416136 105275
628798505 36840
618695903 182950
847789675 5028
973913325 159530
657123382 107717
778144669 43252
785010969 29950
697839866 59801
326492466 76525
604605501 42326
557176640 109364
803605543 109680
629795152 191127
200084815 141204
214050562 96962
858311914 152695
37637939 183720
501091139 119927
540407191 45624
915776073 118827
773726775 126377
881351659 123412
130047328 105873
509347502 168466
559261290 148121
772383988 165557
431349534 199821
923086164 183850
53199396 183051
806158785 176981
293031531 22454
362303033 83674
402433414 154364
250421255 103226
630332581 182344
851261998 145276
491320017 161308
889691943 109838
952658618 30785
756409515 111395
905118855 172808
226682232 17038
499493237 60290
645624882 108758
228128329 183244
28989698 9185
83163792 152029
394244192 141569
990952242 130590
255345832 14438
707430824 107225
856654843 176843
79845255 157889
160414998 159416
276041662 39408
153765549 22863
548612399 89831
51906258 47997
194454965 192801
796676940 162772
539490502 118376
202938633 55462
67899733 149131
141067450 93575
218300668 53904
975547428 8315
780869505 36406
312036695 85985
73214042 140051
943493294 170644
438137517 135124
798483775 117535
632981471 42058
607755900 94820
92750959 130770
561130977 150022
372145960 145716
548943911 134776
266874410 198266
488406234 116369
874808532 163100
69463414 127382
578455729 78844
130907775 100073
651721726 167461
561012972 168935
152028929 119809
214504760 183508
941317258 80102
992439832 52025
994265049 115310
874975021 138694
997033199 88370
852808963 48660
752230151 98136
143331607 108917
955878878 141230
863107682 198853
509643480 114525
916767687 192138
468946412 175912
801961099 151487
638778885 81911
321656566 25005
826060586 9106
237416265 172660
582927457 30181
715682011 117110
99761435 51691
312905220 128408
964936540 117164
79351682 161842
69606672 54738
318341071 82083
366336456 150889
47025056 72833
381773057 78103
475286089 143567
121186919 187382
852757786 55162
589918260 76335
246084385 121049
649731555 60404
53988420 46632
903674983 21914
902342712 114781
626494996 103800
990087886 134179
631268644 33613
456931979 194313
383367029 113686
363438232 35103
261088021 109994
842116954 54926
660360402 31030
818736732 22054
149756312 133743
944214351 131305
642952190 109833
815085712 86550
556429590 109853
820164922 20041
103576012 122439
694649117 30772
766001492 147289
439112656 78284
166975288 164642
22216186 151945
403279398 148079
117015628 98241
193768473 156935
981789994 36857
831878055 61746
806933820 32954
283928097 9312
516295003 117680
633060806 62352
222021261 57201
44737565 76289
827683020 73413
205990429 28113
411105534 43391
22062705 1325
95381672 138271
782188001 92931
6634700 42441
863824938 113660
187420788 18489
418427600 172615
920202632 30873
562606503 113854
636979889 93103
308599730 34992
585276641 179735
580748193 167463
816125414 56348
608015607 20270
927352755 120968
411127114 179729
498608263 40111
137035228 46863
268989525 30037
299601243 174821
164575684 163389
468226859 174766
733508374 123226
443016492 175522
947877179 73185
904113172 14865
482926014 65294
603665462 159106
744006635 167895
771337353 91221
723381278 196866
626488278 110699
668381835 165339
652730699 194596
343188507 42498
757997750 146619
792708735 186892
564855806 47890
538910107 12730
923136612 15204
572588927 119261
102070609 62590
884968388 70861
140927247 25794
887125134 50851
803108185 110196
826067402 58800
507702369 67146
448523109 159454
624701523 8798
69559904 184466
703520971 187375
679306492 11800
996250410 196957
79153031 53294
313330402 52099
475980541 193190
506283638 199174
97772759 5214
174756006 36164
272889195 53880
469007626 185787
839003214 1499
137455078 120536
755378374 113163
329313500 191647
756596034 22769
6233891 155354
786142703 197054
715893151 54986
188009270 99122
430263667 5378
688816583 59629
794285511 71774
744654730 11119
232789087 10320
792078664 135866
257762000 166762
35272330 29354
446192181 107064
331065704 4106
30783014 37159
69799961 119592
248274862 90064
365471588 91435
151177993 160650
280964112 8018
752947556 159592
942887978 38779
84898231 182006
451496815 79122
867638782 137141
916228368 191132
530862530 12923
191545426 139873
274669051 137716
890023319 8966
631797208 42832
822407359 53251
884857922 169689
938265227 131365
994673486 4114
859368911 198223
586812485 2536
606039466 111012
6563537 128018
702864070 103116
42064089 7175
890619427 14281
321920824 60823
827943406 96925
151026666 74642
365662220 198752
381439609 119746
373456178 15669
861531119 140983
882922300 153998
159406768 1513
440348393 100781
390951380 156693
588499264 16658
365399357 78773
448081421 1255
807628761 13106
339271135 159383
223075170 194034
255578984 23028
887442508 47356
489289046 125019
878366263 137625
114871093 74015
85893019 67880
751251470 170812
311903654 62033
874230847 30830
623485284 35876
897220715 144996
984468707 112220
800804398 91897
211438075 22964
114191058 113192
7105700 101243
175363540 29525
78491974 122772
979855313 129877
706845360 108785
27954137 95392
876178489 82695
515423725 171402
661422729 182060
863970124 90108
287989038 159971
60738388 93268
580736621 4932
667088149 23511
641662315 158405
934542694 195124
200392138 35867
945231385 98860
233960920 4443
134723782 114914
580738806 89756
459695463 146778
424472210 116465
396582078 64912
791401964 3274
439221298 181261
34848063 42475
483150931 138160
787509300 190001
869746204 93278
104910973 143987
206016388 89854
79716626 107875
579850075 12202
265007751 125190
724919318 19649
760805648 86955
178880992 49143
494521657 73922
460135978 130332
376160088 47912
247361417 81885
112102969 70096
3093092 149801
177077901 32734
224894801 117572
864982159 126809
268879293 54331
827784570 178070
9279763 95220
148137367 48280
963913011 71795
980050230 19827
879628977 171922
278477642 185413
784799879 121887
479779863 188104
487481707 109753
514179739 90967
50768289 401
324307647 82243
129233769 188313
42553976 100406
876355504 3062
241170864 60948
520678662 196864
780681710 166184
556962945 97560
707309004 80772
35750789 179792
738632799 15449
541882831 88425
878681868 82621
316078011 99590
386628269 187446
697736207 177625
829979562 25655
864231794 117914
958875167 45434
762513335 183334
586707414 166224
276404036 176844
268732417 139476
823644485 136135
352345697 158297
912522752 3224
593272314 39986
447030199 199294
814361558 196681
847014612 137400
578312276 188132
535832605 178252
591542950 6057
56459355 2382
973196894 94731
53409639 174276
180444774 6594
393330837 25009
55363412 110264
656030005 159362
142527656 168964
938576195 19701
882522047 69222
22004814 129734
58350245 58875
711939077 98286
267830776 110705
269452902 29409
423671554 75308
931425616 34266
778297777 9794
69618734 102957
572677617 89320
737253567 99919
574323797 64016
195839617 10132
378468577 121109
270135212 65579
119395199 140368
729746560 42792
430267584 182506
213727033 185635
562865385 199639
925485530 20218
216259002 197931
490643874 99870
290658546 117510
96770442 4835
396152024 127671
718558210 49713
833840009 191583
144596083 72639
158163265 131060
582810242 22194
919134458 119230
644063150 30828
328708511 163711
16497762 35565
596277506 120809
799960849 144121
893339423 49300
757519573 23547
682551816 195996
709866705 188423
153774218 159629
722236083 103148
931914614 52332
200502939 127648
905525566 50520
329531486 183865
728946761 33832
98667530 62468
185311956 121145
952033883 18243
160880639 117586
322352906 19191
124902201 58422
759830286 95776
218447795 39952
497756282 13691
607239822 170526
932664496 132580
294070972 169192
753716106 184216
520189111 192247
923919369 38094
511428139 28970
794390116 168423
200380525 137658
216976004 33418
157732809 48092
691271171 159644
683799070 62658
1765432 160303
652873754 86512
761217690 196326
489231082 51072
141972601 26233
146013885 191104
517578438 132499
868548027 139905
12941936 12282
180738479 110813
288699463 113641
126153983 118841
829040144 82374
705592972 47572
617013832 129925
129423077 37048
142080722 35708
914672011 168016
66103628 190802
70528092 83866
698510691 166226
147931190 108052
603137670 58847
82626771 48139
521770322 132267
609212029 140712
202703866 110397
376594949 29397
201849881 152579
840782805 105118
13751944 161316
672408442 29581
781371229 186187
720685157 62446
153563531 10946
232258483 177209
807606687 49865
748205048 177967
143290110 71917
20906336 194068
163487917 126478
397771580 115481
150212295 176900
674718301 107639
445500256 116666
648766845 118026
891381469 170219
607984638 104565
951338190 121456
670544809 79402
780990134 108968
347087224 6714
42587521 152
688746434 125290
607373172 55140
476132816 176616
702189965 22038
204740229 194500
169065093 148138
505367927 127393
481462791 62303
941465045 185016
499868648 116007
889764097 100609
670234735 158759
888630394 118409
632693988 194484
347750866 20491
246195648 179189
814411351 535
139298901 91253
287942131 56789
600648505 193216
624038197 693
400190579 196989
654444591 42875
587218990 79140
970096195 107085
821116945 62448
586691018 141782
579421433 19341
176947325 62791
611435869 5116
945882409 62147
125443275 129589
356490984 84360
699408492 187119
57233116 85169
918469350 4645
585526054 104293
427636687 141486
295541701 122576
25580454 189511
133009110 38749
910568176 81359
722699280 146326
913422031 10748
980046347 24570
210786927 48292
929473403 163284
303162474 169221
32037847 79750
896521878 125826
349509796 135417
801123343 63037
680513883 43005
169802907 117061
912933877 137027
284531623 131979
711723825 144240
281570291 124903
671760411 4327
673342413 72810
336011345 105975
203790509 147964
580809141 94587
365694942 110897
79945966 68513
816529136 194991
715922849 101624
788439221 42149
876365092 189574
42600055 98926
788754749 64715
395002933 70573
404879089 76810
234503716 101488
624211402 138862
746003210 98403
842158590 24365
924288512 109450
263759707 162620
772350429 59335
345477248 22452
774826005 129444
310633373 162338
820534965 159049
974269507 139753
544170005 159920
896274620 120445
154707641 95490
381464479 39166
964698988 159817
759089369 119578
194685431 193786
3502552 108681
633243861 165938
16528661 14349
982160351 197779
487533662 126217
402382409 25030
714633567 105414
606042081 89780
960651838 150550
381967483 75176
505049042 112025
423216712 89480
391759670 160804
122280126 65340
666553005 170306
954664771 187721
818371023 95086
540465869 55693
643394045 181343
645915374 75650
711031287 19269
774775420 98156
697232588 191705
247302826 178965
7790000 115118
503321781 196742
600605084 21213
130725162 125555
86893834 42995
643813567 24952
629198266 31437
1008826 108238
256582194 181216
768190885 131274
269696362 84715
598554647 134590
119652999 90377
506287432 9208
515376090 155661
340126501 102487
376518493 133193
291474128 92981
353683274 36315
894103534 25993
75624544 130243
840618395 93780
591496584 57205
574506109 83266
684901950 186331
524079649 6561
277818999 12331
425502090 40513
106354463 91675
431578581 198587
384057018 99497
525039805 168269
395346264 98110
512328722 60735
565997370 43500
26961103 2342
908695824 40708
248375319 82359
566908081 141623
473345341 158404
32725911 55861
752209055 189801
152437655 153842
695557478 64132
858565656 7353
174551496 97680
73977754 34539
12237172 190854
115098553 85244
968296438 153073
914100362 33067
911514477 42817
721477885 14432
452488984 56710
214647312 186784
23825634 130616
155774170 70878
276445881 27707
538446219 187268
113131486 122605
940161962 52547
804600791 193471
726775312 113718
405459483 4731
306149438 76851
219254992 55262
779402685 38124
546018618 173851
156430238 35520
565340382 93770
721055592 113273
794411911 133192
626562772 112831
278909577 99467
563549468 77729
972714188 140980
22029668 136876
946054445 28571
564322121 121394
265452628 150347
485307359 147239
888823451 2197
804368741 21772
227675164 94707
209917531 48785
382653719 10963
573904905 144596
477736459 78875
896432519 91502
11103457 40714
950211640 138818
653636660 126894
596427565 13033
447649530 93275
875221278 122683
697726377 1860
810970663 95511
781026233 134935
919663629 198874
211024791 31181
420293167 142255
715221219 170842
843811456 85929
305389820 187591
344330187 138231
935726000 82993
65866400 2288
707513460 116661
405755661 8123
864509605 131338
235260461 191660
379007287 189886
368215891 22236
372956621 104738
505003630 180887
727579383 89149
567674061 125130
602215170 149519
479122549 122466
122105733 134126
869481381 61658
118844023 136892
381392176 50674
797946281 59311
595706940 160627
393733773 118103
120073538 49658
532442233 131047
947895601 138603
636277492 132010
92126931 142123
435345106 63075
768592197 49122
951279055 75443
16207994 133491
534703968 17174
550942347 7512
105447968 87769
150608106 115907
914397971 68114
675921093 5430
696361085 123211
722252516 148655
730500402 66791
151552437 58238
223309901 61340
990884947 106220
698185225 113547
720448595 39272
300774458 5828
595188980 9205
289931519 73221
209092951 91002
972200427 172799
203614031 61097
411899078 49034
950849651 104677
222829657 62995
771762136 108222
883569248 182862
240357449 33895
547357731 97852
756527687 98398
776077290 99238
66991444 54037
644230401 164314
417123481 180032
41480795 153841
35945299 84184
339875594 136773
586768853 115997
938462591 78084
89724320 180911
529175152 165745
439300611 190817
310605806 176130
532866437 27641
890067132 104262
158452272 77440
376250251 19849
826156672 163685
792837612 74322
948360510 75111
996255195 24099
435116245 181548
775057326 182227
568347427 153700
393257621 10017
518750429 122520
205056689 20277
892033846 163352
838450945 23618
144213399 47672
116301396 147404
729729765 41301
815309512 73781
323725837 172031
86747299 198317
840792310 13281
435231913 178924
243719513 31571
282827296 34407
931344432 122052
339471949 172729
161014700 20994
839901361 84425
817669642 164744
798391191 195792
654407365 12828
267968637 178450
831372362 140075
891337270 70473
14485301 167045
410918346 105663
623253507 188165
565241606 117804
330968293 118505
916510369 23608
307954430 153492
191615455 196144
970880735 40754
691450113 5220
652416622 25080
137704789 43779
327102784 123171
590700696 107633
820887165 30692
196135973 135879
444264033 107541
351492096 73302
189795820 106007
408024049 100165
54169662 197876
366636250 179758
366502746 141258
228111246 94316
960369561 10069
380898819 34043
54119178 149107
701361764 66607
780708064 97064
731414262 179345
863542298 24146
830290494 176075
661874625 175400
623657601 108677
250247163 95289
700883749 46599
458318002 147743
230048675 142868
753765362 163480
644863660 42083
581250391 106933
917608472 128766
205161546 86724
976355087 176428
647697861 9803
731059508 80042
407148501 148914
86038669 59919
767415395 36420
109927977 86084
880245910 178392
617924707 66364
322484020 184501
826143320 115147
743347171 80090
564325167 34863
305406949 37443
269002091 157629
147954856 56961
334295134 40518
719129983 94106
586723703 119365
851980510 187520
695140106 72690
501347810 31176
928806779 177000
498163488 80934
118134881 120744
398377056 164079
395408244 47844
33419233 53893
356360941 40686
510097356 75649
27063951 21007
716158930 21908
303772759 60868
65270534 163596
293354960 142958
580945701 132621
475290892 114268
299632181 154727
833003291 108212
996462184 157908
4540823 132662
844867714 72133
83139438 75782
607400527 142397
55637854 105291
884661618 79786
967209024 21655
881344992 121972
368423074 113812
127286105 35021
302013405 178528
997555416 75774
975536485 116962
14899072 158703
135641502 89536
648351395 192788
758646831 152689
518510086 90674
198535306 113397
898791311 143829
367920021 85109
432620795 99287
858707995 80887
912076840 10082
12240875 102655
129029959 141663
670679772 10580
86155338 121223
564626811 196389
398515904 15199
542912081 166430
511058268 146250
739748589 155853
907451443 20430
318281288 121402
871392704 191294
725616383 71459
142656153 104773
537830619 13456
721256216 117235
920106534 118044
600582580 136822
174803172 40777
852024261 124656
874761437 195437
519449689 167642
848312053 29723
674601610 70878
395297533 53265
753173714 131713
922526171 129161
53213442 56192
42037194 84486
240540154 198735
622386989 70381
333414839 147188
875977389 104371
552958814 10232
67328233 133616
992563905 54350
819626342 5446
991514271 123260
609131205 168602
243237125 43704
790035021 135928
23445991 164267
832966523 73341
810765877 68598
666880731 136002
442490328 154454
314061938 71811
5751949 53439
503731355 161174
933727299 20784
704026801 142391
503589739 68027
865227907 65692
476278654 144243
888415850 175056
615117745 62298
134679018 89237
893258807 165627
733037716 52571
304192531 158387
495509297 128877
293470164 95380
208746198 21481
711713817 3585
175083061 71645
132921382 40162
548254315 51599
60104756 34543
121587539 39354
227772065 197103
508095943 90060
839340499 27761
441321244 138869
111555533 36905
238680518 8529
316789594 1518
116822098 19227
725460637 120037
902026684 150903
30222298 53336
353935810 59789
51262270 118688
40809737 5967
625967527 62872
714105681 81633
236158234 22205
685287451 198156
473246325 164508
717108112 86604
75752173 74214
145280466 87869
403494810 84775
551895400 52727
32107145 1420
798331346 75204
808898695 49680
529163773 146925
413626999 49011
98001156 166189
321076238 160187
692308043 124346
804622551 179189
644814961 140393
376475547 869
512999180 70531
104993394 64144
747918588 159314
629369577 77442
449071488 94453
470814821 176840
576213427 36556
936468333 89372
780378073 117959
666550551 107402
921215072 146173
197864829 31283
266161665 63271
533452132 103441
174186222 86386
915154216 83678
958536100 119662
967192905 184009
628013413 159460
250300331 43965
671816738 54837
906985412 31908
22016129 2973
780682367 103247
764172332 102063
932386620 18938
708449297 32915
90096213 4448
82548423 21580
367495257 175640
877379591 156373
323232715 2471
75175616 167847
96392770 124563
475725668 66870
758065994 141989
970529108 151037
330038027 60549
673004189 113235
272054927 158523
262977403 15196
252375198 17963
544347625 45265
944324507 141662
693227934 5439
691349029 130406
664481595 143776
783510178 5708
877639405 38502
3588610 151349
421296454 175429
838881383 22352
841788450 68110
910892144 140115
365129740 137563
31894276 19186
430381356 53979
528781857 35098
699600478 30553
41866100 33397
245107881 148707
458468830 129716
943989389 153040
642964380 62917
286029945 154033
868412507 122970
465561087 98132
92189077 40225
944758080 72913
778129025 116579
257324539 138128
42618018 139392
794338990 86029
314257918 162447
991300127 6637
377878724 98199
829648162 113528
998368524 9033
968283762 89079
928071196 92625
774268676 149001
576794675 21080
648820158 43692
424169417 139684
485299318 38991
740920516 162706
5990549 65020
147057297 172299
920804995 69589
110633884 37590
898783184 376
852111375 96867
803570527 103149
133730031 101435
208029635 22468
542342077 91529
999142772 114976
573010193 180084
741700422 82555
245672205 94412
338465325 140615
739183783 53586
292700148 63973
404344851 38347
922942193 121047
979052396 95756
972851364 9675
213430899 39414
248380733 145646
192101034 158825
589143170 121012
989466233 17563
622982231 134958
961532154 80914
693325831 85089
57702141 142635
682897712 189057
616302415 52197
462115164 142416
96689549 126362
985458039 125930
288090395 104429
673618296 126108
528031766 87253
282530787 8059
264574689 166786
777914476 137356
876561500 104825
707760435 110406
414503085 185209
383309036 144068
805149773 82963
615342740 47826
599138517 96673
402503584 52173
869382617 188464
457340584 161713
986497972 169433
269021292 121764
756282511 31425
232737689 51941
134031916 186121
632097630 107409
211842683 164074
921509958 100773
944100928 18619
575455491 83862
487244096 116650
873457960 120313
641683766 95354
715496861 7602
205559569 111397
272913284 143019
216512926 117345
545887204 165200
559946225 112078
297747397 25070
120774249 125725
177711474 181288
876168352 7545
614093034 88446
741135580 189466
816311885 28455
442809819 155364
27528894 88959
585537820 88777
508864710 124705
495680931 123541
931068373 161536
389502875 36085
663392381 140304
162354658 43203
12663098 68423
548589428 62128
455096818 87229
883646653 180838
828429486 7773
210592765 168448
781136606 125804
866629492 160674
952441185 159581
727723987 183644
824687006 59401
115955981 124530
234054624 28700
803486772 24806
241717735 181535
518857484 69895
666857670 1346
22781848 46193
196874988 3035
20405638 118259
733815460 165900
605301989 155718
897664380 171052
477026546 34251
24198897 135742
363645109 187128
909875402 157575
841084662 123439
151721294 59310
23504649 126777
61434312 169088
232836287 51312
780179182 18856
664020499 117536
685092120 178638
195744154 25973
869047183 2639
716618311 61006
438126725 194965
958247588 2337
602534183 118451
183413142 136167
204314261 69317
823089518 143436
555823846 153984
374481122 9428
655825669 163871
805883836 161591
24505782 161536
881062230 114953
377148737 9437
311247938 88413
80991988 198744
371239433 131422
821582461 118278
569462119 118059
571663067 91807
890988829 38097
707130096 55062
963225791 146376
530225774 197587
780017662 25748
239789962 18766
268811271 108082
507682609 146552
837005243 157587
581544472 178999
987347334 4831
672889625 30646
818042935 64068
436124438 26854
936780486 130570
479105494 103400
40894606 130167
281889109 26492
488684411 165702
903504289 49321
955099260 169690
931732184 177514
289041600 67510
228619515 58270
245408389 55914
610106283 166930
748219288 52058
273145104 138815
935829916 138441
996802958 189139
313387619 175498
101523768 95145
670804139 7943
899517558 149633
374997971 41640
336258716 191274
605728483 186265
216104587 146708
236324057 185020
798720786 135754
422797432 70749
729476515 75469
870948354 138220
424124620 127676
477377198 3054
539274859 81045
56371879 88841
898201158 185230
278559075 172660
409272706 37228
247781118 50862
792806479 198647
277028301 139378
340556905 58513
704513033 109850
823248989 96961
630930740 184116
372245447 159546
596680955 94960
794767898 113176
700415848 149256
195949644 158670
842285233 80820
190681739 57999
363600606 119379
941041370 30676
315771972 86439
554251884 112152
946626434 182004
562641438 1819
244564717 188254
717603595 188586
53368247 178117
844942971 79801
750396138 69680
511444655 71958
997657420 113509
540248352 24940
1195962 171796
769849804 112935
760574019 137649
694551612 149689
361309968 190298
588431766 164045
548275734 48204
565221886 139160
216364387 60744
567604338 180395
992587621 161286
541763980 121342
383257950 18221
1094373 111057
590898961 101115
572005332 198434
561028629 106463
130405071 75374
106114013 122673
666553025 166115
605578177 133076
433367399 3302
217492075 25173
215380371 115232
516638365 77285
959768944 140077
801759047 107724
248439631 108185
820655482 93728
291547466 184958
403945869 114848
546662312 124411
513176268 28776
505518854 57524
78714684 54619
303482705 179802
701630218 107816
71104840 52633
229868750 14764
836844186 41792
503040104 6078
86155279 133129
634272101 41860
52303194 142178
257923021 44944
457385716 73106
659194084 44159
416352915 160362
163321663 49102
294651824 11540
210902514 171140
49486522 22369
470972203 92536
832518714 120385
446528154 142019
203588522 105453
947587568 194752
402818949 12005
73130367 78326
544731236 116995
462342863 168463
336035741 110146
294584160 16988
793599003 140292
407718403 96581
103020935 129061
912478312 144769
893079695 182389
24197219 25199
667212819 121722
753069092 125013
248104984 22219
868865081 168615
8491777 113179
252770099 50663
949527799 5275
222922936 168902
217353958 99542
476733860 157583
827294991 87543
355427129 146371
392237198 118004
225924100 93319
398368063 175458
132946857 150755
973082412 62456
139898015 153118
430754651 111122
842047022 51036
936408059 90045
651873788 94762
509893593 76224
639673736 149717
493448261 156581
152923340 20200
7333886 151810
934216845 75211
893763327 191948
236693555 135870
278089706 101883
529796798 130972
648416748 146122
419806258 148269
124976465 91791
598965393 83981
196700428 64211
347809796 132089
92771112 127971
468293407 154442
168108586 16977
304204427 193916
591038361 176408
457484237 88280
905852487 15544
189526154 133205
624389745 138928
746631467 105415
751160898 139820
901147921 97364
517005734 186313
908076069 158954
806102777 183165
500692176 184301
449823854 30263
985025054 145666
296712032 170311
140079683 61204
499430355 177260
552530587 90388
759843896 118930
960083074 112322
135203177 44019
516749645 22639
697062268 79028
188609150 74932
442156152 169145
528798009 2700
850152522 148120
693280621 16606
833707581 133900
188257879 30116
626967490 3004
162729025 174192
812739772 145755
606912542 126844
705687919 182282
250001262 135651
248090565 148096
76135378 55397
285612625 27742
435309304 134002
15134077 5711
116193841 128206
226083578 118948
115906792 173644
898401511 95605
312510379 38971
657931522 101549
268917739 149245
926528370 36222
578042530 14520
461161961 154265
652384643 102052
634151421 128409
94711730 126569
476712429 197786
661038658 153234
375342413 69106
694111968 154192
132587735 28576
724225512 158780
712390129 187906
771680029 150133
817973408 81474
570606380 147484
384002833 85680
482671221 151337
435233005 57442
214026021 158433
898212386 154784
345949016 165033
632623678 86139
36033092 93580
558912731 97409
865977811 5275
338100752 52179
255018526 172689
583677977 66955
280925912 195045
130639092 49824
80715605 106393
866984563 148704
769404027 64865
708449826 21635
54062686 171256
388693188 169812
911453474 146087
829979471 67613
854237950 50248
835844695 45146
112346180 2452
490971089 191331
451385013 39784
127951217 155084
589037028 184212
545055381 38288
494731580 62247
181304518 1109
983775798 140723
464079692 170050
562923962 64847
653884080 136569
200765570 84195
717493115 174396
101148344 129811
27983983 82532
988965269 190074
934500331 29054
847192426 196469
301208107 174112
647116874 195746
904587595 78221
834831098 159419
362407020 136857
618904799 69322
847516211 174553
3652960 162855
437927976 33715
762847353 59647
421181432 71305
227729880 81728
245457136 78703
188563212 38517
976981368 133528
135389276 184715
557908038 141320
804888349 26742
490756383 145054
173220211 46318
681185958 133157
905570790 128536
714122387 133565
33003859 160790
175925224 111246
382868148 158806
966491992 133419
701856408 175560
988224439 123853
318099863 168268
933383293 129211
46207561 52751
860621228 31329
668698724 45716
136767924 121537
754665150 66925
923301313 22704
164665656 88918
601490272 160649
570067600 150459
238377814 174856
299095934 58430
53287925 48204
784105940 93886
900640191 88526
936519657 5434
765362482 121407
312145586 4232
200446910 122226
591285020 141849
926564134 100644
501362019 70812
404546650 177151
153179127 36976
423463581 168630
466562702 92572
392077965 95147
125775916 123985
300304061 20675
750337932 102281
281261083 3516
925844417 154198
23825202 43628
800391937 116449
677792715 196482
403899411 179448
442285776 182025
352540090 185543
407302153 141074
689210188 148464
454348698 38884
376928967 6336
540957885 82949
406858852 80284
836452569 107526
723813005 60517
432792498 84226
72623426 16769
949844455 99921
252512898 127582
119074110 13994
584248267 24256
944865224 72949
468518285 191300
841900594 159998
388419606 71397
569358310 105567
869289648 163695
388971740 26364
262825641 164036
149470668 2949
642654152 116855
241435373 65016
891676679 18821
538557222 53426
117403583 160569
534109537 19099
680619180 135049
789160750 66372
231167805 188341
599334175 41369
67431724 31928
623643022 42738
172659265 191199
779427484 42953
328060951 140284
593397852 116011
639983346 68255
69688200 30011
495747930 142920
204515591 91346
299796889 174194
750498480 179957
957207482 117423
202546489 12232
8117028 29149
957847815 168931
660271409 93284
612176732 70188
422592990 140886
314477498 35275
818238116 117432
772865028 21947
143499015 87619
72906095 10254
2868094 56148
531497835 179416
104961297 57171
801995882 43581
199095542 11458
405857070 143178
466881009 172030
633881127 115527
960926706 184786
319719993 85869
692367657 57408
1072976 58416
427953508 65238
547795420 31708
329673728 123897
837899190 39984
834842459 58243
968911966 136751
161373083 169700
130352694 111579
802347122 131708
385537367 182658
573465814 71553
580457956 168001
829116910 90984
682329555 95108
848659907 125853
644526591 165381
160350348 188187
222818299 45442
739516149 120699
90918818 128772
960927320 104383
129873357 19477
156245245 98770
198457570 46716
314277398 120873
423962470 140747
139216540 67305
685639396 133286
794831521 121264
352248201 197149
130318395 172441
804042689 39378
24073564 51717
346286709 16143
955135292 192446
186559425 183401
207563479 185522
839209638 62163
680551660 128210
33461327 127266
190178816 66145
800815385 58347
271758806 4257
18392611 109113
221951433 145233
949546240 187845
497166912 122009
931594051 194198
993706606 174496
919869408 70418
686474266 102223
970697574 190417
979798068 36290
72744785 171546
421319641 78108
567347844 73222
172043717 12861
548246476 41959
603261422 12225
842360194 124688
940198580 142725
411105887 198512
666968499 44859
643655628 22643
845244427 107192
239133676 54714
241282658 85961
111800048 99118
296530407 56879
796939941 52593
709698357 36889
148641510 194164
463547201 125196
343046437 169503
820738726 113446
964679238 189629
214409214 199461
610562070 131316
288153052 22460
827910631 156185
398740908 159884
224837784 117200
261873457 139665
926861735 111700
101390515 179974
446345134 129866
980670154 177301
362007955 178389
133428551 183814
478788936 59648
848711129 143517
289654297 125012
657313821 17454
502396025 166578
464169113 199290
408300230 94718
81384885 80231
760827167 80031
700284611 122287
255642814 107793
338260681 109522
536367467 188760
986699838 169152
832147686 62756
851172324 26581
495906010 116816
189320220 132656
84292645 113193
240670490 105760
746796223 123001
779592874 130843
927791463 129020
894421195 68533
738324011 95417
226193259 186458
299836485 95683
491405611 38548
704849906 128542
975138752 186476
186763325 108731
661256478 9370
683876431 7380
423224661 160637
778895049 128300
879308760 5137
272020502 46413
60794819 18280
994543000 138160
192703935 25473
166890682 99078
975931328 13312
932878370 51322
906489399 39276
769750907 156206
455006550 194541
67801664 162340
927071678 36368
158749189 76261
216641634 156650
170472451 75886
141346819 68599
645021398 76637
625935352 149670
253882107 164374
483096909 91753
422095671 150458
892977096 29863
815562931 167023
277613382 116094
31174224 7242
471360092 138522
449099798 115440
317525830 100845
189511162 104432
797330570 66355
722183581 17227
41618966 112017
629355245 186511
794516448 160557
169512977 99153
87324667 199411
537718276 54639
67063296 9364
794099973 61519
159214000 167546
288518299 189180
140380413 116333
97960511 190908
993528720 9608
144037149 124209
23862099 7240
33170679 162941
368542242 94404
161207875 36493
682300991 23799
897475407 18949
57810333 146389
250777345 195685
212177668 188886
149278899 124692
616058463 170466
740893415 4785
897380461 101537
412658075 173599
683614332 149663
76897162 138338
60485751 167492
548796713 68725
234412507 107443
899954022 188999
149358347 136521
266022103 151523
416777009 82727
701394381 108606
702908256 178958
49957773 55567
499109647 142862
332263826 57560
32159402 42405
813393466 166275
228641442 54199
151600754 59507
210162051 115722
569371800 160931
372483450 115725
102555384 37131
284989517 18395
505415266 188954
845875855 50962
744531155 189273
129252894 13911
186309308 43328
527956199 198036
438784344 8406
819300416 160895
958918864 33539
426834241 133825
476460861 151540
776410412 2027
959654776 176458
132071290 5040
988243020 115567
335625927 55459
972712736 189597
981183549 158534
698118606 187170
490163154 75411
325820216 64392
263247776 163850
663848544 52322
35955249 15611
22949122 31800
267035027 35242
374065526 90360
567946931 169010
29545725 101753
36115949 195510
341650622 119919
479639522 107017
478055788 161793
599359730 161304
326046954 152825
428089930 170771
352207207 177585
865106501 179925
534731733 182884
584666380 101471
895826740 83217
844872214 113891
116914254 132777
899009003 188889
521214447 153728
721669932 171985
592746583 40021
201309010 190848
518634294 194680
417236761 58057
454409280 181897
888722888 141970
658652550 28612
82638431 124623
406743400 143896
709807219 78423
899018684 99167
831524189 81060
169798404 16431
701520124 98555
523278951 65690
56372247 99055
391347985 47406
908193243 186851
750494646 83714
773622462 191252
745012358 187698
154580860 169990
34404691 100642
912096927 140641
45677011 93391
889776670 178751
129083043 71528
125297024 66692
217772093 11983
872181938 25210
64903990 166733
911661463 172130
149001937 139670
606482349 19146
158136387 91304
635684988 24322
730198307 181020
455777255 183318
103145934 189226
643605248 106658
699937743 24112
146421346 57554
458201418 58636
931561363 94949
401301066 64107
476051976 153069
341058534 179778
398199013 57646
713856992 2479
828697545 105296
15882705 152588
149538802 190953
771094822 15465
696185851 181110
779440506 34068
166567507 130003
101821988 114614
558584039 180020
833551460 81557
672644473 77318
89781128 41181
422470511 28918
176678507 141656
295173041 51436
708459756 177612
72304161 95546
705453176 65002
905292050 133943
540565978 85429
372755687 149395
600913150 64818
882835358 16756
689249857 162185
144801232 120772
677566571 108391
228965575 72767
343103991 28252
335541906 155282
688758439 8897
958773425 36315
463687343 161412
976376146 196956
181255324 182249
459229282 82522
581496345 169107
622087671 68978
343844675 24374
763754849 180852
166380264 92375
116760290 54614
542397654 86728
770238355 44984
833316593 91622
158134274 169460
839314001 39188
86558859 20611
442424595 60069
553614192 149300
211199408 195104
364458796 186860
36213464 52199
449402151 22624
276223098 5222
594055820 167511
645888127 14809
913694696 99295
233010834 123802
150683064 167757
319254461 62352
714616264 148622
883774366 147479
482471917 168062
405572370 21608
495784619 178763
8036852 97197
800886082 97565
465424302 25206
117535586 135638
119770722 38038
960009287 151453
65917782 167638
657328112 165433
41363769 125549
703085139 102268
584953376 25020
777640772 28519
239696710 14365
24211297 110935
720065640 165389
399342518 5306
154076864 43214
841353949 20526
80093363 143408
528015994 156803
178431358 103962
877966220 198465
360506776 46174
315309679 30037
116906508 38218
583932385 198665
245034652 80107
323461233 118797
684671141 59952
839998410 177963
504555460 104026
299291116 41988
620255533 139311
508724711 51874
255625159 116181
961903869 58735
677032432 67080
382025669 10354
279428165 113022
654124214 98455
65020611 187757
551210034 46068
423477268 161012
605905858 142857
63016808 80769
948939485 190379
797771020 107000
603845666 183509
520854878 199692
169477645 71952
970908433 8337
823927972 50902
584412959 70983
935291858 63573
881387331 141049
298341667 130929
980688867 167417
807121922 191637
812387754 187834
887957214 68237
378530273 89848
545699055 146245
326920511 74907
274697564 45307
80081275 113619
63081977 187722
180361878 154779
758932431 178627
150379531 101560
632045438 60162
91840702 164300
823228500 180407
431804131 9081
305502065 21655
297774127 12507
879241226 177374
780267148 45364
278151032 106842
504695884 154087
751698443 31714
593051017 174085
843949492 103923
269684139 115305
304806525 187736
429816 117788
933830521 150590
965134062 88555
67472900 91400
523523567 79913
361940218 156134
507246243 143854
243829793 16035
979769558 41443
640062129 86927
237208793 163072
694500100 131237
393756517 159268
414456517 9947
20089983 37557
675446557 80308
383460080 184732
207440375 41373
238108726 78505
426347514 146796
932593212 103547
384128474 114786
780737028 57590
303807207 116591
49500522 158374
245652325 27450
377977552 191576
875133577 191439
109442531 153012
805402993 84808
971903507 131095
139074960 171629
950243159 31720
485365920 94904
597005315 191857
5947012 151009
876012279 166167
222738375 51587
816034596 158218
799204013 52169
482987732 32250
869395960 199255
132123161 125997
651794362 14501
334934197 129599
56260805 60357
740731150 10292
612311407 17688
793599384 149465
423510305 28201
317496869 168586
472071186 180672
353639609 22155
302798836 159610
439564684 185964
570657070 72589
636350229 191784
315388579 21122
339221186 180522
55872935 63634
981156550 61895
764316985 65159
782087611 29505
215220473 79542
484312258 5478
384460757 72718
828074457 124157
553684998 15027
444019654 158827
776725197 79400
819222023 175650
80089727 110476
495308277 66193
283383860 90600
877739076 154249
679472106 87785
304083523 141429
813774238 196825
299562269 102784
603354598 59360
982188806 189095
133019308 21472
108333165 79581
910831082 120208
891749901 198426
853162650 55144
927959522 40741
245609364 81566
426473718 66838
429668023 89264
475381419 168835
727636785 184478
830783323 31992
41193989 92071
157929281 41019
988392934 7183
650996879 63741
635309975 199861
769559009 189470
367053263 63399
518033414 198543
266664659 104745
812470127 174068
979578518 159097
79797943 161294
982701638 138849
310661512 711
849346310 94304
807180516 57009
796493240 151616
597672136 190791
967461702 11504
384716871 20874
370960651 149455
190403027 9613
783771286 19348
441639218 120
394986033 150760
857185135 90692
270805409 69420
883375343 95114
462210776 105776
975223042 9527
269436320 4967
345076246 87207
430441493 149036
141064826 82394
536501061 173849
708120892 43028
265155426 111236
336709254 162559
275004684 34465
920636640 147751
156639361 61781
322340149 74136
68029743 61047
8197065 148600
573105911 80571
996842328 63543
240153452 146620
449497121 139687
503897247 60866
818792591 157534
108487465 86551
401208496 33193
269684598 56328
257390065 162849
197824650 158786
768640904 65746
857907029 142648
73348877 122736
616672556 103175
806619009 148339
402913342 55673
254609358 125521
162454901 38150
888964198 22409
859696941 140138
230786995 76773
194678884 151612
479042024 37340
347537808 1428
315636310 64749
872996749 118789
341042064 128056
216797316 38936
83483512 141326
345275585 9380
163528018 182268
308357259 154690
779160545 7483
880371882 59400
973753959 94535
583918630 1241
852879258 24863
26781114 2906
990218672 63841
290975025 144766
696475360 41623
128000807 195675
603879721 150190
915178674 165775
180568440 14094
971855157 107269
303324528 16675
609401794 50317
50142483 156553
221893619 166575
155709130 3523
962035813 22135
866865255 195868
625866598 145642
628195396 46008
829672695 152069
956013657 149656
976680396 133061
71258123 45598
791672686 194318
689306441 118587
373066350 40392
613023322 55322
15160111 142301
573873546 83948
463126122 158338
158092929 12072
850677146 167332
187823851 199707
286433410 139745
371820704 93297
116669528 149403
20244662 91729
134800676 189904
816038488 50229
41877362 147014
3144108 104002
420338174 66226
915141289 165543
316373039 130932
993583286 141658
486023653 40584
521224284 20762
925085932 158348
427147569 97518
645660972 32158
660975541 119716
987782060 9540
799166762 133875
317505968 114167
291217297 101927
957430103 102667
704182362 18373
412841318 118155
67585689 108221
462591670 91597
199232224 144232
428967876 133266
486757121 79804
775365049 98381
865705505 12274
901741800 190587
577426588 108331
917416710 23578
300589039 85467
326825153 15012
392289084 170207
113739118 68636
598680912 76445
24552114 182478
651992965 53567
976470625 42659
243008720 20809
754069305 29070
288007209 137267
112155817 46764
118501749 15681
798702321 120061
798502339 128230
146165933 124762
364120094 121353
322875262 176654
991761810 87803
717933054 119820
635139446 37832
492204131 126535
883013317 107835
435830879 52226
280826849 196510
726333066 165214
812331352 153086
852864276 6498
381825063 175499
699678129 21593
172169565 154242
887796879 93156
441160908 108321
203922787 153122
105768943 131218
464882397 144816
504266947 82465
715056606 170525
918661163 110665
580240113 27262
33137671 167122
684296857 53469
339640669 6839
490024854 28570
574297560 162109
911420528 140012
740150926 20077
844541180 120078
237727670 139254
405335540 17720
969866662 145103
885917832 98744
58790853 106642
525148486 87625
993491229 178375
77730827 191962
151034121 90180
130125623 178822
811906701 9923
605190049 6876
828229575 4548
612380442 97718
268256377 82611
513230555 8714
250323040 124500
125562420 92553
480539230 164676
312852893 71792
225695632 68731
501729585 8247
563730048 173265
616514995 42685
809868453 58093
642966226 34170
165516093 137798
213096295 2478
522637411 9686
641445503 99272
479121340 63329
679927239 55137
886199843 17824
160828820 51406
97785249 88662
947469086 102017
713408124 119754
151093995 168863
168990097 159911
404101328 10579
830021994 115536
867895617 176797
36243593 36076
231712277 64239
156598 8467
496931452 170582
496258054 195953
442687636 125193
324227825 139739
790938260 93595
178719238 186488
121800052 84008
277830805 119808
348570506 131943
944933424 152672
595594306 165194
215251629 20193
62582580 70408
292850208 57947
125919442 84675
595694610 100813
195502908 159566
500317716 63923
638289222 64454
742616187 29915
178458290 25480
455770907 194165
407390191 137407
760455847 119500
233935266 119155
780621917 56836
222986337 163555
901239024 5731
162711158 118115
231885185 59941
853110473 48752
669204459 8158
905600068 77516
450479445 121733
197836832 132064
774186776 113042
297864545 47820
953816407 66916
851699840 197452
43012623 198438
913627446 3910
962227152 156010
854460447 64513
339673676 126117
189446314 139089
218312127 148589
838163532 7776
1192384 55281
911095071 164256
227924342 73059
831742669 78484
301359808 16715
482366759 3599
726217066 12919
667872882 101309
559577611 46177
324843336 16246
931844619 21555
642357716 81680
481084084 32847
484159114 112528
496488183 34170
542606174 99012
590026694 150222
648708090 71381
233045278 170035
432891219 54253
453061490 34751
2264176 193410
14130315 14950
736115573 94015
113481615 184248
194347349 166989
811371355 102437
275582031 34154
4608669 109179
509556469 101189
666013609 100126
466760376 24723
74081778 192309
714324012 167422
208950830 191148
837091660 5004
268858305 177739
386421831 180936
991187379 116537
182683699 182203
769177361 101190
350846489 181717
122410145 21658
578680017 33554
124779320 1144
717224623 56964
119540584 136687
250538860 50099
497863761 126562
382234146 3307
258718075 94459
166651582 122237
62263355 89157
959968335 140042
986601709 122718
137143194 133684
669263525 64230
567306366 144889
883449210 123936
531538989 125972
177877070 115699
102697532 78612
5830618 14669
79054225 161820
445911567 166295
726828373 198310
578938943 54769
420838360 164393
680508415 31414
661434122 198187
974594845 19992
850687028 61481
931532891 56727
346159297 34963
806638635 33962
787565334 49542
145048002 174826
815128672 194803
746250131 32940
648048531 118850
719153487 59475
38394855 149209
465395562 178933
256990396 57
489781655 42392
910075007 36482
736794762 187158
10270906 191249
332993156 1339
105073730 98658
900383765 90415
808190792 12823
34201200 144381
552725894 28552
462533046 4632
184844666 149793
834092780 181618
601993420 100920
930462897 67681
40671383 127434
381325587 60212
262204674 156106
510824512 189364
149009854 54166
998374771 105385
971220840 14740
143195804 2267
678403976 84083
782226760 138417
925409518 103614
572890788 133384
270126745 124138
836305971 140591
772649452 185117
945185319 38342
268248826 30271
534056734 8355
6936064 58346
565269580 108346
294273002 57920
523918451 170270
736188066 147491
963948770 113175
697191331 4647
667985529 137672
933985331 110526
97738905 17338
68076618 163
961335765 136654
53161948 135590
103076542 81099
73788116 72144
207347739 190616
37541451 68534
456155212 185704
608844902 151348
144799987 38107
815199528 42522
298928961 101110
310936929 159911
978010044 189275
238049441 37069
934208805 10468
801788791 140464
505179653 115624
200859536 132951
499813970 62078
258540548 127183
183789972 90462
28506726 285
479066116 151990
213076709 83559
965131328 68236
14686917 182832
834362749 24777
235562131 45525
414031966 144353
191909896 198216
798679773 84823
870008646 7168
117737930 369
655677905 198084
94945005 122793
452080312 16310
61900902 113904
149510499 16467
751397220 107309
57045572 10232
133397289 50928
659492811 3722
828011786 172735
400908817 139685
476042692 24110
879526893 22825
467975190 176366
358129573 160377
331196888 83343
204664502 122146
751752740 170817
633205312 22137
650017346 45232
760762161 190061
162702708 159469
753927543 51180
98449006 117480
958323480 59807
430876710 123672
85808968 107568
10953105 184024
908058146 168812
544048897 74084
635770991 162048
463514725 49467
948165687 148252
575918383 175820
256798941 126761
587675132 98874
447016294 28186
213858374 50305
917968076 55814
235314761 112725
400673032 89348
511365006 130590
17844142 37513
765637984 59084
74129783 134970
684084846 44509
816803289 123313
993417655 65414
218523465 105854
908906049 67754
520543142 95975
231173130 16689
226529878 23069
204672840 179823
640980065 6231
968415450 420
79664785 145645
450238527 20569
59318709 88159
477793529 171933
536748191 34539
463994142 114641
852847685 157872
745740101 146895
869083840 102641
589733914 18995
641842089 9804
551164809 177616
862101271 110934
917469121 15478
15554535 4754
616478682 58351
827127336 101617
825652743 197003
711111725 98217
963057991 51748
195666134 67086
675099512 69580
28881944 125974
807940844 1788
730653098 22038
424253600 20593
128539277 72562
837542288 50589
254210393 140895
102150044 8125
380962477 23684
734057192 95443
193004838 4654
629743827 120453
931608261 160164
228528677 89564
194257627 132798
89610163 137505
836783918 132736
184436726 143124
149363577 63994
96643309 185
387806000 50884
151148539 99573
670042305 152809
51825759 64428
92327426 29761
634409708 35555
878717750 157802
222837706 26369
744400838 125965
115153126 144144
665461007 46684
945129233 154181
470316352 172094
963559981 88987
875441661 105096
409811627 68121
683957975 53826
86090360 194426
423239268 183885
558578110 17255
113920660 133562
92950230 167013
241950991 167078
71290825 126694
781577231 184539
775521264 123909
703330838 139614
511916015 60312
705008812 134110
115912442 99393
310223856 67010
429699212 160520
989332855 46764
714565741 197721
205139836 67168
447751989 89473
884245579 123596
679892087 84543
113737954 174178
357058893 2796
312549344 137376
560967723 53062
336847984 128898
468271622 188658
794728002 14161
238618374 77635
772297903 74458
890558439 54673
978005843 169421
728072835 74511
143722842 126774
119376618 144747
143513641 188783
595603443 5359
252634256 27091
299184280 160725
604513233 97827
43077646 111713
612315231 59387
431834256 124286
122674686 114507
172479435 124323
312647094 51168
781680098 22365
949050613 23739
588572990 147813
552251654 159234
52049249 8230
283443912 152080
743388464 99997
848689113 68064
649774097 169616
32642804 133030
967850758 149243
300884246 26988
245027088 145446
218340037 19234
78778965 92498
396437590 50517
823777283 19419
431768251 131063
614940394 178715
936035807 182365
186217644 23389
892559157 107049
742289646 75483
390332989 31011
23165836 163839
336402284 156454
994738699 55809
251799683 117608
166948566 176375
894150509 52697
454211439 123843
104293901 36554
355222141 119142
306721595 11286
496287856 70595
643587947 26344
822872164 194367
589049298 95840
166206161 75066
919844615 23345
950002132 79080
985706528 159679
269719525 41784
118928750 105124
51939669 101340
154503618 62934
535837461 149555
103756583 194840
50292084 190263
771773556 28203
72244752 41675
944756760 143962
377581521 140759
176746382 11401
740865776 134478
546377349 16489
183372102 1509
598663053 75214
232602881 161673
885327955 150502
701990719 154131
936957916 137374
298544143 91460
848490147 111125
987698436 50249
304768417 7054
164301431 198113
791252078 147968
692931301 171480
371529035 71997
248030228 78686
539893644 142641
167956179 161572
185037132 81517
848479865 180802
174454455 179399
985925417 198668
617429479 68714
382022669 94480
730258971 184986
600930497 178468
425200754 141392
319104467 14119
401841571 23201
519216584 22238
724497347 19890
886462087 92608
843468992 54246
154371409 34089
597057290 51902
829011997 121881
39240356 7770
407988307 67347
184337570 110029
235478520 179896
904812927 129668
979300497 127179
833684657 189960
175380876 193910
820778789 121100
265131453 146510
216003236 189441
709540201 34611
809280062 134590
212263788 95789
245730981 36714
359016588 176567
787035656 37420
574899022 86066
34864188 110608
189167198 41811
584891868 65744
457608917 125981
537703611 168071
500593688 75064
173755970 196658
159595240 139574
513915212 143307
588570320 25601
532974968 90449
415990487 181421
553979442 109727
906976940 19951
264436768 170751
750818220 15293
691021106 39053
966860959 164258
833415324 71219
678185738 151772
911298414 102246
250634470 181966
347577225 39843
351968358 2176
333733898 144173
576577657 24791
671404746 161613
789844611 111061
382256324 25645
786257159 197928
686215464 1340
221971851 65027
4828160 129204
941312351 116388
424135512 168937
187757611 129533
453878000 23050
584036920 87913
277675848 199830
440389059 173551
49360122 44243
675293663 179662
145638786 91989
521709036 147556
538764799 10068
654893264 124612
449427944 23408
407390382 145075
509200555 157482
677071592 109468
933957075 193352
787804216 105947
791564622 53079
542491258 198949
874809380 122599
753219846 77857
633089276 46248
231423505 125435
720502959 141326
848047701 42618
542633550 139137
649978089 151349
315425161 60502
415324844 117063
216657742 154521
797025046 85486
445991503 82854
51708621 63456
39315345 62421
571279064 51137
216512574 135797
856321799 142808
173543468 167036
925426866 153207
948911684 108970
865873761 113209
280843421 96206
131786762 198367
762427755 74615
718841543 55829
901910345 134397
413508530 197837
31963059 11234
611021996 184545
940552815 136848
63305556 41808
726659732 60025
40617227 42063
200484337 51376
39628311 71763
681829373 133745
857413565 11301
475840148 199212
953746180 118748
555756153 82459
403698872 8650
550898836 187036
913305577 128641
749394629 59327
183688236 168434
355252246 68375
640521478 26594
576254443 157576
595261533 19643
922525826 8558
840124931 132859
646736308 167096
902109006 46957
670033980 47574
24239986 65377
247918582 64306
193327250 60771
279988676 187000
287544901 16148
533694514 22946
507322927 80046
607314785 110445
490335780 42829
478698186 162612
57330421 98362
628155460 159869
359565860 30939
227698348 51061
871990851 163185
841996600 41343
936358493 73402
745603299 45428
159151081 135496
899247744 130211
884730422 78705
794028238 92126
472402799 175817
28779343 104918
957317468 198034
176989066 109454
431720140 72768
555962714 24578
675034609 190958
2343074 131261
383114265 24326
548398805 186156
776221543 131712
193120675 162085
915963991 6229
741486353 104778
603393952 15043
274857361 69202
332316735 165060
89785639 117743
195184163 34128
578725532 68340
746124980 149794
805666147 164817
168970804 31271
642832691 28099
335201784 86040
594926474 155278
671731718 143028
287913339 24388
341761596 133419
880078100 2173
770243054 48887
311020983 34472
222661100 151811
31804826 153483
33735590 83625
464508251 183927
335365331 188246
652531808 75540
236269326 173130
72690380 32496
909234682 152378
378765010 56293
414627580 67131
417948875 173366
816703697 199302
5832995 181110
90995038 60608
426499520 18259
15532888 84748
108196349 111950
671047629 27345
471135805 148289
503631896 123359
969616312 185576
762597238 67020
969022270 161474
203756924 131620
19784991 77050
863801457 54843
433749453 154374
754948635 85989
30557480 113639
841754423 101050
534849616 196008
802441896 135463
414585742 175320
4111615 118347
928350920 146212
429019159 181951
14831588 98676
595656132 42887
189383914 114362
823627806 77864
56496691 99265
99105039 38439
707804418 122471
536321749 187834
732775328 163590
333662478 103781
526628277 61529
956496692 131892
719264558 44585
203591588 21023
51003748 47740
109645116 83724
118969588 101470
572619920 182229
187570470 185959
426821945 98468
792121161 85349
657845284 110581
771024218 166023
499843056 192908
762363052 59263
464838910 125205
258024401 82043
992722959 171281
221942269 119554
901042003 157424
735335558 9930
779563903 123414
832121540 42061
190006799 94235
367699845 110159
507562306 18637
72586759 15415
957877195 59055
376883969 155444
448007580 185674
830886886 88040
108998142 137722
918452685 5483
539015597 128369
112662096 128929
39850449 74014
446400995 121185
487479149 49181
836364035 105535
270143340 66564
820241735 90463
924680567 1881
139531982 14520
297655976 193265
709711176 22108
313628790 81889
940348022 72755
5269230 187917
222257902 89010
351231661 141060
374783037 175021
817635647 145342
913386950 171133
10944726 173770
483343666 199167
287719850 77411
954882598 171829
583959729 81378
99223590 105456
758524155 134095
653911888 60273
222813995 13696
450155118 88299
809716411 30556
780223852 58706
408173809 35732
822112692 20478
968601709 140780
411638624 97934
710552030 63255
91632756 47048
723640559 14484
256032733 94801
820207549 45230
863179117 130315
706107205 108553
889972784 16347
191431365 130392
662095229 51360
802625096 104836
191962167 67130
587132305 21388
808782502 42781
409881550 109378
674604616 21931
606448217 41929
147393421 144233
598641716 32240
276795068 60083
652426373 20016
392073831 68668
3388580 114680
432694441 172507
465351007 124045
945865356 59117
307955391 38376
30780072 154688
633280825 97221
994694363 175923
440283623 181193
709758938 9750
805474575 164607
186203289 114215
767557034 163225
384170177 54268
548139306 78026
584835536 58383
608593082 49315
345428397 19522
885188657 132519
663606414 47602
958249309 2887
804768307 40206
336916301 130724
808438953 38176
949313525 94793
75958719 172076
415425329 43679
141564982 83906
489631244 47426
379056888 194405
869625125 39429
708684038 138771
873672960 179427
78379831 73673
942823654 192130
724414511 136184
201907959 123211
559688092 22641
89788746 135873
646187097 152293
952031545 197199
100741165 45092
485155176 136071
730247440 97671
523130710 155877
792533295 195139
300800583 197166
866973313 72243
592506626 169736
897871962 67464
838645097 183203
728909964 179397
114059354 13441
364804020 131521
528328246 72659
669954127 170750
966062029 76361
256770215 174345
756892859 38283
358376364 193995
946578756 181426
814621309 156962
642154814 152059
599347021 11336
582190579 30683
879094302 145537
886488117 134331
607429152 95188
63161434 78889
276709278 129386
57873211 47016
218360975 17116
889362140 143799
714909233 124838
919065372 119889
991391811 32604
900013836 104622
166861606 65278
271020073 110535
186861913 28264
758070756 122689
182654760 85063
935450029 1147
262389268 29388
19110681 198520
500585113 127268
535959723 144831
977013670 129398
377429836 51828
10978976 136012
133518585 100690
750306484 130077
595254333 13160
711027815 114375
579526923 156027
370311297 147057
676228135 8246
732222720 100947
378182228 150000
417945965 21718
246431495 116372
820146201 73390
64287912 190767
503235192 107624
283981589 62855
877468984 108392
927642590 17956
610108589 112633
598646735 51493
625349037 114861
840285560 43412
905449233 67293
66922587 16849
111701769 121546
884016206 176512
128098761 74089
845330609 94051
19311189 77979
707897215 197032
334919878 197706
159720674 6286
232195925 76070
156531774 25449
98242937 72677
366521661 52896
463794700 109130
295283777 131075
253172291 87871
714997569 29605
780195496 143433
433312156 56192
829906643 5628
957101247 155507
540895414 71584
44115728 180898
117681453 71453
735522085 61215
18708495 91122
159626226 34660
71440515 134530
679643068 164187
463676938 74164
219533294 3257
716049065 182684
51234024 45135
850418303 142572
254017634 90400
106547394 138081
365228610 89466
132082386 152751
625627216 179072
721221057 51398
197107875 69403
187970375 106546
434355871 31001
809654310 1407
996402395 68312
306769406 194886
765234108 154472
546340208 30489
430001836 40367
64685474 168800
135615974 83187
419434481 193228
924706679 21821
167601818 167862
933804103 108380
694797336 3467
178905591 126188
577732015 136788
711504122 72306
126911038 115736
862805905 179399
157917790 139784
561124157 130448
936600605 195245
725908107 161668
663209730 173259
483386961 105457
400644767 192362
229716640 84134
198353003 107731
589333458 116089
465654540 121739
853118115 153752
781380877 142116
327065100 145761
852426453 17736
268859881 87884
682378742 105205
961115551 11417
298956544 144370
169960 74497
280899506 20421
613062895 51359
279482586 180228
264220640 77838
839144799 163734
769417633 148434
112979635 39126
263902694 18407
549555114 188175
745484190 166645
465703011 174848
423005451 127013
196034802 90509
148460472 106294
461016843 68172
713435003 81801
162496238 56206
291941469 2744
303390457 190019
903813881 50078
442467700 49006
903524188 55613
414195024 149045
101824227 55399
691841972 172228
553446374 115064
612545963 53848
707482155 177278
951336479 176939
656230033 35611
322834947 86033
109461240 65317
229606877 54075
469143322 115866
501297641 193907
998497286 55804
697539628 16718
467953105 25906
977386572 116811
786662261 72674
994167261 198963
928918170 146954
831987185 114163
465897790 80312
500942445 18327
962038908 68325
102375665 198190
589077816 34138
569509019 53400
110776486 112204
485182087 78141
567425419 166977
79128720 161402
855397676 161967
512237676 48031
280256732 55597
338241720 71928
932390431 193559
420327586 169558
279602833 96153
160800353 108731
818605201 168978
325123790 42240
105289439 77093
624194947 37985
130697408 15458
448453444 39735
532561396 138946
378041 58799
264732546 21961
813762720 151818
563568414 60132
347790402 167927
383830063 25191
265199927 60235
152545241 15060
79814428 96959
422216995 3722
422544536 128079
609393960 197049
3441287 191840
196833421 151806
351023587 157697
378367299 23496
46655890 191397
860107026 37474
827233502 40615
609457379 183319
598394677 171195
944109374 108320
951052319 2645
56317492 196254
505922873 34015
758249135 58590
493210325 142619
104084381 72643
304275771 149744
28199468 20248
247151223 192923
820522750 122322
449695437 176895
825618385 84967
160729843 175056
964295949 136538
886745735 68449
200948123 143890
685468877 87866
265162558 176969
537796988 52838
272141606 104422
961501559 185820
653340448 25931
419992787 140051
225798930 107097
795189584 46757
930746769 131778
783298431 91729
891688292 158357
247703792 82904
104664831 100680
477651310 35103
856136250 48523
326843569 6514
610184897 81596
867990607 63462
57480802 182277
250876157 138253
519804391 86821
818678443 44435
218347254 194221
723751281 61926
872018 54895
749179841 95998
826249788 114171
493282990 92855
122958163 41015
907341408 159193
996259151 24136
644116655 159160
195116027 192096
523454497 38144
189086986 127569
440507745 100752
756160832 56701
524104841 104967
842350236 160950
367924349 67073
706508942 108030
997575105 135155
312346623 935
372269847 94321
695754011 102112
367016352 48885
402907525 4447
1555555 187029
970356750 187268
439566008 40776
831612817 144848
530301326 21703
581034812 100589
940407825 49214
323092496 85137
801637221 52409
364204062 143723
182418832 21295
934867467 127185
921946959 114713
710838131 90899
704131140 115521
822672521 174419
465959423 42021
157608135 110008
666586777 137933
537113157 19642
127940549 162108
39056370 172318
580562920 70706
501838739 35683
710661047 144354
963464726 93783
53373649 171864
7998367 51285
554586652 139246
187350179 108722
566636124 71575
299885479 196033
993598969 154954
237155442 40452
657808583 6502
138539300 28151
705976117 127887
767747068 157941
879224436 77498
543483665 122200
722548143 37081
570449500 168641
507363265 16156
657761582 88679
905485160 9746
896599397 155917
36674038 6131
461101198 109380
424285297 148033
686316730 94478
783875660 89827
993534475 41888
523337115 164630
569391228 28485
566017463 97499
464884132 87249
55230479 118744
901618009 74829
660422749 191619
782653384 132225
915293152 99519
730430297 179526
596242194 144459
154845111 83718
795189200 104074
598821156 105246
372992406 189582
589983597 183721
108343741 143792
902320664 102325
810140210 187728
146594684 155268
432492628 21808
325216267 87183
96266619 8726
345802787 88642
857586894 21188
388078277 49382
185674385 45447
68853434 36890
524770735 62577
672736114 187082
740221007 108795
195031635 11861
667948009 100872
413297457 16978
205359532 160312
659373474 93875
764349461 121318
704113128 124790
432739320 156473
149174234 163560
495642424 147624
553748020 45559
134389895 33847
609692299 13827
794534674 12292
674127871 2866
266926536 91886
936419580 141409
728527979 5751
139898752 115273
444447707 107842
644360345 171070
790893809 14166
86085568 185592
660553575 19144
280033696 186064
143484121 105586
240290887 139408
951725809 108459
275053866 90458
232550057 88273
451982153 95602
776414693 61849
841290913 98426
78877894 185128
791682707 19052
39664806 106004
190804481 97653
132685627 38047
711749179 30876
109161760 45201
372956943 1654
693494779 184946
512318254 134172
29929752 39586
934543249 15360
815930217 75029
675883517 53489
836692910 145156
188554137 95361
682881208 41844
968640445 44882
529260013 21559
235148967 159132
690841991 157259
316616715 113034
619402432 71832
923410832 171475
900596853 81325
770932795 124834
296090256 154577
75582917 114047
358302293 102648
378647597 46211
467196056 40767
117078475 154143
434966886 77518
560583072 177868
376036778 78241
474452702 41968
347591581 165460
176531461 76771
742722557 31340
839517367 105183
867039482 137203
799507194 67257
130564538 136622
934408626 107308
24464855 121418
102690658 109826
932788790 157251
904397672 99533
33572241 173134
976914852 118314
396876119 91976
998463389 80352
522393692 190357
807391130 192296
698722220 103533
58723016 114064
289677732 113079
241371899 199099
761229384 166118
591502764 190544
302195095 112570
13317902 199803
115818577 118254
328559885 71388
391335645 36928
108907328 118464
517514484 133678
803627897 68119
682850710 95661
254261877 116501
633829437 49311
797855338 112025
494281194 78670
51386301 176112
940808044 25283
87411162 12745
450599297 186723
539860382 78109
675458950 192667
507898519 140760
495405409 23058
998344204 36549
474398877 20735
665219394 7223
821327275 158498
960017017 168655
818675893 59155
696631732 58813
720985415 58614
102735157 4193
623566024 157543
697470493 15715
471823060 36027
426141122 21360
5666595 4119
906894039 151054
151776640 40061
566012381 49760
470968945 65078
82688288 134758
267959042 186227
628264564 151717
129876971 90976
842070665 106461
912616655 149685
622877123 11049
87123245 170666
370074104 191485
358288642 129143
781249645 114426
611677915 105567
991352191 105105
390487538 115677
944317324 189456
184802145 13818
325521851 149859
119745635 125823
91618676 49623
202179817 17105
942240599 62026
689352336 89907
629478836 181312
504749628 122714
59400695 5969
694856168 4445
600328882 179666
983157145 156076
955208662 153678
109133583 100513
544915422 22850
981211986 84266
472805641 112279
556198111 46730
933478591 141666
975512032 97531
680480335 183886
238314996 101595
842412390 175213
280489085 74344
448732659 67674
750462053 16821
128034118 78902
570605356 174953
145897447 62772
851569509 158525
900886379 26985
546307136 132350
420900094 76650
712333427 193276
348311498 85003
468691942 155399
875646311 149615
121412785 3558
719082068 77993
157921326 16487
594279309 12530
885897761 19614
371340316 18678
575910471 31076
420208889 93619
954839704 10759
138660737 151056
700964990 191264
940396654 49889
446508240 19982
376399 64905
297590199 76759
631887289 199271
795820788 187699
258474906 120296
707676028 190782
143538053 135540
830529894 183930
658965404 176173
338067233 82355
936374731 138611
563986822 176043
709933595 125105
405164486 155818
264410126 74779
65745001 88563
245282701 53710
241118004 68800
196469983 148544
335569361 59248
581345596 167153
800251622 84232
114447767 94816
259924896 85096
547639147 153799
690660557 40315
659454932 195042
166198542 103825
527745197 48430
190263538 195510
137304530 174172
588610545 141051
760705530 72821
17731623 30642
63851376 197973
167155610 108259
282307280 123325
597656239 112413
949953429 196146
712028739 123526
322893708 191147
168605084 167118
497674099 15516
376523664 19090
949779131 77226
587941051 72449
947775766 32941
583314208 56720
177831803 132740
833518657 21951
154774712 8155
768377293 92754
111984444 190024
157823324 192901
630011457 137427
326975664 178580
713367170 122141
888557264 162689
620972905 184728
789846060 60778
643396415 114787
634298077 115105
498099781 67562
546312435 86150
152244410 74654
205523005 133380
65582970 12999
287078531 175646
797798425 126027
764315150 196000
428880193 94609
574040017 186221
608041415 184837
464001348 36681
326634424 72258
669830272 12283
101627564 161130
319073552 159284
336926936 68871
402223488 153845
102621381 119323
316157304 77168
543108627 46526
49689474 112547
531115269 146007
711043757 136892
114541212 86772
963037957 144654
829769097 16028
356243430 82925
369764862 153482
568917074 176816
8422286 50098
699387922 21548
351339908 110618
808055557 197400
878207115 123393
734834415 194712
840600143 162119
994787098 24030
380047500 132573
416345121 138193
87308813 153422
511616635 165618
69636754 68997
778582199 6273
37337947 192455
917597954 179992
401578264 162471
972468524 141725
67376721 60307
266275296 55139
454880835 190270
692589784 96115
650856445 164429
813765939 102843
343252954 141719
464333043 136273
101670603 31693
552064537 179240
162923118 9501
571199500 195595
508770453 155055
332275441 24092
724446929 125571
807882294 167823
743980419 45750
868529450 103471
556998150 132351
551276855 117737
60388787 93217
740016854 93345
764951648 142955
888350396 124648
617314823 133544
78270688 94157
545904975 24586
823133113 7692
199185176 145725
886981714 42861
586307119 185853
72272665 105329
890245056 176677
358373026 197839
596126186 12585
961601045 162037
218379152 130774
414432438 32343
812178410 72622
343298615 168656
203416443 180707
484311980 116245
633370279 184699
736717536 132349
911682327 21085
544700218 128942
37454646 162060
2546206 59236
801093277 136707
299461870 5929
336618074 7302
831825827 39968
151337362 182614
104071022 158657
254910325 73175
722473525 139688
899675492 99485
601560206 8324
319188515 121010
531183879 124315
340424778 125983
704371570 101952
57906663 187867
66410799 72033
745966952 140920
819152885 121134
86552737 31493
959362387 6647
216666513 66482
317891655 63941
778369852 21556
115496141 117235
763046981 161128
576508267 134252
619959553 184493
423340972 62552
889162412 12269
587123576 46397
376732565 18240
900855011 108958
348923767 40346
743798575 34913
968565489 116421
650041243 109449
118936101 94862
516368801 89314
738038715 72927
650424758 86763
36633351 125553
976939580 76483
850860016 49191
556657225 83648
458686849 153156
351601175 199001
86333086 97214
420824308 144592
88435938 102661
381273635 78034
532903902 59718
685093038 73434
777027308 157266
11467371 125436
340218690 66672
909295940 93065
494340046 153061
991468651 116989
531460237 141819
529160609 112724
494996867 38302
351383570 42040
421035489 112746
603509004 190044
969222000 82404
377260471 116201
984105355 76397
194222195 115098
399821805 184006
974541824 170785
718338569 26819
114355749 58738
67510685 155877
820867928 129117
387916572 50210
955619229 181636
290786121 140814
943957123 108406
680688883 185018
874812639 71199
583293256 50299
545411223 69735
835533127 124214
416285870 60620
801416761 49228
175910112 57836
586019122 97388
690327080 84627
520457360 16932
879987517 123530
421657586 104922
70890601 189881
984931886 74054
316111720 195013
280159368 182750
703028267 109430
415179725 174036
289279091 172588
402595558 145568
119472871 70667
185644319 53221
115601420 175072
102122732 35645
790946562 103166
221875324 3683
380700020 25554
34386976 138569
102026372 84167
848928440 90030
175561435 153473
777894982 6871
376269829 56613
688176855 173672
252635282 59054
9494951 88739
479491144 108473
608797565 144205
283914226 126367
271650022 177560
89677338 133298
273467666 104926
489678214 4080
767955472 172894
916084047 178560
442380562 134553
899076362 142789
521692709 89781
253674371 170891
571928208 29185
868885181 27705
801073728 92530
338713541 7331
406279389 107624
336706944 121936
45440081 80524
41664791 75907
542962038 59732
518717642 110135
396266652 185736
855009684 7684
920649887 132167
712275921 149267
84938036 19731
990047397 44640
744060400 125370
487389491 16891
677980249 27085
613687410 37853
997157157 6461
990653491 76995
608325483 174434
452349668 161663
19748552 25341
107863308 171436
174377194 128801
421410009 141492
666177414 68794
288199884 86940
253730684 167583
737236446 216
798124142 42369
211821447 131974
384060069 112631
359952302 173058
451172534 56916
566040608 120078
936370115 100406
819798362 68709
653934205 136665
381804139 197482
505088827 173818
565277823 1341
848329047 24717
973984595 34906
953573844 26823
949095565 113320
149994875 24929
80343358 6706
36129771 65323
177617658 111099
680942553 1671
520203022 153299
251620972 30098
812811732 21006
524317511 10223
748291202 128855
323449348 143531
191539260 35558
250525827 120595
668396921 41479
129388230 63008
400895515 99465
759193737 135993
693736596 61481
185561450 174040
736713105 132573
592355781 58987
243536565 98625
58747260 155975
264093706 127310
527151030 110148
634772400 61147
512451619 78573
283099129 76029
731383831 57932
897050486 7450
807023192 173443
938545243 94681
212668561 5374
242906491 103726
643267682 96777
688931647 38396
979660980 20873
683557111 115540
327222971 137240
291742287 7610
288543418 23449
641548864 191724
936320278 22228
64109050 88856
62800773 89184
648236497 22884
614542997 54225
934850522 76465
725376093 181083
620163603 149158
319452267 47016
402403770 73440
395618775 189433
418855309 166651
736347783 162611
593693554 106499
471857033 79388
836787895 541
769065654 32610
331405644 163966
996778942 34613
855018036 141043
358044624 109138
883786253 167262
257049935 164553
580267852 131468
974603493 96346
77174377 47402
792810378 53448
941440605 42300
596843039 155577
203118324 34963
124435016 47294
967847979 87831
769692042 148014
228027122 182113
118034301 69468
817530093 199640
514761161 904
137794859 63376
378048924 42869
910546853 115736
854383677 76635
520711302 91318
231039023 81002
241384764 72516
679070976 9141
807666938 106817
447170541 110601
406443768 7583
996906200 197427
177926390 161371
401707319 111182
812208651 83162
858515848 19563
134306111 158876
580389545 134540
830160890 167187
950292915 175565
74478655 83855
248678032 176937
310661226 184766
728171411 18011
582846039 58950
219378806 54144
624708837 135972
26698750 122929
844057056 178899
578405261 104609
261251852 62699
952868157 193217
232714971 22641
959277968 86735
866207706 60289
942592603 94629
425210554 19494
991244036 187274
195482466 76721
607181573 125810
567373595 43175
32573659 196445
853938376 131139
333349550 49258
640129429 18173
371005208 152534
544119735 36353
768412225 113823
438579558 10237
541026558 32291
747186174 47198
310618980 170199
745823436 58198
149844838 49287
334080103 184421
196342547 129912
810345528 159267
572128141 30408
242779314 2951
996765627 25281
910781012 133973
840480993 1246
649367115 15476
627051893 178616
353828873 124650
838884709 127397
880688322 163512
537393236 191308
686459211 184390
982891390 10501
694646324 179254
879828197 48752
602359160 192905
496692333 28049
920942350 175429
557026959 92174
259566814 8481
220774387 96367
610883769 75118
457877905 45484
369205233 54858
338446144 159562
642410023 191261
215052036 42783
572816384 127172
310973987 31010
676364862 136165
392217576 8613
920870513 82828
594931686 116006
344406633 154372
407138032 178300
13211779 26333
924632913 62660
237616093 90117
383747659 12492
46109954 106239
702049614 59786
62821399 39859
919074975 181981
672873353 34852
858454342 171460
888314093 130667
736732568 13837
232135052 101040
320196349 119474
909204349 137392
875686415 43882
136466357 145731
299447130 91876
611084272 75261
617523757 34226
197410624 118519
452592529 142328
52170663 95830
962308334 198432
734068364 45253
691890233 1355
908614255 156895
9662049 23933
678298579 149648
763741304 54048
516889208 184632
795167794 64149
904485988 165631
160653946 105851
895536317 63332
661011903 47636
497494011 4537
766718811 3060
504554070 81349
594170565 193885
308213531 3686
793637191 33809
646773476 130853
80995866 113223
382084072 75342
725925207 39228
50472605 144889
2075615 97902
813441506 43453
739545779 106490
352303361 31212
243136093 69458
562443651 130654
834318840 1617
516608102 127673
627859559 31425
745741341 93401
185302585 110938
573501033 179694
926640074 173239
361389451 188636
467326824 28574
360136358 179411
962732854 126366
91053619 189921
955417425 10325
257972227 38388
237675326 20201
717904300 69192
374492491 73469
930563348 69129
607460958 102294
556947660 69002
832149258 33347
889279584 170617
166858245 110531
224163153 117867
38075754 190767
532192959 73438
826736174 29873
756633532 65435
731456762 10222
386226405 89246
279867349 98069
670599611 44023
344169232 162839
621056317 143741
295704563 24238
610072518 149871
338625816 35974
857048148 20951
239548847 141907
938960028 134147
841983313 58260
409984881 145147
121915114 197830
332693491 180126
728283761 97896
274915902 35490
123823832 108765
148870216 67606
820096063 118987
221110254 192160
656310381 190165
226702221 44144
930141250 43129
47544320 24408
279111091 101160
191896861 83541
870322658 150789
123101347 99730
424027824 146727
421303369 157497
873009041 164157
995258301 1559
577429751 160469
882476907 121728
523470615 98709
379446136 93027
616583031 181595
534448038 150166
409317484 44538
97328044 28668
344960828 133013
523770882 156526
177411626 159395
125179327 70195
968247315 164707
418202312 121190
551081987 83594
576988344 135732
319642637 105489
768603754 68560
234476393 158179
483275866 9976
883220355 180839
773843880 183259
456164619 91378
52230673 199420
234084878 171544
772015610 178382
745419233 109713
686840410 129172
719848306 104080
604015926 104591
512872739 117289
966013915 20564
247968698 12070
45825775 100815
428833401 179670
556957453 106077
42427559 7849
328097589 20145
172358755 468
369345904 49485
777418968 15137
624925136 137054
780574539 45506
454410830 2010
355991792 99573
653721851 103729
336074299 144378
503188532 104359
382710072 151390
576412760 21004
478550793 56035
356797925 89694
797705233 99891
453790220 145939
612436285 77784
78915722 59942
554639271 186914
873117998 172710
43822199 86778
340717154 156950
829520786 95076
24449796 135345
764797721 144495
672929779 24956
670837849 124629
396117492 16522
156965533 38713
538670281 85171
392660700 119958
987333951 47150
558304829 73046
975586149 31104
366123297 114123
402118300 40881
598617838 145646
485802026 15794
695431873 34008
962716426 198161
957102976 82147
204288079 145674
18941031 132077
79817568 24122
433960926 107042
212075974 91370
968579089 2436
953095835 174673
347376150 86788
11971121 56004
538600859 109426
240562302 164497
270243035 69985
336176708 18545
313889692 119294
128819979 130282
426708368 43396
746008737 132029
847277912 122612
513740976 34880
233066847 49985
664008797 125104
202063242 106617
595559809 129360
228368442 136102
12792177 88483
303567698 21423
806535941 124993
728579114 169247
565168974 167931
122673934 49113
407121248 155955
986260859 42172
727342156 123354
649130939 49622
742959045 19739
652344946 163623
517527616 158680
299704029 2843
686857838 84572
389514149 133871
223557969 150870
412037600 47023
945458424 143199
949660569 187976
324526128 126859
947765862 152948
436208452 104350
120072600 83496
768454490 107997
571647308 141336
311037144 95805
584936509 81015
118574099 160278
885181152 91776
41366440 135063
858677138 189982
601767813 167256
436332466 26266
668984468 153836
730493474 141135
800863456 145501
673415261 167455
14662426 18123
42543981 92067
78610699 26309
315105991 157590
882686675 87190
136531801 114915
853131374 139194
346682575 181152
655298354 196512
569883332 6897
512149599 66100
86822007 95226
47136537 185222
250691430 97794
759752811 115161
200872713 21508
520008567 136546
903208802 103284
978586022 133321
988696127 163719
964346862 19050
367557901 177989
277468495 116527
920839620 4493
362791149 24650
481699179 106227
797026158 65490
36879629 130644
133504185 89137
832543680 29458
253053797 137546
940913596 99015
783335328 128937
159446728 127775
344613955 133450
343261883 75161
968779460 67902
648867377 189130
263203998 169429
911656124 32189
941208579 197277
47420030 88635
401258828 151348
256006120 196142
34355564 191128
82284689 195615
243210271 28862
546538627 17490
787491606 139362
106780932 159758
740864509 63878
997443362 111085
839901726 10236
823498037 3359
367959942 159323
706114407 54975
323849123 102914
622560165 156555
727080297 124709
610417572 33992
466493987 182282
400846119 55655
851825441 98197
899294582 51414
634740234 13826
98661692 135424
877870000 35667
262295340 35189
772419372 59065
821336186 171341
604722028 129184
107890093 196153
700924915 23450
406410491 152651
591050714 165573
785720488 29595
364919208 163649
708371811 42279
745978834 190527
136642378 84469
938675114 194138
108768323 164287
14629811 191528
591947811 170023
614324975 71013
526508634 54885
503747049 151154
111150930 42428
795511735 55146
895429605 162347
978272183 148325
986945690 106191
839042110 182914
915810770 2324
538664191 77843
56367029 76840
55149645 79329
450632233 21521
201631449 192975
147071340 165149
305454921 159088
50398652 73553
606792775 169178
251727121 56125
92973070 64627
479707460 41593
569307921 15969
935294471 116946
840106720 137390
236889244 6104
37685662 27009
571028522 138625
348827949 62812
335322203 615
622896503 187009
416479929 110870
357967106 129768
729137429 158125
150013016 178838
384179232 7979
402970552 111783
299975961 195978
195169572 5888
264788320 77796
808005065 33064
915227249 67457
598500837 106246
537066238 179087
924279280 7491
286309612 80683
258815677 194692
950625503 17408
481543908 19558
92489638 137275
24253534 90534
276850048 155293
376068940 173018
275363290 69408
643463674 193115
99127612 173602
103980389 171497
636310265 106730
974531364 191892
231932448 173717
59984553 63112
30863449 83748
369323743 97921
734463233 45748
404887937 103762
996745379 93776
771748919 121881
989405595 4307
10470577 169379
335079695 34187
260139111 190997
201212597 21302
62714132 75779
634571511 34181
355055907 143059
789009965 174820
483960153 152085
413152883 90333
105022850 185064
675271509 119909
331020746 101688
887528562 179478
388491890 6561
495394646 146494
253695741 132256
761618379 189809
404644773 73471
269867084 146705
52505978 174058
787424522 52827
776860586 95766
930098377 57618
284947554 125260
926420268 166417
338098441 36642
618010195 87302
242579974 49340
136105929 163681
638129690 57806
191908440 143195
446623949 149118
520813284 146731
882983150 171343
441495233 121511
996448635 185250
244524896 161193
916443478 62607
419582964 2504
190605888 154343
625818641 13424
395055259 186997
453568347 189169
788568385 191242
267850899 86635
938942791 191430
911351046 40268
366182458 76011
895231566 198389
660219790 150790
12000621 156347
323842029 72143
468363862 171080
862279753 29328
230051567 141925
274377753 48849
383211544 195320
248690490 97389
462674578 135470
411006284 77484
727536795 146277
401581979 1224
983524013 39733
943947998 44053
539209339 92540
732553992 99657
727332876 58296
21127761 9794
381131925 164708
521317667 6567
40796382 128650
497550266 131524
521503766 169196
903459514 191522
735586508 70518
433613033 136377
668347529 135448
415506962 191040
584746389 56933
383737381 139933
393380378 147657
660168358 131854
471560769 135576
571307893 10383
53388274 96772
855657247 34731
584515349 103968
535167261 128999
252192776 74046
371113547 2916
991699342 98128
12442011 152056
192597604 135009
132271651 85236
960469967 98452
433725383 112588
345249867 47148
824228879 94385
76990727 151011
729400330 138920
201071582 9674
979755064 57417
317714676 38079
551598257 131171
462657148 17030
606750845 176136
349972310 85135
621539976 122842
566769729 143413
834663309 92766
156616319 41010
262614740 110018
960258873 167195
364746274 98566
965754582 103215
558875008 199603
950014255 109550
368217775 96199
660838288 136675
15482926 182433
159208230 64355
553700864 140128
153302490 9548
89228204 94788
976796292 181250
715775352 58313
98704299 116259
42218572 182578
610167540 120659
549171631 75686
473066544 196748
215957287 132716
549851546 71897
80499204 121380
882089323 126528
969861018 25083
44276188 114174
744537928 134150
699853508 113626
397497398 30482
384731922 84594
611539883 162642
169208823 98077
988865471 66571
863737482 195677
238681456 43239
952550576 147695
896430600 181897
801863593 24766
712066384 15504
264774868 196275
115871109 154296
890122679 99160
948707497 126795
75623181 86008
732486687 79185
302413657 75057
518103572 69711
104642375 92720
732369070 84825
501632304 37314
679606103 144425
340993118 61439
340756078 83829
763735211 145153
456016856 121217
625219413 102419
370967226 73406
97290677 184354
305827601 93763
180668173 134696
134658735 146403
325140156 67270
771644219 137261
998398127 199194
242091182 67645
97003959 11303
177292487 197262
714890534 190761
401255842 199340
724412243 121986
939947546 151333
540489335 130488
463137563 139253
175207286 44310
706359443 40814
664077133 6441
294459749 157447
939203501 44307
899583450 106721
852099577 11149
30494709 59999
904555782 146985
642309442 164738
580737368 168797
810643716 170151
304408480 76293
502865838 58257
432318306 82287
748227651 67964
55061822 164582
226964552 115922
491344356 81075
201308001 114528
683650299 169329
169429295 122747
334410007 145158
346861774 139084
292233638 82848
243353182 195782
376357819 63973
770973932 199469
159959402 109023
122779585 111109
668729954 187599
240987359 129496
845116728 106537
419631150 185839
362338570 8131
342537456 78142
159527813 1955
235246770 41974
552908632 176132
418919352 37619
25231614 107785
955084780 174347
31794091 131905
490247931 177052
315009140 197386
431141872 16257
436132558 104037
491462064 10932
62280366 58518
597086918 71579
634332446 149648
880803130 173317
926181742 187331
475745931 184415
76967660 117381
545138902 89727
255372386 119906
325422968 58235
399272406 19249
88079589 174263
733234146 109523
16186668 102901
522096701 69233
251102357 80455
940418560 188046
878817680 188223
388941638 21243
101685501 179807
426849268 16090
773744370 133229
822582485 187582
897452130 50852
596418782 30594
826763125 65568
269787455 115463
144248267 143794
90911761 92272
47677226 21551
698533495 32174
202165120 29344
694263354 67179
682067802 100220
158155441 101968
825147068 80682
615966479 34280
476348918 799
269144841 43976
100432138 148120
591292773 86259
111536013 12594
902819884 107651
663139075 17516
406426569 101493
926438727 156998
227937012 67843
138263669 150168
702724081 67637
389230427 185716
381416905 81619
615479004 129800
506483457 108219
148613753 30066
121261423 64097
477457458 168156
47958084 24676
911027741 25483
796544894 89936
688886436 87779
316424311 72100
64065057 72713
826524852 23446
337972463 88955
785591344 100290
620142987 84662
609230239 81744
512284395 116249
244064759 79127
517664163 167485
39131790 86203
372250470 180792
998068467 74301
773402222 36353
807193232 153673
140851240 176019
229068418 75017
838459195 112597
779622725 103636
699957956 160960
420216861 5578
60800748 65172
987501306 8028
230874458 49901
528193293 118945
523952587 159917
925559390 101718
63531170 54741
917987794 87302
986067300 76605
75549695 198075
970980590 172918
112701248 46183
852190083 184928
112784226 199260
796779509 88335
702080804 185093
557830280 67220
54224220 153008
136543982 126504
130619821 70739
948010295 177092
661911845 175345
111799345 79049
978977943 103037
676410611 71616
434978231 2283
440239328 106707
710705271 176207
626242551 170793
462514417 151342
115531956 143871
379433683 183736
842663059 139742
323353334 77438
996317917 161388
548679930 61297
988052221 78081
427409314 2670
296852556 105605
840307124 2866
561471933 133892
789795675 47391
666215153 81737
644838238 123861
407844734 21138
802864505 195736
22091846 36909
194224078 71551
570408816 155979
461803535 63940
318234209 93899
177563122 143171
441967284 110006
729661528 64493
2492693 101138
101880258 8715
226960825 187095
369929172 89849
377551226 10608
842511965 157514
619968144 6913
62302760 24569
299908333 98596
91129577 149506
407321959 154225
221860773 187776
517516115 69823
286378880 67320
755371628 141010
763147751 109071
131966151 12516
411713744 175582
814273767 162939
706796528 109550
352485154 47217
125193919 119541
96057113 31698
22884392 175271
305873511 167162
22724242 171505
205810701 92746
131682719 187037
298156892 82913
612865277 87572
574268627 14358
582207794 164707
1728554 78400
114493165 109139
128092558 135174
138267122 32139
641601519 65825
331841997 13958
467134111 65427
450627216 126504
390296272 23059
426364552 126295
618181419 117741
359531221 180409
879085312 145815
22973878 145246
363815637 108407
658847957 40862
748421048 83087
542445263 72550
598764522 156354
582106137 134395
869371406 176870
429640826 13864
553271077 131219
618756483 45839
442372977 149064
639091948 112985
32258687 83754
529388960 138941
846612172 170807
249478188 168259
267928885 179725
644780922 30664
157929318 41474
56000743 170863
347671149 184421
254427183 78621
324888060 52471
348848352 59650
622930725 47970
326243686 193558
990690404 100591
794525378 80817
303347974 3380
143296504 81276
542994448 80781
938764168 69529
803154863 10440
889890640 17020
974886479 121570
583570149 110567
631171017 47185
323217097 15542
952191825 815
345377954 1744
686780029 182121
188260115 125080
605138129 114109
963918983 179445
947622152 187439
381500497 91681
251452251 132486
23329343 146990
563732679 147101
573366755 82138
153254260 117668
661943684 11014
904622563 43073
973186269 67345
820179644 123719
321821916 155339
819880146 61899
129841499 2602
419025856 61450
444079218 8907
2820812 169866
989489547 56118
969955782 109498
86608005 135455
510708047 142632
450206700 46879
593143263 53735
104200826 42247
376984996 101254
252843097 123914
82933519 76425
812857879 57127
367668404 100061
317427181 78027
552767671 6759
142898414 134028
35503924 145584
338356319 84227
834672125 58462
612081892 101433
902274686 10006
900690576 179316
805715755 142487
123879197 32462
502227006 126287
916647833 92906
839845793 42342
53296174 2950
86533674 12450
467101457 190627
60097758 185041
689055935 32173
337897809 50507
200643828 178211
796756584 80971
101963543 142543
132543893 83045
479351276 46567
954054918 80381
554361498 15586
256650239 186500
626326753 109834
250965927 77064
591762456 84903
657014560 134092
647209735 23254
318164010 132500
394937771 89408
134464226 155254
806131134 157991
234557161 52486
43181538 30804
328429831 173681
218909669 64262
968070061 36153
118248346 120734
689020910 53259
919858425 193964
408707860 183556
627068921 164035
219970369 68069
519682154 22404
335438300 125321
119586752 133660
867007306 190112
283807640 5806
147686956 58315
992948303 88248
305123671 74389
3824702 132313
245453831 33268
752721776 162197
342197851 87420
221330689 196017
740047112 104818
195590267 134323
27535493 33443
893828838 4220
54649026 160022
649104584 135967
377368977 13361
16021168 5333
488884750 42824
849354059 137263
891497931 149129
654954441 157074
661622786 41568
72413128 258
674520223 51453
77540127 107156
34601833 178773
680300441 113500
130337662 187293
65239270 30424
20078989 158021
118062079 52176
7140154 151531
138319521 105484
399131253 29175
426179460 3429
472035871 70045
862069916 76671
765159296 194133
584728970 76381
851074106 12572
289327365 62827
355018148 196765
768737262 112391
486707751 198893
193182973 46316
312553253 97540
989794806 197028
671125259 49883
803502182 117346
41997018 183431
604331726 37169
802648334 54158
882291724 159384
602745937 10663
170277242 169271
303195980 115574
826445846 167044
502739574 46060
916384863 164552
584172243 93399
622249387 28536
836452476 105641
745948323 37291
736321465 116238
588456470 45497
966039349 196039
419472423 15846
638960513 3382
147600553 14345
743828449 2677
222897127 53656
59378636 57481
538394554 61008
147560186 25736
237206278 23358
898762206 197538
996742460 163910
294918364 23931
217321951 82314
904051567 28520
189256992 31798
712445998 1391
379184379 73130
40241566 108569
317091010 125174
759715361 58290
947391 39200
721465710 21583
301469983 187989
734262177 120574
830499379 118924
645931628 38297
705580007 147962
982430026 54486
688027270 24968
514103111 105634
924963567 13365
318300699 25350
715544532 36599
347591607 106588
355317267 129219
636217192 123434
787062663 83421
581480242 58501
459846590 42601
37914269 143089
691991759 90411
643685644 53051
203996374 91116
548632756 110354
182466422 165607
737616100 135722
974744119 171211
858218468 73118
145641686 62663
307274204 138388
793220409 79911
591090465 175484
409967700 199761
486587594 16786
277268606 155899
138756350 33285
281564376 137024
463064249 146896
707096365 98568
411665294 107254
6590246 11718
825722934 28381
387763657 42396
11928876 118974
25851672 67197
106395620 14094
297737653 25000
274724829 79259
997607618 133129
521177184 78213
304929926 183059
126914740 188678
746208859 176622
989538932 135586
289758871 150310
935958027 75267
743081767 53539
81852487 195473
826613514 96233
831663106 14353
417607499 170750
381898329 34257
546217855 76755
897142200 142526
78791000 74757
194301113 122593
568637003 80715
575641764 55620
256516424 36956
510100475 127292
58517480 38673
859268160 143858
188917848 139818
870968506 112526
833632170 6258
919827494 170625
31758847 96818
112750319 144394
836740111 62087
151067428 28457
75761572 50495
192712374 17668
190569927 74252
191186844 174706
295215050 73883
538044056 183689
916116802 48284
408644501 161762
369935758 64727
816591781 53071
451856448 156931
722166511 184745
53844949 94530
155801620 189501
923231299 77667
716174687 176758
692372638 99489
389858727 51412
46330311 36717
775970663 100445
318624678 159591
122647620 135513
562904343 18662
475945716 94738
850661500 83178
445234712 178299
632885914 161651
889943250 100486
97749541 151689
646275835 74225
216584840 151941
496222844 79151
485346271 36812
82652410 58486
375150723 100593
75164816 45158
918513209 85157
724464161 132604
125722933 75139
693905993 184350
915804310 122319
881792507 8309
604050249 105275
962917825 55749
290351122 14819
952542999 160717
180481757 132768
386109929 47830
578517621 131433
555699946 75497
930743871 33842
929254358 181147
336702943 117422
361791063 170886
658132146 187013
297374694 116955
389452955 147616
959556330 38981
778682623 80011
398798164 83410
518501972 45606
952465980 94092
315023610 180201
557660236 82550
314394317 22258
16993102 18860
986101309 33590
773806675 82131
343039364 178605
701029362 31938
3024425 44436
297196368 92896
627306892 108434
78333614 128766
49092247 146135
972474029 140685
363505646 70384
798184138 104961
623171935 47731
561670494 140158
56970031 66876
569789023 38861
643566251 198187
610391700 185410
382289629 192438
788911572 185646
494992305 3669
421653532 988
409701993 78642
478709503 23806
688115825 168049
114812559 192187
890724996 116515
62362814 8562
127874793 511
672423379 188946
293009929 36507
882926766 143556
659214169 116525
487469744 128600
473967191 3612
875051834 89392
844194990 110672
661609099 132912
986243342 165093
323222825 167465
65127487 18500
251322625 72173
554042025 191936
998714973 111803
204875653 168692
91380178 40693
931792983 145433
427827909 35848
573916596 29580
698361598 122841
216824273 93015
703186516 185890
685450119 104615
15096087 183370
262881397 92745
941694684 133721
833415945 3903
136412147 44746
893447004 21371
224735123 57980
627395850 108796
40083269 84010
639719574 58210
367468669 181025
962267415 192440
916264244 132076
939477350 183400
77142452 35110
406293947 36286
123227884 37121
102897047 44534
137566262 159732
609693628 37941
698187357 37115
292696852 118624
611922565 120723
775798901 4218
75970091 100918
621156385 67446
15029483 82190
458381089 30022
468685708 191224
991945557 65171
862301658 191881
578269623 110429
159126304 76273
120766994 110720
374089877 80386
682794505 179589
224119352 66541
146974391 4784
455568262 151459
984755956 9691
106074956 113473
82222517 114062
101832104 128817
410445517 60745
82548415 180091
377692936 105888
669932899 172977
353474 119937
361465413 80878
509200997 6047
320278134 153338
755935603 94673
860823914 80538
897212920 184068
142136647 109439
268655091 164398
486436831 22692
758008982 126387
653546035 6813
175599432 160466
658105724 56441
484472009 114277
295260460 186020
999679018 67474
954413246 112231
139831281 21000
607702907 81220
306685916 105634
731647812 53354
794714034 28138
187084830 49119
53426322 74933
71756902 1823
836746427 108496
160608285 116087
995437905 82744
894419937 77515
522792582 39102
914945239 43142
78027335 160293
889253211 165959
679826012 119247
905758250 193273
783435465 169553
348308604 42310
840324294 176995
952023185 136207
705402984 143127
989885983 137898
43202123 167189
556176055 39299
269209586 7433
335975474 172771
190566750 76836
466124728 157181
977845756 67512
963760901 170331
280091199 79257
465106620 72146
248252668 33206
345410244 116174
758535417 25383
488463575 46765
810360878 40348
203910263 179605
440078299 114913
680147028 127734
509202060 82048
743727858 192089
921087087 100653
730193946 161596
290014744 131879
344242524 75061
827157739 36803
851901582 74439
63217762 175325
533542291 133952
369153015 63993
949996587 49924
721324189 70956
377906280 182187
778311340 135215
867386579 72869
184236414 46249
163811199 30576
869949386 107031
402889833 12311
396266173 23450
205917680 15733
484054895 146793
695198337 35570
149603501 78635
622964774 91083
963241528 185427
93843035 101256
284116266 28530
381246079 191995
624438993 71398
315138406 93710
783306735 24517
313486015 24489
322616594 59965
942637663 145678
600217771 161409
827580613 113763
588521203 140282
469328898 41861
976971250 2357
852629207 185294
887654503 13158
661999398 151542
844635202 134753
998190000 81047
936727258 108008
984629242 175425
701230396 145782
400797443 44181
834228485 23534
358748035 3323
797967295 4396
890020106 13201
415423907 80299
77444730 151844
417927998 41850
610124392 79018
276694455 16982
382750262 156909
17683291 113275
659897862 154807
585472585 3504
500589613 155613
746133583 43940
642723984 57114
396722616 24808
637791984 92833
668390186 146399
737390876 126402
457397206 96294
596586195 193203
685998002 95716
21691606 56271
584637451 58021
944188976 77215
528454388 38016
717122906 80897
81344830 27315
395843469 144040
667099884 190260
408965024 123698
364913307 183820
419860805 50688
658499299 67649
945430598 18673
649205396 113846
401503068 4439
268008528 123103
249428676 82256
712343774 21332
14509144 88054
572773090 199254
151751326 46228
655359049 124825
112835489 34254
604394666 175415
539602559 118508
340343041 18447
61860563 34358
804743064 72149
584487126 142711
410194359 69467
666867732 32269
293164625 163362
498233384 188252
224648233 34748
133283079 132082
57010447 120541
938536357 127591
553089198 9684
92170386 140627
398787693 55993
842958251 54932
187279065 32761
283454316 187491
668033083 133302
921266928 83486
532374079 189716
517659804 39205
386208273 144602
724795519 112517
944417993 184727
142990490 24437
680985587 12348
711171428 126110
931985248 178710
884357240 21626
560250355 64085
571330323 78229
418651799 184715
820933091 160094
826262682 150607
319053166 16406
491768983 106660
743439201 15691
337413961 34310
871311220 16824
602553887 138589
404087233 141054
660403143 57693
442663688 21882
170819730 152217
480746895 41417
495017332 117809
955169298 68924
923370344 74130
693887802 29233
865205644 180247
721489923 12699
207687660 69029
673952551 198296
31393232 193929
574019902 90736
581925392 93848
553260730 198893
822726933 1908
53965890 78838
628563522 73315
956660231 105325
485583742 94218
78605882 168797
891683540 103422
176864545 66160
653608966 137840
990028840 125502
724529381 186382
166778417 44480
763134390 108224
364336879 109337
298875476 29884
694298395 47776
36883585 62456
312807849 62939
427864338 23628
984430825 103005
690203868 145316
489121257 109869
240382739 130933
766701116 176675
343616725 132397
2589038 33686
392485310 63753
415629510 111706
474141949 125448
150891887 6687
749523799 40307
496236966 165595
660232251 126520
745095636 26812
947814254 141319
808084190 90500
24502980 55453
779000463 132991
837957392 18307
95695146 184872
660253187 31822
848465917 127279
756186872 61343
415860098 141053
102560105 191284
987277382 3163
463439923 37624
544528930 184619
279974084 24126
534776244 33342
242357119 154505
88669487 81974
96349535 93377
154414192 161810
377566791 148653
208475775 114475
503887086 128426
540737638 103858
711810443 18768
873137381 125443
184659367 71662
535640873 95614
350673140 164469
921283402 91214
312790542 19055
580399667 132232
342353805 187389
172609763 84772
903832630 198768
478417882 63129
605048672 152469
395173789 78704
210269179 72332
140739872 189538
726366605 138533
900292814 26875
565690458 11250
530895219 146783
519378228 9449
365274967 16694
693269977 43734
265391453 58827
150088116 147236
19435316 68733
585498731 165506
575181998 194222
225991467 166842
381560543 179904
444381914 89146
135059033 92919
28058858 76926
471097531 11050
32107251 122713
247071330 87748
275021591 4729
267689406 179472
406049326 153995
995771916 25724
354733234 128935
169921108 120371
120157719 123259
162072123 167490
707333645 139725
146822403 159178
140169822 32163
503214978 186722
893019713 161762
181328398 93833
290579409 66173
160018601 1627
721418329 34167
593281696 50188
651347144 72233
679078597 150253
852539855 191368
801385666 29227
472246893 146831
179708724 171455
152521985 188846
561416563 48279
31680053 160787
198988476 38609
130839900 154504
389557678 69220
332290339 171363
753148840 125941
186945702 107327
766757508 126329
948735318 66978
182801163 37119
748935941 17032
232465342 21866
475159214 100101
354356285 86598
878434057 32249
593156538 76072
66885809 172857
574720109 172892
943334221 84850
869297737 39167
945579002 61705
479661802 183542
974432843 146416
688084975 88779
354465798 136299
893031713 178322
49669011 184966
318980404 160086
221515018 103031
273953404 117683
633409991 42780
129597416 60060
547754588 181433
665798468 151111
552993 123926
48679450 105164
501925144 75671
787401775 121873
704211023 24271
225693134 66115
447523843 196460
666012879 89837
447648496 191153
922565081 80909
705227113 173826
113351562 83329
46405364 497
585588050 183924
819170702 98919
422186546 15290
56326745 77296
960998777 190153
161615878 113041
92134948 58451
554456025 17227
242381550 78905
520582585 100076
723636459 196074
945174454 15494
888953150 131959
440031942 12079
149888182 19976
202030818 72542
405572226 146161
679965603 8485
801725859 118780
338522825 140724
206240206 194959
25722753 1302
486211197 192804
84885420 193465
283266973 76960
298084578 16369
480711927 136728
13069361 114411
292571261 124711
970424159 167173
641584378 196115
706319379 160196
556168065 68584
616594853 84894
637090084 170812
476995424 175866
406667727 86331
24470046 41288
958095420 100310
477744758 61507
929408959 100429
525271379 98911
189286797 17433
437053522 141617
566743377 97663
35668313 132974
8738302 76664
204483579 84112
263938279 83745
61637331 103209
691596062 158230
474454010 87693
624050417 65812
2081988 110493
489649632 30449
610298656 3864
92509025 114854
870326593 140105
506629745 150603
103322829 168322
684745117 80849
584953696 90119
70229410 73294
654983372 131397
337247791 15369
864251616 21661
579408636 181878
489127984 86974
26766770 79112
249423321 162630
912521343 67308
183030502 68585
562306808 187649
819717436 120207
237960291 66435
658332014 47075
483187151 82487
538747540 87887
308945498 115451
431252097 66282
54485035 132979
674529277 76697
628095851 127522
732065303 176680
475695239 134350
235458573 130047
665773272 32542
261012178 190662
650901771 129751
420158063 7725
719081244 180937
389243758 89932
708225917 59757
400430220 168292
495007448 168336
849533631 132002
467935694 177751
625578715 29859
817492009 194572
914921997 40713
897429401 156739
63077674 163258
662505951 12009
877111121 41357
704851597 118227
735013033 11847
32339947 36399
539076079 139576
462184513 150544
119323573 111316
160670793 136394
398520745 113379
232028562 181339
460406283 136171
295728879 171480
154197777 10907
214828867 76062
48002659 156636
94101368 195864
428052916 191221
893539465 24665
846846476 73489
56299303 110415
457616054 13026
125272630 188146
383760207 168893
73409090 132758
991794970 71152
260285831 120879
567589205 65472
619540355 126858
527736642 55775
511161389 54441
49361710 121804
676026212 92454
477129865 144518
449492524 134354
641645090 95648
98898546 125976
740123707 54829
267875821 116279
414357168 148344
994325002 94916
852568436 77812
320661593 80901
690114380 165238
191659805 39021
340202964 172439
405088614 96394
416910869 102652
606765871 9316
400950836 63869
593334469 119085
353102740 156535
628034545 85128
919412248 74910
542073448 156360
293058089 15980
82347485 3164
799311414 186911
483631821 195905
290717676 51991
738081463 105137
969613238 122856
537679127 38345
271740133 82483
483422639 120048
599698705 105017
458064069 179969
803920605 120637
363939344 12775
670471805 22152
547906785 127852
296871474 40348
569734122 103956
19098454 18064
710300789 45134
924748560 147048
199997905 83244
811900674 102831
163537417 336
715467901 60162
840698595 89971
59683094 33210
830969928 17710
906568841 96450
75026423 54806
714350674 21169
17153761 77001
455341434 78758
817432072 29281
727877512 47162
953452097 150638
643126191 99427
959029647 43182
180064961 153304
188929222 67654
692299034 147791
902709663 161734
599625065 156145
31653446 7594
692869447 181272
762292223 45121
891204404 184726
242028286 69944
814664947 61620
337668840 69472
30539779 30081
269764771 107513
841639192 69913
91370937 45989
811946046 95167
781665995 153471
972521501 173239
610516453 103997
812355508 166259
684064401 103912
644762475 141432
498329656 102910
206125545 33827
426013919 126479
628985429 174012
388282734 70936
177692944 136036
262658466 184118
518954290 198112
712444861 13310
563943563 58968
285384734 138229
457141097 31345
238265707 106683
683040035 14514
929867396 120906
666183436 106508
343461656 40562
242334272 38069
99032501 48570
206253101 117761
887204379 131042
235373618 18745
20514366 79541
595456763 184647
244102330 110746
39081513 140602
50938590 18262
729517194 79240
588740936 81883
570297212 73222
661644629 190390
763012475 73491
440892079 95441
494611073 72349
521018054 128094
728378967 127701
720335248 165944
16070794 92152
400396685 34523
749429313 179527
173332831 31488
122931666 195486
794523358 94506
971507567 69705
310540908 26742
294622261 4990
96085177 3178
942176948 20544
294360724 52663
401777705 167249
178579455 137598
266948465 102663
419528318 20333
47886546 126058
635035111 1555
434123067 166541
392769482 134655
582313360 149912
672244681 32902
669036658 3228
186436205 50982
794674457 462
362326619 162448
744745640 76625
253038057 34079
964940798 106547
80984206 69701
676812213 91539
197200133 179589
373243630 104356
619223265 52253
529529638 182596
542552050 5753
900749007 87163
693754859 107312
262082834 115612
20824067 67841
142700827 2769
482683214 36283
651592821 227
414964134 96259
429171444 193787
897652566 94818
723742855 154354
179634921 168346
644061236 44886
909272910 139993
165998407 125218
174604835 169789
14178415 123918
789601402 152081
497626753 130808
995347440 102543
75008977 147421
212194113 15983
450464738 58342
899190625 151358
129514479 104773
511558486 58172
760363844 50360
531763019 83087
207863558 62989
164488506 128677
50279133 53607
105984248 128955
960684442 198899
888886311 171018
404940426 181398
596127314 9894
190320500 103594
250754700 39423
977484840 152521
288727255 31597
529902328 190962
531639322 2685
59091265 133671
443210161 569
474509994 114232
906760884 182624
861795072 158757
790710280 9811
511802988 174377
670194812 62818
81656778 53273
38145037 10909
779996021 66581
852288145 192820
812490650 195429
481347210 133362
590732526 1240
631407198 31025
391734166 52800
18519892 147995
371708406 181030
321062488 46716
225246278 33265
19780740 5885
534989585 11639
621157607 16419
651086597 64728
917468288 149333
16050486 76611
905855296 120629
914604739 78104
243172208 135425
964332437 118579
73699423 175580
623585286 192949
595967455 116334
60317278 133282
330332679 691
125078911 186482
613765329 144547
999376198 124983
455496836 57067
9370011 2979
624392602 92780
37284023 108483
895935004 60220
771364765 92197
72146702 150106
930924642 73000
125279343 104599
283406456 199356
189261993 24945
789905140 98131
610580887 157912
574382337 64537
829842538 103656
731054148 198299
784732428 138618
828842650 175436
821352648 66723
875922050 66806
368233786 196248
616479651 142317
153991717 167006
541234375 20391
644504427 79540
773620943 82202
822675068 108508
858735258 178912
649135697 137992
561334954 182408
718066939 175802
397150662 126331
234958414 75508
133188051 107907
594469885 195651
610919566 178182
431907675 69244
374352588 70394
745624898 172127
137855099 84557
359371303 13953
866665560 114776
813835282 5095
896354868 132962
97244086 31175
556363620 199852
423857212 20844
45459060 46763
835759815 35094
162868304 160585
158479623 110647
206232079 181111
985379500 47021
54942511 44647
180272861 132133
962080403 14780
392064184 175834
2585444 34702
787690008 96299
27611993 114235
401185620 198616
739345328 111984
127211695 147309
909333206 123080
292388532 168707
216628012 96809
543972417 169347
988476918 89920
28135593 90909
374898954 143253
829646283 40601
307600521 174065
23459780 40622
887519084 89151
497389849 36625
713074870 46835
332618131 98362
192035020 20745
407388787 188281
323101979 52681
868899671 12307
976703354 41327
219057849 94371
236781766 39147
432050262 165003
268883087 27928
960571658 136403
784189885 192274
371533956 81484
955246520 167354
851051232 111512
918401456 112524
20752521 106386
29414783 84222
316420680 69035
379214818 149065
871043355 50147
377608951 165071
23880032 77711
651623400 138359
876406795 83266
694644905 124081
364465921 64838
947046895 182156
495627912 93185
500372565 43569
661319838 133993
664130801 142590
257092638 142477
109664152 47577
412694808 14688
460511625 111919
467777717 104142
414984490 180802
33157869 80394
391336320 181354
93536251 190458
488864529 139534
484709812 30443
763848861 59358
595093707 67267
836193932 107093
778230819 117468
957445080 145894
502681031 188549
451324466 139243
797416391 86876
87726639 36678
918281986 197072
793796283 69057
675988232 170645
415171654 74533
174204674 145922
1687827 98632
667214235 184091
719243448 81331
484816588 40157
166193191 183338
258845419 165927
365480753 75347
495233877 27282
524754511 9616
744322077 45378
733725872 46612
412965894 176460
666169754 141838
185856487 147035
509088432 128636
418873425 69772
763347770 172193
136900457 199817
823826632 152965
148084430 194857
50865623 106932
613257154 147032
697634383 40689
845522814 117473
864817746 52648
206919672 199615
270960022 152008
137582615 123433
206099646 43012
835311971 20240
768444860 191169
613078981 190480
891383566 176317
157129733 130847
587187857 60958
857747892 68224
803126003 37260
794914133 9647
629206034 116010
102706225 170909
771473019 86966
772500537 98212
375128337 178414
284583083 144948
748287217 96993
894974712 160390
134777831 3816
22264433 40645
504847925 183694
543390448 182488
722995550 99145
517283850 29854
935257868 180387
698847202 173450
364667840 23719
686468572 19343
874149707 38219
88519577 167594
703371765 70963
150426882 135255
32993554 55153
168146611 50932
911677112 32861
871300708 39121
665534607 48347
208734395 53673
634528934 41234
335021747 136735
474900650 130830
264812467 137523
434331225 115360
593212143 163253
932834623 107547
609623735 163269
753454717 106724
513267322 79817
681257330 122611
676633774 186342
218909745 31295
444576761 45554
626830268 79988
594008010 117428
663389736 137662
886646354 109351
185503730 178135
336592547 184221
31069870 117889
246037052 68109
829839366 41961
760846647 30420
575056285 189040
277215840 37217
772386305 137263
68282607 54708
167705422 196503
471413875 82354
178952769 180316
936451917 125063
529638451 19590
128488803 12228
617639779 39020
30185767 57329
281417132 82633
213502691 32997
33144862 115305
497347230 6588
877203689 39710
405401083 107195
634443164 9398
57168242 15813
439120041 195636
301751978 94414
960106839 119914
409820819 91694
386248091 191697
733457120 168547
792514 106397
12517395 148224
431128570 190272
125230737 13650
962379422 164680
518965552 23023
898330610 120802
51859759 119395
180762497 174560
50395405 32530
646290625 11571
344568172 94941
164317922 126205
344803050 99780
305832417 111248
403889332 149282
406377668 25316
471343328 30108
161548273 39362
786107545 83649
849799947 109289
56815800 31993
735662622 75913
663326215 35493
496663011 180151
817510104 7898
155669867 135083
248875824 93888
394345025 64246
803032706 177511
277075800 100005
471275102 53207
155137216 87374
966112951 129809
834755519 28736
48200322 120467
955537748 149425
760397838 161212
733182282 198057
117922926 123275
701127649 41285
616560955 165371
263613167 51986
276876681 106733
841825707 36557
915842992 83466
550708527 87834
771287768 90082
587234422 58266
672488754 99820
202215668 37823
400009843 61476
188418574 43631
143001985 193292
962742437 99893
54124746 69577
267419475 112362
186201342 58136
545159603 184959
520155110 19610
946285710 178127
883754778 6337
587875542 181427
453743052 199710
563924948 128927
957053933 131173
558975886 106301
164898377 87251
470289971 90751
415158308 132263
497668173 192478
622666803 78473
74100930 84934
43364255 177021
354952772 174672
684542110 8787
510496708 195192
102307513 106810
371480319 36634
500417886 128597
80616620 165336
281613116 185648
420553076 168339
500870814 121503
304129683 5760
459422759 56121
76319176 30577
292161513 135913
123073883 94688
765011785 105596
920189570 193806
687205372 136043
49183044 148320
137735109 10321
539351308 174665
236204142 131239
476549009 197897
158201608 127410
24113017 12538
208490745 3522
806337445 30155
806101753 111457
634710631 93825
842101101 103014
278768089 63077
470811389 60515
379045131 5858
614302937 34306
782518665 165600
463295265 71200
55559279 41429
735500580 132261
644357673 26750
162425247 5125
437918637 62606
495821976 184700
636268468 22268
977702008 150081
254483086 89434
345758594 115020
126364309 71681
901028542 59349
462615856 103400
431868903 132873
191526428 113154
976824183 187986
898460122 135698
852520976 146562
773685136 182601
451266427 113329
909972124 124866
402602475 199083
988754008 156313
175520322 167523
167930665 50880
745345293 199425
327207292 152794
263505087 181148
967315317 159958
568409903 110233
578311427 179700
310249161 138452
166326977 87290
960976679 174864
441978318 97856
123586030 130652
284382578 104847
467051160 106559
913497888 40129
623403141 139677
250602752 34265
912304119 104015
4282008 119130
282836047 166888
196817444 136847
480790715 178151
801420247 46005
617137849 3076
125638776 164867
469452719 190689
759766875 131364
237727032 29425
795999554 193980
556136289 195344
679490644 106985
835503412 123945
441717084 71627
254749939 44081
654688692 125123
427313523 42733
769203193 150719
841283770 152709
625471784 175848
143370053 133650
981829755 165906
423599770 191643
389957276 160457
132039944 27520
181755382 169259
602793475 3724
107671948 166057
181525173 99893
708557707 94413
101729799 162132
397120062 19016
584389590 54847
904476714 72670
697973610 104182
939682776 11627
987258638 127939
237731469 165074
879754225 171200
748863271 186497
604666276 27430
697307566 173729
901735521 7608
721502582 131177
940126764 11776
648274386 60088
361229631 159049
180311614 190495
807326927 171176
647094970 82070
592517861 181916
477737791 133556
623589095 194592
779673717 139782
156779475 151475
95405860 45409
443559619 162266
215303304 42880
700229773 152898
706334682 116789
929140749 116384
697994745 41477
557041364 173898
187236372 23885
584225170 79878
645160194 150662
725934035 36364
340141549 63999
454032814 87344
281539349 66821
816770874 144560
189653783 172297
21951582 170228
529008447 9386
752359221 113816
792354094 77075
127786070 135675
970642217 138200
784633171 151449
227370560 93321
351444479 192836
991072683 176640
506689833 10218
701375925 24748
357503984 69575
116989748 189630
889486366 40719
303205535 91211
145986935 163819
637721384 91087
577172829 3782
601046347 99773
776332277 37984
499807597 1648
145381607 147252
409840353 432
608479702 121385
896677669 145885
343998762 140392
907192731 20958
154213945 153547
899889318 187167
88253632 46904
458332226 130134
3170748 85678
387138308 77778
879863232 74174
172911359 50856
868872770 59799
990910858 59918
949295787 77907
941117195 194510
85928618 197090
384269804 102728
711541736 80123
544116595 124465
944555949 171958
41296655 120304
985951039 155626
457095842 161984
766319512 100688
246793993 8063
964117569 47411
6901718 105826
173494622 67116
634243730 151648
643801526 103260
875882 19924
779582044 111730
241344372 162166
361434831 895
875884763 48850
784975650 149226
675346609 54940
630721368 48625
891148386 18608
988128461 90143
182495746 147948
858489013 53452
826796351 187902
675493725 66786
670879854 50679
179553169 12540
87478922 104348
93418918 105365
293805565 129873
84050257 35164
598584053 51973
808328694 69459
709069320 18184
197773003 90776
580844944 125324
203140446 141582
739654784 174440
718308791 38472
801501662 130720
680903281 147447
801352274 120123
664667584 20681
67101830 29674
545371517 125268
261493317 123480
901878541 135719
184750243 38390
900717519 160704
646082352 151576
427489519 113838
64390324 143282
282886222 174991
302968318 15847
450733400 183555
41811871 96709
734453366 160698
86570205 189580
88294002 140404
330981828 75422
370178400 93193
102435302 88655
979688599 132285
592005692 133977
331419062 116052
56323073 14363
327948489 15487
737971605 6192
760644620 22268
191587674 10527
954982227 157999
716079301 158580
156781128 180529
85172432 121167
780619152 107661
638162224 84466
944605211 112716
298842302 130693
722874800 194811
739242126 181683
963408336 165467
918844369 66830
893012160 135932
362568768 54801
796608156 95131
623554119 198729
307750085 2600
458645066 26708
984498646 72924
698299069 138661
928816896 85647
881027270 156911
809538514 11259
515505735 199467
872391211 39879
744544604 110662
51279377 45426
263063892 138138
219979812 161908
546292707 51632
197183820 9687
197812889 4342
7695949 128108
586815274 3139
837603009 163770
127994465 127966
833780895 82513
987314673 138070
887448882 160318
177725622 189550
123130874 148160
649099819 160047
126085605 127842
230679893 190118
924267459 199384
444609775 155587
584194269 64807
271637480 41301
393213197 73232
722329316 134141
675252021 85970
140112976 72181
891026562 47873
433219810 70062
696809709 156270
673398153 66989
196476691 106338
869661620 159035
31371717 172580
768716106 197404
390755835 120366
542487240 37378
213244270 45670
812990298 5282
740348068 154448
970509215 122537
913666871 195088
257186142 27636
608938168 8990
660196133 54343
658904212 21604
208911713 185074
509223341 14104
878880879 166167
860679352 96491
156952174 167731
648791246 61192
294305998 127410
710510956 75807
538754020 159533
553981809 133954
927093523 151482
30334315 159986
342867421 134257
738144012 181193
361010576 103203
316363491 125146
977392166 124298
56686154 194985
713950300 67643
648878336 188478
120006256 115784
328956593 139243
765389405 38367
96286217 9311
284677604 139433
759577204 50916
253387910 114570
532192290 156927
53092676 84470
46599546 190512
714704014 168205
351495673 133123
242200865 21554
68681248 185866
114966953 34701
435753085 72484
715863455 2126
122575744 130196
209673814 87101
442365900 24222
398027032 175318
463450168 27888
641708193 57660
351536285 118713
702595866 51676
998633729 129285
600867889 41247
378925966 155298
794690272 93852
198205809 198894
923388358 98373
103560443 35438
429844502 6584
604386520 43201
244588880 65871
365488163 28583
168166775 160717
798397018 8993
871435629 190298
923135376 89401
220425683 160766
760255054 82158
770424865 90716
812866806 165165
447861623 137304
714323689 131780
623512033 65279
540104709 10959
852492865 65451
941941297 113609
693044515 174374
338938778 71218
578595734 53735
903876199 42282
482651498 103040
948615311 139300
958835556 127156
27304672 82255
558334805 7012
805290198 61040
837264820 48525
738009822 5966
125821764 55827
33294371 189573
137366421 66477
984295309 179928
99789930 20870
371082474 4338
500304207 197884
655412704 23276
87872436 49278
997699534 186588
490343299 129044
564740329 22158
361303623 131762
193068644 30689
496694416 62893
94485497 105495
480790250 149138
4209350 40333
459277494 13476
100851129 148579
476225482 69816
749629050 42510
110765817 132163
49436189 155637
812864613 144243
767094414 161754
695218194 98458
79654893 162148
605901686 34056
139688294 56035
462408643 54430
367589702 172213
531617122 165552
303946671 119298
693625340 116656
225995295 97202
331864277 125839
577266696 144940
534982756 53395
287654232 52846
68456059 80040
165736971 100194
180008040 85211
877647446 143152
952428327 182384
567791237 105066
861459327 112465
582255225 189485
844390047 104658
486414698 123790
410163300 46962
914943558 107714
326755039 158492
188029860 72927
883729583 191251
335137003 164803
435333947 91180
946174521 76078
609537197 104712
619211840 21704
874260731 63830
188795733 181545
395757527 171376
178843581 50891
17279351 33158
57839873 109191
651789366 125451
467838658 21249
532684336 144562
26469599 144426
588614544 118402
897232596 153149
935475659 143907
759293062 179319
167216225 28233
997765018 39656
242495746 19468
444200812 83919
407051287 146370
788597333 149963
436078594 166973
777407276 196461
954752347 78364
570825845 107490
2825360 146470
802991721 58333
89749715 65683
181077052 154383
865777672 158392
332063039 177980
171171958 55202
194514312 170804
897630946 117196
607384495 31742
284380947 51292
273363227 18962
249787279 16787
414131869 37012
70037629 110916
4001377 101245
215245873 116797
805684200 123403
350136621 92508
258411158 177118
782309938 125142
850792655 124820
339084693 57829
889431108 42912
36251792 86557
547230278 122840
168063981 185484
610412566 7239
191519435 169249
813200769 129610
673253993 73563
263803940 62928
329282503 180883
391078830 97605
968075254 110736
624934973 88515
352301693 7095
83181873 191608
700027307 61299
198839319 136297
769549569 75983
633207318 30096
555461105 120531
576258532 126427
262260165 69849
672814998 110921
875564520 158278
97998235 199217
379760867 44234
36828114 166764
896849580 166478
125824000 69425
800310860 80222
694023535 135109
638442012 154115
758410718 64030
536356744 160739
894026980 80647
323701566 39244
475621710 12107
156706298 147703
941049935 3923
823530152 30449
19492301 41901
829589882 24311
980633403 115146
403178789 38487
333825431 192532
956441593 121416
823350372 106261
334474321 174882
915413569 154471
600894547 136413
333992205 158183
976649155 19860
972361546 176661
114059742 183578
838946220 125111
489444072 181080
634097890 160094
569986287 104443
927742323 30394
439866092 33539
344710162 123110
181679573 169999
259815670 106062
203165417 69420
594521531 100424
10609545 190194
526037381 135011
757466474 129341
570398753 90893
25888681 5074
702668843 106760
584666353 80089
493936549 86620
556887069 121191
557377956 133898
639607090 65041
23220732 105041
453636541 127542
715905536 6682
695335118 166033
227945565 98815
111188587 88245
443964519 29476
892765884 80455
46308710 166252
869601796 177823
704148449 171716
997186320 26602
168319785 32210
781613763 40270
888129565 148074
936218728 23463
748698806 21575
136378258 28031
880840950 129320
256678214 194242
84292125 7856
606932900 133837
6023430 45656
909626536 101158
330121115 77068
998438722 913
77835075 141339
551702525 5103
244919333 19858
964286237 97396
257310179 149126
610046561 36004
586798427 7141
171638193 71139
561373901 191056
782573365 80775
814661931 32623
233180883 188879
342018063 56504
138444869 183442
157705709 139738
383513281 120630
33156273 44175
2720069 33514
335012767 96612
359286875 116066
780385051 167242
458923712 38961
703789996 167072
665900683 45383
335294128 40527
958594213 133876
130686443 64720
635752002 143858
639906761 50407
711679423 15885
130847034 165946
645499624 160520
255943874 190187
463055116 81303
88657231 151562
583486162 13755
734113287 100536
49878276 54668
371137633 7866
506071598 199855
141705792 193088
616093295 57228
831472895 181405
639801323 5502
643351922 182534
788736288 58413
328145652 54071
285553093 40442
995752990 168054
134631931 55028
23864263 45878
31067908 150483
358151639 171415
424254597 58474
278492755 25994
444770585 50487
617664314 12779
273779295 105013
419705441 75638
600149087 43401
867072136 6197
238116414 171894
445113911 31729
742262568 33629
123488675 71095
406250617 34857
441980147 103001
745524300 13643
213702293 164964
958310582 193184
931449984 68780
655337572 131375
673274266 150652
78415535 35004
344027799 138890
121758486 150995
968890354 57574
983194011 140768
891145005 135166
292605824 128135
797995424 123106
245016788 73598
357960984 112395
976205650 161307
389335673 108295
444170808 168029
602066280 75374
52851174 196823
739380203 160773
838978171 115477
59474911 78002
294828735 115392
327869387 191927
61710322 141917
651901632 169082
931815672 159269
99092353 148124
274858261 32669
634322893 54667
996588254 83881
76543618 199571
547330880 86090
828780246 136756
163371402 87300
502554508 36823
529454937 121264
749295569 189482
793029592 141352
594345484 80683
836503125 49016
666073520 102941
548265002 108364
115482358 86485
332658588 183005
153824882 115766
36110614 186459
726150644 109910
45339180 10540
54064701 71324
62951838 110291
489188176 106112
319643328 194642
450030475 10979
959884804 123531
89196097 130673
966892211 156336
788217328 61902
661854175 103273
14113681 178041
26723853 93547
509739216 56512
772265869 63417
595977199 103133
56260634 27722
547676158 170552
412645065 2291
450749988 138038
952655455 28077
505309828 147492
730167199 6827
852555978 183024
230450730 164496
995891502 143906
896098964 63862
456356708 62578
995736488 10603
652620729 56412
95399625 83915
557947099 129477
710077619 68031
673387172 188205
646684134 197557
576269590 85097
598348417 173144
564000056 114154
721090998 4384
843091799 1896
461360026 40300
182865121 15858
226474514 157863
476895958 80621
742615250 98543
792131705 180892
297996028 160695
104935708 148876
82284171 5341
846957420 65292
912719778 118461
840234523 40076
497758263 184264
891888758 187677
932657850 183953
26015156 136375
556559571 26332
883201398 187157
661932761 73862
405499123 133662
228376089 99027
598068644 96392
919647890 199997
902080972 10851
25695594 173284
386554946 22863
68239673 144653
709642298 57978
971563701 191572
218852892 115185
807995653 23214
738206704 112173
908609795 132444
496004745 30174
111282898 29521
846022684 27394
510070670 74600
227944311 188320
95377027 137118
118000372 1920
934200970 107264
201247463 119226
723174826 88620
108289163 176099
412017188 148672
881191081 48753
21381949 63179
718241863 91294
910630929 37800
315218693 86906
761445355 56725
523500281 147626
495701011 170587
55622636 198440
834938991 73533
286088486 137195
707317561 176619
353708296 196032
665224494 89017
622144559 158413
393512584 144443
662085260 117298
356762036 87317
199379773 94669
296952965 105644
28720464 167034
713233579 64214
74865404 197738
967706013 19501
497326160 17230
853488058 74049
76193896 90110
639827990 102756
240425953 146879
918915886 68729
945480009 51190
699578054 171715
457397411 126400
558142063 105837
594089473 190085
445899501 5506
774312802 92224
441588809 131906
162701878 165844
216550928 112488
291760757 61776
40248433 91181
905565921 112065
996750759 20718
556373029 186794
592716209 35292
347777847 20
445212295 114407
978300533 158771
567153723 156075
971824680 168941
773527450 171000
392803087 32897
447919002 127098
800014411 51885
295149010 160066
179829837 184511
550689395 154356
859073857 92333
732292489 39267
113621493 67413
384314264 156763
35867384 190124
395370078 103695
113431212 179293
596769130 143230
137627159 156287
420897600 118344
579263773 3007
97094723 110072
530533677 78161
53506826 85723
541345388 122947
695867759 174610
485028519 171600
15661296 128421
294340260 56251
113444663 13253
616426070 74703
483902050 20816
335921454 1105
934106884 159467
630070316 45038
575265707 147148
812660524 123194
882192757 172222
188894571 172370
417376481 119659
313849391 49491
933147669 37195
663636081 145438
648124687 8221
984026756 131698
177247958 5593
809208665 11703
87760191 164906
91131740 51591
846774781 198761
192483641 93397
253143063 121227
188102016 103049
66059987 188314
313651854 123967
476287198 136499
612941579 52677
985987366 155732
924311244 91191
253845952 104542
622715561 86738
143533633 164602
885574296 71443
544921594 119036
300512511 17605
238929896 163601
91091948 44753
124437357 96358
865551666 44320
254272872 56190
119331263 13151
62447938 109243
72288106 4740
273782728 149338
50492379 141638
250742086 138080
555671258 95656
520493801 64930
517050808 77597
945950550 150627
25275301 29556
791244268 50932
176243598 196963
595252786 11490
990056544 121907
800814611 24570
65502989 83009
296385478 42115
62353155 46157
512553928 77956
410949950 129892
134437850 85864
613244149 19818
141880636 6564
187548445 102206
576345632 72748
442847553 171049
277673584 61969
69469710 76033
925470896 14422
317642283 25895
156190130 90700
669447037 26576
543953718 198343
567032756 181674
222250690 134657
507793975 45204
883850686 98257
696507042 152999
706388558 178056
624927671 128189
815635834 139633
761790505 135698
170348402 102314
106338533 58342
405568477 92587
784930129 184815
237150014 166707
591264632 55564
532823313 39795
451700809 119214
774859249 84257
150545735 76644
405946400 189432
610637260 133242
400700292 129219
115673021 193233
980160734 154603
17457220 14495
875624475 26052
294279931 185757
349030580 26448
817222930 4027
350186021 121100
819343674 69382
468360826 183234
997514680 119837
474587666 18008
129108591 61033
804937791 32969
332685998 125900
649235335 77478
458186403 122716
590213031 65419
321679598 9440
152993332 155220
997997836 118517
842131501 62974
396345944 140640
466357398 44325
931566168 31780
286410638 187744
262307146 87300
568237804 125283
902603799 49654
226870474 98072
829212194 180597
840223036 74604
65038285 68407
176471915 28358
110630615 193502
268021521 29780
105187017 189166
490966036 155605
55602467 151024
322379768 72478
732961714 5266
812338829 75568
796394631 186689
544763243 143781
884056106 44323
52437647 162876
825078713 171132
580214254 46569
569032165 139029
326375468 139540
199024383 146250
872043156 52238
909523315 155411
64753082 75651
589609220 80472
50415432 115883
835625256 20545
920835242 123414
26749096 61004
60815904 38346
474226969 169076
550927064 68076
104570386 62178
228604619 113693
423638081 68719
347828633 144641
738215105 125597
472602937 185202
569991506 171361
615703324 195805
126563676 36762
731814565 174788
727385507 194494
472092133 117857
731541687 129635
805433775 152661
380143102 42389
663617695 37869
160621833 65594
441909205 97586
368305327 83197
575791483 143061
32577473 146410
549127226 106707
536481449 91615
652191903 113319
768758678 26221
928802985 49788
254293259 157424
236114666 67093
184894923 193414
352558754 118928
44348689 196950
104535270 184007
461481009 133183
457038816 65192
417733372 126729
20555186 192213
746275137 96784
455149324 56867
522632180 296
115863728 16240
182390912 177980
668361574 13928
676112072 190850
131583812 97275
376552262 139849
826261831 74203
933583734 154720
797430184 79258
12292156 116558
73091507 7592
509070492 184026
7943620 170779
728319179 118779
702040508 14687
778667417 21988
671535434 149241
23303175 41709
600228931 71507
920807094 184154
748493926 31245
832899143 69066
285303429 44657
850202358 43763
630517670 179705
917367714 171351
431780531 83087
906029416 14501
654648691 55022
903140792 18350
43132130 27842
194011592 129991
520505143 40017
142946303 173604
661890576 16712
578210611 99819
575903970 122340
535637998 183121
702653686 100083
361006162 88216
184053807 115362
403161760 146718
520095071 69407
830827750 30980
612142547 68988
654911037 173434
704715422 153373
776762543 137900
960671181 64886
946809978 30519
305073851 39819
312083579 113064
271333442 61173
31016228 61194
790398954 66671
551679873 119346
753962235 65237
30665783 145861
766874675 131021
836804175 9860
331519266 154137
948120289 146181
858026487 32302
9619091 112537
368201112 176715
609111060 132885
763107002 20178
614347314 103587
464337022 196883
346637311 102863
286410727 12660
836403275 139755
350647135 77430
304066737 159844
512098112 65867
487409224 186812
61410409 121377
842299925 41259
634074682 150800
843051209 16706
394970665 65053
900301005 4581
342714389 192253
620163616 57553
119460024 179803
272102950 184359
57488770 73877
458266951 43577
140996791 103357
128376580 191821
814468433 32889
330261220 121671
337214544 97393
506883834 73090
972527338 154175
820908010 55171
794643577 172593
510063618 10238
748831280 43224
471049935 85450
886621172 128613
448812972 106793
748682856 94789
691993248 141458
595737411 103512
17570430 36589
769563086 193868
525489011 80383
911726097 106978
431737038 67505
465785990 102879
690284865 123077
896811620 128972
700369020 109154
697641912 109492
491383995 139276
281671946 46520
794668114 51980
734526017 80718
563621547 140514
228601801 161530
734413832 171064
222144072 3207
164889973 120485
652141316 6201
403921192 10066
17900101 135139
138276408 71267
678495926 79999
510724932 45847
592095989 41042
337737963 22411
264837383 158155
627101159 163119
499566634 117079
850881102 48752
519179154 22650
886366445 145365
734175301 131786
665279294 95090
245344284 106300
107343366 19985
382869394 169335
168567919 134804
122317320 64089
743439417 82195
883041974 164191
839473866 19698
736897656 55901
719347921 88290
634692352 87559
768910040 94225
586153030 76826
273932850 15774
73522381 68491
974355993 124753
823373066 168010
30408315 125689
238666735 10671
719321933 30431
967028001 7803
616755483 24290
113260916 112923
974102686 70053
382824734 193567
188232028 25994
3119300 119252
597006772 43944
675009602 73292
639070658 45912
766765351 73274
236164600 107156
286333811 12380
728428834 11847
411990558 55150
375867024 69917
447826048 87258
641006883 50757
958905986 59613
251089961 117565
289680856 198518
746940655 187818
468877918 197895
972989272 189024
890330657 118221
410267537 193503
494964845 144881
404585772 53808
888830462 23328
955066901 150532
818086175 96334
278673409 199111
472636174 45082
287746028 84150
513371278 40693
391273133 132841
657598300 179813
867007052 82225
736598780 64937
726848788 86908
577223248 125164
902824623 144062
590357760 32896
656280765 35770
520297 74878
409143161 105914
928203395 180260
201959559 133315
263780384 34026
247375168 1714
13227350 169777
798136450 171019
323623540 146676
27974779 14557
774027861 176127
355574803 113707
601216849 68139
979386918 79487
774644711 179521
286199104 78080
799358985 94317
389903400 194019
479751123 96293
854632457 6919
387925645 153938
621857149 65657
384163447 111299
878034949 75990
60469236 27801
30950747 2378
974547361 126130
230392007 169613
936891268 99790
799255160 147794
911384227 76724
923046897 79492
250395627 193140
571423893 9055
266063818 7049
84343533 146884
811769535 161557
826038239 191212
555909516 191089
800871892 53564
176660421 35816
394392484 94419
37109508 102537
533382460 196920
530038492 149216
888644344 119758
343743108 42220
769110492 96351
416482219 80701
754310065 79865
95018553 87656
601926882 166921
111439359 134215
854528584 99878
235973511 16870
121718203 103656
207273465 44588
329932278 45906
465529762 23157
300263135 25301
712455963 192083
392823435 93435
248061024 116463
447954932 74040
501151030 168625
916778187 49677
409700533 72189
480508077 117452
867625475 22457
97466050 190867
758001271 175985
135511897 171119
618699986 75660
231186990 116354
876121197 29610
946479719 20504
449499573 158592
608566788 133937
937954880 100090
33906697 133156
992691854 158595
29790356 41275
797962976 37317
381843098 130143
255440288 131307
231615430 152596
172429494 151129
988106013 19947
516688035 6240
167506754 192588
576825441 189014
593346973 157051
2941796 75397
348286174 47631
92499794 124059
322312762 88069
276948996 41563
631396893 149249
77565544 2262
306705150 55311
426291619 108235
982946993 146693
37705420 13815
132164925 154635
189400941 107996
614396284 130907
133040992 91378
325588474 186605
921140282 20085
939824467 141282
954644785 40948
69240076 37245
786727900 105671
962225655 172935
420545282 24908
430806997 28801
125718393 185028
320901361 20006
113123696 114025
577312799 186603
827372024 135176
986893802 127072
932188130 168431
610592021 47133
26207935 147209
22148458 101230
678305418 118247
29638018 82373
595675477 140188
354739968 24311
19279028 123066
923972951 65692
141019640 187991
882989516 15400
444859683 57801
275602002 180271
769512636 177033
485168350 155119
203006938 124590
223791520 162372
330432681 82451
419026354 85574
440842374 112424
521320609 137656
617932739 68914
113393435 116772
122392249 132044
259425923 114658
131702983 1363
458520115 179933
743710151 178615
701253481 142533
354784303 1300
508453223 131826
929967665 60579
97141453 130138
216505049 61533
519870121 11485
943483680 91467
696756588 161519
249631671 105644
457989971 136774
621770306 196866
246879763 80108
75667426 96523
563609793 170450
917434512 95425
681153753 140165
129577793 187088
7006508 96938
549170274 96794
80165976 80194
293744778 45796
708623041 73010
115266224 77683
154911300 94722
401468578 171763
637491429 198635
852010821 39672
428310193 158198
199700561 138735
613714609 24995
75937504 191663
310680476 42762
349731131 62602
393875409 198082
719608796 41185
497977125 199420
936012334 77549
786384778 56189
598164445 174271
544002517 23679
849005009 3066
66526236 108811
158598175 172135
227012652 130001
168273427 158788
196405138 192235
504138093 12422
463411623 26167
788158096 10623
617978719 149277
665573980 108788
141209913 179086
789857927 41439
790800878 14067
783699843 133294
168125419 195085
53533698 65501
395443582 163608
803126786 23248
335532438 124211
476784764 13041
282506946 49937
272387083 193314
252061958 126049
549891098 48192
43200920 58705
38353099 148327
186474129 163000
568818338 111079
712695123 75299
671843200 17831
394354432 5246
221639993 73628
612031291 112959
304848549 166736
731576963 174168
529984428 198327
52477210 159731
485632156 97942
633325935 49770
391838989 75347
675900319 24448
481882081 133017
63022736 86489
661872978 84241
699432260 176592
553372661 57317
801004496 145279
742673908 99822
355053027 28449
452848889 157553
644013261 49553
635309009 192775
63905998 187368
152366876 60229
67031895 126451
467489588 75877
671750278 118275
944565319 11177
905997079 1164
730367527 90883
564206547 118931
718752533 76047
854668315 131367
353277840 111193
557698679 147523
124863775 66590
122694931 103547
627169664 8262
37373086 118604
513760911 61580
204512693 7619
648501444 163827
986335472 174409
275479426 94279
615969299 177385
230506423 87477
971208269 175371
160892234 117862
776980288 24299
327449447 193307
213644666 89979
511738199 93341
497793997 97626
693199189 124721
759242633 123452
178730466 124866
410316387 194656
843801694 76814
26033121 152107
629976137 137204
784749933 58236
837303355 31637
644903369 82468
476159566 158007
724143539 142788
202268878 139400
805779416 53552
602362440 194570
587339589 20180
832855328 108888
310201349 165247
234132608 693
458679753 131248
588669765 150240
786949321 181916
243215907 29973
433740847 99963
802027686 31845
353400321 37865
148927339 2019
592147228 99064
691992293 89414
241894584 62626
740998086 119877
52852576 173998
553670041 148198
476530676 196861
512033254 36643
7879155 141111
975097379 176679
766610871 168175
29352509 152542
371511873 127292
356943231 52612
640343219 91539
858575946 44881
701019028 78714
102339908 46926
845126252 93287
201183911 169969
32593655 168384
313647371 43248
587953673 102005
706152828 106027
699840000 16167
117869492 57941
185308565 186438
968853902 49840
42379340 175923
196933549 3701
232893540 47145
903831431 63025
647600035 117878
370834738 189424
512324871 128291
772714384 126218
559749548 34291
168986430 151602
831443160 181843
52715840 5491
413063099 148193
887493972 180825
801983255 69613
295659374 69548
835091821 198268
881893449 194306
955660481 96665
109892295 83117
90262471 45809
335866408 126952
414738511 63856
298005648 196434
40486181 8148
506447212 73325
47059409 84155
674601115 79751
509727446 75091
250803087 192685
723450113 170716
146713928 146020
422970309 181010
414761945 115581
264176698 121482
207438644 21698
852612786 106376
306247079 30335
817777767 144661
629816765 60945
182328406 185363
366031168 134892
510427288 188173
365425367 191154
760373654 1080
500156913 141836
816482320 49554
535438113 7297
285673587 165047
436353116 67225
623431431 58041
288322448 41242
631363441 31107
435015296 67750
912060910 193695
365699907 4291
7509081 35673
485181682 33337
422522078 161324
343082061 110077
844160305 105278
999721682 32529
997916477 92011
797621663 41428
136629653 134534
498851662 108198
903493895 51876
493415651 122049
973082480 91377
322856442 112188
584742772 83084
415091759 152820
237536919 11106
671868945 10449
521023189 156189
707514157 107388
478277942 25395
200324976 114964
408178323 125207
605057266 111384
943716923 191093
211621758 75174
213646223 120159
889486800 137481
88356142 67711
1014245 160666
247345972 37183
975618928 164476
955252146 142580
323507181 167811
260865363 154950
52615001 15198
997382627 74136
5010402 40645
434326982 151723
367951915 113335
969781207 3404
564500478 123575
494975263 58732
986791024 96582
120271652 103021
758403124 33057
222958484 79234
286800772 138441
643975609 124904
875169124 26734
561371634 132561
16900662 5576
886486781 38336
963399375 87691
240948092 51208
172204877 153107
343835029 111314
17699973 111753
231285467 12017
187406216 105336
670694737 89331
291533929 43268
124573979 114753
315982566 58899
36657564 114552
717332591 21919
624462059 149601
450757745 156207
580632406 188472
915536458 140512
614217427 107407
281357821 144668
32032879 129855
349009381 174798
781743338 175209
711479592 31424
894679684 6233
647867992 129796
555026079 167280
853959330 105060
612931339 161019
364356051 108482
423716119 52653
693081595 10632
194667047 28050
65783452 37267
774572114 78306
74064878 102033
752770343 157571
676246788 174555
764462733 42322
938461668 27691
302301025 184363
335210666 95242
281644653 112397
715969774 180619
765842238 3363
864015233 28441
800822968 118317
305824725 97445
432737298 102992
530577863 119601
615587772 142415
413747977 164235
686698826 185220
824128753 198049
493927161 170893
610802116 113859
935586726 42073
117653660 120636
372323067 86027
207020464 193720
411336276 150599
658675806 12178
719240822 165398
598902800 159774
106214169 38602
11391914 88708
13328912 28527
645294258 81895
144288661 55259
386169789 67065
190593450 14974
295409851 119577
734431881 94624
103095570 47202
645454323 23226
463051244 194895
938108174 133008
947435695 30145
44257855 166299
804578594 186782
205306781 108804
408422869 19275
567188414 123159
604564591 193821
201235451 180579
443628492 79162
239101877 176942
564388438 29668
778084658 154970
83578650 164539
21006686 89212
848859948 30220
800812150 774
228151901 25231
291617973 130584
772912228 145245
705697872 116636
903118182 79733
876087334 52211
369382124 72084
722879504 160940
412758189 162367
317469234 31810
234254657 146212
715808579 155162
1352977 44804
699924711 46917
511943210 47657
874796965 29709
207032216 7908
292777910 148454
493339637 175628
294780410 82187
412030360 87332
757378159 32575
328131090 85306
593505022 175168
692084427 166806
10429965 2036
328822300 181786
822680975 125750
794804157 10390
78420584 158017
153954431 150767
187067825 85715
556027099 172450
558363676 7524
696004296 94889
388850617 185590
443656843 36000
417884121 50037
190089342 193347
524329996 199088
798184816 137291
576610058 23169
535567337 122071
178531073 134773
786637125 175927
266691535 139010
882479609 105856
196292625 31334
450550668 180981
500888107 57595
553114606 3993
657029236 110632
366767300 165108
361620053 58808
115226178 112515
586215009 26261
692132265 120947
482574505 137213
621002412 10124
481309298 142442
195798626 6408
278930460 68003
300113331 57808
695493777 135233
178799624 175485
286842152 162496
342032124 165817
288023640 90529
311307505 142732
265738113 2272
128307054 159601
323887236 92882
426574602 12656
96505358 27085
672364472 23837
195042944 199456
781745745 171428
490318450 30910
643675525 10950
925098017 144259
382475222 61060
531947300 100847
180072462 150691
186397095 137772
262205164 9550
626427687 128929
122417275 61652
234568222 181937
615818843 151366
189711790 183233
970593941 36200
120260810 36002
137095011 104816
542082650 139179
690007659 77370
563228483 120410
682857011 38936
245770719 155675
834825329 93586
512960401 191131
500955009 54082
997932741 146181
927511765 100832
791886917 65422
860591305 186592
148101783 145931
880681652 73481
947329001 59134
822991141 37886
96252322 127
566043684 21365
852217565 170508
31411739 84088
236915462 55693
817369528 93166
717685449 118432
523381998 154371
638997014 63774
836116202 115947
312394821 100102
22407657 163028
712960660 186746
979300324 108116
203676874 79885
655114922 56564
470258397 86822
570353118 136058
471030052 78635
838191592 178890
609412583 179582
666428557 106199
185662086 18481
802481325 129229
902598292 25990
682937417 109161
66834040 4318
284862688 98892
270339751 174465
851185616 35632
449162803 101609
64161440 195011
903354132 2616
600825761 76643
163446909 7955
518130852 102028
72466711 60580
794693878 111100
294492716 30259
88412925 154987
844647186 70718
439028084 138181
99818049 137992
200759856 63775
571362542 96131
116409074 124826
895073540 166828
391961664 87709
872973681 5968
306181740 92192
923654765 57151
385667641 12165
307949661 32473
12722409 154423
630679960 153162
868637479 13579
276640659 37776
140987714 26631
42161506 63996
121433956 164613
407225187 81020
954171083 108352
17298426 94881
790381443 199104
201183720 95900
132294778 140700
767879973 3884
567083000 69053
328735686 110957
272875279 177259
170862396 9739
832808758 51046
334622379 121326
269417733 79498
782837814 110830
364437142 145722
410238966 108072
957164318 99058
762710193 199660
496289216 13744
971376416 73111
617091209 109899
859210031 167723
169541629 113999
485467619 80674
765715604 112125
557577414 70378
557738082 175381
53223483 118563
929937634 198346
820595375 11237
807866849 175097
59926437 87182
618619764 145664
359998969 47976
204749611 190038
416316385 72758
641764235 20719
338519154 63382
441410135 114164
803763197 125530
187298631 168315
343761781 7471
111660062 7061
347531071 27064
31084453 118803
381390226 168101
882373619 159007
343473820 9766
981257368 119667
579552693 118604
781689141 103543
36742735 176879
364753233 142870
770148207 12986
213066809 115896
27863243 89234
368673508 162362
509925293 20185
918051962 129476
715881011 70996
340920551 46729
428868653 125130
755022397 62847
295163224 26431
457301756 134952
816797852 42342
629964858 20396
691461219 26502
771258091 110332
939564681 11202
196298047 96740
133664710 18573
286410656 121634
604937012 183008
934320597 23134
941012425 22090
747021907 60662
62800313 145427
597914615 161272
817554063 158354
584945829 35582
806054544 38145
432675635 55193
318161728 30279
601589307 156607
128157305 168585
922434115 111690
980352511 78234
520657546 75329
511654891 107635
443151157 25293
319672281 167148
441258262 94424
449521062 124524
483933814 173547
230254315 56493
439094342 24264
634599944 161199
635857281 105742
347139527 189813
332395063 79744
670776477 2851
585843593 100252
194283684 133036
493214570 69911
300872983 75318
28483969 45734
655697965 184109
968585146 88651
595344928 148934
679882163 194616
863405206 17662
749946922 182787
661458412 151440
74232977 123394
865988742 56827
240000489 195023
215810711 140590
664694571 25631
303287451 121057
832485816 43403
491191643 87324
423438552 170464
627459735 9962
53777120 151977
484444941 134851
401951946 174033
558158300 23312
430504461 116465
517494146 70686
59684391 158353
476589920 82223
141246486 130078
590493936 87304
32304525 67746
15780935 150894
568734700 131162
42628547 188387
916314704 173114
66085613 102625
176397471 17893
949160601 22103
291864817 99276
385778401 118789
9570233 127389
997908464 157740
590134518 79746
929267602 6486
219094361 78828
259482309 136002
414385005 120912
37600337 192142
589471490 93639
669187097 175630
975188394 46867
763110176 138110
366494531 99323
116991910 130328
720685753 185307
433163276 146958
999129740 72236
908384481 191427
897466412 134230
579454354 70905
382378873 6247
791642137 169915
496146407 139492
337205574 81953
360026113 33084
763944319 38296
212152560 14594
312813315 67230
88790529 107359
192908828 148426
444895363 139498
277140407 107703
896432711 199565
594454177 192574
701414229 32561
756034515 169145
228467734 182607
308023711 198408
918545223 187421
385181235 167988
43377659 50878
470007343 126009
160228905 182797
241941549 11875
728219495 36836
546103900 99349
920771665 90567
471859274 103796
638642989 136453
958392196 140144
473601756 107520
603629824 61781
17608010 166488
528535253 154437
150085662 137721
704997466 30405
367109155 125053
497689545 35366
297144055 166373
576644429 21290
897577807 53166
108439742 13674
99555131 123421
62617173 59545
560121795 41335
649722316 65051
558195795 176704
109748852 12168
155390130 2307
437652209 27620
263792045 108707
522773974 126960
673159045 4167
827464238 12939
717423807 43027
554786950 135796
82716493 4692
743171803 16259
42614321 129642
338692743 119773
798904781 95766
983094607 86207
226853510 186062
157701921 197798
601532885 96163
265624298 154660
825608451 192493
709234898 31217
500208009 197214
157892702 198787
224674731 42066
858061191 199939
572470118 73168
566004784 57837
609687299 196464
675439142 164116
58453377 171398
523790221 61103
398187274 143976
743726862 15557
642307965 177244
9399217 138564
426324870 31336
709470156 5170
252647168 176462
660859077 132691
878899349 105290
694892483 180888
934547536 38202
581311352 178743
602427514 116609
168843066 82288
168981642 29287
143365698 168130
961782245 117147
737794996 34945
166144166 53711
817640083 50498
410249082 94744
325279932 192377
521710249 55421
967916258 140417
133350359 156421
29026359 196707
504384381 87034
958566985 58198
500456053 106934
25884807 32696
656080918 8202
338846914 111863
877693948 156615
804138426 98049
861889998 38378
161624318 10755
145083669 83051
18022460 163638
756227309 155075
575140462 24773
959295857 39683
688883826 169814
421152102 145373
154934449 19634
246015302 85570
266790334 177635
849511215 89814
725151326 45509
222742194 41666
369964489 35963
88883049 193156
658601084 14037
563948708 106074
407235795 113229
706203674 97232
723622811 102516
300698502 85703
197438633 49621
293457322 184539
446174731 149352
358154843 24657
934939125 161141
208937735 129563
95153640 113883
492786583 66292
263552718 120366
987863735 27028
905915955 26276
334307737 17300
332348640 100770
862569261 121403
89385437 185871
24755068 63059
65640913 128486
593844447 69159
208800564 158076
574902552 154764
483419264 136512
697459941 198784
664053208 154200
369473997 187425
301665689 179719
10652618 128334
844252870 179239
843575807 137521
720540118 118675
277812290 115486
957593202 147040
320834287 60018
265625632 123023
711098139 48915
669537588 177758
196385663 174909
894715552 82930
391771384 118146
682261910 198955
900056804 114382
799309904 19959
791991041 116656
409774404 46411
651134510 181861
566329336 120246
370177716 23364
754570857 105257
335274969 64061
366750260 62220
453464095 29566
896817134 164750
336069809 50529
280332829 125037
901877323 140843
77642254 93491
35899368 40902
660892083 115666
968998777 27167
728583150 62376
146662989 59770
541212898 197594
386917459 58610
99488590 36708
776158342 43872
23230266 4179
697315912 14590
449970278 192058
649171383 76275
317239475 132946
405615733 11446
714958104 88305
438713992 74645
919530315 136524
144257097 94036
285211285 89407
776336516 123553
394608810 182209
696974561 103827
782651087 7844
974516306 157915
852210787 78499
632894299 140908
86182026 111423
120714296 61177
627919307 148329
372833851 102666
341176796 136597
711377711 187555
438795206 91858
264052758 117673
566980471 143869
586693485 122105
560176004 59605
75253185 4767
70612567 11166
379115868 123851
518112827 41408
745249562 95730
740303644 87920
121485743 184536
285940193 59093
42036559 122562
824927690 38142
724281272 121716
61960023 105695
712439463 73626
225046851 83890
283683064 22374
809430557 129360
737018792 42383
460229099 19148
68849123 190436
350876295 26064
65755559 31206
709375689 48480
837963659 22691
912650445 95081
54990682 185852
803867263 188216
280845420 79863
854420704 128508
757359780 16991
513016974 89191
983949287 184277
659415836 85816
639958825 90698
576525427 126179
89181133 30928
184942801 3479
222086839 176975
644374202 78951
826213298 175672
73236593 106623
211383176 187117
243975142 19340
270504496 154254
945125519 4377
79640953 153247
141390188 174307
574432141 148310
224882181 49325
42350437 191541
971157876 49861
395160660 41651
967515132 117830
96512245 14685
825913889 38938
811783843 87264
99712256 10073
660208090 30176
526851366 29594
819695562 145857
377866625 4090
383198883 7320
371424011 88009
282775274 40662
20030715 65229
458145092 4889
309971629 86416
994645994 77229
439844372 22327
483430921 163676
282879607 140544
148636074 158182
836602572 128485
609427536 25320
69671259 7731
979069677 9167
506892120 14728
252406481 113954
677278369 80844
349990333 192370
902587154 109179
994503925 113983
126969712 122686
830463983 61233
318939786 142974
948334267 193101
488148190 2738
818784341 141232
471632469 181159
435700440 9117
342254060 45760
597320845 135368
385667526 62528
723897889 165234
656172845 139267
539742603 9403
536375825 137392
163068836 134674
669173422 92002
524160584 24931
886544989 15689
160461967 41541
416820776 189347
261059003 173792
68648573 178377
917496381 16839
901258435 97605
114410135 144498
590747958 193171
225630976 124926
898823028 176857
802311885 34153
475668325 95943
744102689 168476
589945198 89474
815727826 28386
823012646 92522
798732066 172405
742654690 106793
580019368 25253
188769980 163603
217937247 57437
759326542 38489
351652345 160452
929461925 31785
719584789 164538
362991607 139214
509259843 190832
746119261 60416
88425740 169882
632691916 169018
529666642 161600
646946467 181493
414886119 63063
105690619 82091
604534718 188330
322151298 106031
699507381 106689
373045612 132275
17532572 186252
965926356 50061
156615576 195428
125490307 83031
539192654 195197
52084208 40577
41758510 179326
695911899 186174
969319834 194364
707082424 130511
165311419 135392
455237040 45440
398595879 47348
967973762 128284
554842241 99197
292717781 128945
774261776 100650
604467590 50621
258895084 184031
842231574 29248
728138197 165235
991062561 148713
119676923 86596
309567517 125420
741970082 40474
79231861 72385
699057684 73654
634841556 139241
388756259 100588
476251187 22785
111042511 104947
695713712 131110
624575177 71602
750517601 175160
672474529 151311
318388679 65592
68961881 50024
395032832 97075
637759580 189364
226026529 55806
576859461 186846
163726707 40593
128816537 163165
161140429 36325
507118270 175885
627971712 199449
565371101 94507
9652105 82817
51703909 137988
719320676 166487
128841975 113768
303590883 87200
805757694 196087
979263695 168943
266191186 173482
513431433 109592
763853031 53408
391362341 173524
206423531 19857
300475730 13111
747085355 95760
532242144 13164
486003028 179787
810932208 79891
378923845 57740
191475683 41455
46904675 113490
621103338 113704
797171952 25375
844576476 129773
718423061 21679
347646862 129210
26999677 38131
810479107 97093
758973982 187059
361579103 111226
144076003 153042
990106620 57839
476403443 41946
278995901 83964
559376013 178523
231141441 198422
4756355 98946
100177935 58652
248589555 136032
163192733 36561
300117013 22171
304075336 115772
346196175 82573
893632949 49708
394727757 191580
301118540 84184
130969062 145716
888790391 196832
35478827 153392
906940571 7039
245113330 10441
827666526 7299
935230742 165778
396549673 12605
131727226 171888
701083100 34853
715358990 160412
295128065 89202
336984623 7666
913041508 107651
524639629 197322
632581158 27139
180773515 189399
738406337 56616
544846225 167191
522908117 100748
335463296 110589
64023625 196948
184274988 169344
862593091 89272
731013741 5130
126106655 183489
351831187 134765
968427861 123548
953571288 94860
419342905 118164
694852923 55323
582246612 43476
834117916 160875
357146037 84591
401557710 177823
966404606 34448
291790054 158538
399997224 140296
813298232 140516
536616993 56551
471863737 16833
34709583 158295
181599908 20142
496711937 109181
297044380 57888
997626153 85399
64509673 149278
441043312 73843
973918036 190316
137542283 165420
545951512 188630
25149405 5430
804440625 25229
859928086 40041
743017908 141792
534992863 13994
995951565 104099
295630049 93730
328978588 80697
516004269 30143
574765905 168379
877149976 72650
423024016 89376
979214066 193984
165481172 74770
368971078 92469
68299427 34264
552634166 119580
723416331 153005
709354862 90032
348930040 159971
62533802 58304
918965931 140423
397989067 76462
41441582 47781
79345946 199795
299384110 194724
37201853 67847
376078637 33635
541791460 115570
668037527 198789
529073744 160362
924876357 12532
210210140 100298
466612295 100584
290481819 176079
552146323 88463
832749293 66827
35483619 21396
570734012 198532
577628460 190763
965384676 157849
419884283 179315
159989685 9003
223432164 90969
805560097 140112
800434286 73791
987920639 147840
71603183 48203
569599078 32921
468124286 59782
365650477 24330
610621230 56950
324004505 28723
76754386 157067
783427423 28050
861273521 33407
882746852 15475
60131852 20577
50948267 84919
452172869 123989
56780112 171095
968865555 98057
527677327 11198
49026021 162751
71754378 175441
904173374 31425
767450813 47253
542696992 75851
522128214 132912
498269582 166873
961110685 95963
361388241 191064
18490790 136848
783345862 126540
662427431 189371
970447591 56616
881855386 65880
445632722 71114
290432953 171105
831832902 185161
406984138 65599
854317628 151841
462529371 64763
796597243 188751
967539625 136036
423572630 6131
24997999 12335
603729108 58308
73634730 38590
2363174 190460
2522137 84453
903392354 55526
988908070 59405
19574911 199555
302599411 152424
25003520 100175
585952933 2439
14788706 12669
726939276 141527
592650029 36154
735458707 13602
871306005 56218
510059626 132023
551800898 107534
210414648 90796
640636208 82106
875684528 26723
110946995 82162
155736161 185565
444716984 55723
958373760 32675
588364589 69905
461549764 93196
13087027 77465
766999068 35404
467994393 175684
897746424 188711
989816777 160803
17968314 36496
106821733 93676
788086022 55435
709069991 100913
174033661 141510
954658970 83064
504818466 93253
73088318 25878
19416586 169904
889244838 40518
705719178 4640
322313688 102637
95967106 75974
323799946 39161
106070819 152362
956080333 147030
604104108 118602
864539880 21356
797781831 130228
748497122 142260
763308027 100875
109625827 93826
401290192 105152
338426551 43965
236715571 82309
73808202 18339
993624641 115278
908450726 55046
26011592 72727
862245331 199923
780480683 52674
630960524 194986
184587005 66172
315007111 124113
464242361 190027
767694022 58174
118252225 55007
788895880 83873
153362700 166935
41711844 191574
207456643 128816
354606355 111684
658753778 163938
654571419 157644
455596553 160157
397422544 152470
73693833 66813
367371514 124118
474718565 107753
885922943 154044
865296048 85507
33926142 98864
282094927 67887
951413624 189030
813794428 161953
688617343 39903
640352933 158536
153270769 18413
799919421 59291
615104062 39682
166188789 104464
432953524 166719
297454333 196411
774685508 104971
822168685 177838
254948716 108978
698065614 6374
803157612 145503
647282277 28971
986756672 69789
762391078 165868
478167401 152698
474128535 33482
94211725 7771
384785020 122973
500920877 9646
149662615 59186
111604041 132775
875599281 110556
402701980 70836
792308138 66297
632941037 126820
593894215 94834
648353075 6399
467248600 158081
831372267 134383
48379547 196180
870595859 55217
930431655 182620
475525008 56149
361852817 28506
63964897 54907
18695828 124609
503316146 14105
392425684 25062
428289364 97072
587272842 24349
201978899 145855
166614038 21169
953836812 182804
95463014 126856
481039545 31432
458537536 13270
137464722 124833
999987417 49354
779459679 190058
237621245 190452
927238780 132384
760121374 116537
287465008 24085
711808774 173453
574232967 110655
529444451 118851
163905102 67570
598850587 70013
338921970 171400
656961865 21702
598186883 23527
571507352 118439
971193552 124997
652779783 67973
169417735 159161
287550177 90181
807949207 120234
429368706 11294
704617289 172192
340711795 26962
859665543 60785
465095150 25815
474135174 51365
169497921 152665
972608944 47449
210080360 27625
520674868 121407
740765142 65850
302315509 39290
574730516 169446
384643498 78382
171400097 90952
145502749 87317
198011975 162922
281664585 187213
373936844 43383
103614650 152245
763544715 95205
448581010 171162
703272466 4007
474397793 147564
477604371 21651
183371048 64929
109277055 58358
552651250 108536
6726423 87485
316173253 49344
505049399 95401
302596564 145322
546071112 72090
374351079 94920
56278473 74995
268437931 40541
609177104 16222
510726632 107414
77541971 33485
557272127 57770
329162995 33287
948820503 107802
458140410 108241
207481842 96618
824528245 18052
898134395 34136
876099180 156389
228568561 67450
71681724 15084
998317695 142108
542522494 191421
641114259 88170
104015280 147333
190423221 24521
726784466 3285
568846111 39943
894901626 170824
829817937 69470
115548290 81475
567516823 135250
37514553 5186
386962467 138496
457377274 158995
866317873 144597
869072786 74610
83034052 177468
32999346 36106
792359307 145077
674503438 188750
624447151 22672
269065971 48103
855476121 162960
520316069 97227
463187415 104728
330384102 186935
111667568 99885
829444064 98877
530918239 97446
270883363 163684
184917797 173523
558421348 39188
63398332 54259
96187317 49659
9503698 12347
88233416 158632
962161976 165577
877949279 118479
87933943 152123
782638283 53997
453987364 131171
172539487 195164
827448228 185774
36018311 162632
652921573 186637
419777993 163366
259728430 142340
800515758 161982
613678436 61989
962545743 118428
595222336 126150
719191057 86052
733001779 74046
577895017 141674
13153758 90451
879154714 182830
230314375 5371
303589296 46984
371972985 58812
518652926 101987
790170847 197833
789646840 88645
57998573 11621
858379148 112986
475844978 99406
709233567 76409
672624706 191509
455982389 21680
768404009 124558
375785934 78331
530184460 169539
920654259 67489
300284414 93142
456912772 12956
445232260 99592
768136590 97627
975260079 44663
645240014 136843
849303425 10059
607052332 83576
40431434 78413
843686550 102195
368978644 97840
891962003 74856
401214008 9972
391083248 35094
551752307 32018
792308148 46387
499985505 60958
18601088 82659
900360273 100544
881425998 74826
352314478 118003
177661950 162918
258384315 54659
457097892 115244
772185568 9246
74577948 159630
453040960 149505
407397383 191958
996623680 63231
59150773 1486
147944297 27847
866303664 70010
987908749 153578
727851630 157866
147132643 61502
699936178 51629
917649498 189662
811296681 144269
329760807 130803
7915068 72698
608150576 175661
657100312 59471
223176047 25822
964200294 68037
964552725 89604
548524858 23364
286971526 145253
521301258 103181
469918457 101201
571182716 79058
374843690 10055
715368094 102632
317900828 96784
281049131 108630
751145276 114469
122097300 74532
453334128 60236
895488171 106040
940216634 46012
232925083 2557
975750908 78840
591997992 5328
549039847 99239
728219033 192243
428161809 58274
300609589 187664
801829185 166063
412365010 46767
762240188 128359
532631356 115851
96593420 181053
18784848 122884
968529251 18920
871562603 30270
921214500 139121
570367363 167128
563153121 73483
904521556 9291
918069005 122035
671401415 165109
301560524 152577
47483467 185286
815195421 161437
897199945 67943
759712340 60777
57047546 64522
739254294 141069
634168503 62231
777333487 58356
506488622 143298
482516096 187849
35708304 102299
462936072 10417
464321615 167365
708654667 107043
671542505 101907
834189820 45017
675218762 164903
120887589 18029
434560323 20906
490529996 32786
696049822 157782
87254976 66009
577691463 173475
891450528 123392
574475776 109255
977305269 32973
134769609 106388
238138061 188455
513059611 199881
860860920 52664
612296860 57875
227133537 164329
288049361 21245
667770259 38654
942121001 79200
198468775 145441
983209310 75354
932002112 150161
682716391 181671
187656871 75441
253631273 170975
974956052 92225
545109059 50151
243875776 87860
680126422 15398
451940023 170786
853791619 135333
323535258 136722
115893527 61604
874773539 36869
2814882 186474
692444575 100137
157663756 181408
865872556 168313
700188076 28532
223373790 188485
729770355 167011
795655922 59297
267829293 88468
79872578 93180
705967473 63133
66378489 159239
488608595 47714
819171948 177752
457115996 161373
126760782 17864
332110204 73948
891725776 130221
644231741 47370
840688138 196097
837525097 142515
189738577 53277
572847256 197151
1884416 77406
171959002 153067
598997975 93876
988180640 49356
38416312 155684
319886496 190536
202252303 138770
926792606 67147
748365056 66649
28401534 172112
523881369 162046
845645436 14065
442912947 13771
894990632 77814
946948041 128006
592791426 16981
11828409 162634
797985777 38064
970515815 154073
194206266 25979
827458845 126494
258513002 75443
916292642 107920
633193536 181960
313199419 26721
944751137 106728
571599701 10899
565147894 28649
768870782 6510
148239997 149321
31152803 108862
569095193 114949
528226603 133645
662667464 185261
403003137 17877
813533697 158518
169584404 140000
179052693 97029
530090688 192995
560741284 48783
264511381 68514
212980703 118424
635625517 161307
489383591 177098
878425130 12172
530060221 34741
27683656 104579
461561192 94754
132784615 159668
290454682 86214
850593354 158551
71632095 182738
371250538 71330
49895464 85116
892291050 121792
953496536 176906
793748268 11006
99153278 1103
370231371 192465
111291724 169857
862990985 153254
916494397 70325
270405850 108091
984195480 150334
56830126 96743
866759715 79238
129039252 177609
226977568 173731
333845363 152269
852436705 178720
2595969 41086
215968515 85658
684026097 188277
818802100 188059
830427970 146366
164504802 113246
564742268 120195
605075666 159749
662912405 171913
777857146 116083
306370246 107422
437579997 158661
727656057 59932
854861683 33258
824024957 180023
178175257 132447
540235228 12575
406516418 152333
993108372 85288
980348353 175932
905472933 173441
446612947 28004
624993618 38384
694304916 144757
354913899 182369
786764133 87810
686949200 141206
60395091 13306
284282555 65539
863452766 170980
626634860 193711
345929553 113281
11703061 104352
219673437 111611
221719889 171657
2385562 3993
634943947 197044
605784143 173722
406638667 57003
370325191 151313
557205878 160887
372808196 64363
921933967 64387
225954081 39370
243329593 116182
17959057 125991
58484043 18820
964750150 92412
756714023 57091
44495599 27574
243595386 147944
709588234 41204
851959284 87447
636767043 169806
57484416 69368
563804621 38822
392133061 58790
16749642 14000
220251385 68590
241213716 198923
875182888 69323
688308263 178567
759367549 160324
957909789 107857
595187479 43773
761933004 147716
520714665 103812
451375676 71888
627875025 13563
967006054 103326
761337571 92586
779768391 80521
425383420 126082
288169359 176671
486687638 177813
798742129 24206
784464189 199447
455959635 126204
34120602 198195
444112684 109393
168186057 91631
310440167 189625
39694639 23404
22654564 148162
843435031 112628
55731406 193574
479035352 139559
705734330 111050
283760853 39312
783630774 130992
5142068 100398
909265939 73133
14860816 147557
357428731 175746
807371465 138925
361740324 164950
882969602 132724
100515662 53734
976320437 7556
769813218 39436
978576070 4398
787443275 168856
800818104 95266
463336334 151339
415711257 194977
26937311 71113
867335021 158301
680024010 84821
397867783 64226
475227338 15167
184833330 92149
3090626 139344
539189263 98126
377857313 19097
416681531 88452
205839691 90584
489609866 90470
719240431 83151
348306704 148306
191993994 20266
678764962 174189
742046372 66179
488909722 84198
446519669 105067
262067378 121946
872956137 66211
549163547 57779
372664439 56530
722929004 154289
108660011 78370
84012134 144227
596258428 157427
529357788 186690
327874730 9618
236380826 15942
294500696 140305
285153709 157242
718900779 118493
511954028 156387
549760629 105424
603348837 59010
428542499 178947
706319901 5361
263633977 84393
574240460 83295
907869779 49814
259019795 2259
89101128 185073
824905523 24413
802262838 117890
697025480 150674
745193282 119680
49301880 60877
632130960 104713
293299145 36890
323311911 99121
808232971 47585
103932462 120646
19703364 116452
644244311 127151
92426338 4154
936127190 150131
988446828 75337
173357284 30143
511235510 102041
730297733 170103
829122944 66932
174872507 47607
235140943 31222
447068134 181615
223100072 195176
96830540 176873
73109249 110845
565113305 135251
559489134 49283
978322407 195964
57659883 180492
233860530 41094
876765562 129531
313222299 157736
424499421 36242
503934843 9691
107155452 110019
24486440 175695
126935971 146064
370980942 152147
481415363 192399
812548350 53517
227246987 60497
901703420 177721
510136995 101908
901865562 123790
17189217 56349
565521579 85958
26196435 74251
169514745 2087
825216381 100582
440242898 119321
589180914 3205
142264478 1411
799576427 165601
609611419 60930
266863921 90123
654661498 34173
527811144 112281
310236283 71355
855847675 163864
468479500 91127
740129694 102468
743993497 154314
276578899 38914
365124506 116118
874154295 24969
976014342 77485
734517506 187073
187684592 94381
372452671 29863
68162687 173308
699122045 86397
928921321 169748
611516409 20591
414676667 12545
782963011 89502
246098530 97127
365984371 188534
810090725 97453
836246592 138007
699857165 110419
925807913 194161
70112560 297
723256898 33168
501487192 108245
918289619 163501
845180641 3654
976715318 79584
964285239 9315
523776501 11862
720631844 97988
141870752 66419
646691261 55756
160586368 158848
941112017 137938
953575749 94631
93728935 46808
482722851 19193
136377027 122303
318506434 47055
833423741 90595
683379560 130899
92270184 38045
105374258 140683
891940291 51186
993935471 83824
102537904 98666
910051193 55714
189090583 59116
724143783 141106
858626800 32961
114198086 194724
556509804 142146
21962668 78006
282610814 97836
82617299 105982
550095391 53623
12533514 141078
768116574 131564
84100657 124033
588168510 158760
195507486 54497
849456513 133177
471603671 44462
22801831 141324
19724268 114988
980142454 133416
676489179 138664
857593939 165978
782417173 137583
495249715 66449
544133546 36244
574123014 119275
540825305 134244
434922828 73161
249057166 45875
298524180 27117
206742615 94520
101149921 45620
600733510 114479
500629556 188708
236241539 26338
120687695 175623
828420676 73727
212662452 157824
46683380 173524
293477271 98850
103438039 4852
250574153 26697
550362372 144262
122651332 147916
563426845 77084
263391652 198942
599909848 186415
426299195 90496
185166854 44730
370521180 42536
934258743 178381
378371705 110912
221518862 110040
69543303 75632
830161505 155658
556827891 199399
777379457 141002
239115554 131260
626448351 178855
78152282 29539
948865667 138127
890539111 122780
910487187 173061
851655522 6465
975377342 170420
900642937 188196
13286470 60519
751695265 77198
534929788 169603
932711723 87477
951441754 148610
384334730 158387
234358123 27210
86730264 161535
70970435 36797
248750490 148154
573459139 183707
718724410 128969
149352324 137101
924652381 114429
567988517 50142
631212611 160080
158107090 52432
488928451 112470
346417957 22838
326081731 124108
451430421 187189
982276433 187398
920623390 86473
271582212 119893
135771021 48320
349280842 187159
338444228 175130
356362862 42799
785480520 161138
453408030 132411
402029641 119561
442626381 12556
511282306 105972
876556777 19696
268595155 165013
893931544 91878
245410055 64992
448955403 144352
542971477 149109
842523511 92033
874301399 199365
109917057 74192
920066556 39885
731456291 176728
62290400 188586
340433976 114317
567684839 138124
158916640 54930
751737685 24224
543238393 114611
201338634 57662
394426103 82587
329109413 29606
587997285 111806
496558505 82419
846985094 6347
801399962 10732
215771655 45412
999103775 49041
350978773 111620
667365672 76028
639341542 85406
988705229 15948
186401163 120061
928141784 125001
745392523 151112
412340902 55984
551647443 130763
371914057 3747
224940590 18449
431925982 161336
556698546 60518
64644652 155643
873557447 102777
946338494 177935
585010629 29033
927075212 121365
888176512 150494
147234070 170322
793098159 85660
596015381 8892
627916611 150738
989351387 74657
260062661 111837
564743438 10315
88172957 142416
67251756 141229
868401776 91260
369113050 108624
540705811 24512
117637083 74539
593781611 187722
82200676 106391
670665309 6731
177800317 49274
311881619 105261
889977512 65746
515663111 141209
7702543 32519
313141137 19088
335409456 175378
120972490 179978
308270251 178440
780296476 67248
616867541 50516
144156041 142104
917023320 58940
431258634 192512
497251379 21143
323286521 39320
321993223 173697
67972148 191632
287804549 13073
403023722 177666
299437446 55940
381261483 166746
193924275 67427
30140790 45596
925689507 185469
635383001 191841
258798536 29078
405080685 103670
562734458 83195
370729643 51638
723690442 59954
807834193 63945
282076397 60826
372249210 96633
442399092 60383
962599967 89096
527515513 140410
342716652 71669
222921852 33532
424352476 9614
939985391 105976
494486105 23142
344507552 90322
916345871 160386
110835681 72485
335886948 74803
619348355 130949
902118847 92817
871899751 167975
959219854 157205
869539116 122647
446382015 144020
550410933 171427
205153113 135845
271387285 198458
206117272 162941
869697429 163233
664498640 14367
961569399 157362
364734081 86575
781758441 148906
763579896 136685
199835910 32677
774245190 111900
127613325 8486
176022146 114924
998641828 194061
461194722 36628
355755024 88490
789318221 157273
334154131 89295
270568376 22501
894359373 157326
565619721 186365
27286147 166699
709849720 165698
202367058 76115
632066823 107007
586031075 54872
580997153 89015
223641712 47105
824661733 159807
10760017 196982
914398880 132099
376243290 22419
624264089 197994
777290625 60021
323766663 166514
508000247 111399
347287885 127339
87981399 51245
887336276 4111
646662250 165336
676325890 19073
619346022 170147
75091283 3465
413136917 156904
258648710 73134
144390834 56874
255311237 141728
586970478 132341
430500465 58206
809761600 63288
354716179 12792
110802164 125371
824368730 113487
957978830 64723
495201035 138044
743612097 57159
619854148 134865
463521542 106321
313524620 13401
627875901 121003
397765583 24909
877380026 116328
494704714 64891
83581395 135613
43527538 30644
400098483 168742
698187842 24184
338113168 130878
795819967 199967
900857185 13025
916824821 191483
672181895 172064
815437913 137689
792981973 101554
754512773 72029
961154103 23018
771970098 19796
276601938 44491
5557538 75659
139130135 36836
540784346 73916
771625799 48124
445986866 85419
335973282 32683
890822159 47933
207716654 149406
69410035 80176
726414899 172549
664226111 143956
691900633 31685
140226497 6816
530091408 162332
999415415 23181
677778978 40566
702334296 87111
492915750 142092
992805203 72585
2490809 160103
916990903 129719
588599065 13687
619441902 162252
231345134 130228
994757689 169553
193144746 59220
433510837 23721
747533667 87146
581083768 21804
616999108 29490
51392455 10139
248730568 12985
505485388 143657
678919520 86329
31169061 99437
674552295 70755
647638755 111998
250274421 151634
353294898 11094
297875589 38441
78539194 109847
722575242 84643
373148551 105969
194432315 7405
980193856 60557
886305325 152963
34225463 196656
684550653 128244
447374407 150733
810023753 38830
982547923 149821
913842421 191218
819576813 53610
242837065 83059
330407100 140748
728668535 124607
404358252 87420
114297631 122290
797555816 33567
651247442 31262
489876649 100781
650835562 113585
122868856 7539
840232942 21485
143886181 4795
509859153 196495
144281003 183050
112836508 190763
791073177 92037
484290634 88932
156329231 42327
647356435 49957
546595003 125357
343700709 142801
491292607 35277
96728770 20323
528129978 15767
772607590 63908
69279906 127645
892392234 56723
198483928 46173
302726566 199892
487863580 55741
78203666 184543
171488488 191410
774062487 12757
364168833 104653
901765251 101419
720720481 2356
705167339 23232
526754239 153655
140792690 82488
354350758 61894
859431765 16488
390017952 58663
512411024 19516
907780875 196134
610743505 50382
614756342 153630
391847651 11226
220216411 129543
316533946 144104
885424416 109224
692782829 122997
274102133 163598
850745115 197442
543099289 67569
956516953 14674
955840160 22251
620756735 5939
327695715 192883
922086553 44596
702638958 26983
472973592 17297
879211783 79715
834166565 199618
890793788 7771
904641673 67948
27101134 18717
680036141 71060
900580316 142819
859631029 151971
856064713 89318
586323704 98626
502559242 103699
809935594 39411
584499670 12076
717256490 34684
249676754 82700
494316832 100437
573135461 12720
791223698 186111
78728551 73319
305167371 187180
923639958 148747
14398775 99112
823806827 69648
169034017 72484
149271314 94434
12610891 32981
566383083 42973
214714959 77775
725913226 163691
819501370 164414
64450559 140121
301303576 90117
250843247 141011
155752126 125683
144433682 166432
809128259 145647
757762914 148831
449056611 145087
393959199 101695
75550507 15237
963935441 33156
304511147 91242
113830667 45381
448239824 111500
776697891 28971
230897597 27690
299064955 47018
146475376 41090
64508274 98115
897262018 130075
815071789 84408
439389099 73831
971225124 72994
647372314 195753
499017322 159849
638267310 52262
103383442 92166
484879035 169010
683851194 14467
814051703 70759
214492093 119045
512806458 106652
283024073 199260
317130780 188848
100139079 79340
221293949 141508
459719964 43892
310172554 6886
720134204 189755
929415419 21223
847682147 174490
277736473 126371
427693818 150574
572820603 180571
168406944 17003
619682775 125338
932019457 6949
286135409 67797
291068552 176838
123432396 112947
201089497 167268
757432591 198422
956176553 30178
703781524 188439
25614567 116544
341296318 94485
831255378 19391
727599800 57093
677085845 103442
504692510 81937
106122109 127105
774888820 67036
553108182 164467
981141591 167923
342680838 47765
74134053 149692
717431595 5868
899782713 62683
168037520 2930
647545402 85723
399907339 61367
109480258 88059
328338737 185620
513893210 34398
491801542 130190
342011385 9695
408355151 34839
185040946 66135
922790616 50276
540216337 4520
242452089 81153
56382253 89792
99227617 147953
529464967 51560
534708678 19815
474124989 169387
612898269 25026
445555718 156190
344127055 58852
739831969 74169
651031719 151653
12802380 178649
422110923 181944
360924326 131695
114551174 70602
802971427 189336
37419946 50578
815411589 194966
847500712 37224
914083617 198208
116464187 60361
310279734 35110
432464763 135331
989254181 179811
265413131 38992
547872383 30573
459186254 45465
679756799 29800
126610271 165828
247028203 55515
601099871 103976
480699234 150071
638475169 103711
759873727 41303
708997550 165144
285224669 182538
952523406 171945
391438940 90559
388720509 15358
129841538 181879
402615892 86501
657143933 17696
108516916 136704
196695434 95305
474412496 147332
944969767 173162
890097774 181482
620749898 33237
694750611 142576
226001648 194728
232970903 135097
536997320 88045
266047952 130448
604448359 158888
216766298 28285
279671155 21283
291810786 165332
48241590 65107
318595405 64350
828904625 190949
463564877 63645
622584125 13138
641939610 81225
931746462 102331
851404336 168633
587876912 10921
870060884 173896
853211182 92764
28428565 86393
955083323 154839
206756468 1606
568528081 47801
207084532 77883
68278959 38048
69068196 152935
414311238 22835
890644643 139146
92783326 139820
536287344 26848
92609841 90039
892742740 142603
8689730 42864
746092015 102787
919341279 187443
264088812 119761
76104123 152554
903232156 25935
903420059 162829
566688017 171596
811043372 96319
130398025 28380
149198406 186452
45867076 132079
789076655 101913
471827919 192051
152670809 97687
417855708 108215
697372301 65690
743714089 86881
854926413 29137
413054061 27423
932639919 86719
957815792 25059
857209999 77206
925546122 26569
352520584 145407
514720098 175914
566542576 142900
791283713 133702
365944355 186790
414438914 176143
93778197 33119
284621083 174212
858317203 750
916759969 93590
259228167 191676
347597521 113278
917141939 24137
452048701 116676
232750876 15963
169460481 133744
238704502 105344
80460913 15974
25440856 165009
80963008 66345
319542634 130130
856107950 37019
562420046 77723
569504490 52612
552087295 103470
345621506 7907
916651131 146475
959684823 100747
608123303 169995
760267155 146646
395932445 160351
471895403 109847
23366418 105390
746864464 36480
276329758 63623
541317257 68099
74254150 52198
749303303 185718
256643906 143649
499706433 150579
534429275 160918
58159464 178701
268441989 113042
897554770 132323
433200198 158585
723962305 138108
917521551 126849
778309777 129727
5966562 180412
852468477 125676
995594318 196053
702858413 182964
260006125 141096
892731105 9935
400832654 154050
992940512 88975
923063911 190655
557703267 46522
78460358 155389
826630010 1842
858917665 111760
316362574 166961
531979291 104249
876462121 10170
820897310 12578
311429912 109864
815913354 84987
685789857 47261
105653482 176037
926136848 106647
994785022 64662
804206052 42682
841902427 61294
945122428 117755
45915169 167439
401504732 50617
730167384 151109
240704505 150039
884421810 92018
262357418 47214
188533457 64724
339988098 25045
191606981 3273
505552203 66430
804326191 95864
694745973 89007
533928792 137729
56449181 40402
513023228 136582
824177356 136913
408174769 43715
857812407 78024
283958248 141427
900115067 126085
675393518 106972
954160127 75493
518754694 36847
771169173 173903
843778329 48869
442670201 120113
84455276 73959
29562616 177476
931901244 3721
654066260 175648
429510224 46235
347356559 72991
37562242 106359
924207605 169995
869616209 92456
955757657 195607
466860271 43997
617279263 131669
685396001 199829
878773835 49838
210246980 178861
3871451 75225
828466319 184310
596656448 21836
514571070 49738
17501104 30565
518785406 53781
627279435 72683
394318054 50255
747951647 68351
323092132 40928
163604183 87866
291825589 137603
516835820 160686
23591189 78955
639074328 141463
417699438 185736
974309512 164291
496274359 19385
77695378 15805
567791809 84225
815223050 15063
374547733 100735
936450657 39153
711002589 117726
413330955 178664
143398574 165634
381489665 194915
243617931 50628
581082699 54923
77842967 36495
189944758 12469
171424232 193373
801259457 10873
580919880 50934
786176270 121602
523458604 184967
502079505 122717
330534901 43926
777331146 59010
700507743 5089
215498912 190640
485790499 137947
91896841 189531
912195869 164669
633051133 166823
659155331 77032
752709288 25323
455080617 75668
741211753 181910
723690576 39998
156531234 129174
463057564 192260
963948420 183009
824215042 50994
110388596 146261
375813843 128884
516746527 157969
107473875 18671
782893105 127498
992769930 64494
429394868 141455
936325090 169150
822247068 15475
999470122 195766
850651008 78949
262070132 49463
743298722 199270
478662313 42093
990403107 147628
74923506 68326
546964201 130970
946919699 72379
723823200 1335
241502753 28772
33767185 177436
281998659 153392
343770357 163637
638079401 82489
927595922 131371
953353931 71487
317701008 25184
41882434 135478
874215488 84174
39042859 116635
98673129 168350
452637862 104814
959992880 126506
229778422 195133
102590025 17036
544812759 142327
461982331 36557
870442906 4078
698627817 77211
419584873 106424
860313514 176257
737360295 193050
67979569 106506
131452873 89535
204564274 5050
843729965 161300
447474011 60996
243585299 174858
881554032 62725
894156952 21790
73475605 154229
547341082 38409
62737802 63464
350001634 80153
795713409 19112
116891974 50324
846844232 11944
885447690 80298
785420536 140488
157001109 29485
787515576 6452
498129549 25147
651067857 180959
337124689 143881
769818680 185294
330056295 18557
260499811 12586
675712801 146674
994959763 41966
663319977 34159
899637209 196544
187654360 162993
248718203 36037
477392846 35026
717437827 194443
371802972 127301
376564509 87906
210520367 69284
838616523 193201
55208210 124958
976063393 143391
931878849 22548
253974425 35770
442722189 19649
283868938 186883
172299929 133222
477295809 69328
849623733 157147
685522684 114238
488288056 198892
610974181 113678
823487982 164043
465799208 151047
409663387 40343
897361987 191803
966949658 51706
70525113 9119
672920318 103348
850716514 2661
612148486 195373
152717700 84664
93134769 186854
822348913 15420
735021804 170443
264281659 19527
655421865 149495
853063731 6624
735601303 40131
709855820 12968
453421440 142502
871080137 186690
712399524 2544
415515798 99491
559225525 171713
29956008 57850
336858865 71588
190769804 158574
513844397 14306
56415355 165421
789587889 78284
395846269 16309
431503424 59367
397202977 10820
817301187 61852
539240416 55324
624304728 57771
672090596 144051
616703220 2162
595230821 168976
337822404 124758
718614308 146953
225474177 44599
322798810 64624
553162116 82725
611084554 132575
444913927 3704
977832873 13114
391277412 108138
709436803 91705
512756243 82983
580627305 171445
64157913 132176
429419487 26249
774809340 10598
659835407 138133
480150601 18302
936171732 50849
415892041 39402
866446751 77407
741333386 16200
71058572 83099
847214919 27781
649389924 20489
709486687 136453
559763808 67647
302828901 72084
579835845 136191
338682660 177364
770993864 4753
780966637 57592
211417397 50568
123375539 82157
358257383 118984
400720904 147258
979862199 57526
277937310 6997
637138573 38692
140958001 187913
733089825 9560
814116941 43731
791759981 156177
545760364 194259
755561283 144994
497453998 130068
169098616 36657
995453014 184214
698747072 176876
568414280 48223
880882157 60666
257776837 12476
811718530 169334
803595667 134142
528274743 42764
275207293 49649
786897672 132538
372394951 144171
841721142 166712
434877592 155928
518778596 2542
962110070 106203
810541273 60263
767962008 175574
977865856 46123
132847079 161248
594923065 132755
829154995 167206
976720873 154505
53589700 19721
722193943 107081
496218782 42642
519002836 132834
387303814 157019
600910793 64079
102137503 52027
70126531 20673
23740322 74690
952334119 18856
687457614 118762
321409027 181655
462846507 68561
474886735 37698
260265032 16042
134546150 23545
783017302 1589
855280240 129302
710821152 109881
686844398 138859
37515758 5991
253806431 182363
99751291 152586
366745597 104338
96576273 51001
777312425 108301
289073744 111600
634291235 108004
322628958 144982
203710861 87940
210976951 127641
571578551 69426
948082159 185079
599819250 53196
402841134 125851
879145145 134403
243575187 23977
864857667 8787
255990430 72283
459669372 132023
140180510 44549
528839917 120366
310023461 77799
190966544 191592
745747265 48914
362827823 31787
288148032 43684
831564652 113032
423171501 44944
970337708 16109
659268395 103941
855002166 20230
55530227 111834
588060084 103755
462644522 123245
827098609 126
687805432 25944
385733670 43991
625718311 102831
436827567 4668
669057122 63819
276971436 196723
229893118 151341
578686454 71184
335582631 5563
839994773 20489
362054288 173998
885617426 79477
969724270 177326
532574338 55276
402596986 62517
453121035 12978
768091402 85423
379827221 784
837772844 178868
945768824 84984
117149432 16611
93464717 97497
809888434 66534
595460162 101260
678575036 106570
888252374 167767
528667498 158385
101641923 32424
714846024 169690
979163850 64148
782905861 107866
201461701 183164
172015 64335
106846531 33698
894468840 166708
425647445 176978
611006364 93300
390604450 51678
701895950 93894
461429225 90388
109971802 175312
838237383 138723
292451661 95536
740928382 128151
247242662 136539
488184167 192312
783783138 139808
359774596 173785
256244080 49695
544461587 127691
895430098 58199
342155865 146481
161419326 66254
819144208 31315
866422963 185583
199732694 61878
82897475 28346
777232355 81040
24937252 91147
950170400 55264
913125662 191916
377359468 35142
202828013 121299
998160096 109773
632620744 46563
49247364 20572
241907 197258
277877054 92190
442935775 2613
693224178 49977
562050000 110514
358205761 69122
411041850 35705
304414292 149587
264183152 118381
355440682 189291
741988990 68952
597709911 134064
721600042 138181
602398396 92346
174160498 146329
670041385 5394
163743354 181149
80195346 150455
678430365 173142
917879314 32688
526643335 56065
166874835 52742
388525262 96981
479995335 10686
470271414 196179
502847449 86940
725868658 4718
594896754 25180
149022538 137176
938445753 23338
526174163 76498
186843017 43045
566374203 108914
101117030 41468
362645827 91299
894678142 148489
382535695 59260
891626574 117413
391082702 141639
633095199 100546
281654867 11015
322839191 118378
308615545 53086
562869010 165278
605420369 17728
246740708 46809
652523348 54618
27293494 19523
440412356 29551
466115938 93667
672806455 31388
195858373 25229
206475201 9823
179596866 169338
548386732 100630
497145559 86714
668633220 154447
136050061 169852
9324171 154854
767714064 155684
911938782 188574
667544951 103834
677758630 81908
188852803 6366
151115590 143891
83587757 111662
424215361 122583
459626820 85195
462234354 25284
674922926 25128
926988052 15520
380688152 185634
488367917 192695
950057545 164913
261153692 66801
836799275 62752
299365672 93941
88889686 65834
766986119 132890
652281050 149558
941562848 76132
635805794 187503
614328244 114822
676242455 80527
76240333 43550
910355611 77104
795985192 354
998145348 19900
585413324 60819
522211743 115443
138267001 61953
16948589 46686
601841054 167835
251468559 166904
805985236 197184
462412369 98983
399462950 169354
293038094 145631
419084974 178432
672745066 107216
35770827 156411
910847043 29146
466922367 82360
756923497 4044
679174664 106234
111433428 116830
695347316 134
113080891 138983
842623802 177201
306521978 4308
584468460 94802
533063032 90215
941994222 95690
209361345 57073
103871019 136319
118297146 10463
888773363 99289
463251126 6844
311859190 35040
146917914 25929
350641620 172913
346805618 186417
189675664 120489
251280616 125770
401794705 135724
179261426 2118
550937026 80002
268015900 190765
329518679 45200
401081715 196281
62295178 32220
659479501 75270
694540331 158011
400226787 199179
598066012 189023
483209436 147225
144394405 137846
703160564 50018
889585190 185590
450611785 15345
368699232 152879
427374177 198895
827521937 79946
537733500 150942
231707751 78349
679965367 142466
889433404 175255
436923379 63145
305060909 119196
922546338 11746
495680223 62874
845705670 146229
587543381 133875
646342806 142222
578247433 3519
137139187 119581
404180878 118032
125953924 61809
213933798 101747
306426806 111950
630852754 116490
418237761 160304
919577868 184075
200310598 148030
77667345 176835
101777960 40170
242930938 150591
764183487 153840
418153378 185306
161031161 165979
935078893 115457
330160642 77829
712654951 130753
932406289 147837
618735072 21628
993589452 49543
726635994 79052
575112108 21891
337233962 170919
689294675 26306
305345741 9218
818806912 157127
429457231 37814
150577005 180116
169743671 68110
873797634 136544
814420948 160350
80177215 23362
988303209 176926
185061462 92817
407175963 110287
957669237 87345
116724815 89534
841726790 57325
876900054 21749
956705928 157657
298068581 163446
656793907 32766
671623929 131969
750176958 176697
920846168 190345
337856810 163787
27119003 80993
208861224 15014
668682126 145819
361550643 119328
963936532 42948
325932325 146620
526168161 129607
224861593 22807
609275839 189759
734719043 166909
810397819 133150
697013092 42637
598250325 17350
42129750 61597
31118502 198758
727542137 126010
706751534 132819
238654733 37208
458476498 102285
262236813 182369
428979847 76293
667567446 189620
861807043 118922
535533345 38237
907347404 199856
527350995 167717
862656267 127262
742658631 103429
839018496 26427
84625953 15738
571636524 89717
224681689 9208
988994115 177557
286038059 188328
795462538 96107
862074386 100522
699570220 5795
920983750 165449
143501277 58922
867681625 90168
159576500 102610
849916268 154971
596158100 4781
248076446 122568
497745431 115426
527056196 155183
322241997 195719
861605747 99850
571459487 151267
564511226 84621
745571669 140199
43829430 113441
593847331 23578
700882010 164603
168329808 189442
753137756 62030
99732994 48275
326200772 26746
599135693 152403
213076455 81207
897915897 9709
704262093 12503
557847819 127306
177862243 52398
664887284 187842
488856604 157715
669651034 188311
415719421 9975
43425198 70672
192792789 155715
24905523 92096
724380251 110850
867871346 19559
120248601 12084
388942064 1285
445495611 5295
103996829 150007
677020970 96594
777272811 9453
114695841 26777
700243997 63557
728392156 1093
920682191 128815
270429685 89534
399587295 137877
95995871 67554
75907054 4402
975922638 168408
780573363 116342
37610865 189630
353083839 42142
271018932 40601
56152532 82473
689068575 32224
664590812 112373
360935180 73439
609302663 45554
482561420 34787
177577245 170335
515194401 76394
237207940 74942
212351741 144365
508423736 36715
857975258 162720
948701477 87031
742121394 7189
307971503 133862
336253137 47108
962203773 64042
658830288 145454
728164823 151993
79270488 22067
691064937 40770
216348991 14136
482919816 134904
817534408 149850
236411712 87783
264507686 195627
373434395 160082
859119896 184281
40544361 105879
577242707 188325
650836326 63831
354620644 154281
477803985 65235
513801588 137539
980644554 62203
803394056 110776
406979821 94728
89504021 122356
96905549 130804
211848633 190951
285327085 47145
383022063 5180
318557800 191336
252703431 59242
386970364 11627
325883910 134051
482809955 185809
605218501 87488
482885521 170940
197084041 10074
368349781 56301
280057187 96540
689993265 112092
861112563 59230
82962236 172467
83120628 10460
922354054 18190
258934281 19832
634309670 127024
662484078 15544
561882221 77553
657404171 129243
498330622 4843
482810215 48203
927601318 42627
304062401 109604
588558494 50096
537210874 3729
392403907 191978
503119024 163576
293537230 130372
350201157 191391
130276089 80042
582959913 34713
356653936 20864
410330563 32239
791944184 79748
369769594 40595
543442041 186370
149969698 157753
208117932 26873
505326358 6245
844665996 99888
784003403 64716
281443656 131347
367090727 172070
487911239 93293
492487480 58317
293546943 78689
238123625 172191
782775053 115133
867099552 188912
809292628 190734
473557332 142030
167748869 7879
58859531 136442
226926327 73347
984836403 42520
289472548 171351
596059796 134245
657638703 144566
630754210 166342
673421245 24275
510675591 42995
856216414 104958
735537577 111178
929011498 30602
413830521 49783
696926807 181585
467430907 114439
307200399 26561
666280133 87242
212588634 35315
626092813 88420
639789665 161648
258416570 29384
528888031 31491
582175711 81920
389435409 136818
519810955 128803
761980910 95487
492843556 132047
42177342 42785
365497146 108152
946989723 65293
918923133 139820
7193334 106508
43360102 168943
990317024 146351
863900193 125857
723814670 82724
405590562 45417
222301020 140992
922421955 52843
336726114 95528
143112809 168497
835455240 137294
638445014 62705
794516393 53517
753641862 161676
883786858 156224
568231098 171646
592036396 72875
127998295 62596
271418989 52471
145314707 4707
331357481 2304
489309464 75207
775995505 20567
999700669 169207
786311988 57745
121126044 124977
971471965 51518
850809150 137465
272588130 121250
474045296 150404
523800068 161613
247296403 194593
228163297 176164
780970528 153926
187146889 121190
633908834 103143
277989768 19598
761755150 186255
858414714 95441
431544739 188833
295844435 198090
440355474 29742
268584519 35679
941923558 86292
836821292 74036
332069097 164065
884023049 172473
406440467 31310
693686391 186660
580132546 149639
747230842 49663
693865065 60791
177733123 89952
594115483 69385
617147340 137960
861900885 58259
648695511 92245
497402008 7626
764856316 146130
673226638 25992
213832873 110473
667856617 89559
494365919 6327
716883446 100493
367283154 98857
977166166 122167
238474293 131647
666628723 71703
335987685 4244
551403715 130420
566483655 110239
698736849 171938
12215849 144233
691855201 43366
976590954 139962
4874383 153767
487973949 164097
389345501 2308
528204412 9914
886304243 27229
810809096 23755
26230759 117415
416587152 15670
435188663 41563
701331168 77918
454880814 73536
653005957 15798
457903526 46739
74888667 107859
387396537 4322
447096516 73446
875723306 88562
379308963 139463
21823910 105952
539515947 134864
762889697 100262
739073393 163412
434025008 161479
498520698 57192
446326516 72349
563851049 92768
197479098 48864
818778007 120256
402730080 87551
321566092 52785
190823088 32491
615666029 140200
925653512 135547
258469446 187126
672505499 34079
600950495 157523
366473701 89739
863229909 190845
797195935 87045
5321747 28505
319542574 195662
403608023 199886
105616117 127397
681889739 95104
371425447 11454
71384448 4842
695921130 117900
827066190 38935
985585595 189756
563137104 169803
97467128 76462
344818413 36146
478716366 63832
118094110 63000
812760751 177592
757178492 27167
1593457 4931
171661686 56557
230576181 64043
235354026 103063
444895256 55613
763586432 42020
922557323 57587
659751174 34445
318524239 29258
833145928 6065
864332175 79142
975324839 162997
924431354 108752
510346951 111930
915547386 67882
845043092 125734
192410564 20909
12509131 137106
673615712 195197
145946815 161813
734120122 112516
30619375 23485
467007794 22617
122214023 116299
779032558 54426
54852949 140492
855076294 51886
76130381 105258
338144631 182575
511772917 445
831566336 32976
763625707 142586
514237896 11593
787161627 68017
75309193 64846
430159889 7326
925472315 158162
951131132 78457
488402989 2355
259171178 171245
206477117 148627
292793981 11254
465031832 70616
562686453 45909
204490925 51761
677051567 34824
704637371 29626
647615422 144629
627063874 65789
522919855 41271
419957621 152486
37346220 134176
905348801 3765
327608698 16797
718128653 195345
365354451 186114
894654909 175418
905801514 145755
94171864 135438
691146818 51970
148941887 175093
711483795 66390
353551476 55349
743225375 177601
929181178 89791
247806149 190582
330039635 183568
552868281 196724
169251450 195051
748533699 165255
442479669 55674
327482014 61639
105939699 163710
699913367 66172
280910863 37401
51748091 9192
2496703 108259
845767286 144837
229403090 60694
708835674 125032
327373875 134721
589755782 8214
51854053 141828
651494757 14534
283225761 176363
837062812 106325
723609557 184906
127584323 70392
880130949 52987
570335246 99367
831076912 170093
305666452 17867
980168807 65586
665187240 172715
741312065 1512
737818139 141172
437816043 124474
44180765 9215
626722912 9850
900916327 63721
591785606 66490
452096650 7961
536309202 84321
739410019 133774
476144661 42917
275310714 162851
965013635 159370
617503488 30116
215809549 5194
641359088 158157
914966169 87235
422622353 149569
379666757 198275
132378043 134370
204834538 20310
726316770 103328
831363380 19665
689397080 175497
944363501 7324
987530408 9209
110340246 150649
787608181 92901
114463213 156414
103056203 129842
76932748 56373
562446402 68265
28422949 162061
559272865 127798
400532595 161891
956675645 183507
371866852 23435
648642787 188858
585998066 138903
770338017 36209
498156512 55086
572669490 129193
18564697 174049
870839404 68181
996306781 183184
408866215 53927
602906689 191399
313837753 30852
74092881 85154
299001945 44948
370197440 1529
497142123 97168
973703274 171054
696648304 135583
274826137 137487
226502436 166085
396291292 142258
565770130 94464
584939011 103473
764671067 4513
90840888 147674
52250087 37532
432621070 19071
412134337 10192
735876181 92996
196563315 138399
67187527 123790
794901031 114061
932063107 169151
122136316 166965
55656301 148074
108020833 11421
66078794 47129
974928565 53703
29515380 64893
968946764 151268
289142416 26531
128893038 158013
908313383 61537
359057827 23433
431383492 180247
249575325 137775
947958212 97851
356251816 107978
422936240 50681
645583105 64804
911143064 13053
911952410 65745
56957582 127117
975709909 198276
436308885 162310
812150136 112716
985956967 36182
280614249 54016
264931437 65312
534843884 195103
969421954 114371
500235964 41646
878485265 195432
745984609 149826
844193219 130093
470773167 167017
838522945 94197
571049515 70368
834457093 96703
594832188 117297
248555426 130519
223976264 169403
649658753 128771
472844754 94030
898250922 141902
506521297 183130
42439968 82815
410365214 24828
889513968 123716
638679031 16068
660820019 143688
669478225 128046
83215503 152640
877181559 162143
312710899 121938
815740499 79109
798952937 24702
669191402 174535
365278759 120962
502138116 44045
485659927 157063
702653102 69684
362505372 26061
886510980 199733
959843432 52072
836759396 176761
23362991 164388
448250137 110916
943818238 17337
313555339 21631
963306396 107922
919945768 149443
19615984 17612
4757022 75511
707443230 121747
843828440 33610
601470939 118252
637962783 39645
475191025 60832
885666643 131593
715349932 171889
510027326 191376
329056261 39699
785644821 330
927919644 44754
392359490 88846
435527406 57158
187527948 175315
741913572 11160
926288465 187953
13502267 129152
288959411 1723
196965789 184453
746450119 76150
709444968 180246
235163075 56427
643714136 163834
845013841 80081
286864212 26022
910070707 195322
283436558 32956
609035496 91897
237916442 168104
834984255 98022
711599322 72534
809499408 109971
90651299 196451
331763479 35183
850993652 1791
896449751 86281
236676295 142258
103061544 199792
657158471 35510
424382624 188933
244331693 63343
575047223 68196
804616974 19037
231002037 25945
236724911 134240
991281595 40326
164556182 68519
18482987 108139
46524692 20333
552957904 68769
470386411 96860
843567416 1804
903008896 176784
904163419 139183
243496432 142554
483055918 15116
469571577 72840
681549255 87022
184776243 69261
476585417 193091
719241572 170154
721380717 133322
334001921 150500
70948957 55073
839739344 25480
765157387 191783
645885811 142493
237619173 176612
455029224 163753
946602111 138958
997797154 26442
81588981 57972
715123620 111572
84003521 157454
87851053 163100
47092328 75990
593825426 79292
276928761 20234
594548989 185309
175619698 161207
199502435 133170
647391613 166283
154132474 83106
180417435 27731
741128328 156315
230982911 183527
309308592 28076
229995642 70748
184756855 127275
888745032 191981
854139055 31874
583470852 125531
479395512 176285
62313898 190754
37985289 68122
454660694 7195
310852016 23228
696434293 36197
970834313 526
652714874 100957
480643465 179055
835460035 82876
344736153 180790
183907028 131959
640176359 145340
142498581 66384
80671412 95605
657091762 143125
310061508 76091
142953095 186274
700431360 171525
16788528 44200
146665672 146591
931982516 76225
516870997 37732
227688685 191451
490017225 104225
214370090 71695
143361037 198714
640979482 122754
416213220 195372
892406967 146283
616723477 167916
603120019 79615
630115400 156871
727661389 41846
632223678 139247
523595289 3050
743820302 10129
710843610 156674
492482760 73882
722149672 32819
637255355 93661
117565631 75238
617026701 23108
5830091 156790
457058262 148291
932901296 142715
738675465 87738
975771341 116955
870510120 16687
879343436 119750
667844000 97063
421240450 60682
415002312 186201
331683262 79696
77811308 45698
20188254 197037
280280979 130444
86710355 57938
309579897 138139
109917778 145224
855738368 197401
428343808 108849
243759676 129645
13845048 48571
833791871 85330
951129588 161414
21545828 147385
544268056 104019
148054352 29018
872987973 153432
69730347 134295
120830242 186286
619027660 134375
340838955 5968
310014460 53733
460298172 37304
360755063 120522
491086538 51839
64833381 11062
934171761 178396
841362483 34504
205669790 110383
143092668 52727
914561030 14652
780923313 110434
920417384 138018
817552001 113229
494832525 156828
933500934 62414
607817238 67097
501786016 114492
785879913 48873
203164181 132105
712373340 185951
17951479 134495
394004906 19929
104640426 119786
407757724 58512
948929314 53600
273553108 75357
143888721 173201
423267871 2873
452852378 106573
379539168 86856
997864190 177545
201634086 183829
504426308 10429
804517370 181919
318583948 11505
464495615 20173
518464501 91668
546704877 160726
391894702 19923
757352852 80509
456724607 66455
55921000 41135
250412157 133051
326665188 127414
723826732 147970
984588833 35218
396244160 154140
613527162 33472
374138473 56404
802242894 106133
812950531 77833
404841415 99448
751208448 8959
578071305 153451
124490620 61717
893992563 184344
291962220 158594
232761861 108858
650158099 166716
594968936 194163
43628469 117130
29997847 178723
538484642 183238
477540849 2124
452112360 180867
458571608 111811
53334914 184776
700714786 2376
889887535 179886
412589957 104942
991481599 114429
337182439 3747
709669702 179345
261704493 180065
818273148 118204
208981470 79821
617728844 143025
652755939 113235
258099572 137502
88530041 12332
37184802 188716
702256244 42300
707020412 130802
171737982 78264
297310860 9075
866098422 176964
225690828 1773
687849626 8290
208933397 150639
339749174 19624
387520815 133720
831458112 92644
35737705 184770
768930460 124584
549928260 115538
263320432 57984
610711334 1766
332883373 85336
768989659 78940
438646578 18439
211985523 38230
276553096 137277
382242820 91698
829414173 142410
992217913 191588
984951700 99166
484526824 115619
193451083 163263
763640683 11852
152081224 86364
872379828 140885
324211499 23511
801477985 123730
484887250 75917
700479809 198807
929657976 4508
863045306 198359
56753257 36295
94288890 30538
32798531 199067
437389966 115109
775860801 176507
98999924 62095
106402299 149479
400844413 162567
347263610 199899
653400683 191649
525077633 81819
667722354 129763
685226862 70872
811854000 6966
235953993 80088
569367556 174962
468782741 185993
651787430 39147
937413681 40758
462360041 194758
55118256 2539
979590865 171668
666678732 104872
357550972 100414
456963288 115497
875379592 55163
10089061 178598
459779064 149880
132493225 66887
124889452 33420
8509566 196106
403244849 94490
974762447 88508
47339309 199338
609051368 183335
983334666 97582
963094836 29207
910981867 113385
495634393 11105
600448614 156641
415926880 2769
165120063 13869
775302061 177655
1604175 127681
991032551 5703
300962998 57767
867396978 166154
731237203 28950
223555102 71007
473398774 29033
802210927 114056
282400529 165734
185128433 40735
585344442 139752
936571296 155350
183077358 117251
725748132 148002
136567998 82481
350243342 36229
378527795 84273
462814787 163680
513660408 50748
306818958 141664
889240650 165210
146945020 145082
130165138 89719
669646900 99315
671156657 71169
934059488 165913
790657292 69078
930887558 10021
893671672 118632
434278482 179733
389619716 65036
970414153 28806
113372552 67541
735195557 29708
389905820 13721
909658981 39018
842109780 90111
582140913 30559
805139760 16862
402050464 92948
422761974 148350
909482188 30381
933984109 184554
804450549 153179
69639309 28141
889919195 187847
28147334 52707
89691718 9077
978664534 135625
357065493 161329
236960649 68200
847811496 38230
785671774 101635
661645084 99578
92299406 155969
921026824 83975
535772669 173987
969670458 98678
2598427 79721
918420158 181946
525541243 194246
436802091 91610
670615706 165073
283855830 82269
188605669 112698
91453742 179246
187358030 167037
501598368 57523
799049201 195158
60059274 48136
795190371 68829
886575457 24378
185432269 177755
633290363 19519
682452614 200
435615376 134761
830156670 60287
648576549 4086
394913809 91420
670965858 94673
759836026 55380
143456263 194965
412133894 15138
430000283 196340
354756562 39414
665160242 125447
566233804 182969
137511801 148049
433661509 125420
820595926 101500
931912989 103953
419810756 72934
499627409 66212
661506648 119205
533266248 198648
545913642 75711
728222367 27719
184785480 104594
676190634 186842
836851315 154478
127523439 124373
687411626 18607
230218512 154063
925566352 179215
902685707 48076
761254243 7082
589639253 177588
910781040 186402
550428078 55358
26178758 53519
572809777 110657
259166668 70509
69039325 172674
207416462 48147
63248327 124137
29654408 70493
415475603 186091
598126906 112299
103961354 40020
416695637 56519
53863735 182191
929075549 157727
8880232 180743
108195099 154409
836906844 142256
872775845 10720
318045871 86266
757992560 152907
481312859 6758
3383918 42448
376906699 92432
582839657 155386
116729821 88437
212338293 139739
376004865 132792
325735346 176259
839124744 71819
49584525 85804
802004741 115390
819625798 177261
615780 132418
539661234 39791
557993019 192972
312608861 1618
770617769 78029
153955677 109288
396117626 40913
810660589 111593
800842153 99042
884683948 81950
521518185 58617
618792360 114118
257634069 61044
227829504 31003
674745162 151190
80819032 64071
913344666 158947
477994412 40631
939925088 19607
475481259 33068
248381067 5668
719058487 133010
697575386 20417
248271510 54893
301266914 66180
881635878 19872
239548182 133041
647937060 127961
198487654 57513
712057863 55786
14320707 173887
402121548 87379
939019872 28675
244675745 197945
260370886 80815
788829667 33982
265623032 143795
88982755 178288
530389031 52828
963979079 42721
724153101 35636
867162434 118743
501766675 94279
348190050 91676
463432088 16978
439086430 48126
462997936 5789
230618802 171842
167397913 127100
816498537 1946
477941620 90934
895006479 144607
470113371 21989
655660277 98916
3291746 168857
972192966 64497
134271213 98465
596652534 149863
798588765 82690
683135098 138771
474294980 130929
314110779 37163
390456190 69863
355146887 172327
646393439 127852
675111706 107027
585315167 72401
654614343 158322
430477460 4308
811616505 117089
249607982 17450
681218009 55185
379579603 121520
47530621 101486
918754249 134051
1741862 123380
763259535 45307
667126233 48588
288621583 116851
365261617 2317
709976340 25433
858509164 178042
364366546 152596
886926974 31454
692757750 113933
208954782 72840
880047103 1544
660111619 189594
619539389 74909
504892828 157398
375671269 159977
446566838 100450
135960577 182742
680822629 116028
292096716 173260
285489317 162658
425479158 93920
936317375 136305
436789594 3598
918282787 46456
295603441 132460
42782321 139295
332502551 64395
282644618 53496
668759379 168065
880494118 166613
655228938 153297
339305826 150707
169815813 50199
942295340 38999
642394448 12518
440463098 55156
800913631 66270
350895963 113814
125900690 30152
899858733 126220
751448207 10166
602401957 115276
371684326 78137
295819780 5078
403543180 13638
180506725 88761
555368732 124912
657107166 145580
183302411 14757
581965464 98620
467669860 147741
676758882 171260
282172772 24852
793272640 21208
515502786 178060
229683744 21955
682263518 94802
517807520 152097
14949365 162665
649822184 173875
559370171 142927
113325831 123797
193093255 156396
729560538 55424
911673469 84273
854306612 116557
340304135 130665
338061551 41305
167919454 170580
630078799 174638
444135380 181803
59493574 6374
199375182 88519
546608805 132808
20273276 125535
843721656 155151
56529499 132434
778211689 144621
285884902 109531
394884474 93431
157907383 94766
758677415 190283
176719147 127505
224214842 57144
516382352 123502
512388241 130125
446754736 188700
454773135 146439
593266196 115142
698933747 10929
92980442 20158
520848574 126135
591839196 64262
13904887 70685
971926380 194331
159185616 192552
235900599 122992
763329446 53331
292233235 21187
57128662 168543
919547308 159273
716061248 186255
844182605 33382
970821053 50278
881958563 92471
573501152 125298
695773679 196257
978299498 184071
64416704 152876
853757046 33157
954189261 77969
339977114 115562
305292453 120730
773283058 103966
6428336 154340
86672740 177274
39542977 2566
68137412 190493
826269931 133510
544196334 33265
593859001 185604
37800058 150841
790486373 5050
509286563 194686
318974175 140775
916815492 72643
767726090 100753
909943009 123193
207003489 56627
157932645 109351
29242428 37125
314502310 108622
965151317 160125
615172255 148382
637351557 149878
309186631 176783
446226344 22735
871367055 130567
152283763 77224
893639575 63015
810557166 164260
570795909 158205
523948130 189343
103283824 158581
516324606 22480
521549784 123727
225034899 176183
88300062 88815
128607159 137821
840975222 14738
1429975 33490
793964008 143176
367030154 40899
26989835 164391
771365919 60644
509424354 135803
974270446 99859
960512544 45714
121684376 106188
75101714 153595
854814066 104942
555165556 36091
690116014 60373
197541829 25091
707625891 91640
424828889 196756
321796342 118940
55516865 41421
652489671 140528
846077956 26578
708814734 108986
621113932 103191
56326962 83476
573536425 127298
449050681 196436
850541699 93436
540770081 149375
718051289 144459
45463146 153553
556523524 192632
708801930 197136
756073367 154500
45565210 91562
557280622 130589
656849588 51377
720134384 4901
327031646 25823
35848267 38438
213807138 2654
77321225 86990
899422127 148583
855576823 86362
996219890 132869
289373357 45713
965164805 107419
387878127 109777
170063244 106676
588543779 101563
429259026 113015
531784944 159682
584538568 137234
866164998 147910
26312744 160335
709158919 180594
812796141 84255
537878404 133600
601928027 138643
278888037 143822
389749218 61408
823934175 157614
115081296 172470
743123987 160010
435035894 112186
513617857 42193
990548483 81519
174169669 163344
361771312 21418
763088413 146606
404929235 135865
349748193 179454
446577441 177654
746936282 150785
688947831 123192
521742854 181145
599775488 189195
531678970 190298
414422091 162684
319689218 199150
379059964 112039
856803493 283
392295240 150853
20776392 34070
466662734 117561
319015368 28568
871431281 60952
695602865 22342
485872866 5402
616100233 188054
115292604 167470
936465444 182057
259512693 131153
435254042 188827
226568586 89705
291593739 161087
159388434 184717
16281839 74680
974450586 101572
360171536 3687
291572227 189016
155001469 155675
658621310 193830
545690055 1424
855515625 54014
463999862 78925
440565031 23012
199009385 194146
300340366 76810
471639928 34789
777287523 79591
240615352 78055
71167356 18601
896986990 114788
6751855 68164
484951290 175511
228134378 51367
504658777 29335
352474410 191568
253950244 165220
634291581 35379
494988467 53497
295799589 138625
444827436 21922
203894956 36859
774199308 84216
90404429 140244
241752506 183413
569705553 151723
495205486 25832
800704878 42543
346611832 130459
705594316 36574
695289801 175074
594799734 38223
228627520 93530
622802706 167259
539304903 4534
105485556 146105
254977666 33558
978346532 98690
177613373 42588
544409249 190479
596233571 190212
137098196 109611
428137628 155945
539997490 129664
47035312 15301
433574966 191490
421788099 145753
320436847 95859
131150767 190975
610489881 56048
734597436 123628
789087281 86803
990775000 113701
333513899 38021
221150173 97477
859728917 80514
708652259 149261
560164226 14812
713310938 81260
769799087 82985
182414997 145899
152419280 170085
282342902 68966
690337977 36471
493504021 36398
261717504 153987
276890262 140014
987464267 192449
974653442 36294
179366511 191258
729583253 71780
47121907 62295
565415823 42002
916902367 77967
821147499 125452
323694193 48971
764938804 42469
798549988 134012
559905353 69702
118430488 111807
816161409 50805
189455173 29841
194261324 165110
607163499 19086
887067504 137245
461534844 52058
969085894 55078
826141163 163362
645826324 146812
90610472 104678
185719763 147403
222609125 142511
664823087 180398
237544019 99441
720763116 135753
753379879 129727
159253177 111036
220645083 103621
741240858 81336
91424452 150243
156498015 96688
629918413 34815
225935494 154613
712934853 52066
655202234 181502
959435293 8727
504160842 162864
757497846 180414
788812317 90798
89137760 170091
311399658 103425
625670590 74696
292043196 49136
593739760 128507
910521307 6923
519096477 53209
725296874 132107
709528719 41939
822677376 135149
380796218 162510
936585833 56724
820340436 115349
299447023 70622
437208405 78305
272519411 93924
504889480 135884
775317462 190893
762224093 155608
772407196 162032
733960074 45707
811015584 149687
472013246 129674
568565666 176668
270619756 57256
636805304 149771
497702138 147966
784005692 199886
313283170 16583
629753349 126517
556393669 105257
182093385 11481
338354443 49025
348296319 197813
956429322 38821
977685700 163453
364743272 45787
353986455 74005
342606651 1352
216970622 86932
316796972 3915
174644822 182217
848398896 24464
160124075 95848
860559054 7739
719547510 108578
335778390 133888
551715455 176582
360055258 153366
716293874 125423
710825155 175316
611948040 84262
713547263 153145
598064538 88429
242231727 28332
814060837 148225
313318851 98715
89003405 10644
708309364 49211
403608496 78781
479046187 83848
900102015 141693
549345748 182688
408270407 79589
424358890 54255
919680762 108906
99754246 119956
321039204 160778
29776164 123618
553587457 12015
439228964 3206
587588166 59204
984185433 67540
97612346 183746
424283109 80263
244462146 69393
657703342 141964
187259172 60721
586229208 135661
381198383 128468
704028811 161709
765947859 42154
733435661 134908
103272117 7433
673279013 35786
503556234 92029
620200025 107562
166368146 154888
117545075 650
837947687 34331
242492119 180089
398787396 122203
853280019 184896
762217668 50324
541850781 177183
450260609 45048
819390176 62716
561181713 135622
343902609 195881
984920111 64389
996631517 13251
208621342 87830
917328724 43981
774168216 133312
104892611 137873
535674480 176194
676654723 123734
556121546 71713
380781127 86610
910189217 48634
973726889 181537
659116217 20088
839008857 171770
747760374 54607
126735431 41735
868404549 135036
58339431 27977
808705402 70103
423899925 55008
953789194 50399
817951587 118026
511346576 53525
411617334 150205
671016742 43996
697227866 171115
958745956 44084
490553822 137068
688632005 51516
775984557 22067
581901839 107475
276204292 171184
191096979 158643
239598961 175305
126003224 101835
290392996 164424
885255104 157582
637577949 67316
861122104 74389
325113263 177462
596949597 122881
577752410 62027
359470943 43268
141715835 106095
918935515 179336
885377250 79902
947609115 156246
378831349 46302
832020422 22222
454326598 156212
118457450 109994
913495668 87696
155263040 83909
374246848 113500
198655906 168788
984110996 46260
67973335 27652
88055138 188365
883028101 65906
745268468 19832
710220213 105372
755676823 145521
247655175 86211
697647692 7075
726450094 3229
677196776 4831
629702119 11647
113474029 16590
765250822 189776
761415396 141513
462536726 82675
581281428 131262
418485825 102194
518793349 11840
720644581 80436
43705649 87007
365039113 188056
994959596 99855
53625252 87872
106105273 115822
436061306 102942
279066453 83550
61368476 117596
830095867 160603
119559696 131579
434030779 59298
787965388 53488
316425809 50326
934152242 13769
361819862 59254
995124708 137324
411770275 199396
312869954 182222
738960245 23849
371581785 190187
668339223 54236
280783073 136965
956290556 70483
244510639 6010
708095717 96323
41323729 71781
959470429 5491
898766625 81557
781594361 169469
723300347 103081
261994220 144167
458925430 107685
812670380 84020
635783063 8120
840241045 137706
855629832 158848
362896055 110895
603003717 63947
954327456 90182
199447350 96785
581273443 81744
62232730 134977
72377381 33518
374662673 186967
553284876 149139
881095211 168826
261803190 109676
589138788 191430
224699981 103427
532550790 20956
197285968 42017
240254119 123986
794293842 165693
20346443 75947
617364090 57528
279494910 109465
822871611 163139
840523850 117787
652379945 172758
200742084 48207
444741101 34044
226458098 170033
633256071 86069
854309379 83426
410463177 155509
134800808 57694
269732666 27173
41544078 181858
45628342 194845
815480424 94719
109007606 51046
704602764 108752
195682183 82116
553738096 67799
144713124 120829
656108403 159147
651520108 38320
108770328 2623
273168030 152520
482031907 198149
982737442 173475
849493746 187562
77629233 32791
666174430 22809
822659787 123300
177522411 55342
728885956 75821
42101879 12774
831836601 172878
858653760 97462
262286211 35685
697016666 80019
954860684 181265
921322815 147853
474992216 63184
263220872 26401
814341264 122096
725129224 47886
821559116 180326
147500593 82700
745046899 125648
63166421 1835
322619848 117598
597472675 90165
796938046 70087
444382602 196958
798054179 54306
254912614 63952
598224067 38075
458582800 148823
986310616 103703
421136119 51481
407634044 36479
395720222 95419
778709050 115495
883918204 15782
414635938 18233
380015832 164663
912305845 184646
799157672 92780
323956708 190093
734170795 128477
705446668 100042
37548835 172054
623799916 23731
461901485 149104
371783506 87004
759117723 90181
34394358 11220
180396504 74350
567451789 26071
377333462 98792
24504098 33170
7022410 151344
910402612 144111
543313582 162182
925258876 79071
992207795 105872
926620895 84505
813074551 40550
563193485 130016
845407182 194119
461966879 103371
425235487 108444
899360125 159072
79443480 1358
296541967 50256
77180203 38069
712560923 19057
809929485 117892
32546299 75052
328637160 161687
858276110 154279
836851279 133978
504490757 173135
861101627 14576
211797063 78204
747211005 96369
471189362 124334
661951970 19702
732687912 136745
295604809 44002
324603394 143192
482909204 11094
383616801 6574
253752503 134513
598207388 158641
856163796 89797
28052366 125857
324107262 25021
543371329 9118
537316482 8971
198020900 58770
941275654 132069
434604818 77252
787336352 71473
822012121 109526
591872523 16037
891243939 193989
967982989 89945
941203630 145647
102809842 28619
773595057 184319
472538220 164564
274574888 71256
77375498 142635
857885630 132127
595742002 3805
595659787 100344
601283709 192390
185346058 93073
816546789 175451
815587910 102200
782377001 116390
592684556 75776
566477312 145329
118932070 148390
804106826 28507
239078810 185022
921666242 6809
61502257 26429
145007120 168089
596330903 15043
860390732 73981
654825850 137338
660600043 60
560705963 184233
292348455 135693
693937980 158261
524501539 120397
572697769 111146
789015581 57274
582815248 18239
799783071 192653
485000369 182751
560747133 30802
129112460 12750
814112409 87298
420769944 134159
177360062 136613
981376453 67828
108600252 79344
800489994 28887
438299491 44555
131431892 3674
702430145 191647
946899711 141062
491269433 118291
92038336 6432
898364155 135507
396901910 56731
29458359 48570
295586783 45191
336102419 64819
431102432 178449
924705591 16686
446912750 175205
321429298 117921
708506332 88488
727858401 179175
575049459 849
347011561 87215
939089605 64838
161246417 33860
207346205 32064
251388296 2760
158219398 85505
322765899 144993
63905541 162099
74814043 199310
913350161 9409
551070007 21896
96364248 116667
317998210 161793
943348748 2215
687863286 17439
679086188 8544
223476298 55577
690124202 86680
989468346 4401
387075242 187310
95445318 184750
159794780 120397
588796925 139600
474702629 132574
854519082 72324
431207177 169345
387760003 123236
716892473 151791
571493186 52049
924174213 45788
554194483 51159
903177941 83977
460336349 33062
472392848 21183
405669635 80735
390661885 124722
397104463 31479
999840352 163819
124911624 175790
754083196 109485
306586869 65258
569079873 70965
747583685 480
404736895 126080
952483104 166207
432824653 194051
653740970 7299
824681766 110190
310057475 29218
640449808 34046
557101124 131228
377120744 136878
195853441 40953
813640875 87951
27607232 193179
851190803 32069
439146108 130949
333976785 61471
160322285 7205
375208634 144713
534990586 48754
673372208 144697
965498031 88900
634654534 87060
627251659 93825
239645831 172558
61826497 163032
618338404 196199
954878686 20091
200424973 32890
115007843 156626
646086997 164609
988300679 76147
421425903 29097
364231618 120040
273265292 74840
382787840 36468
322512212 164032
981093093 67713
166382194 82446
546879989 167880
259831890 39194
396645354 150054
977805560 146839
997650451 12960
563009958 29852
806331759 153003
618491249 156337
418174318 46348
221694062 171978
747320489 92066
303567792 46735
203214670 160165
938552721 113885
104239454 99300
427780928 132215
484916321 112215
656193091 30682
876368248 190686
411804161 138013
265939724 179777
519134982 1240
939438400 166428
795825480 95939
123024959 51283
465662714 142509
843433061 128152
490140974 5966
350275460 63500
94569276 196599
785829453 77209
503716828 66613
974706884 164410
385184565 110765
894248052 44178
496318860 93475
226542623 35561
668570901 157014
828341251 175853
100056125 180987
174112216 59875
362531391 114333
375836935 177505
920592812 50987
829079477 50006
319416242 142906
718267151 109905
503133940 174243
847337927 33369
75752675 162089
168881666 93849
133711397 161530
920990538 38178
280914689 195162
447435114 117704
412360397 146073
985221957 92358
900263989 65176
963845616 83190
498896667 94309
815994619 192634
92054344 28675
490843534 29788
818902826 188669
892972877 173075
698480196 2261
89899937 82459
7970992 50377
900516880 93327
773349151 49074
584345366 180986
101496812 145470
159937460 172632
794919370 37184
326971055 160107
972541740 63307
120504754 101508
668064481 102566
303570880 49591
224565752 144220
456009170 174081
678328310 32105
271508930 138612
688484732 190087
499613518 146006
679307202 53422
639778151 178901
744801650 107289
730128207 7614
382860276 88685
812165388 157359
477557639 75851
474456362 14006
644847093 87971
13977536 54228
985954626 42796
954096720 115149
687707531 56954
645146298 77368
460368010 145835
426518716 151082
173611816 111042
369735224 2166
264806325 173698
880448659 83386
980098430 3825
385152034 62454
730316277 8065
144584504 2519
137826226 99127
842288327 150291
276915182 7683
309496088 31691
852676583 38656
995002870 35752
937677308 144420
773463173 128196
571196092 198705
760623432 160579
64233383 179221
664857047 92089
651624555 31254
299788754 199362
413061655 162903
471885865 156203
290356457 84636
901092293 34509
7531149 134858
609080870 91448
507149105 2491
377405164 154010
74831524 108546
856885126 8776
176508018 156688
277314459 110613
330428401 28935
776018920 157823
239253542 147300
675085118 25195
858504475 38499
394708641 26660
260275937 99887
530868880 168873
791438448 87801
940187919 38264
587820701 98137
34610359 136369
537555714 45065
100964766 194742
474004545 176797
279895791 101596
572620316 47467
261234419 153149
26220921 83800
195281625 163956
291614709 105599
413736506 121053
38818913 192966
477003505 105885
137445399 112216
376456295 72433
176412626 67761
604348458 22391
988379582 5020
51881 166379
926898488 42247
131278078 98885
809851911 141096
58672352 94298
415890755 144707
302598975 102225
727507030 66223
401945359 136076
686514389 192924
242475029 89324
608684664 137968
847033017 191915
702208991 81539
611096958 188343
643398667 121653
535899919 159589
149464178 75048
607407279 189723
741972834 665
476092357 184697
821690282 86501
269815002 11745
65567904 92896
183011384 188839
550895178 76339
450192411 21268
677041072 38946
468823465 3631
726465387 175663
704750127 103107
128876877 49279
805755947 157591
687053529 162677
557381331 137916
454089896 42010
253078662 87614
198337329 136306
270112464 176478
318240342 77250
675474414 104945
853447503 3527
798674351 188903
947783377 81247
900849760 169779
636505559 74772
760476655 54686
390011822 61609
170068572 30592
799736286 159312
29687540 5108
52301966 173609
555067288 198984
756597264 20355
133564412 108768
969925511 11505
792411470 170270
684695202 127135
533466689 195406
699392336 132178
779637875 139936
259148663 70164
584631744 16491
972733875 87670
648758717 135419
109056969 53444
755065889 92071
103053269 42923
454671675 43587
696591625 95732
271562518 195978
921144105 107527
20348425 25459
404865680 99531
470919115 166278
690281149 188551
238787445 119304
622199139 38733
985601579 81417
819498299 98936
216529223 103050
60781326 89653
619963414 156170
903227728 39012
26876961 186820
24030677 166439
672987995 117583
63896825 125559
507758526 143225
161673619 187900
662456353 195114
411607017 61473
430536337 56519
690558921 46012
607556249 161272
673707010 197592
365988864 117693
899140642 176083
759997276 138653
261104958 89002
879751189 81148
471590313 1271
764425024 77540
919182196 86429
321251280 95845
208671741 171377
875510564 176871
843652331 165758
528401257 141889
772866088 8133
583320404 136746
58409606 1421
967301191 121002
88844867 192365
243013184 47848
249716215 165663
219589359 72433
893911852 166952
774389776 178857
681182359 184234
69792158 72911
482391288 15938
552040418 134416
460885315 141222
306839766 47471
925804931 144938
18740191 176804
848089293 93176
372319716 131722
204898904 164328
174857111 71882
979391607 52685
81724937 15418
245473428 184561
956062608 67380
865124314 175548
318862418 23236
972756244 131528
997863341 3833
532202006 193384
621268609 185747
71026693 71869
222153888 30151
491156972 37509
25611037 120118
807061183 182150
808138761 191509
299228812 68577
622243074 904
392057345 77827
124167017 121418
1066086 90425
263774989 140249
904121127 57977
640093056 78849
364177794 131772
552725730 129957
726045358 182715
919962195 36642
320291843 125736
675697852 105234
496261200 39809
419456424 47706
870207222 191687
34936235 77286
463103089 96953
486049227 174396
919711864 180287
33628551 13380
549046821 113205
194864032 3837
851238529 89744
906948929 2527
190760929 88101
6070525 146358
620499488 171376
81173563 191538
342497772 130937
377583994 100872
629079072 157333
48861999 143853
823935802 168813
12463714 183891
960620535 35255
165273237 27918
855664769 21158
850423008 176909
303920716 74370
578808915 94204
204968868 95997
30498383 37522
972122422 125396
715511675 89456
510202901 138850
187494951 84681
113089308 99398
319781631 123714
812602045 156338
537497570 46005
909128517 30368
851425196 30894
549062923 133958
979230156 184358
476889383 102369
213230395 130134
491352665 93801
176893219 178952
406317892 137585
835366840 157161
955923504 189311
604199506 193926
663771867 126426
272316744 34536
411037456 189040
552643231 14148
760207767 25351
234844125 112471
281491593 86176
414973237 89602
720139205 43935
34266542 90679
887015912 58382
269765165 174939
872721480 153950
53631331 28228
306801005 194095
271464613 21169
44274388 141964
606457115 100146
530383754 177003
55596564 138570
489985859 77258
670282411 86237
84440808 199457
795784006 191362
94497604 11851
318946920 7768
932165486 106192
337434746 91779
391858036 195456
537596707 184161
872986007 162054
726102554 161244
332087346 81491
824052312 165366
703936922 180855
238884053 166778
400702314 157959
128849876 48723
720032826 36599
654601408 124783
694359793 109992
566013998 160533
832884703 17572
460541204 49753
357964512 85669
773525326 78282
553993525 43193
510573866 162276
541673719 61268
906954400 31053
2016153 68080
543166793 162403
451282735 126903
255749719 8650
652809997 35003
720611358 92201
28176107 123943
546004069 97441
435573907 53953
84971325 75306
88154928 145932
133134998 52198
33459277 22990
592456175 82595
536567332 83317
664281785 141229
358643253 173348
944709012 112210
787965880 8780
121231100 46902
445187759 57222
60913860 104079
475482905 57982
926786454 116790
270202029 99297
23322955 133269
348616783 56332
169574031 186688
386193405 111590
71840056 183207
986436350 115330
592962629 119103
439694374 128731
183650225 43536
338482855 42572
496663444 113155
794636887 199509
835632059 152600
436490215 37772
14462736 25574
555937694 64676
308002869 195926
768013703 172383
193695656 15606
597205436 11490
557741428 111874
522387648 55048
749980174 183815
318006543 189049
925748422 56683
670549108 68957
889190338 70992
760954453 189606
42906526 166808
588674369 59076
594519579 63277
90187701 102188
808020929 155522
252758406 191426
241415734 179751
641609093 12269
872715979 18962
640532550 14573
424162664 176342
804294673 102768
32715716 11026
877802442 126127
559174288 141799
662547690 8987
237517337 179091
877355006 78309
92297419 145386
371309247 107537
784985937 151126
179720993 18783
280292423 331
66372638 40754
310579514 78216
459891847 85760
386936391 33910
493729794 659
282364631 71778
93906861 88561
846269354 102744
673671591 187619
256778514 65569
422799347 38155
329681071 189867
877531317 158132
913993016 93535
161256787 51016
122636250 136987
422911150 170459
504574732 1409
716056149 142989
218611327 60801
775659827 58054
367288093 64694
209526069 197087
567528967 111602
312881093 125876
560715783 180129
689211310 35138
341577741 127311
836967631 78883
280424635 15483
189794843 47160
823366979 101366
861850968 57014
765438595 114616
449979866 40445
998166850 38639
865057955 16604
501331842 184717
784638511 196485
498116112 196686
591293073 58114
208950107 150023
585480162 32896
561394863 107449
249567592 63355
830140264 91557
386055594 86646
762801149 180737
788852519 12802
543919194 6180
6576186 85364
992356828 171117
304883879 144674
97279985 163531
506060509 109611
298830744 86467
45003940 33543
821378286 181833
224473050 158757
295558930 6878
482820052 108670
298653217 136133
582690704 40491
779477445 107424
770191998 22583
699629091 150435
573075586 100472
868267076 140763
828752819 188990
122203781 172939
575799192 195068
780972171 163899
333967093 31922
486615721 121100
981144860 18490
680438027 36917
35803924 148601
221971053 194430
19740055 163321
435226500 110225
778135355 35852
554612153 145999
914789633 178731
956287823 82438
286505893 175819
623401627 59063
458772715 9817
336537608 36598
370473968 67790
733558049 13211
981779221 109803
131186221 46192
44310740 122826
290185727 133777
516048194 173164
749496601 162926
896833010 108844
390208041 32400
34195144 94518
990476231 37376
74390070 67254
288173180 9419
956476635 157633
782725456 181854
813530106 145461
836449394 147420
705762884 79891
969125616 118408
890780563 17813
787690482 128151
308831453 13035
506481073 187529
614250992 79824
623114594 172506
368195708 70028
363475403 95630
916345724 50930
793127748 118637
903802381 35877
174086944 15595
798050033 76897
30642049 136248
541206616 29801
416314526 171934
819578991 26219
904721754 179221
383305517 165445
594414482 186914
903353125 121415
721668297 12165
710857333 26617
933353368 53617
688554941 145742
861773794 1595
989679453 82901
270536003 25106
907903738 144862
906745785 184755
972086884 193543
24682441 23596
875161510 108426
420035260 151406
196590717 199376
258563804 150590
350232692 68663
152613091 50646
175774592 180773
674510701 176095
187909070 103296
547582715 131402
730550361 90428
641218292 149600
82054342 159483
434686036 79704
13894709 37910
702610189 184916
859434653 73044
939125779 178882
924560392 165724
689673499 65432
164480131 97913
701805564 121467
630223585 165549
718913185 55666
549387584 153120
425149388 128740
583936182 145439
4078776 87821
378980285 90002
803364282 89788
315311523 22122
672088758 178225
596396386 174376
318927579 77010
499214198 142116
432644632 2927
939961199 165614
515341890 52263
510949826 108014
268053157 56267
793027326 18875
920099173 115042
168766870 190783
461694777 91898
330138386 139849
609341415 136331
70956746 67326
518561304 25681
572026284 188785
4978400 99965
455836286 142253
346838765 171613
895633458 153422
195545533 111202
247995907 95092
218346308 61180
222125236 25699
113029789 149771
837024681 100604
304118340 158444
878809740 84022
863684467 69070
523230158 90248
913522693 87987
963103239 76637
89831603 133751
11837542 77129
490724423 139713
611373579 137511
152763745 54561
473128150 112485
892755698 70444
367621624 94056
337807486 132731
422280592 178123
517743731 68068
411622062 156638
129249015 53274
361213523 104741
889865168 156600
313366581 9294
653579909 40920
299176211 51299
679165718 17815
365094685 5050
643900043 62018
933966557 181920
579704614 107419
523894345 198961
567825130 139207
391764031 173878
22292946 143820
707139991 163974
243890606 188491
128054849 97140
142925658 26192
515380497 102023
137056907 38172
400689149 45726
406975222 92801
990198445 1819
172955294 194813
598965602 150795
145054382 50245
689696468 72893
637043718 166331
186422902 34126
512570367 170431
575919335 196590
403831046 173404
651301166 43734
616192217 59982
21869716 158594
623856085 98001
383450463 119472
561827139 29993
840241913 32889
645918416 178315
447109551 139127
249717570 150172
626056828 170652
963683630 147366
93816030 191937
132338195 142681
457246427 169616
183867745 95595
819350228 195602
228978708 128342
791676122 175387
548813036 20793
392764205 103903
922770761 171934
327256456 7480
604350939 97664
885511065 27439
679916445 176595
937997678 112393
298921800 90191
188086407 46886
234663211 141586
69110014 178187
406030591 129752
551464921 52541
447955924 68164
295103079 182553
509041361 143097
434767219 62158
926671960 91946
570090407 66753
246645122 145918
582746043 173889
942994489 20879
285312532 27442
459669559 157490
143057539 141680
698603778 121069
840124919 142743
708816680 100108
492656260 151565
157940757 145703
460900299 69544
813931015 70990
396012443 198706
635266343 124267
504952699 21732
670086844 140081
75495046 124923
13118376 120628
526606300 125034
283129013 122057
23886556 83660
815147732 59489
599268564 76023
731370676 15625
312157601 156835
722070511 123456
854190605 3463
820012596 171548
854476940 79866
561155193 2405
327235355 20032
510818951 34678
552716283 57406
846219359 139961
370713746 1150
804158427 117620
361837221 38701
508091445 105435
357812220 27341
707236810 107722
62931942 27562
671756555 199851
582050032 49409
533410483 190991
496833195 89184
336786463 81987
329841078 116530
896068919 83346
853963708 112436
988023235 16561
92313577 22407
30622398 149457
11142983 144426
471792258 145571
208575300 139639
226600744 173459
318523958 101321
722291352 179808
36863247 96613
346597731 195765
31186355 178836
897419732 109916
862879729 111209
287810392 166574
825513203 72332
124683483 36917
771344847 159468
150258291 129414
592238608 74375
794147790 29457
543656757 192097
235178748 173215
811593433 71076
252500447 190028
934134017 42319
753773548 139382
434627815 58928
618132382 101633
575214939 53997
235977243 157957
834250346 123415
651226945 172860
450343468 121571
191548335 172845
945309195 161606
465951166 55109
237511047 100290
671443817 123338
83979798 109636
535991380 77982
462326727 124151
521651973 153478
427534964 137283
46506630 161322
619589449 2002
447020763 9055
81634394 185482
134048060 40521
244859035 3745
54582036 69017
790838933 168771
959229798 98749
132171046 7416
116900837 61867
146157579 111016
458839285 134172
264497518 140595
897673502 137226
608904142 66811
259065646 103949
34392836 186863
380772759 82073
992616655 145142
644059512 192159
67469400 83374
540941716 154423
127664521 35962
298574503 67626
575308529 24542
717080055 3704
18713768 119424
674313210 182536
729172815 5083
894431664 187860
557112470 119212
147549976 169218
427525176 140454
613621401 52029
184905652 79245
179382522 193246
895088001 49209
827061837 57695
676373010 6218
838889202 199363
433253728 80571
783919783 17482
35866200 151014
489493006 110035
740485635 17457
207082089 183207
645447220 124334
441918996 68625
971229491 69519
342505952 168954
623516427 16730
373032256 75911
320348075 128963
524620394 155964
770871300 152742
607489703 171957
19536600 133050
438477487 70355
816699654 114655
734602318 1760
696224096 145249
126996888 113351
831427956 48038
276546717 35098
171637480 175559
686769971 56816
349537175 151523
952845353 60832
739741617 95859
628705424 51414
658685493 137568
953080067 152164
554835997 182801
127754287 186743
960877789 161654
103289355 56335
272370715 28724
768548140 61817
437793322 143287
617814997 149482
443643160 104537
374215209 75105
152545602 142822
609177553 16984
347473374 97092
920105235 196771
639897192 125323
600244673 124599
98140248 87364
366152065 130157
177453988 123693
588744433 41660
932723633 147362
579519659 133087
505513660 124852
701662162 147648
83613666 50371
824468229 68536
266494438 157899
686655660 63862
151563502 165452
622456364 183914
470323558 115699
99763738 175329
651170461 34263
270997501 15542
417130118 139208
969775711 55393
838068021 152164
608844182 51715
308344050 65324
313687151 132168
658227310 168556
63862191 111168
555051256 131770
937711054 162888
210729510 3015
713650007 46717
576103803 96239
366823845 63989
397104677 1061
74627987 59562
879939418 174256
152779575 29628
224264723 69621
614474021 37160
190135809 131583
424730974 141162
338271110 110718
129511768 189569
772904031 26034
556104480 185883
46911252 36618
354697276 19900
109177901 83007
489397307 65067
462386900 24304
897555501 63114
716828213 66018
399117295 15219
827749950 147301
651314235 179145
200697723 75824
708037368 152788
483391925 144885
811666437 168830
20356008 179881
384045982 92415
377016590 9087
953680294 140402
498844963 93126
716438248 117192
401716558 60310
599431912 50785
126226024 97461
429041366 99456
919374129 17870
658660247 39668
318468427 165977
971342929 14069
146852994 60065
549356074 148187
523317614 158094
486054633 83163
703886389 131660
627689310 136265
19570396 108818
263772123 34096
468870172 45479
795571701 74170
793635621 2686
193540417 35213
282262665 22629
965173907 127708
968637331 189528
327056483 191083
592698203 80464
40676063 161720
287074993 96641
911175595 142148
986146935 59658
942849023 53513
234019917 57355
421045552 176793
755820192 159097
578030901 115463
103904040 74045
621714357 114988
420081000 32447
239432913 88231
363562670 61036
444441513 97407
517396179 164918
551116745 118912
211350679 185631
613938746 61257
663101218 63279
442524481 38755
677434548 54557
146921802 170716
401973636 184213
270832503 62818
963318391 73755
999497080 147851
680363301 104662
197370163 130434
921192740 28897
170430870 52109
746517370 183802
62964564 184926
277365546 188288
989226526 108732
448216058 137349
753490028 183465
487579823 84023
624145623 173564
628071524 31720
697687436 13187
140869364 192526
192495485 73475
39939974 177222
987927262 28079
905615906 55491
312250688 158480
206593249 32022
307553558 124202
591620204 129867
537611091 117445
532550 120072
169104971 113513
855777439 81360
42921555 144009
933053356 120595
877239913 105332
574354585 64473
516056390 47972
39571627 141314
281590285 132501
132818270 85606
132026138 134327
50442264 97109
227920943 87717
770948061 119062
117131963 80074
139256456 175198
972515596 23402
574576419 148224
630653839 98664
367015803 927
703252715 125623
598839771 17341
383141256 76616
747204250 157537
212865215 69322
724957728 54814
285330744 154279
82584395 199787
23113433 142923
576641465 39369
140499427 65576
739664409 73709
755414064 97978
608402599 110024
993635977 159941
502604310 24351
819330935 1711
176352514 98032
189245241 27763
903131333 65361
98680169 167601
791429293 195151
614039439 18937
161523767 193534
767281894 106320
672673240 162725
187667028 170753
963372530 109571
730385341 97702
202439403 95015
791308081 52921
937975743 57017
358131124 141111
268177305 145878
114048854 169443
60186362 109421
536215573 45990
332334739 33329
692003859 110673
579043852 18966
842653307 193374
665294886 83184
485805051 45936
645185782 172891
232862657 193240
602078910 164295
790654399 174881
147351056 120383
642088291 127349
354515147 178694
286582676 37239
497367838 34198
117165355 69811
937337787 51936
199045495 179589
105674343 171881
770620001 142055
164910098 111355
736748337 44572
968187720 171040
83661403 159104
599475584 39646
813607097 35552
303566673 147421
427395392 77687
804785014 168047
978702964 154632
235263052 171790
916880632 122538
77936354 186444
949797709 106488
559159971 28685
290837358 28837
159670266 159864
630477918 175906
206796112 33823
514719389 86962
839136959 153391
932149064 16815
192209023 195598
797168782 111658
777882707 74845
100668301 115161
166056008 57043
716402968 58146
218518629 195485
921977313 62485
805186540 180421
347704623 8363
100199316 123752
563313721 5722
237559567 116408
793680391 117120
12306608 187712
159392921 57685
968526405 63843
963771215 174839
894242773 40176
772507356 6531
294311759 2467
852142275 133789
863540469 174686
781520893 21379
275370350 162728
243681663 163015
75145237 3644
121267316 67646
119250509 44028
88256192 78680
84512983 39890
60593188 197376
411492880 10673
160059398 143630
378719981 103674
519928180 98696
937215556 98989
352475093 134141
481975539 180674
585142673 8339
980083724 8483
759090898 98123
490096942 96969
256787226 128559
700332030 76643
965290658 101365
750676377 188128
319744992 180649
159614223 64109
718035629 171745
829964727 97354
383253008 170940
315384431 95752
847805725 112706
260570853 23604
127185854 187676
736415355 41455
583099443 180973
965916975 113511
450543064 155793
669608567 91391
906114693 25514
518960776 178872
683127218 64002
243962968 163084
959616110 64999
470495688 135114
339748909 151452
879141344 83185
684151529 19415
488230425 37308
378175563 65243
101886954 97899
713660072 145353
151156287 129707
857819343 277
845487920 103833
264878802 79505
347498474 84570
886666426 5768
669890994 136508
241177692 161814
1948281 119486
623849824 48032
144901229 67323
75071038 174759
384437077 81504
384190416 70195
912757782 76412
24897308 179384
425975561 123573
537564659 193011
592150807 56625
690535837 126028
801213572 64227
469135045 198106
654632570 176310
96081020 18732
657200626 114193
520203169 156779
327065952 20630
317753023 42936
830700797 32684
900223131 14544
612468128 35585
894935661 69752
666934410 55855
317204423 112117
638766158 25969
774535830 189989
153506289 70473
901975821 71596
692299476 4590
41171641 135030
650890434 137527
529924404 21831
365947933 29303
788412990 19788
736260855 113007
103239976 65332
945958517 95561
342009963 76928
822926461 37430
88472475 183699
777901363 178653
642691739 129261
912376038 176480
244536528 31007
387367895 29522
805848327 14322
705486889 59772
74579619 162738
981045942 96094
987472847 22677
100469353 167102
672286600 119220
80562732 143080
642328062 79870
980869820 161896
81843555 150427
520635795 51114
948667480 197066
652966290 40394
799922415 119521
114501333 37599
541339791 165104
139082947 24374
880306468 198671
249257069 179990
160616915 199514
628088483 93962
497544063 80536
872079667 74241
349021535 133285
294772974 146657
691224231 188638
553977829 52349
266175357 172926
970538605 191453
176245898 75087
726104023 82679
333201949 160958
68509425 183873
4744306 131415
901304458 114453
651878571 168210
460891581 15826
654835788 194141
536876754 126868
891665915 9361
331843517 159731
920666991 79528
538718830 26885
187378622 108619
445729367 86057
823449366 177189
963144045 137302
50158916 88400
761443543 121913
946498050 35306
459375426 157219
735856066 121636
944936141 49676
586972950 132326
831308514 90167
862865779 184305
496887654 170389
468877388 93777
445221722 20581
128470794 17076
833734847 197845
130271259 163174
119925047 173451
691014983 194419
938151048 84827
803770743 92285
385189876 9632
973469156 55478
161314397 203
710349824 49077
682028350 104808
350641803 2578
798565707 66754
100879246 158194
528249839 52093
968150739 105374
553504237 106856
461513627 41244
91470469 179390
41475305 178994
511157905 165570
688845663 83438
609978942 175373
782587817 94104
777300227 90878
444131952 146978
418950600 39025
567997476 85503
10538263 112891
630554107 168076
586914927 194252
126440970 107879
990707154 90934
285479877 158503
796205541 162688
443293043 27803
39623598 127451
409756855 151178
329494106 117555
964891764 52621
782022577 109481
518238403 32876
87797807 180677
588366779 140916
82197051 70134
462263045 46459
452221441 15769
562883282 36102
384223583 196020
827960760 108747
331435265 72672
288931295 159797
789337664 26688
212623764 5921
13731569 33235
139453126 7228
105893598 86594
661155588 102499
317308474 170144
685638031 171554
959530855 26448
754169899 186720
533435834 182729
849002858 27829
722922558 46098
625290847 76850
479124532 92142
841465487 14587
888544788 140629
792707808 88372
765458533 188138
265150201 31937
261134035 50889
85559115 197798
671754578 20337
506175617 155174
685224698 150791
714547542 158264
351669602 122354
890857665 1502
85602193 131928
677054679 7841
779339837 19359
12066488 51157
907583770 128575
470610597 754
392389009 8163
813432799 126279
303651119 89921
733068194 57653
901685423 25333
907501364 35347
342230896 172313
299366789 193595
87783749 157284
956380688 69919
634776390 133954
873722313 195204
748522015 76620
934098602 125604
141462851 80025
244194131 114884
712621168 1806
259181077 3917
752355950 1094
826366739 28679
653061454 185728
940158433 97786
507284513 66508
349795696 192086
834739263 150312
125958973 104681
393941997 141507
697999584 141776
245103227 22675
925840029 184296
727232400 57037
965462852 177316
778061512 171811
825102928 58307
670897100 30618
17009889 85682
760628545 136740
510563644 33341
678578640 67450
671122010 69809
743567007 102015
735966854 80813
690107424 7546
246498287 114860
575735251 17974
134658779 186350
844393201 15150
647472060 89173
428803551 145870
633401806 29073
849085039 17431
124705844 170993
364491542 86637
644232470 15464
164366613 46588
509841063 178281
882396418 132568
501110795 83327
271286972 57864
775692982 149626
53606030 123778
727158687 38111
96557044 137477
687798955 174914
859107642 91061
250991316 50945
694904778 149376
742983610 131553
775081517 72654
569382945 38891
897390394 189776
703617252 86352
853172572 161964
186929254 145995
367749333 67993
457613111 149262
578160148 175034
849622475 77832
414889812 108370
897389446 176665
553545057 145707
695651542 4771
20173030 21763
929372048 96377
969104073 14304
778445717 89913
57460073 132784
44849957 120054
218135268 79516
714647639 143770
874008210 172548
620827378 91053
485955610 194879
489106774 139834
4911372 176985
288546582 108855
513641458 178567
549792796 180411
482111670 58379
880160238 181638
804967147 136859
515974876 189312
162045036 14962
510239812 163126
850595002 30715
308706696 181011
455492809 1624
159890195 64742
595124988 138804
437951605 62824
827738870 163383
813291071 59761
772676466 13549
122217753 84216
981637320 41638
816647130 121210
651592125 15981
320348883 154071
509011301 8947
123059373 17464
547358933 15807
300542309 160389
444156203 58747
418587542 62483
670108341 71310
546345836 78150
440910564 28016
47273780 72164
685167736 51206
398216526 28155
880860725 143904
610789181 99790
540583890 188395
981614664 80583
260580587 13176
885227558 95607
782619415 186628
791225686 199120
858134077 111256
962838054 194140
174930393 71460
258316990 170807
842558602 84015
139171381 29177
202733633 126680
744451866 30422
184116321 78009
121215933 100799
531600232 62675
678986233 193912
381557708 169682
295086785 197734
865601716 147492
666567066 72216
336468847 159078
648646300 185702
406905713 28743
200127775 47451
984648669 48699
901344652 28166
60323992 123035
285034937 12113
419394521 189054
730460921 38152
917873861 156213
966249999 21279
273341397 146711
995052913 33521
67613122 106199
89393721 13672
10419516 175071
284223700 161196
853183289 58322
613497496 72667
533374386 20270
776877950 151099
917401346 141420
81597675 164962
26898284 132042
480365786 175220
221077465 69131
709556632 15220
346389658 92657
159394680 96507
140297483 2173
497599426 186478
418819766 37671
128721836 185421
198644598 121205
259703266 199980
792676987 198796
534312949 112985
360880066 64759
187834863 186929
164872149 33363
892390957 66965
725949031 71557
913102452 65443
513423220 108233
510294665 186577
177046780 98717
390213260 72799
459416752 1900
89136774 32178
820356982 187862
556293782 50222
719143883 124205
27809730 122750
10584083 181251
665518805 20695
224672542 56460
957419905 5961
137933207 38760
655250155 87198
133936037 85526
843371112 145857
355368938 174620
558329148 30831
325056924 89532
482215863 133096
159935549 136130
70653376 78392
491783822 235
418917308 148815
761813616 48284
774982477 24899
387071717 44519
306731134 128821
231618324 151848
230102148 68244
181405181 177636
98103948 108239
812207406 20702
777808434 26507
145717416 152222
218521345 85879
12167951 105833
123715405 199494
698565854 59115
694137895 78064
992484727 97678
453200540 49549
922973669 198030
565370354 107962
401017645 56353
356817589 22420
997544519 105242
820842482 55107
593226980 70760
102803079 42526
615242877 165521
717352536 157070
712094073 48831
65496137 156804
816693015 115384
549089826 98316
269124546 165691
37609923 128963
237355610 52850
922310462 158315
449969784 188708
177222988 164988
28806266 22916
907197681 8724
970032543 4300
730012030 161456
578808270 126408
79355523 165374
717025913 165865
18631718 152886
687652874 169459
358634847 185357
109127603 182451
750763845 12890
483388626 168784
641789223 94540
527985227 24899
593526558 12484
749239944 110992
773195887 129701
132414350 14334
749036241 18245
40374537 162262
41263197 180539
111363250 29337
505527271 131963
156630544 14778
226868619 66230
977415714 159197
986286402 184069
732630109 156367
372684276 145150
37218486 83503
704583824 28225
695879110 144492
244221817 48675
388613960 38605
570242163 113667
483928336 87859
108336387 54913
336854294 66345
869251977 47138
843857950 37937
745618830 198999
90363765 194988
818773378 158267
843132656 126494
337981254 104157
694017122 71163
957719363 53681
849408478 184971
230191747 189251
811312494 179666
648863839 123833
137831922 10024
626761012 86480
512796938 153293
873964522 178351
870789540 64453
975522374 164418
598887075 103502
29686565 70928
706378721 131965
776821942 23180
987462835 21799
9115561 146871
150518324 71467
873753850 145072
206804336 113753
699540665 25150
278765781 16593
735251922 53902
189401985 34464
135427661 60477
793096515 195674
463460360 109217
840773896 126186
487485355 36224
847684138 176750
461854302 143556
433880851 47143
164495351 144601
584846680 198119
928554697 117104
695605830 144299
968648819 167559
882409921 17220
110800690 185746
164394044 168796
683779537 166677
592878929 160538
591337764 167933
574250258 16389
814600456 175861
657838789 168644
805717687 181818
657469496 141404
751964225 87483
765209555 191185
64307588 3964
481242899 56723
420396052 40341
904342124 46028
110240877 29353
113420398 163639
646600416 177931
665566290 191177
696876381 134370
417998823 188987
442820632 69260
685034854 68376
245586662 133631
144100435 132168
861588182 185629
745228231 125112
763620812 100759
545195758 76204
293077315 176216
632857705 183727
279104508 115505
28664562 23396
387658354 103147
468253029 161525
331039747 145526
995788428 145841
478549908 94439
825101131 192313
615222199 113938
521117746 140478
137878654 175531
54539279 97527
737432387 103870
963754925 183015
374384655 102013
323118623 189242
27946029 153287
324457946 72329
294974051 160201
467381902 104366
434165100 58383
857560005 117493
451517462 49772
425913731 177123
719392993 196710
229294808 155344
930240535 156333
622453016 127455
175908785 157311
570059940 21141
31086350 40652
971378505 81628
725969036 8519
789640592 30399
366598957 29155
957919502 44440
277978528 192603
826449221 191312
370655727 108026
922793471 60579
111789117 38562
440473558 178053
290696671 197904
618974707 116943
908515865 196854
118504875 57035
961612116 24115
804698552 12092
135006032 66523
984004196 80895
175839537 144536
445273000 53760
127765608 63054
796893920 108840
603802078 85173
751355227 184774
432392983 22447
83911882 64357
310030462 188342
177028723 86765
885062034 97470
256571597 13188
765706624 185375
282436269 176255
641745048 88205
668813124 32680
305740996 199302
493488316 165925
496714321 127308
525553377 174875
621688069 195228
80236273 88705
498734351 30606
381226376 176758
708663295 132741
328105871 58616
188040900 82014
596218349 118638
106458945 174768
852156262 142039
599871509 198817
159401404 73487
841595915 62469
221157901 106608
186575569 60975
256849730 199551
934329133 69091
857955097 103501
489029746 79213
270959533 185080
463857253 47794
125705036 162273
245245478 106011
356098582 182983
142662638 65989
179024476 14378
859762540 122507
80897896 97966
792387987 604
62418050 20387
793285906 128607
2643600 2523
71125281 48155
652524661 11042
463972455 11485
874397253 128617
879185323 108957
492208198 46714
123716863 105559
864640141 79687
534313333 184148
466177713 20509
667282181 39450
679755671 93388
506536555 165163
868496566 9258
598467711 153405
518116172 60084
497508122 69781
913337330 197513
614395896 122548
712879608 92243
187343308 140469
909102746 187337
174889404 17356
718396576 102474
232866513 123545
253929149 111350
572774233 112986
644305696 127865
752783204 195394
139417554 79563
404462637 120866
921967849 103422
116774760 99514
567930830 188226
435689029 84626
433264423 199713
869275251 186030
871182020 7738
752749347 174874
382220547 5491
934499171 112785
817050415 75775
293258171 173548
807957872 6833
539340749 137467
208421523 104708
104030565 197722
243143160 166395
578483985 13615
684891480 123805
560739751 27704
574111204 5787
428990953 98929
895015622 143720
235043032 27954
483391068 172715
891313981 70602
601157559 78339
530147078 164370
877467506 167191
331548301 195135
941269265 116461
301510140 40488
563841082 196797
95716946 99926
356574447 64185
622735907 16953
239252021 198939
261024608 29243
606171285 137190
443635142 55466
268663346 76932
984420332 22885
364061743 18323
215048753 179911
336772557 73842
739254001 93395
175430408 197917
877697446 120237
573636495 19881
940386924 66287
372839520 32259
581811573 196729
918588919 20998
849164895 63956
632510662 43666
822318772 116408
695450620 119632
950225594 63115
309035988 92709
453666382 40169
702163691 180057
542601703 172506
313660059 9444
927627059 16768
665216085 133195
663399938 147168
446009672 87431
855373482 28519
412627770 39167
853599676 135406
289536692 19804
592534470 168996
567156773 111973
422693925 42250
613546694 146713
970872274 9629
811174571 48150
388409022 28886
956415584 166113
788669283 118247
767078780 87882
177277504 197307
365740974 71623
467695540 127800
887001298 172137
674530605 98041
329327747 151492
880077024 102797
611460787 108848
312547310 146349
318454449 34834
892788781 114778
298577169 152365
537797468 10673
497577510 101472
149336021 20030
752083703 194803
663262396 79904
726767944 149674
284622186 167762
161814569 122284
169459960 143630
132758526 63233
564612482 79714
799081990 30879
338886336 8674
715140882 172862
413115331 97657
740154175 127907
13681238 18289
527686029 21063
492216779 114425
477923772 190944
976284232 24685
653244177 141397
755420051 78697
112036043 1544
101130885 151177
619183753 47503
459331670 112665
696864665 77818
662409583 55598
10687376 131544
393490013 127913
70197497 105634
109079329 57545
380731311 126655
971900828 196889
577474361 174112
291015560 116959
653120349 136636
245061904 162072
208278005 199132
725021000 107596
885522682 69552
739349513 32677
533551616 86168
693160972 71968
884192527 186903
682908402 129490
565895004 145818
912720598 82784
164784920 68090
886967896 173524
218113874 107941
778803331 69016
410067539 35232
817060189 146092
161265793 131798
191800173 88408
603351737 126867
76845061 60757
92117564 153470
469282764 81121
873668737 114210
434646509 134769
919310670 37158
436903476 93874
471371797 549
625061167 77096
753908981 170404
266283426 85971
633480328 6931
91915975 47490
121643254 116688
866012210 192574
698496410 29115
726762933 174593
788171107 96162
276744962 78008
893890241 117501
56385756 179697
183394255 13728
901860263 198183
328385284 155765
810826511 115215
752921538 50649
24225661 190298
588149145 21245
987422293 34339
734733097 105983
595051110 45463
571859937 117193
838152542 20231
464994597 1313
194372016 171694
358519454 108049
954676083 132570
874862902 164840
248446808 102769
463539478 115713
96514003 127981
410961493 67146
899294095 13670
171374684 118844
636839388 187703
9365736 34082
966822440 3532
440668266 108988
709054727 30757
666248980 8299
575607483 149546
295564103 25279
354693219 68022
657862297 50670
390798649 13698
110176499 40556
958879273 16367
36123261 131352
164655688 13213
642124888 138609
237402109 43979
650886447 120303
338759338 24873
518216754 94332
281444318 28936
561961476 184486
657763834 149356
789156791 7279
889116087 151080
402601112 104034
674349921 68409
304704331 179773
384102612 156954
806973931 120272
796919004 12319
684357182 92756
378133607 40340
224983413 96405
557096181 154533
909402107 172424
384025223 145066
448331202 2401
186540882 21622
270057060 3248
454742611 106255
493217064 7583
757980492 194143
536250406 83144
382808304 178352
259020007 77335
40121 75439
418446075 182580
371130146 151793
371852860 86577
619213814 151485
644235704 62985
124512193 55989
672225920 15752
428048977 193055
914833038 55699
860635739 132750
775023916 170223
812572659 130213
918760846 98899
46241577 120631
667229715 43148
669275902 165498
722168939 81238
410820739 160612
97489488 36990
165434337 188046
869652499 142694
541880373 144499
46755920 25228
323040534 175351
956453579 166423
119985610 80012
427721364 86441
233550499 17481
877949110 102015
231248225 178625
447223733 102305
530006891 177972
397124545 174912
584720708 119658
993826818 159831
793324743 45399
365613904 64298
982742654 177696
55846691 78895
16857026 175717
383114272 21634
321643897 13397
74005142 166568
115116961 104918
780178126 80497
612836443 165584
85485305 109120
195295149 9752
427538115 23539
590580944 90127
635755171 22012
209676040 82043
512589338 33498
398979392 25577
140400692 91480
706756871 75583
947422433 150897
390030894 111542
308624344 66002
617431255 109852
115399106 46562
667821134 119486
26264013 188428
935499051 60358
459243005 49957
620249749 7280
38423373 118955
380394254 144234
278896562 81003
688238590 18209
266499467 53181
785868797 10053
450199614 17387
658797215 93005
384918362 71762
875346402 191006
387934632 166213
74525076 187002
277402534 82220
808926815 189686
676883366 196205
60507818 36036
726145734 38762
155286746 85281
875765900 56534
652249165 129253
713769126 37922
56422355 139426
448400703 46190
784409422 129576
242080089 51385
910868358 29158
9251528 71856
475778461 97243
383307792 53740
719064246 139228
423575878 19908
416549415 48216
209405959 41031
281795171 91937
467195688 39664
892787485 111062
368240455 109182
58538983 175503
396162182 27114
880141120 76283
898065027 29293
338791288 168558
820370612 176146
518429774 73256
565107727 98778
96069861 34941
202556036 122763
811729823 189760
828648394 12469
872207063 52322
973071686 168803
907809386 136784
292418288 196927
302420572 134129
468824940 114100
496647714 16231
121080839 104002
811275705 108888
732386598 69365
197816051 95099
967274354 196059
36547805 138067
768518645 165879
747134689 174899
749505942 114874
102275364 13092
824885917 38430
337725388 159246
207444209 157032
519737557 29075
517097132 18452
149971465 12465
833345287 178973
549221319 26094
873315335 20029
396349661 61205
493829233 46848
773598936 197346
619400071 22113
80244848 188188
365161824 194187
941900775 4020
229370566 107321
210536054 116836
689822876 179686
179379968 125043
202242318 159717
256505986 186245
953076308 68825
162311986 158570
700387827 148396
270330186 48980
385350145 34585
340292862 153068
90452524 116510
905556442 92824
765391586 166186
306497357 60622
762590234 136339
260217680 173962
886191494 187352
91792999 60678
307545263 87037
483087858 76296
724681727 113384
40721748 107781
832833774 34162
131469683 49066
334580342 18898
111836538 121642
245108968 14622
824508789 25070
829765972 89109
63488222 56830
259341603 158215
10620364 129854
643591667 198032
252250241 188372
824221832 38114
844156678 188779
637215146 188538
314549158 107375
147381380 165684
574330718 182253
574450432 141130
195968929 12976
66140355 189661
169834718 139529
285046818 17954
512936263 99228
43785590 64972
71644074 94668
563772354 176305
850177962 37613
286122432 124770
299284794 120412
500814999 141986
582557980 33745
982689141 194458
338361410 178350
146921839 98246
67552192 119314
782998278 114963
225816672 107191
361823580 75657
80939821 110761
620778175 58895
436254432 99531
842858638 152127
209574176 143955
331535488 79199
636781362 153649
593254784 196857
947873619 129358
98458673 121654
606160382 113841
710065446 171686
763848536 96377
835539719 199530
189785443 148322
566213427 168550
157385717 127370
516569272 92757
145780455 12064
729329602 136141
395705047 84259
297274155 174012
835641673 47843
501736425 58937
906031399 108879
67225477 25925
11109014 69925
541808113 88203
737039220 90687
256474506 25433
58889747 116610
96562506 49245
795893133 13248
454496164 178575
639121502 120818
620814660 86827
882802342 16724
199374159 15562
743438178 28734
275690456 193601
324945050 54815
546881231 145411
878643591 22354
999110885 8595
85723761 10373
54591165 30760
126705972 40736
995330988 159738
278999717 10302
921816481 122370
261343826 75697
992953100 132981
145279158 108714
613435296 18798
876736434 115665
359979476 27124
753175129 4942
928319809 183650
460324460 144642
212287747 131210
331911036 71945
434185825 115972
620358637 139810
156559827 130426
199207713 123298
8709496 173574
391826311 166156
934750958 151885
264231906 25742
411084379 108326
67409476 134523
455762558 109612
694826364 29193
699115210 199155
940098805 192702
633057740 151427
679880922 13540
78376191 192998
994391475 43495
498636996 23959
65292316 76784
421384903 107375
960869303 107539
128387662 1221
815710701 135135
824158943 148998
16403568 166649
443197356 14884
7247430 87281
396097843 190956
673990570 48573
552898507 66149
866822309 109067
145154732 198134
422323369 196147
854585772 91795
918728470 62208
123490960 149778
398845252 190825
741185819 70479
77638040 169476
493441936 128575
945825912 144648
852621889 72807
256876461 147188
645706655 31523
153476037 168145
573415607 189755
536126081 22542
668395591 45830
607276145 104808
595753380 146552
469284511 155490
457727656 127962
827134050 111939
137420063 71332
711292817 143251
789093343 127439
218760639 180878
401925336 78225
572422965 196954
644222939 135932
545621840 32319
887055818 86259
968721924 57069
845522120 26456
716268876 10064
752389382 47060
903094484 151154
732022621 97215
821015216 116763
426716338 140268
914255689 18230
578096807 54511
252897664 105086
141248644 113112
315304877 153879
629221162 5386
789212230 103755
495057868 113270
594829546 118721
936689466 64823
17035810 122400
687559919 49058
603459792 19181
376174717 19099
266143699 179004
198362536 194957
87101084 189187
275939687 24007
461615740 41027
40730173 84819
608464734 82917
460201263 110213
10102202 5700
325058902 135174
797441084 171941
204815144 103388
110902067 47658
56575974 18156
622161710 46799
721265065 91545
70236039 161409
42353552 90780
82164947 171120
623185308 112990
605241805 40120
243188240 56117
678933290 28564
297434125 54264
293498125 134015
405359902 49433
693027936 121853
112176490 14395
759624762 122523
143177077 25996
243583455 62001
224884155 76190
485323770 13065
979692567 157496
113179968 46878
906333259 150161
131031877 55667
45714994 96303
694349300 122257
239068285 175923
139341568 196967
405423733 140881
450013056 30511
934168187 167461
149469504 48525
95799965 131110
41623278 53699
317083346 131000
944042910 164213
769098369 31211
562774780 190513
425273155 50510
643885465 194975
87136090 66643
287082037 3187
655720649 175585
816797969 86281
305586199 27359
132282015 26375
594962886 100292
135592923 2440
211856665 126640
356943122 45856
410987809 43676
774229093 39810
993170106 1439
985133086 90777
758414552 35735
765918127 103569
867364569 39455
606792540 85325
151507572 167951
433869100 90378
998474622 18422
607341566 33232
229738243 95675
610352397 114066
836016588 194725
305151581 93594
228554523 155643
627946715 76788
96467380 78695
143418127 99760
59317588 189999
963258636 65242
708276715 86851
509753784 40167
33055989 109336
453659970 89222
79489006 2001
602222908 191466
178952755 130969
580168255 36061
192365629 105710
477621704 37265
303730262 81391
475677532 148969
804397074 80770
247110888 161203
717681670 74749
66641404 155996
922567458 153407
246607378 97151
257216632 39535
897006111 12859
991822736 69589
81509237 119355
907608867 58440
891133085 41826
487569587 181280
101390423 16704
689330665 77903
951403870 1040
967992047 148003
917017854 53629
675146796 156884
710199699 100009
363908936 183080
774167084 137189
938822972 169948
637717800 109483
339640553 43072
754074391 94138
735118872 42397
389842658 144451
527505685 192170
832536491 87035
663693317 68300
995755826 152748
335805114 128362
559218018 118826
368665377 154674
788657463 80062
801246912 68966
480611339 48453
283225215 55452
646119621 42569
537990060 88642
651751998 122066
765254903 149025
375619909 79861
623495292 48999
273520449 49245
379803036 106811
67056224 68857
571411689 72129
938133050 191322
689121619 156700
459835840 55927
367156160 16500
567187048 73796
721203822 125646
845140101 95360
673461891 33458
895593808 115719
162180038 177564
12766200 80052
705137079 42877
424205096 42658
434216579 28847
692056920 105303
49667260 52846
719728153 175930
202427648 60799
78419693 36611
106429777 62025
167180213 86500
225756285 120497
117310830 150238
523651214 2136
270753356 69275
462662420 97236
445900099 66222
981484339 53913
632863551 73847
291834982 43501
264189582 186144
842182513 47988
891425015 17924
933365880 160588
398058462 150926
679884118 115315
561950098 67785
431667191 156585
257712910 56811
566966222 94034
575705761 98731
897842495 65126
971303312 23758
348436748 177827
624851623 76879
444530765 69874
496701097 21781
579850512 40198
93827784 178245
296486642 164837
615452345 141019
427064460 64900
639799213 162577
307766720 104065
116965169 63689
107638407 119845
473213305 28694
71446987 156118
909294325 77786
251299535 7203
540499654 103678
15390812 123797
354475700 179185
98753125 165990
230407390 78682
26922969 57523
615700578 119360
325888834 54654
425395872 118574
256398557 1739
289040154 35060
200265071 79807
414630062 85168
203027376 106598
28255765 92609
187402433 192282
137638912 148195
727794387 12778
790889873 92686
531616309 13733
97167675 76273
317738902 128271
908993461 93230
306323784 161220
354580359 119780
52411269 132530
66375923 157646
844038053 99870
905567919 86070
376591670 36796
331498432 173482
48210515 128614
149924923 134887
737550179 73631
839408981 71606
113458706 188134
599422642 60092
4760220 145653
520752754 98981
78654042 68947
473673419 182597
501329295 174784
960488084 180326
479832922 53488
351579121 13841
49016673 134921
735556260 2307
353499279 7064
536821672 131394
910354518 109156
804364337 136722
702960726 17270
873813999 122976
500854970 175621
705938844 131638
34337662 191968
940514581 7986
837482946 176382
341589550 147532
787991100 86517
792093899 25734
23158864 89944
377973917 145775
538785633 83980
954729914 56248
246134281 90007
125946097 129721
933842707 146241
661135804 79645
516902856 19658
508926932 151260
121829844 61640
172109980 193165
941409607 148613
322217707 23028
528790386 113025
130340237 151445
34299758 170122
641635048 189857
394556844 37576
176364228 198362
305482632 147721
935144570 130344
413259083 128578
954092650 174881
739019377 192564
48887744 39872
509112570 143613
477046235 45340
452187755 101724
649697822 16103
790540342 86608
489320640 143964
426652802 193807
69587538 107760
212704281 76142
383236696 116183
430127397 165388
522137697 81962
415447750 122125
897145383 144194
683520305 35265
458096421 194237
208931760 133377
261899188 98873
874824572 198816
368163001 95989
398146499 37276
87368440 171441
401296448 197767
284375012 22071
659409059 76242
493365542 21110
276763130 164739
119614815 103570
336748203 123672
83596819 175608
879195635 2141
830306809 95822
249465544 141341
928610932 67233
337575376 44931
152583573 160099
451303272 59722
180448234 158200
863293929 22292
56795602 54834
252679024 9407
270664768 80644
964462682 41472
244092267 59320
148818942 66009
732837890 77736
235615645 108957
725448059 90409
994308157 14473
426344712 21561
602069063 177373
269703581 187747
356162259 109603
6368867 157656
460183307 199205
169556302 35836
977893618 188607
660809877 29805
347290698 96275
527922510 159494
91701688 84945
85697962 16464
644031173 28474
773712559 71062
820412411 13021
975964554 49156
774496639 20437
239899870 20753
299374291 107675
178342528 132442
856575187 18793
168351225 187453
398766634 65094
191971587 148467
757201683 52622
984530307 48672
818802977 182191
744618748 134409
997560555 129912
728124985 41491
706350827 164398
66985919 185510
607081005 129071
825924021 145082
312592704 191196
231628267 81614
431316565 69038
389131605 38234
554202064 65717
996556161 9688
41993487 164402
369793204 77948
370076537 130849
128942836 172526
880282106 135862
968760365 137605
140238094 64378
287101894 179083
146048946 43566
436199206 140380
677549037 51370
603583729 29226
94716195 108345
534411818 334
727778318 33491
392550608 79702
514403144 173327
212220071 158417
168991759 37613
634272130 8782
708843130 52320
369932131 185498
830188433 104122
224192119 87399
249638112 8215
467344814 99541
332398965 22316
703473358 142502
593513404 67680
761565176 40729
916574342 132708
45393516 191303
878122210 45525
824444200 149523
137191871 57368
267511722 192629
547206594 172668
60606183 167178
809999281 134174
717736103 146800
915518114 150915
954904981 50783
554506293 94366
118374072 6307
643438263 70511
129096776 171823
409950066 143401
213474101 30496
440029164 152671
941528755 147686
227536 90189
929304392 15766
530703977 142510
265999706 162906
663719961 40066
286454797 52948
941561926 103290
996645122 144233
812958599 77444
574797071 39659
526541200 124339
244704890 117907
91866734 162459
237548558 132847
691374969 139175
293588476 111908
732982149 121450
74339824 154876
899433705 19892
716420506 163914
310889347 125943
927552600 54608
425474273 138381
493099192 116571
123703844 77472
850333138 173493
809368187 193843
490762185 102653
351115702 132291
966809706 168332
357568257 10550
377874168 127569
684084125 142912
828675475 141379
172153883 114738
767652893 165269
893964251 94704
669586405 59808
53057378 52091
663380746 122520
984223190 155369
531575147 50601
567926010 94767
142508033 46621
738095442 38451
930906230 138172
558313939 52600
479414678 24267
802176122 96469
325629124 153546
364304708 144142
856773530 138373
594570534 36260
150706239 118089
657339489 53198
836661728 118515
766945728 13917
8439689 147606
916469574 149780
16816332 53472
629811228 31596
157887256 136565
461634817 152863
833484623 99167
882008258 168491
942654087 52361
10042802 163737
2866216 23320
413593776 184254
685248853 8824
285579023 38249
914971700 59463
583467629 36415
298675004 37776
181995754 152947
867634696 42740
629543491 58938
4908613 185758
414851757 64084
813383723 19666
124821174 11445
432555887 48377
181701679 34888
280592985 106660
95123483 121005
456266134 90145
673580483 6459
98867231 96363
773087698 37126
160425506 33337
816648921 148031
245028979 108403
407833827 3095
834884938 159661
243937780 118309
790106663 146587
276665576 66372
446203256 589
210578342 127313
857907806 193943
918820664 42185
349881045 28643
188366072 168203
421232907 18211
989118850 120930
75194441 60131
484133274 112523
868705016 186541
620050936 113336
427128732 101457
846436363 126812
840690004 186146
761946424 195547
99780169 195186
713704436 56315
587355086 130078
410790989 611
164632191 169348
831847428 126211
92544080 1839
637772292 73121
437666814 20882
27274436 140799
353801826 114666
471183414 174393
868068448 16825
45787858 157254
258810448 11326
637158534 113806
128400451 14161
473172972 118473
4826850 123036
623135046 64978
280873471 155614
214094210 133226
939915557 143187
752279790 197313
21011771 3132
937614238 70808
136406949 109596
359042956 21049
793962726 192812
59919802 131129
703703492 198941
596320432 134652
80622498 15136
682189393 119567
413824065 53132
10408124 188822
729812373 39575
289119132 27611
589159020 174211
694334784 68391
409418075 35804
113131832 12675
896237889 161666
20098884 100775
434045938 89520
814870817 175812
895265184 52320
532195302 109494
912537507 114249
85041333 143331
899215093 111225
767321650 84111
544158583 52293
430468146 24763
594945420 130849
217853221 89068
965046329 133
141293246 136122
188136460 41014
511530297 48653
819047716 145269
828269968 46864
9904335 137281
151471271 81044
326929531 152721
708600611 73127
493844895 143924
844771977 8027
346364924 1324
712810820 51878
588766580 100190
994715628 107002
281422111 49672
375464093 155081
128810824 38412
907539470 49469
476234726 7969
275347735 32294
471172695 44282
135176610 151197
352171035 108267
601606579 156374
633396748 118628
185711130 81171
282025092 177956
871487691 171131
789628229 26583
407821919 162570
972816592 20156
292051411 194548
963988787 15531
180749982 37122
419844113 49518
722840496 67386
90535491 156293
312616882 41656
994173219 99329
350854165 116196
348171138 21419
758356765 74445
450544555 37944
464266714 174243
269622774 7171
379724306 159226
522879544 50225
962554210 29760
622657260 53248
292884829 158841
781291372 33185
816686951 100206
25134082 106501
282908860 93976
428773261 188179
761190377 27966
342843790 180437
327235392 52490
779155049 45306
846597398 100204
18888486 61592
532689168 149136
939805451 1623
116353161 33415
107325459 164138
459357633 89156
859777316 153356
273049031 146987
723709569 19406
697394882 143462
705393944 65603
248451450 155048
258145505 130700
556617305 164355
546740211 199464
262477678 59298
356294400 154821
350705105 103691
695802691 114366
125533880 144440
971105424 47227
736555991 131658
921637013 81137
592304050 25627
871062403 74012
399661131 76496
645277261 188843
508892406 186420
709147387 106499
55968615 79670
491607116 20948
672636224 199096
508410908 104825
925799380 80639
915093990 195337
530982327 199697
958186560 25602
179384877 102997
383833261 192964
384131261 11223
630918281 181556
12557655 152308
328697313 33719
294019809 156564
106707887 5604
935771848 185225
503568826 168903
464003773 106324
548193932 89462
656638807 164467
33981962 165664
34985559 110079
499118168 162322
516975809 40647
671941471 18294
115608683 2908
877564533 95002
415147282 101600
540277839 91363
515747577 163163
38550110 138530
636095271 34843
543097222 108065
935176729 43975
188198465 188717
986044834 41301
113786858 15032
728029768 192823
412086155 178557
790355830 171023
494098339 133884
927762832 92572
54369271 126719
766484003 159991
243361734 113874
427251411 60493
575259510 74289
897569746 173944
587916926 109719
454962920 199911
611459462 57815
391217186 135432
474362362 58677
60691993 99088
791961245 27016
662561550 187350
313710043 141079
306039850 137783
287412699 194248
347950316 172666
401539624 118741
16868024 39022
603565988 177547
291055041 55198
358525784 50785
626282800 26276
222486821 118035
553846300 10389
637403183 72127
170836294 110151
98448854 20940
686121823 83406
500581722 155370
850807520 21175
253752616 188867
411444534 195365
319574319 183160
710533868 26822
28731229 183498
653207394 189540
711116197 106410
161466872 143357
985327610 63451
369540204 151216
409967361 12739
993495543 6468
980133814 128925
836624995 196376
644447321 19507
80418887 157482
474472375 150996
48624239 54111
513581760 71193
907502508 163387
876980115 38819
756332097 27856
538362261 165435
124071517 56502
223506261 20086
442564140 106058
133625532 123763
683925600 49347
269926659 154566
179175870 162629
848385264 166320
327167359 91087
369367456 76930
918014226 75252
529633988 34972
864165237 172492
482807417 172689
251313379 172130
874246891 112144
565488935 160448
457850281 9330
524371618 178890
344619266 2165
719323588 23521
565530319 51820
447966547 57576
138999405 50850
492453980 32704
978813260 148222
714265508 47415
357996832 191092
393268672 10319
438578675 74207
318810937 102574
275600514 52084
404528251 96414
536101582 98156
623808224 34283
921107128 156803
954212945 9439
937763757 172036
339580999 96680
50880153 181553
698230709 187117
170481796 11081
555230947 131821
658497119 151763
17101901 13272
522765021 194119
11326257 154524
752635001 76526
476444692 148677
953416946 52948
131844987 178800
157900279 183929
666386416 71199
964391206 146741
559655875 171244
972095184 97740
12138537 111656
437271213 125928
607756756 28659
505579576 72908
190929964 139186
731698859 70059
36247333 58812
43465595 151475
430546766 51504
63484450 64311
828807135 49821
493780754 29816
382593837 164287
348017387 92032
465019038 115391
620513611 139008
283768541 169961
764788011 144776
788158492 61177
506466428 180810
708569526 132016
312329135 120461
237936339 39079
485511296 196298
298915273 164857
683010214 91829
88393752 48027
40548490 1833
261373903 51625
111602385 158710
399836491 177190
348049445 143898
370164760 18728
161328523 6734
182862253 66197
713824575 49124
118748833 89066
697030568 4879
887725090 76822
267660256 112205
257513408 67493
889391768 158818
439363644 58994
931755313 199461
43919182 172218
993560591 87214
490823177 38345
746750721 198491
719990123 21827
785633913 188556
822873830 160739
555094845 36331
308548730 44235
937123588 128434
765941048 98067
665249645 77472
344468550 102383
931580138 5989
885748023 6370
511761852 63767
797500825 165049
233921701 184675
511347448 95017
468972699 183055
940021038 187989
886249531 10575
782674950 91794
148867077 76345
491023393 154801
255296803 133616
464744605 190314
534168777 4314
878411332 132615
425218173 180203
657193328 114936
359366445 149739
507005599 131072
297359587 41297
471875243 127339
931565061 178273
913983273 124876
493123309 111965
977356270 35256
90203420 37884
864757912 85703
964661346 87281
86920284 174902
398939280 16507
729441296 143009
976364430 179719
726806592 43989
986862900 88401
450365821 73533
917141367 50908
864464953 78672
529913759 36172
993277560 125842
770299889 182385
349090634 41710
366258541 113517
28178508 14659
377694689 177696
142289876 25473
587154858 128423
853523936 116785
310852967 2683
530159834 120241
944316056 100026
257837292 91281
136783212 98535
362857624 104489
123997711 168077
343395055 175316
742283979 36375
278991273 106180
7630260 125073
438480166 116557
975750234 89029
360294707 154405
614782815 84144
524547739 6963
243536378 41002
535242558 11698
870750409 102433
46725163 181626
750307893 188544
407031781 104092
956695435 40778
784700843 88224
343492761 132253
221093695 78509
273700298 143728
777046278 70474
780078033 53462
567962470 161514
254839259 186891
334561482 96467
858426808 46012
945200033 174172
343687027 153986
23842561 153719
560509809 25208
980042624 95752
464260975 137946
535776561 70988
832258096 189009
706623039 38407
539215942 182530
464568225 183748
241094829 90430
289995525 188919
643687823 70780
786297039 33337
668884902 106975
506806894 134107
302980193 73182
849771591 124957
86497767 175274
947741070 130520
759335747 137702
59667865 133773
85136618 101889
622217026 68913
406490079 42851
719771471 3932
969211739 110388
160086207 68052
940504213 34012
461752064 55797
989883683 192737
818040907 136416
710915425 50227
834252636 111972
201252833 34609
393204521 74516
831528767 7086
3143860 9866
203396419 52205
773354115 104348
73700854 191555
124056760 10773
182990812 39259
36072194 63400
543250378 43897
929605633 137280
353227138 176924
752253828 107125
309636378 38857
822124718 83269
615550795 168997
581718667 20531
568971379 30226
515571734 16841
91573672 152429
388632948 137511
464244170 16691
341458998 155785
160949997 9655
764497178 110362
490540562 50000
528098842 40259
538296267 197424
919764077 8547
621572530 24419
12642695 151202
108336704 49253
409907925 100994
781615955 76511
813255569 30277
135063816 175822
314185184 176364
175920559 141863
795121275 186115
61082655 54243
721971214 88003
417183967 84362
490635427 125234
496505508 27638
782164671 76494
814869086 178773
134342517 123411
640244800 93380
854776194 143289
694051748 10486
6159472 179765
844051896 181987
38266787 9568
69650584 195001
361488212 116988
635037352 189732
905989585 127745
423345224 74803
394325111 174941
881363794 170764
712511023 180813
310259956 101343
991575402 3356
148735089 104488
775513594 181433
425361411 146830
645017513 115595
184827269 96834
524392350 70433
993081849 88855
784378323 122627
227035248 88496
405225805 186612
796287906 127210
532191230 16041
335275854 144597
353247797 167786
568608679 94451
786566821 140496
952596505 166228
286397464 114887
79306524 35086
564557758 13437
445373620 1703
642948492 174649
275508788 51604
200073046 184796
929117669 187583
755616045 43520
765660143 196698
217206919 3094
645536489 78242
6898170 93844
758039543 65541
545590778 184385
172511925 178544
81226465 50172
854132600 136694
945984367 166273
719422434 105813
751773338 20823
692707032 150598
696144318 112123
403035525 101191
504008934 18628
759830431 183809
725950969 45228
632484359 11796
665620127 40575
486113346 41486
914077680 109281
278775835 44994
967152942 67261
789814823 188196
711808139 140641
256773222 165230
831258007 64700
690848117 37868
237718000 145256
357778715 132945
304075919 72675
486199149 28843
214551443 187073
455057503 133017
767263804 100283
760465752 174184
722215048 128350
139301340 129224
637902968 151183
781563371 52729
657762855 110481
680061784 175870
150087951 158179
867122228 55321
875901627 2824
682321946 128650
491889096 104835
470449299 19063
13434731 103109
878181052 138412
279225508 188703
144468209 77652
335640280 15689
728509347 22603
850821822 1729
86197236 181374
668846398 69455
544263041 93042
226919301 160425
859902584 11034
341759937 155865
864852476 50432
612800608 80715
100274872 30415
79910734 175113
482683 22567
186879899 3154
204303823 111196
18992120 185631
22472456 7440
420151069 38371
785001812 95455
370110714 61690
571399026 125036
682358157 173861
844039724 69877
824997861 197067
375025232 49415
404840095 148909
622199445 98754
679163553 130008
863865954 188507
835666846 126785
247915082 86555
345652246 18085
312268323 129322
761497417 44184
716161461 83562
894566724 181074
162931633 85266
660643622 141173
696528527 132344
252229500 44746
853481616 171436
685030834 176273
264387618 64674
302979190 3881
243135220 139653
321928243 67811
992585831 199483
882599589 131933
974579962 139922
413836413 163528
241897543 51100
714516452 182512
900659841 145100
487536203 58115
808075550 163109
613407190 189204
268614182 40818
267903367 4151
673387115 123868
322932228 28316
677706818 82461
839031232 54832
763275359 93881
387206207 130528
239296151 110030
508786077 135178
370111439 184051
906967934 76491
943995854 185210
824313431 11929
573786127 97477
791888156 184315
683876752 65746
954514413 67616
389048522 46704
419555997 90759
390994980 64956
267329505 50520
619617272 152835
447878371 190203
93213011 84116
474861986 116456
887777179 107811
23977493 11119
878239851 91408
3239839 165289
637946190 118444
762673016 154443
830094563 168800
831588806 46944
338175190 17949
244092451 4091
190104426 145509
87105676 116131
775538320 166356
295596618 66357
179531108 49028
109736886 184608
450452632 61655
216514506 30488
82119828 62439
413093900 117212
744130081 73915
420637634 153828
779074373 93085
633079187 188436
486382717 16993
565406930 193866
321195474 155875
447284275 140688
570126727 111460
401903394 110599
136111507 113588
958854650 60381
403089896 157962
378428093 19815
624890406 83817
235260263 120207
341950753 96223
334262665 186532
791431800 111391
948159897 47835
7976195 175448
863983561 150281
231799991 128238
969995352 33379
262033242 21697
900914947 143022
601118137 166291
180261348 21888
345695358 132785
731694706 141019
420933341 21481
137221753 23040
981893261 152640
473019390 175446
539724379 54278
846568200 148941
22865116 18747
206705835 1095
201997518 69026
599599969 57470
464294159 199912
626973515 30332
23109595 56383
715846411 57155
356361437 102998
636276591 123271
220347385 168127
53764258 71232
409603981 132981
320557678 86736
465244769 46600
659491226 87782
236878404 90022
274990046 29559
387684410 144478
519432283 98109
285415461 173690
436080893 145923
851765601 35155
728700276 29480
75942838 166413
621672520 36694
895681361 91419
663691695 66323
788198175 26390
639840328 114279
794471861 100483
98611638 167513
110391377 100653
120195161 69204
492915804 112666
995575632 123069
781870996 22789
205646452 184031
891739516 179383
460227776 74327
957005031 169536
289899564 199197
666550096 102449
456314442 199050
325529467 134478
219956251 8762
665853639 38894
639458248 81956
779846523 125634
659656932 112112
269265099 31460
488438401 80615
763578512 154839
477137263 44675
418770205 185941
602841468 84788
896360878 128831
549258160 134475
343741428 131392
324331528 4239
881709299 148089
548372666 175000
597238165 98961
244648974 27438
276649452 100188
402436832 88521
219763032 163869
582213954 61944
496462988 121183
38622886 87861
32066272 54235
905401466 22167
525189869 177065
474854218 102668
64260156 40469
198559201 187701
83354173 18939
655821309 161193
884921338 14977
175673148 150584
42888444 96003
102160209 98097
853882213 73164
658075607 110656
124952427 160971
775586947 26626
574783766 188652
994291199 161836
995598147 178782
592928659 135170
216349753 54499
769942653 15867
979386432 125953
212745816 70208
552202390 32104
753262640 6439
864134195 199149
429681505 26600
257366365 54567
120982538 72778
955473238 112229
603431209 77750
995542288 120395
311272343 120237
740174461 104923
78646415 60074
286467409 48721
689725460 63266
330004765 160151
99390219 114604
885396134 189059
452758389 132118
523604703 145433
31127030 36280
143070657 34347
503047024 78262
453393650 147043
486182207 45392
184774116 109617
560350626 2279
751052880 88405
895763163 47581
716849400 103703
897373672 77759
871307971 66073
919264383 143649
136942818 74416
226289325 81686
822605776 1440
99077444 110423
41513971 98997
312802994 135088
9862572 70638
731704660 88099
391530434 186685
224095768 56921
799052017 199639
514824768 10445
50759784 165871
626155070 118444
298163673 99732
9363154 48784
579741804 97000
128823783 100558
726404525 86153
252508692 143180
878240056 121995
647753858 11122
412440519 197620
267534351 85197
882268292 143201
263511973 111242
173533735 45655
236459037 34987
583442418 55206
57783531 68258
394361868 57386
160297599 169138
740147871 193009
401040128 110780
534559080 172307
623194079 29450
181661092 70554
371830039 19660
914900496 64996
297048682 167269
46651765 24041
365227789 166392
719117599 139209
730909529 188466
90122472 171760
537991319 59080
463164534 143075
203619863 186893
433770610 182256
333030684 46209
933582844 73297
873979189 189542
640287747 60718
251157729 104180
645024129 142201
90265355 61625
602984243 54612
423287296 9163
457414187 8588
150322958 179302
352727005 99018
112827162 40667
46776539 38750
588570600 83057
940867164 29269
412661356 102897
367672714 59527
231824458 45460
991186644 176705
871162135 132207
135803849 54969
656355023 42998
686020747 10155
492679745 90867
681096245 169328
492639476 78960
511517224 134917
987795494 3698
664378347 90018
334167301 189869
20615306 136284
428297197 146974
912550033 94942
271802132 143691
401301457 31829
464718839 116800
136836022 176550
956248422 168562
933479306 182503
627951075 195074
279491545 27101
413819237 126724
198181200 3810
980469577 80258
503595996 54612
945520357 80951
974849169 16039
794109262 185779
660701021 59262
747520276 112407
283893556 121139
409274270 25758
161917878 191984
514250546 141483
291610364 111452
317564943 67342
183078531 29640
412440436 189941
543443124 96293
442695258 117756
408563260 192585
537802701 11851
333391817 173268
728076998 64837
92904266 26247
644160740 127397
944250474 20708
710704831 4511
781147401 149047
625504626 133968
734577156 149401
458338040 134203
922550668 75582
819919088 136834
666135380 69533
164441665 33026
587138581 122003
570320944 152963
748096835 27540
652817161 11491
590203101 154278
402723147 184405
274352653 148330
889358437 152129
278393394 166134
17918281 28705
462733435 61164
771911061 20638
431766206 71709
939762547 27346
829666578 171391
842431839 142801
901502902 72960
716033159 33836
722989309 51837
683079234 143384
348345414 132281
479946350 88451
283967642 171012
662698295 45000
829154714 122743
476892111 95966
291148661 74866
923280799 102741
411654258 161221
112283663 16740
167903237 78113
419312753 193555
135883243 101811
730544152 29347
707128231 43477
345445535 123105
890641420 49962
691797251 156234
953269510 198770
313835281 143955
739988750 158839
816616486 155006
950745797 181653
423546121 90877
455613781 83872
572434303 148782
591287925 176285
665719820 116719
694178529 144607
173207240 129318
551848519 10407
916370229 65370
718655411 91622
771899051 25968
235380563 87154
81450106 135219
142091971 122994
961589602 90548
765410086 108353
963465775 160574
420070941 40819
962835151 154213
473765288 12027
389771058 97264
939253449 31174
964538404 106690
787375630 68953
329876077 65907
532529564 47375
279983129 99385
694218300 96879
299228163 108202
536791072 83806
175099242 74744
697281394 175523
351058174 63818
996091897 17732
573540228 44637
694362349 52623
603047989 121505
480173950 85483
126569863 122815
927327974 166437
808564931 89410
874166605 157032
97462592 127192
310569692 189569
769554276 21932
231394035 79059
237566021 66259
923718382 68555
918141207 136522
922963147 37358
190105783 163509
416169482 152285
773556367 37539
185748020 477
812275347 78997
134197059 125108
452286770 134125
203053620 3760
970783740 118580
359989026 41335
346169501 141506
27808634 20470
384259304 45915
156136505 44276
653018488 48190
173386442 162111
69378480 188022
596360729 26860
733061873 148001
216865940 20725
141085516 84053
883303636 134755
912837674 34512
292159884 59031
870099643 146978
703651347 197916
231368568 87596
679118647 2062
304631542 32778
959376279 89590
373785652 167506
844083632 96303
179323310 139260
47937379 167836
901773430 86778
919258931 154722
727968230 78848
906651770 33858
433258580 126651
682493398 148635
503276441 148763
546895726 82186
346763002 15075
292904967 108781
874127819 139917
857248366 69465
489090756 157673
778475210 105968
505744768 117304
224207078 36138
485210254 18818
20244214 195161
257659545 88741
500797525 118723
139576762 67872
238897726 24290
572010458 141047
300773076 191975
617080798 38271
132927899 12642
119549343 106957
155487817 150170
754825659 54034
289886960 94918
741457626 34800
644051293 140494
250549564 13699
915049684 20799
61576834 32760
661387035 168789
988071695 190655
473058729 6417
582461182 121595
226501385 81718
616246591 19217
452967193 43870
944880110 197547
176132861 119757
961886524 192259
96903166 147360
587542954 5156
435046732 175968
196630763 87317
380139709 114035
250768926 150712
503532 54334
33068357 5320
875462333 12506
162262534 19802
89821710 10085
803210098 81659
598532532 130552
624507016 2516
713907360 27074
878786841 167563
802100153 14816
450019413 151998
520420773 5931
438696203 71560
360626511 80091
924843682 153148
570353901 50498
264070885 163785
969336587 122262
166171503 189915
285715361 123603
419280676 27764
254798000 134527
49652593 24833
643273512 176537
796307851 111591
976980472 137100
91871844 144620
606316997 175349
556759864 163533
300209856 93660
153523666 36198
679631667 111710
194377269 136085
426766751 105881
276084754 140607
796343987 18395
277395945 189937
736065036 48723
378548209 31064
451719169 78898
999496704 126747
112347244 27564
144164954 31456
441234891 96493
950405273 175499
648134104 124556
40149721 54116
24955012 105299
503127102 109188
416745705 152862
881711892 146149
89378530 31197
365829804 141561
497390737 53460
28414889 114174
687743387 75590
499922439 160823
452585456 452
152902152 42801
668883518 184598
130731667 51234
885052268 112971
491055237 110627
309329763 137659
216578645 186300
118000066 37289
419085586 140175
656588698 105598
666256789 5055
473748541 14156
95081312 75668
110092233 132467
345754025 88250
542204672 90728
440972663 100235
824604195 109829
23641692 175878
85330425 147461
618757390 105647
155484295 83055
174065837 141098
558633481 172491
594814448 166391
350595377 199219
715225165 129000
880101490 167137
404788773 16901
222270083 139192
484632839 92009
315743947 176907
522092331 190535
489342164 62023
685852904 29182
600942781 73456
952236190 195547
398825179 46327
804892273 33242
243279472 29059
339342414 149924
966552070 23360
485404266 47584
611629895 154235
971996483 41870
262881750 23730
290962381 176755
280056927 117726
593133158 109451
959278408 157891
949621696 45333
605993685 23719
800489106 38156
59638031 155250
850105291 147878
7372662 186533
95327816 49674
305710338 174739
578579170 186653
538262592 14556
756924770 148427
221258378 27718
75847765 140260
432728305 53789
291881056 84870
773735839 118041
85602598 178642
154893540 60111
128775926 18752
606830186 59344
626369479 169315
471747996 59261
683944626 76926
403163032 122981
189828185 32626
589144241 175073
409824978 195385
373219220 197141
802090987 145130
496907894 170612
660169582 155073
317871094 143897
30844399 96327
570705 67043
581867424 125601
367543405 122619
559394638 140806
930242948 10139
182550583 49141
205212581 171080
658308568 68259
479714649 11626
936503971 129196
950549398 199819
477939069 35862
940371736 56446
946706729 39511
947796995 193870
505685534 20254
972887195 66614
986541130 158296
106039168 190399
858434782 189177
981182026 48262
635534811 96262
912121937 179491
506317798 76448
294902307 63633
272003458 67125
552316085 67741
422716013 34701
880311757 103694
443965357 189531
115434899 181621
402640510 127029
517174798 70667
643482456 18109
898605500 106433
192676546 137913
814777269 172103
361287770 132266
590645024 74590
359185052 24374
148816682 160927
926586584 127161
449502084 151555
433623169 40623
984946683 120316
533363602 188588
648714311 47602
483703822 169263
446565041 140082
915603546 33467
577191441 151596
384785775 24996
828665678 81122
955037368 156090
221538698 35519
23207074 175589
71552455 197148
400667894 56932
64506389 37331
814534505 106535
65918222 115396
220538096 31889
203926849 66620
89021295 177257
875324301 83672
701130886 155286
876293371 47014
891162109 52634
185947273 188267
840911959 868
813893171 185739
294165403 33559
278127475 173203
163013362 23418
344308633 133108
713280155 119866
837862890 99382
632213674 166316
554655158 127492
87495904 183488
299547726 115144
626611437 174181
824315980 178819
126724914 167060
10635363 95383
188905175 119022
56530958 18717
653319006 142401
550250725 72198
101779706 100817
882662469 39261
662628102 134067
716252386 123072
182049142 98871
189940833 68018
10965049 130590
250451262 81337
633948604 95923
187725746 2349
201057611 155919
505266557 81965
228008922 94669
787019124 183943
634363394 37415
526595326 191309
170877396 109925
67589325 38510
218538781 95793
240085206 122793
826822744 30884
227431722 16530
269372278 140132
4782884 124225
407395637 179193
156809861 124789
729194551 47681
775198765 160348
826931890 71723
141144996 181024
24789815 120872
940368924 39986
6059045 90897
197715566 43382
163124904 161528
744562194 62924
191369578 118225
580417288 10046
248022788 90078
947055872 118197
927991664 64217
767533414 82930
195882773 31925
694126844 83542
548746705 134223
136061184 865
211047388 68161
161538411 145048
475730470 85819
708352572 57746
401976736 113306
653019578 47725
331172906 400
971413178 82126
187785697 128262
228359158 119
75857158 185336
61033543 148188
102794369 163568
459552104 128882
409376104 199421
435878097 158801
458621641 168313
253700356 175163
849732367 19143
374409999 120343
504634067 114924
718109498 74559
989781918 169948
35867252 54410
604966576 9594
330338337 106099
21508566 56529
131900978 93450
550320129 122256
149815227 195628
729870853 199536
506741593 93884
891909412 139933
891208388 95201
842975882 36103
223538636 162383
333935639 32041
193700115 36446
248938232 109065
508244538 129482
679375843 5206
908682818 169479
795090895 37583
966536296 111016
274907191 169140
98927584 183066
47622854 197103
595063607 44352
695408015 72794
90551102 181861
213639184 91607
741889924 33859
123843303 77565
247802585 156451
554314118 103161
344313183 69821
220702317 94415
987800428 53549
978677785 45729
564200986 125534
412351224 31633
88138377 135709
13606327 134238
822985752 115434
775870271 89559
177296425 11893
365407329 87945
148485197 85568
819429968 2915
151429704 25452
858846326 8796
597899179 44590
637005588 21316
573603745 46508
548175813 26288
864900634 160122
506253718 60665
670355769 149965
962127207 181721
504760057 17013
164234315 101560
443886364 181649
962885141 119928
474630201 131591
370440269 25217
163157964 139420
770730007 98567
986492010 159463
284457788 150229
153397911 42966
937969001 185302
378280583 29806
601268352 83433
917359102 135767
999018944 45028
108656133 25297
101793799 71556
286228155 183972
76779240 158607
465371900 192348
179251151 28293
733748238 187116
908583760 145599
651303330 78304
314531996 473
488983261 199121
484885670 109047
962093354 194249
747478036 103193
608071301 96372
107587908 102161
108401994 73620
682323567 185829
410504313 131178
24235031 96055
696262942 177481
761365357 1335
60767405 161824
359137896 191354
771312778 125763
157638391 59371
21664033 151079
364881527 152630
714603456 161892
360725346 125599
589262608 69492
307856973 183212
47489658 10536
379310205 146639
293541218 123226
347231404 75848
918912252 175158
376684170 132421
941613815 24091
114539380 91866
834578872 55929
836667982 42035
703633856 122021
439496160 37592
96562837 13200
561215764 178447
648783198 93098
586396963 174195
133348932 1634
280866383 20060
25570023 116675
614989017 64269
575515687 169281
153605061 179129
187154746 60749
879205902 87888
511269058 194304
798258602 187120
88355301 100889
971821632 122559
556757165 118047
128705021 72427
776838092 198682
957188225 122696
609608947 38263
475268350 127516
55490134 41751
422751964 76805
961488656 45195
205114847 186600
385630401 110942
518009538 74532
279269968 112068
839856192 117912
101610072 20984
298024336 84443
367957083 80780
299633570 186225
3217981 35467
708065138 121073
918356410 195593
392451540 57874
920772483 145670
715498148 10696
28330042 88362
492408826 48207
450967046 836
277349376 190927
937405116 35974
959972510 26443
209375500 180919
737109941 101593
186821708 195076
607703234 66548
230511152 188293
196236228 976
107430567 165731
799666050 7794
896203985 46233
890429677 124706
869279692 33404
352139605 21587
511998063 73778
14177644 100913
908273003 97922
732600740 143841
412157533 48917
860699013 78549
940995164 170150
957313158 141936
838473926 169820
185609775 28017
668422839 57763
641016158 188262
954729536 21499
886257621 90534
500521142 165639
978089062 6518
755316816 77313
426490927 170464
573985353 92564
557480669 152726
79916235 8317
765383243 132889
512291116 94204
941630297 2573
45465414 108382
88236169 71678
131957077 150002
872428493 45430
126175508 135126
938075636 124042
533982516 14360
517307656 157849
538721670 105660
793866833 65118
201392973 43498
182575499 89128
226793502 23593
809283723 79663
122673419 136686
360881554 98221
965842947 11625
527577936 178219
985277010 166133
398267811 142087
950694580 147755
746040027 176908
532725257 73389
146878234 190568
610898310 55752
6911961 71911
371938012 149293
790863137 99953
291685984 145344
304495837 143882
993060961 137992
724034324 197415
148291997 9909
659600576 181336
815844684 12915
609599394 156446
550967941 95385
367096064 137959
52222301 104167
851432888 2844
830288289 124722
710482153 98297
119063893 192012
402829196 48186
872877681 141502
747937240 171490
148814355 67578
487666863 43766
735021035 144429
551702911 150305
896514430 75494
925567694 87150
498722318 142212
784641540 107537
278350793 96184
227970439 2127
906663972 182828
442030061 80471
981773661 165272
449874632 51827
518161034 96015
5741460 186224
420304069 195781
501895784 143690
122698346 22361
609299816 111198
944421127 131250
467347340 105793
721022663 86968
780972241 194296
822585133 40178
496370310 166382
318675374 858
64693872 132327
273373846 44975
76934350 174451
678855730 199055
842658009 103476
785065900 77129
295159443 18636
545315182 148027
586435645 168400
833479426 63428
894118688 146793
619398644 134840
717212436 75445
234010444 117356
890310927 139030
764329136 181077
831297275 2225
76036262 86747
298532230 150171
722691980 4845
439142468 71191
101522127 96459
555890900 9730
247715744 166353
754014556 8357
764504480 142466
857266655 45267
582671526 122776
93409965 183715
930233577 20204
253333742 43054
319872575 120289
118040271 97493
11418140 60565
740124887 196065
287356371 135112
592572751 135426
354281911 46165
982798645 131078
733097080 112365
770246318 54068
343043860 139919
590878233 178211
541611733 101322
925189924 117475
154777218 181814
209980886 166236
287058613 124421
452184471 186134
738171966 164807
878948733 166371
842361312 37979
472763897 158008
352594305 163913
764484896 65701
296556111 192542
823514472 132900
758838884 136630
512111380 152264
963034889 75145
58348330 19627
241606575 54886
854365565 189788
101909545 103562
646380310 66396
411162727 144799
542658732 135828
659264535 102429
337620005 19681
77115854 6383
593559059 122716
76842486 186077
10568611 102142
573830728 149996
702459430 2247
439150310 59471
265964128 10679
434676012 52598
639526295 11284
311874387 158465
714941150 119026
700936655 125252
154001101 189378
109779394 121786
196230251 73572
907349303 143260
217084616 161310
543708777 168904
253879580 45118
498659826 5087
29254177 152659
619947957 198967
280231002 55497
280828250 34808
488316450 55537
587239623 121727
685167931 160468
932846116 107237
398777681 190142
965011407 7827
462656168 584
28960380 152385
614247952 122849
535528453 199110
242424990 192522
346796103 117163
509376415 116306
140574422 161387
159098477 169236
634494448 115263
27252063 44044
759349062 40839
95299402 106197
558971958 114044
354497912 25636
93568339 42025
671909754 192189
248422908 39961
410681724 37319
990441048 88234
245818377 38428
85653140 177072
851969273 43298
675026321 76096
474257905 56432
559709983 62051
312733951 19319
807176441 162436
248293960 73436
337420783 2238
962533321 41362
74478601 46761
120066187 171312
918766432 100748
743570327 95763
335412891 137752
975464713 58700
601004977 54351
533469421 94783
234337198 188934
824953596 143361
234778496 180370
830656922 184430
813883885 44191
642455107 67667
942268753 169701
198460217 149805
365062347 115006
861803172 131541
734654677 168733
906679007 74675
656294353 95739
447803951 72470
941760713 156350
599258275 27160
72791800 114021
124150443 61977
296854093 46344
513734803 81872
891559596 138614
362929539 107116
543953237 84394
759573417 190914
230722032 75641
360716386 105677
437890813 143959
98425730 115159
343369184 193582
447066121 100711
368842697 145707
870507681 86042
81359156 102597
865371701 100632
267021077 85306
507712230 73681
263565650 148043
159794513 29265
333347183 106027
640991713 144521
455855284 143789
254837870 103478
76793067 20964
59460139 10528
719513642 50439
762065547 36589
479445537 25411
117297437 24649
503917999 145446
427766291 19438
410129182 42358
124682886 106125
126901134 35675
104178717 117438
105820572 171654
800771592 9946
281702367 61437
831464980 166769
226740336 60992
499657799 107470
101036417 126378
469265596 196171
841580651 165659
201107200 128432
519973891 161457
771403891 21514
811064201 133123
216865175 54298
652501854 7435
960673783 88886
560179992 109682
98232367 91520
270065522 126406
342200669 33416
236867144 141770
321118159 23957
637462416 14058
557180936 133528
774572537 131023
728901233 118002
480487018 194939
936655371 48206
270346733 96644
232567831 160836
516210205 160965
934679395 166280
784162460 139413
135270264 60453
724940187 121295
38312446 58750
159802062 145908
704003976 14242
259477449 5828
961081867 23547
504242282 83373
56805215 118806
801735559 30900
696179857 9116
892652832 87549
445115605 117451
682009439 124339
711089495 8774
371782484 127088
239079227 71552
820495991 119666
430489189 87025
317288335 98203
147280208 159253
150138998 93898
114592816 171750
207081994 154538
939495425 176211
291667379 39510
225955635 152503
216091425 163212
894067687 182570
548021567 158059
234616472 37048
884210758 81120
199935127 42060
39304594 42455
991150479 87382
788698087 49334
809752727 54741
300499734 120902
961852966 15945
664887936 88158
338420410 41624
88276668 195746
316728672 188336
759111761 50612
837011795 37775
710691023 195079
684008803 179502
940029503 179185
474905153 63974
334797278 194218
213559189 34908
454174455 3103
190028690 157329
312725419 193976
551538813 161111
283499068 19840
473546811 29214
319233854 78042
324116714 91309
243979836 77480
823552656 132546
351966343 96430
362913396 87164
591415818 97480
248583017 160805
308192957 187699
496579017 121999
13609590 184082
605588835 68305
971103487 38792
416389969 58072
734945419 23487
520850990 159303
239999115 156475
840674642 106870
449835079 92645
645916398 142656
424495671 172316
280294023 92012
561891679 137746
537057844 4389
689304371 177391
75232423 52423
705787525 68963
696950142 118683
740188739 3784
88194254 139529
174990416 147748
79128062 11629
460974854 154985
922363321 181650
768909529 33557
53042383 133768
744375585 33696
50577136 62579
655158073 177715
893479369 33527
176765526 143746
158872506 185388
132921244 129219
352475443 116357
200067310 71669
902694766 22726
769529055 50804
663038904 24743
125631880 12578
560187727 157228
41598320 125470
85733417 185168
615712499 41472
520118040 149824
991919878 159313
440457572 154764
822924850 101006
995244159 71210
169138461 127563
383431209 57243
684032903 92191
294517475 21793
92978679 165396
962199585 77218
143298290 31289
439231238 79031
450729623 124056
334433684 11567
490666027 71944
250750320 84898
319948336 146536
488366755 18429
905490942 100810
907875278 13813
740205202 32904
734096865 77935
539410525 76947
913318819 58458
186946080 105574
865857953 6293
310541817 36114
481937766 112623
129883415 29839
306664291 111711
450653681 182095
503384428 178430
425100691 87941
334909939 58130
650706816 68990
295177873 167041
678224366 199624
174193969 67495
914952375 85227
807556648 20119
446197873 37811
286523844 39062
167560116 61324
112835007 69451
732544708 123788
698590692 168973
989738502 76812
517391873 88857
345152807 10337
102192756 182119
132691809 113997
540729984 11785
511085545 196048
115502930 188222
358875370 31598
577048145 39622
391702656 14144
805590613 48264
760437896 178229
298955985 197314
953620907 41886
953444861 19609
24927827 78136
234330790 135965
289347945 127221
437950473 58234
407825449 54615
735290585 17431
993703050 90366
706102402 111227
859528096 56470
803322394 31458
256221408 77305
690858118 68661
673811820 110133
939155749 138133
40565087 69757
214607419 29640
693893157 56000
132984129 44450
982656950 65685
999919140 47463
205483029 193795
226920899 170666
444679802 175959
229980564 56118
172443054 19525
360066091 109383
246847824 88352
424505837 125326
57260420 186654
249580351 52701
595518525 198800
552232680 166091
445019242 170621
992356551 36850
226501909 162268
10649653 71696
99353653 12247
144837784 102825
503893817 61438
57405267 81125
327109502 9847
165148927 171696
621101519 199880
550614388 41982
526516740 61504
266654170 83149
568629599 124140
627585814 60172
550270562 37709
210002501 100055
255781466 41100
702817516 84039
934402683 142683
264450696 152536
646979659 32032
640532828 164304
902027543 170826
953486962 132357
503994840 167837
529208158 107414
672800238 89008
133035578 68491
876770079 122656
617108670 69579
98623502 127046
257802579 102043
54196403 117856
534639216 90822
877391481 195974
574137390 184602
565470221 10939
662921838 149003
609337303 50622
915615269 68723
292716243 92415
932710537 128889
837940903 59733
83975249 42498
574221933 24820
149719449 139038
303041133 12915
518232624 48739
948799250 7504
168562456 28383
542235584 103848
286707948 111978
213330970 77576
787375075 126368
47117967 160321
986098415 171358
188367797 100579
363263584 70436
810046491 179161
978555411 185382
149734871 169902
192374350 124129
493316509 27539
681215315 55655
160679565 172097
409431098 147251
750716952 12666
336053430 56169
133743620 53727
685667662 25567
520275061 157513
662997292 132848
695168328 100001
702851925 145542
282062424 64930
129717947 13157
83146607 91951
395491793 180322
427388132 190795
827020500 65651
376229939 55958
980680748 60547
880701696 131639
760117531 133045
325705637 43799
871215222 161980
543465369 175316
338203877 4369
504704582 151280
719079947 103457
762949351 42032
317250249 146643
203388648 15590
771993065 151476
503137099 165130
98472911 194873
588553870 195772
832433747 169140
854499369 148270
143625839 125601
173249473 65909
354016325 169669
207801168 53373
229975445 145728
985654758 61001
342353595 109987
360164680 112478
252224226 48967
435730544 161857
491257941 38933
579730274 136212
87417098 24447
564331265 43989
362357227 78480
211032636 15759
760094904 57401
89958372 98607
292109900 163927
827419293 540
483610406 13346
702325580 156767
159243364 313
251057984 137356
445830460 15067
699797058 69230
147202741 47389
368170355 126062
478894487 115170
267653006 130005
395355952 95077
603071041 145380
992834136 87476
236349219 141406
425862292 190665
568830748 146695
185230386 80280
883543728 79965
740503349 100016
799241523 116817
599761708 152240
277134887 184436
353440273 122929
149610185 139536
215013647 137745
201135055 123118
862510256 118841
767142205 24781
592253747 92374
810789923 162545
10132246 40416
431499104 133154
309755999 147558
902337749 120786
457156244 20339
553700627 13934
305330396 68844
914355175 68264
529113891 108190
330315926 6433
732795941 161856
417427159 108594
572810152 13764
190985217 105733
435961213 143726
585134561 160488
735928369 194944
830784659 23330
714984570 155728
954714070 171321
411134681 45590
638381507 152182
603650934 182373
947699905 35462
415700831 49119
83896071 151167
707308362 55814
167357495 115419
851626321 35305
423646332 145615
828615998 46809
547884956 48974
356685887 3922
167854701 186310
824014433 86654
267357254 30868
371936665 76417
967596994 56052
700205794 84426
846714725 11548
831418875 155924
83574168 23531
850001210 98079
256325061 82368
584183929 133823
525333256 4968
423679871 67364
126033410 90976
13567629 146905
814595694 146656
796937309 149625
536138145 123412
933782393 31099
968069270 120883
424027781 122846
845983695 160690
555805505 60226
660903000 28377
738464152 56945
921095044 10673
194988887 78643
791685368 43780
474857261 183723
364334321 106149
675142148 146798
462156898 38519
654231777 191689
154507734 113618
977264257 192558
257671405 122257
682835216 108147
188895838 102345
138781864 144393
976883769 4570
887773910 85974
484075123 177327
881980080 109874
197951445 50965
114230967 19619
378534394 186951
491366960 58966
578515400 183869
147752100 59573
114580115 147487
952050045 63407
97225990 12949
298946951 29727
58633443 159602
102262527 127087
935065242 141298
919598811 185978
531868449 118630
472476901 116552
499330128 172617
175433463 118913
818095971 20560
630132881 85765
279277842 62429
789546753 194062
442875333 139236
577249138 9414
886877586 11830
228472259 157133
305548476 109498
993128124 67451
699802142 143494
959796860 92415
696093941 169555
459505613 154206
607519796 37034
956001901 90036
350384639 50086
949013548 39408
110857518 59841
579391614 52688
969611088 188726
28036692 13099
669957180 49104
753659358 170930
917006387 113851
517765127 160992
86274763 113926
795488491 146798
649618573 168799
694991924 140291
548767209 160614
757461246 51550
551439654 84096
437378381 6778
484399471 54804
334139627 198206
598932887 1499
423306711 179622
545493448 191706
772246619 23702
492619557 61605
704680024 157902
607601449 192670
178759738 113805
651915288 68649
835518953 40142
232392480 37927
406812603 174708
524154284 156308
728754397 111185
449891588 154976
728374204 102075
671383128 90333
177980970 185857
646859773 71516
263889878 39917
911026065 39364
12765791 121236
181338597 35160
748332608 80700
428079571 172490
136573749 23462
479625231 48017
472752524 105694
423402154 55161
301986219 41204
116940128 18145
147085370 171149
568196613 174078
921942109 144274
185128249 36481
711695820 10690
385200308 15863
821037341 79968
210400539 110601
286903055 108070
51582309 77450
898334375 107071
767510851 136783
684495907 124045
158473919 101849
652186529 86181
548558744 119744
480435992 129213
762594169 139983
580507397 24243
296968214 32185
354036172 168598
365649490 168471
819363532 9660
531341812 85174
220479752 43687
15632776 150681
55860704 132986
297062983 67241
350304209 114252
810789359 188165
247421609 152234
879023693 196948
764884596 163500
573562169 174830
66819520 35188
475030837 88298
954656597 19237
794022152 135640
692210006 14117
881514823 179816
856058399 74463
604047641 90667
443602804 59940
198413432 84365
649577841 52717
464929310 167885
788024758 142807
326677445 9533
910835097 105117
675115547 80142
330827192 41370
417247428 137582
740419640 83410
263393786 157470
214081670 87740
960520586 88949
416479601 153913
72298580 62768
379563452 188505
54087016 40791
314580448 15823
596145681 184127
384340511 24857
431693669 18758
706063187 61194
271951228 103163
995701576 148126
114944136 124612
126728062 82191
662671928 133380
611175146 48137
275685870 164979
45008629 6908
925500520 56848
695396883 95455
805178726 170548
183786010 77800
920862144 63465
599510115 45168
637726090 183698
816163824 42807
830119641 52887
305340005 164117
916742417 101208
601389838 189044
423900691 169788
478603101 13872
346614577 4633
350349746 156150
956725325 25939
777705094 121191
474213733 85195
729365306 179925
520420322 58814
712767523 120322
177932324 18358
358347535 31358
797315643 31018
552654519 152201
285235208 157903
779001093 86270
674339086 175772
860642824 168981
15832366 108831
656836894 39519
354499189 29504
419411527 198799
143029044 154647
430327797 92583
535625337 151006
641108020 168569
566929098 102936
187221022 116297
64622040 147041
300962445 77272
913827362 113093
974525334 155239
355808174 8893
827273404 106470
882907345 94138
378155682 66978
491394513 139967
559314424 18507
348714396 158362
282129037 122369
207035331 171326
999391662 25911
599654870 20051
558005432 179431
565276202 105626
457887079 25660
443118923 195754
801817636 130245
993941293 185023
572275345 164764
690532770 46484
297780934 69228
603059755 49397
633536475 77433
651296919 151757
842243479 95888
338019811 67295
949363026 12238
19980721 118367
675000047 194540
212816095 77442
215513243 73147
230159629 133205
887661939 96809
103604513 123698
744758955 96324
170392547 98991
496114076 153033
779947806 157475
886017260 157147
810537404 42475
539774963 7442
528737894 67509
561207146 139370
432967570 52910
742985484 197235
578362791 148880
870022654 174739
383830596 91788
555255787 175278
788403337 192023
858687834 13933
788321296 113920
689960225 185091
327857237 31533
70619223 21596
835265419 185383
150267180 97073
259731225 174731
77922329 114792
732669738 40816
201304102 138413
182509252 17409
82751386 54613
364464901 132070
169181429 41837
408970411 52317
154445304 13748
486455829 21818
930186591 5711
849564407 56009
673009655 27722
235828896 15745
20237202 147449
754264750 6820
990838107 17878
918858723 167295
473236616 94618
649027983 114281
75816711 91660
461802096 120547
243866537 184098
39318663 51636
600305847 30451
739198581 15284
247388671 6627
493500603 173176
596577462 127407
988750268 136091
845613878 186227
956039316 10106
807022917 93524
742491901 9363
564094268 179817
715949019 132579
711938566 102206
27179569 149948
278264149 19684
866196205 100056
508056678 175693
832614800 187053
323964979 59266
776083805 26919
754960806 175845
989716405 81329
155883152 162322
754768776 128439
979263306 75760
763422590 66458
181995314 9533
605081658 192555
303226594 105709
997557736 18726
139924354 179570
902765470 111566
558210469 141153
151593011 181893
495315100 132756
385819487 124685
725813068 14578
185485175 67957
39579399 12685
201601308 196733
534064762 190652
43279215 54864
877133292 169095
908094485 4337
622352122 110646
252385976 177107
480756008 67612
702964396 145846
971439237 30751
436384194 72154
478457012 53000
148596200 105975
152285193 157910
770218885 34917
868696362 105821
239218656 169270
31526413 18012
165817193 174581
659971695 64790
871857738 84396
820948093 117106
2692900 16280
928450768 185262
496094755 127768
158150494 192150
663858683 19028
297386446 86651
408370787 36903
948524883 73951
182059504 135735
855308377 82435
672712496 57728
795128424 119588
561597534 154350
335429434 189151
18050710 155463
817067251 130678
862965724 94980
360969623 152085
252399063 181308
589550805 197975
726706337 2690
284390180 67979
778147418 142040
406619333 198209
391095818 175089
755492924 13321
234624121 36650
348934205 191465
140359309 26017
9920925 190246
444557726 138911
398321204 82147
258980720 75604
953756830 33102
899049965 195928
233490841 23759
988067542 38761
153300443 20378
806597314 45370
309029505 79237
424500207 44582
848050104 114780
353679390 100145
423699649 80028
377653870 31654
303724738 145343
670443721 186312
343207496 20488
299717405 176291
200397660 11746
570525065 136791
620653410 132101
789638760 56290
930932801 112785
607336493 150022
736979426 169886
642172089 139866
804284834 75209
455049636 7669
524962962 112347
401101407 180831
269120323 146855
695277468 115867
120958961 67182
276633683 7879
345469150 32625
567003760 67059
179221712 174886
782141059 259
785449342 85146
20159865 17059
455965220 118845
486047697 139317
730514674 189279
510366405 161892
653966822 2119
518063200 111975
998670375 144285
764336367 199983
469669611 115550
70657650 138482
610700698 4331
631283117 160529
954376827 86606
820198623 181623
606142429 140293
205912799 132597
677655507 149803
725662646 6258
709417698 14361
245185828 99870
456926464 14075
143208827 46836
192882102 137559
461467546 122628
559035385 134774
674116881 58825
764210608 90788
754141805 63053
924345112 114084
365782301 168890
145610573 14769
818613047 91957
245431996 67685
386426894 8528
336475028 134789
482372763 161116
765197075 32204
740670210 73310
927793888 172822
303839797 159379
815901513 29503
497643843 73118
102616441 155811
453943943 115483
501802769 182894
914313943 125671
868060057 191020
45614047 187504
828520252 14633
211616163 188549
618329557 114296
662517279 70406
480730891 47917
376374802 42647
726159546 164280
630742755 81659
370886726 114302
881175508 43548
372653879 80156
501125390 54215
204589152 92362
560912333 193177
676078686 138217
243835290 47498
736018809 108479
557879795 125979
573773068 188661
430598357 152703
765805278 7856
418716345 90837
726342831 187270
627755292 185254
102195723 2158
286385132 199680
57975390 97247
660972947 80567
76248408 173226
168059958 154357
177009672 1882
758596587 164946
470961688 11928
587970653 29059
624943237 24053
390209628 158461
280276367 87622
217850706 185406
874092780 102390
260741424 152574
771399826 4884
125468015 33306
413351032 126373
827106218 84226
821499437 75393
552389582 114024
273558622 28650
166354237 115603
404218879 140270
877984581 33400
288758911 88607
222549109 126715
723218914 108286
142274452 35846
296362471 155863
330220358 69639
209273839 57541
650844817 71137
320976794 109739
837466910 73822
966546547 88413
155819299 172978
355679080 3043
119211008 141921
511025251 75187
109736185 199326
128892613 148546
518401021 188701
885331191 194
590885305 87789
539458124 64901
284472584 101998
225777741 17271
227962282 21926
897945487 103283
77181142 23125
237116794 40589
56229898 124953
609301581 13523
708738445 5007
859988333 82374
5772791 155940
34338324 39795
856242678 17816
4895784 184362
305749692 95925
139912148 79679
131047223 165169
695932042 120142
663729624 118248
386283703 100831
145159980 93408
601731335 123451
120313848 50883
704965821 186964
112419807 81504
308767250 113181
305810435 58689
624482397 50980
86601879 143512
29713625 68151
41919578 729
220890249 145702
774789267 98077
190107158 187504
65416767 53991
275229090 179891
452046041 87411
988155505 112165
609023306 173678
625101693 71039
160019173 137617
525714546 84474
880672877 142133
393811320 178774
683020015 117045
584074316 122088
358479546 153208
260223821 95812
441187804 189954
223199330 88980
707076089 154583
506356048 175023
18396709 40548
799429367 61922
964667143 139473
819048860 191405
248643121 125142
419491150 46189
154416736 13836
904521621 79872
343449433 136865
788342060 34511
186808012 144069
205243082 136757
207311355 81609
346243445 35190
72569450 173631
226799522 27271
935422133 15776
536221086 40160
316435083 117214
350350715 28329
900572430 50427
411132655 115138
731858702 145768
485816071 161342
885136970 19913
915055329 199210
448795449 16683
486854476 182678
831021135 182507
419721710 22402
73224343 52600
571090997 73010
809549058 66612
565786585 119971
33557058 90755
864842464 17311
9012073 4528
737918692 102794
578902552 21623
607450813 100534
469336751 52292
320790877 18692
420501823 103523
806404951 179775
500295058 199243
886454168 95671
276108946 108628
868059506 136804
26367336 57284
92249813 162228
955010870 163588
824026125 92075
419423151 86026
182887358 91879
582545558 21775
121678242 35921
240118044 25899
224868386 140933
822184365 33029
585593068 36178
895721687 59204
622471202 75899
524968908 160783
148112462 74890
758031692 36518
252866686 43650
68653006 2277
551894423 28280
551954902 18823
309855345 11480
645012148 187603
601926376 137710
780770632 10110
650271193 92324
107770764 69902
898224927 190560
989874666 74413
688134955 117739
185329534 13228
982039999 31189
180741710 137423
461146558 160226
863132547 33912
769532814 182071
925435089 10239
717408876 165733
883695109 33734
96730425 162537
399188151 46053
5616612 39483
153744651 182616
356695794 151264
677141863 191396
262918094 67143
186906900 152936
855952525 138076
375072790 34857
488683519 194662
651531979 112826
187667067 96694
48681616 93670
522312077 108640
524787031 175539
712533811 79146
32680173 10210
740412806 26092
833630491 129721
366348212 120033
900292441 129864
435716047 70927
36639215 96863
472658585 146683
264841193 155370
225438185 185214
190049384 17270
126550199 162513
736364875 83834
203795077 29872
877097702 175055
778397029 137989
885570751 138857
765608935 80227
784669288 140208
98520728 55106
99800838 87614
917440702 103667
937734419 161925
632453501 42065
802007231 196473
286001523 48406
108900609 74681
660771395 94866
677370286 192243
574342003 193927
212143130 144821
601353929 56828
399731184 22295
71211415 3056
306602710 102356
244911874 140503
473685728 160502
420101630 24168
990365139 93326
409466368 176181
131782199 192011
977777791 4809
833762506 96531
346705967 147486
688947738 79223
460537475 199366
984446473 20507
40951097 74180
818725652 63912
725167561 185589
841895875 188250
772657960 32666
599919067 120714
49397326 130789
589341657 144583
78106770 100534
692447392 159675
569905934 12597
5014371 125162
194465072 69483
91276773 53978
405185470 179659
530883438 106131
456939430 46323
836179960 177828
362581667 79882
686703258 147443
824612409 108148
389382891 69236
321522404 159062
283411844 166862
933537637 120208
140505842 97041
14559844 87934
976167735 20570
478266358 138580
180090987 172169
225818681 158696
774976885 76449
459695449 43284
134799304 66026
560987398 197393
9021454 152416
677488397 185961
249614853 16063
407727084 176189
197585107 33702
311438761 29997
955822587 59300
986773530 13678
933854353 125530
261681318 68731
633782585 154169
287713970 102500
422386875 138393
739853130 140899
768337038 115556
831131560 56893
427254621 116070
201823667 78027
93450138 138494
783871975 32624
154161791 103243
506981833 31944
656840552 102583
16203211 42294
802205598 85168
68660149 151304
406627108 71046
348553166 23260
478502617 128356
47052384 37547
452280543 86446
553964682 172707
897859932 64197
839535802 173199
888223832 39833
957806991 179498
360642419 127204
420788235 24010
255693130 21363
654506567 19396
659190412 712
638593419 13434
49797150 10297
223587489 108398
768022137 26288
977515420 27656
76408690 182474
541250069 155206
631744685 127328
310169782 137407
290563907 98940
851144167 119718
989360745 67177
87831737 178486
241073531 117387
163145151 48594
484392197 126276
725961532 62515
947702754 59017
492989823 103129
82377078 37732
31049519 62037
160460111 22241
777431094 71935
380536867 83333
59610030 165495
802372745 170677
84431209 7884
822035358 138910
97822615 12418
352014594 169971
282992764 195680
455271946 156043
603790392 78276
169798152 182643
16129681 127450
677957753 98106
820389026 6799
600893269 22067
311436685 191064
844339945 136819
455932699 109711
380599481 177860
901374695 64898
478147250 150998
795409729 105366
270462699 149055
635702276 131973
581443049 138560
42707259 156395
581996450 45093
382206527 87889
346599048 29287
461442736 142574
207221379 51931
546527599 85606
265810294 90535
890696029 73415
502539326 185186
399935625 162545
166722409 54633
87474007 95736
810128563 150773
501998252 18348
628985562 69103
7644903 42912
848700220 30028
424226974 127531
173703905 118607
815550584 40791
338257272 150602
15008157 190626
683811027 24068
829516966 86227
5370690 78774
226766207 31123
49098467 92410
885060229 167851
243368145 186163
776374624 1369
178399162 130499
890126234 147992
624862445 4766
262359692 158826
131483303 167749
654048068 62248
748062078 177078
355377060 161195
415425261 134925
36224235 17074
948653455 6552
772643863 130066
538110983 21607
478574848 147546
263860182 83507
173461694 137039
569692313 124343
327002965 116398
909436748 7390
762032438 17941
865801282 176880
843758559 63244
845227844 123249
978547609 94504
979571292 99060
115151731 48504
561075157 178393
701269586 136393
360449889 175249
31899770 93748
806584635 86825
139570754 78232
686662069 182947
162057611 152717
158415857 103906
930235187 191110
999495341 157962
815193584 3665
342734499 143554
658394357 42169
106251894 31846
283930271 140418
727187493 7386
733865502 129860
544108162 23193
820360318 62944
240966016 102160
790556301 169220
667366764 68315
681460359 125935
955011782 146704
342220687 1567
92495535 89802
795242675 63943
596016144 119803
635226165 129783
266061471 145525
745095036 166860
442147401 59273
330055721 88716
893513987 135127
587812120 57055
37616927 126615
887938192 51126
551060132 147090
594776356 129487
742473261 86238
431593474 131689
708068587 157598
191740133 78911
525186715 164978
105176551 69651
476164894 2212
383575210 124297
519229268 44206
702406413 99807
411124318 19678
765873380 42141
654235436 106765
442695925 164735
320286336 47318
946487851 166855
841400213 97231
792812932 43939
141247878 155227
97167455 123770
959591354 158657
463707186 186074
660956719 183356
784561459 190128
91585736 144934
280191602 23501
70798991 19335
282084973 102707
562836786 17219
400521382 91288
573586476 98002
442725479 67589
375125284 74753
406157651 106031
617224602 151084
476316252 46488
221905581 183004
698933538 79322
376952655 15642
935330972 152429
352419664 192185
713474310 38002
153483907 160630
890978023 105872
411297547 55977
673627393 49586
586296368 198384
113357354 24138
363985971 48476
756456491 3463
616216591 69426
227660211 176776
346921459 87185
735045427 14574
406366114 135941
70774837 176700
716098916 143271
747794320 145315
469748940 183756
659388146 6467
178302218 41748
738466412 48315
956018083 67819
334737084 102859
445844416 111971
476955767 152862
216076810 75064
535232542 7047
514522497 7943
520608126 40324
818614484 11198
202974538 16474
931694428 192013
822486661 16772
455764630 108584
732414637 192643
105074655 182991
639047186 140368
646467210 68174
473302206 50187
423477027 110081
176914438 73052
583049545 194608
548806434 110551
561589750 59721
627219471 72587
620936210 92535
615145309 166282
7564576 128398
332692435 104391
504222120 11266
558381916 49044
995723685 58479
10877961 73644
885387078 21329
203949862 180214
769332510 119239
911299363 7916
622103465 199175
793667495 19377
341098244 87357
350274108 47791
811166583 145347
833490424 83290
509460671 125490
546581590 174424
897065153 160192
194480018 52129
663699009 77425
68505790 122250
853129481 29569
854252667 196598
68943744 103991
16331492 83627
545948734 112467
151755657 60842
838094481 35312
214496576 74578
796954274 38952
1255976 5758
29648148 72300
460141542 4267
379785952 171918
997613270 42200
860185814 51002
488575800 11966
330059288 8062
8284078 42497
779249013 113825
133254635 184684
957908134 153661
258676371 125790
673318680 175219
526498772 64274
592997572 2656
983551974 130316
7402098 57606
183410184 185860
877659292 35901
232887810 155084
47954029 107534
352183155 13295
805605810 22091
20892560 113387
565614821 71257
359031208 183760
918187811 150485
559292482 150987
439549712 14429
427428683 153099
687693319 184024
856767921 143686
529912201 150700
837424853 95480
834530211 23881
247566941 198591
297378264 8135
764835966 34594
485298961 167346
128922467 105560
942444300 741
51220928 113195
730802435 29639
568106582 81773
70560363 175388
109161174 175287
442303554 188802
566048999 181661
300647941 37118
284444025 44639
71914200 118922
650349411 44010
200066625 65111
192086387 60170
682893729 61873
41766752 90847
309438916 147092
929256981 48584
202072520 18540
251954982 115965
96562419 69381
478926673 154359
463051680 91004
101638854 5243
306225511 191087
68441548 188323
650767341 194342
229978137 18663
475794975 163545
592127273 81490
858919221 92638
458164953 5856
93224937 172201
583231929 118859
506861276 150820
492770658 22991
949373526 171998
23379124 67175
386169889 116090
790582509 51927
907721434 72948
333560293 172897
577255496 71878
883670763 52539
536233724 189846
356907137 14367
7566761 24221
519051700 58
133800381 129845
623528210 167856
258061406 18033
756984797 53171
47107173 156821
533060881 103093
407076999 159990
561279211 6036
790169349 25021
185501086 52670
727390281 40195
857686738 134499
884444919 37619
583473902 20938
17865485 33090
660435575 161919
201239295 77733
578101620 149223
454898650 78144
727983896 99653
708398940 56136
631894439 38464
788642652 68354
89219786 103780
316601384 161990
397125140 108004
901469681 170882
114162967 63419
756914904 65558
311635154 160621
447371504 169677
555396157 24367
266499616 46014
579081673 102942
46385044 146436
602558001 100629
48885976 169730
807183262 41276
6681782 80582
372478848 187342
424764189 7644
111370430 187424
161643534 128389
747737867 96663
455274616 123105
502226508 192898
506226539 73075
510979064 136323
557783319 103990
674934493 38928
740934267 166275
309469405 49816
959269494 49876
743153234 67586
181368420 31896
256395999 61177
954409408 1540
34005374 155305
20262492 52851
950043561 3242
754989535 7765
885539322 62684
452212653 127514
425534275 105355
377977867 21424
996593533 144432
382226286 108848
806919734 99953
397749511 121789
530877579 97014
570804361 117265
485904628 66364
672006943 118528
548721026 153267
102663607 184104
302326972 109914
212660218 11521
136452718 152495
162287943 125791
476539835 144365
8008803 107458
985302042 138497
147067859 103308
343999333 119018
448121872 175058
796579526 49855
777572946 79603
647435235 110791
615019732 79531
83176932 131278
11028648 133109
193057084 66114
10433641 174463
931203020 48282
915522574 15589
765764680 8062
963944151 143545
16797982 154386
796887278 98362
903203296 172581
272997316 63734
996051937 30609
751544087 49409
745260266 94237
690845755 160201
220428234 53721
374957275 137368
456623907 72792
287506064 25287
986642260 82622
638831493 111542
569334161 36812
522615259 94108
710595768 127437
447853105 80360
900141938 149399
706873578 198473
384338707 139576
319384397 169218
627578215 86734
232831568 159585
801869871 151337
361228270 128935
929257675 96922
219872459 182383
795859563 8324
756404812 122520
46304484 129354
507303634 56457
958165187 193738
42819831 196413
273517916 87507
8870008 49033
475028921 3533
511005265 91663
786974621 129342
79739640 53225
138189584 37954
714415563 198210
569437362 159797
485640933 152598
626641947 197673
489816324 72415
686707582 179178
262879813 30939
344660012 124231
205508803 86967
725505341 150006
567533973 120844
72652864 41064
797805874 5252
26517284 147810
936737400 140536
125803116 67019
841022253 176650
806169883 142735
506688237 94900
21895535 92384
301365927 155457
25448194 151940
721708670 12543
441178010 164134
809589276 133724
656406110 92486
76239995 139069
905480447 172358
912039368 73169
878222378 70618
131449 117761
460718711 127403
143754708 188283
649004960 104863
755519740 39729
361488600 153051
719085968 109597
26290781 194204
813863559 164810
723213460 34133
104243174 59818
43833238 5190
541966014 100299
742260156 130015
488706776 144727
409094274 61720
589069235 75886
926022404 32662
178069500 52676
607263683 70684
388208303 62226
620790599 176937
168443743 10576
919661312 68381
368833076 96458
147007683 170713
658404765 153445
890793065 77746
188749944 95632
710187369 115410
982030444 27525
373499257 43653
352125677 81376
789287569 153267
708444516 92961
749462429 34963
11035332 169166
845331016 78467
587763351 185586
857211497 190249
866534676 179781
22898541 176586
374805972 19323
986246895 40196
973229408 164814
911017856 32910
225864440 48742
384448904 12181
52678047 83168
14187714 139811
125960422 46433
305405750 21365
638805000 17953
33133739 57777
180158487 161702
35321388 16672
936710439 101831
295766575 73141
938865909 116612
858047984 82646
954563203 196863
54285686 161968
192692939 176410
468292496 155912
208789975 93583
776239347 107922
936591833 29499
314941185 115349
373976582 188809
159815932 47782
740659951 124014
364377660 195171
128687428 48509
788759075 161523
901630621 44260
246952810 75488
499872120 129155
674160686 135972
775755085 49250
107166140 101493
902765869 17707
291877472 66603
97132284 39082
112931751 142361
244994958 194293
531266703 176472
549933490 144838
131730223 146423
698923640 70247
132208361 124390
863505496 43796
653957699 62343
329225528 18295
848631153 164275
105969799 146799
181519877 32403
583492549 141170
238573603 29870
665765360 111755
323372791 136649
467624284 52707
975702711 29743
258203987 162884
904748673 55644
39601294 40027
706375767 121629
944992814 19249
94970088 63967
459329825 127349
796639968 23229
981007236 198927
285879764 49690
177138181 32991
218654141 185572
519729905 14156
703297224 177704
973785754 141348
159465684 151544
142977540 93090
683076054 117755
383600875 93091
787470470 150255
571455385 130980
578124335 55296
796667955 41355
688554023 58324
27943962 30888
11654872 27595
671383943 9502
344649382 153409
463004783 74264
236899426 23081
130143857 134038
736646742 101279
893074146 149629
383773041 142788
726679245 198495
292276410 81465
327926631 3943
557981377 154201
453243170 73292
624905879 2967
578560470 96641
267771513 133203
763690411 65808
37444195 80597
858878067 98660
491646653 146399
664234203 77201
536279315 155297
873592419 161413
6640221 193456
816991454 119887
316545622 85320
498249461 135797
752764503 126304
919363737 58996
160900218 153137
389670835 113692
552212499 138339
176499734 99905
775930416 128167
763739757 147897
205938676 197457
597017057 116992
124095869 17788
582332371 86850
876683856 41756
704392498 194862
363284358 66694
849299668 40927
462409735 183115
385361145 64131
770833068 10579
155968987 143173
679378357 169322
170629429 33452
216380792 61291
634059358 151541
865080129 142967
692470181 181251
693954597 116193
812214305 79926
220442286 191156
488845609 67168
216871790 155727
934198735 74841
703067541 8005
21591501 43746
63870016 10481
103968230 15364
626452391 6907
75355651 49008
566847972 170260
42570247 53038
840370846 162662
681657236 121052
242089749 77244
525664049 167844
489696377 160107
773681615 73320
226327848 124205
203053140 126882
976871461 5313
626871026 147254
442528481 50891
785298068 79459
224452844 85034
105227426 33914
20328207 114280
526204824 124385
582449746 10243
471359450 105852
685624744 80568
319036815 112179
866038762 135280
871734463 120533
259233785 80894
24875781 84924
22164873 190240
374697847 173811
531382985 177642
949220572 5480
620036150 133747
436152609 167918
641441206 152460
686771822 61065
82258237 184082
373675 190042
43982714 98502
797428482 98905
877478219 187833
712907879 116830
27098340 76497
789247485 86758
621926786 150611
637959091 182837
401926099 133330
426226739 122919
763617027 41853
901520691 41620
977665638 42022
755307292 151730
470412345 129518
915103317 136454
397495782 16608
41186271 134468
213637558 199337
317366825 76924
680107854 179888
786207329 83906
277025540 178776
922816004 49286
227882636 89038
544187389 166124
626054790 37900
203475718 181273
775878628 23581
553651924 3990
257346052 89329
646371008 82335
290344921 44203
384265981 110864
702299491 271
628122169 137570
129140015 118729
768541546 130659
311223438 1564
338356823 126
986442523 164557
377851082 160157
764507328 26627
365158469 199662
43524925 132353
944327012 157148
87891380 3974
743168246 188701
530391905 158572
106636747 14355
633462759 137939
859479363 121765
604508662 55619
302096938 164844
763772038 146183
865031648 45235
707012042 171867
4892604 104185
130295744 140860
798306713 132434
21160368 151139
537294207 150397
319011485 61685
826466069 83280
644110291 86079
843533210 20405
574485298 195575
366255734 88900
221993637 21799
524275012 161890
399416987 189053
427968282 26132
88533819 145498
426041020 27260
862054563 47057
69792574 22768
573628944 157488
354691509 138903
833883779 131565
955242468 160016
605697749 171739
370654996 176135
440073695 24256
944236694 168688
950547118 194477
644616808 188102
776955635 142311
746025112 115068
177361963 115407
343578902 149187
357581255 73834
679000323 188555
561374227 92614
234719632 12395
571231990 156857
123382389 138524
639431640 123765
235266049 188420
171277973 131365
127221770 24040
768549082 147694
552946066 141685
818567869 51772
727818878 136826
355161582 139227
700054030 155301
625353838 196629
875428030 180160
884704188 164670
211287036 169229
223120326 658
592745555 34883
995998979 104668
246997366 127050
25833760 130163
163881904 131161
179920385 47716
330816387 176510
411901790 173103
740498316 172597
422441533 8710
803166391 181541
22054562 30416
987674242 97297
539740234 169465
620011682 142368
935511148 62562
203753223 196878
247984804 136916
454770709 139282
918732707 195113
638028957 198363
486726202 58152
583558821 18530
688681602 169404
369139802 93838
125508218 134667
607672665 88001
144942375 107058
79530238 127487
49155309 194311
515752887 185147
884829292 29965
700130302 192630
347030012 16325
702952848 181209
90056723 38211
837195141 67761
855651190 179512
273799347 82936
244738108 161700
919243890 188237
962349029 80866
760328577 7353
48163637 72258
695442770 19289
285120596 7629
609323943 176206
134865443 174182
704146191 152391
982537552 6040
39856724 110291
122379299 121867
944033552 90967
846336071 17947
425375105 154559
358989563 149878
839241787 101308
663038931 134576
384919648 67366
104546910 163286
416133095 99207
982491440 79574
520830515 154632
307141530 6937
714411003 181280
838786880 169697
370541280 13117
967245059 79647
264950632 171096
964693174 147683
173272907 110792
603262432 1605
228812406 98917
327536265 195997
591725287 17317
751812174 111336
316416346 31738
436771457 66213
726343306 23380
843264646 118246
833388005 64427
462453704 148331
918643975 194667
36517728 73549
66180068 129446
844687030 164350
125820577 183159
361129972 108412
489884400 33399
355716392 945
466458492 104905
424258822 19322
360989634 40213
781238287 173367
365079176 135234
367776851 30562
918832534 108110
102769739 163921
120452401 67749
925370190 30701
892348628 190256
640475135 40148
490560342 119307
488344984 133737
458490107 157533
238682642 164243
545905294 129935
533318643 137668
694656733 140798
953597174 14753
913421225 159301
832304393 122021
124676076 140667
984586324 383
901037123 44964
516229335 157040
333356612 107758
901697518 14204
134278758 14975
513541742 81628
457108566 161664
447759227 168411
127273386 168083
350080938 83806
157884050 179547
311019054 123473
885528512 29758
212408178 3204
821894490 98355
14477104 134762
792641057 78939
723894834 4436
59617362 61537
319452566 91643
675403117 184125
427694009 9474
101974675 62752
569598666 131621
630358672 96812
237809386 130492
550854692 22260
585961831 16394
725207791 61791
453347486 152243
57810810 134074
644351950 87173
406851043 146134
356859284 141733
31681776 173910
548148622 10403
305429982 37087
122007153 48337
136788237 117224
944163871 105736
605676134 165098
269429972 117479
519538597 61316
421364099 8813
236865139 193995
73819409 143567
648153292 146162
40658358 21808
875181815 188217
327421624 91175
439291113 16137
36445525 136100
45889945 51217
408126187 143998
114928190 117215
542929437 129272
850316521 126137
674637237 116815
215696153 180813
829677619 56085
797216891 58720
765530078 167857
574961969 80345
529091963 165932
971610480 185745
930398453 50450
392159975 87835
838815611 88262
932711769 114560
10703257 113390
327857540 172258
941018229 60091
711137553 99383
362337168 68068
459423403 38264
301015253 64471
703995801 158786
966597513 110841
10981180 17635
45134588 20295
86792093 131533
652116606 114234
268203914 99417
404140336 81656
259093504 168709
1408633 99299
270535800 124960
311715871 139678
924993410 62714
559124882 60581
447546716 156879
795799699 160746
217643060 105027
686343361 189321
824042667 106304
446703721 64360
629174897 68490
951397685 15983
598581512 65416
562376233 128658
214327692 37883
874563297 107765
886303189 190793
658688251 113572
958705486 98167
80884630 37255
147496251 163576
819766693 143538
686744916 134966
470112395 10430
576637199 42334
122576901 135640
205826101 50273
806886537 162866
230596786 34097
926400869 117248
150458823 52100
941539942 106917
992854934 5108
715579728 51810
842171193 59885
751049633 151814
39353132 93501
147258005 22201
903561903 142604
974144620 46882
930050949 69247
434460054 20147
730726835 119977
417194963 156690
817563911 135510
133635242 75557
855591993 174687
812032736 40495
844470760 23572
282748879 11573
70808684 187674
211482965 167495
208054923 187304
986928306 121218
488999757 176846
61570529 6705
42123237 136372
144484549 68379
750846040 17327
320239414 110104
20429112 121135
684184701 147759
310370837 161496
309313278 151944
439398574 198606
927422876 120094
832333090 48556
133001791 45886
604388723 166371
861778075 41951
490940792 132652
993169930 155581
135606083 83551
319927628 182482
580872987 32202
57182935 63158
24653833 167748
147738624 13084
264251579 29338
540417016 165790
555212247 13305
607337500 11523
676021641 140154
853836005 44207
207663697 174125
478984980 102720
915155742 97402
932006616 139688
294288437 116867
561350835 164225
202956183 94108
462241836 46728
151267654 81467
275321586 150140
41077346 40890
36504870 66412
14468334 102485
121288228 167882
922936690 42285
320461739 185857
329376148 49708
839200290 158869
558593497 184629
656060132 77336
976699200 48977
222581916 39459
628608346 179938
257616707 81328
77209505 32616
241938469 161627
603535832 131836
367508699 84005
78337291 26878
12045276 119648
860133298 145787
512569464 167192
656278502 168053
903610017 10661
454966522 27480
827622738 136734
112574761 165333
706500765 175641
304100537 17991
777247832 124847
209399079 95691
175514920 79757
614447050 114927
770687208 46467
651803380 113108
673025003 110911
40455130 16510
252008954 110973
499865555 129185
820786176 97932
11380697 63066
537770459 121672
641105739 4841
507071702 12453
170850346 185217
896958152 173431
936419650 81108
23040220 107861
957902861 102466
550153441 119932
282333891 86742
298168168 133316
736915553 162298
563202278 82947
140142192 159512
865431687 164419
370593100 7082
94442564 28961
187105970 9001
690068899 123879
373020184 116498
195840520 109097
773340835 61807
883860225 21112
759788411 151768
173458369 35920
863083693 180815
919232125 169098
856082539 87107
869521910 124616
852691097 20011
88780338 24821
417227559 39512
291713621 99875
531137091 50999
752880356 25874
401187985 12899
686927980 14081
278664344 152508
26769073 83887
391882409 173338
445000685 194746
978353229 96392
761026973 142541
185831866 15821
343771826 172303
286357405 196439
680898374 165672
599580709 107864
645637807 542
722695244 52443
848241353 178100
430206063 3317
613932039 81033
835353351 11247
517942683 53107
111914336 148523
873954379 29926
786389779 114437
925633821 126002
237003435 125495
502508921 55690
491587978 141972
691352305 41673
88282795 62340
336161291 183674
639361491 199155
955311774 172134
621409501 90723
195162083 141638
403046141 185644
678821253 80078
466317691 196232
233642924 83855
483218221 108361
936723741 31911
94028294 136991
259130363 79123
142633896 136766
88375637 85122
851665656 7020
793783812 63453
736155902 66002
649786094 19852
560686066 40938
96546572 42818
409836139 144945
350578724 109785
568094203 35134
20857844 14302
7285281 122170
340129570 176588
395966304 174791
70230261 142016
436009908 108419
432514757 187284
806429301 41204
63806572 100650
817489729 187615
456420423 36058
736765463 196931
577321213 116778
853459408 87114
866958788 195409
936060909 157068
307847109 141192
460331995 140841
693684347 196854
831067132 140634
992505138 1980
364497690 132221
261121325 102385
888151297 165412
497874560 32775
903592041 114895
299666105 29446
685477288 144405
915777152 176202
200123381 46451
393236603 105744
959509432 111239
567973196 21140
406042690 146081
739590807 143424
355849437 198301
587749998 154397
608658817 63387
260353602 29696
543107715 72950
192635953 188586
594092953 174337
742395643 120075
387633251 140508
974733211 190301
332714327 124546
778837149 29545
683684331 197699
614141160 24015
501797953 75232
235484868 51430
820449601 135618
402398308 46300
977817884 26390
810167891 161704
844462512 186799
534347078 92555
662971805 156536
335305048 182360
523440780 63214
200124754 197614
491670455 43756
945267465 112762
104842976 181665
510801880 119817
7611315 34339
753200869 116918
466428114 11859
157954279 159094
76302872 49383
828903767 134690
397935606 8623
661672480 92090
215099001 194799
686737472 179357
932615575 130964
447482819 5259
491008801 199247
534633558 68841
938483828 127807
73983876 59731
433138881 75126
64041138 174154
138220462 176529
904370781 199166
475249833 149208
408870409 70349
731195992 6010
948748947 22106
936433481 137171
553887337 39303
977177371 8416
941312250 88557
892451612 71228
275944473 70598
90550156 128256
312930819 135961
547823733 155122
747062511 20450
63146788 117227
501574259 40481
562193908 89555
915077387 16075
551204537 70939
306582547 92898
616461307 45300
323183342 24758
247960362 80583
678438873 42515
668522480 86542
984115497 63950
342210623 144360
736332005 125971
443747569 42506
582497857 188806
985626631 39703
245176712 33795
810744176 45553
338195528 172774
97824691 121611
63783808 105319
479013925 93344
980220752 197606
319908175 133749
964518820 169937
754402675 159712
36529897 91105
629149591 107753
745366151 187843
868375667 168000
32603174 179580
276419290 167383
121339453 88034
820325621 191424
863494724 75184
761375881 5096
141305330 93692
514447071 72099
231158293 107189
5264275 16692
880404897 38087
777626534 121461
749866906 72395
54850341 52455
292549812 117963
313175314 167591
619989250 99252
306187609 49569
101089986 177407
4722252 151050
374040494 111816
698471029 72340
921366674 129998
412754618 84196
231707063 188474
857267827 54392
747565612 186240
10171400 136042
481803580 51275
145721645 167175
899122864 28487
188171077 74690
231057456 113956
205210129 146527
789922653 130454
270569265 76420
365355655 9016
233492148 89913
186432487 75335
727615655 106874
68634318 68992
241635508 153877
416402971 151385
536062570 170509
895980579 105951
500592230 145529
564120722 189100
924649716 76232
776983657 4827
539045108 170315
490074653 196814
144921931 68237
585168740 94555
404623707 34320
798625118 69970
22752337 66609
403085124 111167
673256553 157864
334194377 188258
502764492 190086
553683600 137441
742852575 63662
367728807 57671
848797225 78303
828350285 14158
599614148 152434
724426969 167371
437865735 129206
828287229 142281
192122162 34289
610590521 154950
406882083 163224
643919165 72423
812661270 91096
917403423 30948
288087685 41392
671199089 48623
37041578 123310
343564239 26093
906535306 74912
476713429 157892
456283101 149434
715133455 84136
92434303 35582
113933183 176352
907227803 77739
65861741 35878
286068834 190176
555039038 57979
986808923 46259
464779719 73855
49569959 182451
141980299 38258
964073741 110926
632795371 64608
608089164 146475
67452829 147719
507214417 146163
871456730 146901
227762410 173983
548914197 273
82995019 88761
866045454 188445
514559283 161313
253785876 96709
963458587 8019
784669409 123363
512045162 114352
664817778 26211
815190135 175535
176580182 140162
824750560 128045
998094203 192852
913960586 40377
398172546 105236
713327746 36236
490574453 132194
436578562 124545
413697463 6910
471234457 81541
207012744 62634
533631191 130767
47375620 27709
872449735 112266
563845794 99762
389366710 179770
426931650 29688
528618884 112293
551043385 75658
746497737 15084
480046206 51375
578679901 141437
220306256 190745
138928313 123275
752727282 92030
485329219 75103
729248702 80333
968568273 41324
110473545 167430
71797620 58336
601749471 152409
373707281 38809
636629989 70759
270148236 174047
870080396 82010
676911414 145136
677282556 108194
986718889 73535
346277962 69229
782471200 152026
251255437 121486
254414505 9281
585332271 105869
81372849 187893
853033817 71118
505936336 94193
478894892 164583
969506161 179619
487206345 25434
512951577 177500
375796008 35842
580024581 199352
622180525 93526
500370329 86791
455209101 46348
630919289 85190
869006174 175890
246092807 95063
20836770 10051
841643891 450
834352093 4053
370906521 18475
283647159 44163
785747529 26154
913091700 173267
255915329 171071
634044421 3433
16957674 164268
702312085 93603
968934935 102839
651749119 162607
563332931 68603
273456202 169293
108631957 143572
740328990 84212
671661144 24025
823672153 124659
632052657 1255
370761172 53017
239648185 84116
557487199 88216
711994308 194004
596059238 171450
756664894 105823
111755033 101211
248556818 152653
872070991 135362
411134868 148460
627467462 63720
993598471 13919
623613179 182123
143799070 26862
597067987 11332
752251325 172970
119913878 129489
669092660 90959
739428709 45032
404994476 109261
792810148 176020
722031441 197818
14343226 170840
931174545 144106
923836090 43373
90590567 180421
338109027 196381
724052464 111458
583901320 54693
577642452 39918
345636406 143393
139423261 92351
783106785 97599
10177251 50182
256614048 4678
90397468 199546
371089660 166181
498336047 25785
932637514 140858
422495502 163705
325536021 65661
710577917 127186
574959465 6825
325560607 82250
41638505 2344
31861892 143725
116277877 39597
191449825 166764
254529688 64251
37634010 45641
218673671 156174
121270254 63221
993564160 131333
890641788 146140
543525110 106816
380514726 158873
617668876 114468
585070919 136865
183329222 179891
557681503 184012
863310547 108185
990634867 89271
601825324 137691
538168084 188291
458049216 194553
343374481 64324
642191046 68243
712988677 164761
563808313 127047
94146776 95780
373491096 103195
891864039 35694
869840093 146005
87777297 95974
605129877 156898
201647342 168710
415814586 146763
31276441 40475
342748188 1090
939804462 64171
593610070 98200
387693449 91739
87776553 41433
925366725 188737
393429263 31302
585616766 145558
939605515 116395
367450170 57724
544477974 161007
572672923 132264
163299478 15774
105684338 86487
692715284 134547
256154497 115494
231276446 62891
293109369 163539
913919808 154302
716653098 63066
983578007 91177
320413228 15057
623055450 166790
214970435 10869
900637275 152206
443177273 157802
343829366 134626
933892089 30230
218851276 60461
595926976 152231
250443503 33833
408849845 59804
53129708 80076
521042835 105925
303380156 52398
233966120 85639
948340656 22484
843211858 34267
464008130 74351
370962873 88694
881882643 198234
796027308 47440
634003226 173836
843282940 113379
289399670 43659
565916774 100161
888035699 18403
600762392 114744
75449839 137538
548202287 50448
350828547 116312
825675443 13444
501071781 171281
890736987 38415
324747088 12203
339832338 185831
71181882 148217
316353628 111672
836455867 74300
899423203 80677
990698145 167701
72550869 156404
277086300 186142
44855445 53017
484403740 54201
322812147 49651
435205619 23321
833111142 44611
171235612 193485
267299273 168342
643197547 85985
109415352 76939
133133561 117585
236720989 42048
220184441 7249
279701344 198980
695550573 44537
968867708 170613
828359357 94371
702333406 32060
574110102 102800
595561941 182272
356362008 78984
248614209 178079
81815844 31041
479995250 151690
68041017 118440
807260128 107455
241911487 175787
35786953 35401
183030004 28809
433186793 167843
131086618 13451
349541787 73340
741467004 156771
917701043 131147
843193193 1745
58269264 81994
893255650 80370
863091601 5678
180329682 46967
236365281 30153
983194580 123206
447146703 129154
842157345 152987
85590385 19570
967482032 109792
457511871 3284
489535855 37387
790243994 90196
6594804 28498
897551229 99225
112429894 148470
426729194 134333
592980728 178958
995741642 65582
219854066 185061
353728301 196124
527719589 83609
556633160 161135
922537963 11403
837530558 98487
990920036 83914
621357157 164139
718498397 11062
902589860 154733
669749488 40758
774615910 24670
603922782 190718
181629079 104460
652225103 157461
978009965 159790
122596229 44535
922955517 71074
716264263 170390
429143104 30562
74655364 169039
993648036 178252
799544228 52094
175223764 31170
829012439 192129
82175875 27855
392291914 137940
953746556 20646
866306200 198056
99016743 100570
112177485 185741
850444691 44756
536071060 113925
609311296 193881
857855687 93193
822865278 187169
993229045 190773
498805763 46591
668725183 184241
551150431 189594
162376655 86711
865147690 52801
472789165 134842
218871675 100979
821057504 199001
967924039 99133
825175196 94605
359383186 199674
284274327 48597
324836720 74092
998671656 180121
876320088 38826
381671958 96382
642585823 188916
843686819 26775
93356998 81668
83458961 121941
374822812 140903
591584953 83108
502077962 7226
566807622 112866
149898808 129627
334444649 30077
127693515 101479
666679671 9998
509628500 185762
892556062 169358
580606508 60995
799896098 105711
119311090 70046
721225709 149204
973250039 57908
557131868 95033
320204376 140422
138760529 125184
43172606 98503
358867181 79465
820057930 145724
447411055 45401
701970061 50922
931345342 73465
617539653 97273
183901461 22716
404101576 154809
18557639 83126
555801507 98932
817856117 94061
209275351 94204
506353244 149484
677367621 88131
820569180 72628
906399706 104394
256385337 42229
485081896 30909
871997368 41170
642487429 29740
720407304 61068
996913520 93410
895683641 58064
153431664 130858
919963677 73795
15634514 8044
162164088 30332
216688029 151920
774093635 38133
901917500 145208
232462652 161950
78085200 194312
771437499 57096
277636460 84201
287610436 131921
830050972 10451
298425056 166968
84909994 148738
780679167 102368
598107604 47280
162705384 61212
980444195 177040
790806242 59494
634755602 124545
305869544 57988
658607449 100721
438023225 157723
908970341 156212
623545056 163448
265770182 189978
474147088 77797
139400881 198831
884591107 25249
704215383 165543
930996759 16697
432086917 148026
140701839 154877
278932998 185419
314083761 19479
301197884 191471
796355254 184007
892530492 73648
529635574 119687
925942320 72985
811589642 183250
776591351 57532
971381915 72582
84046828 72471
458141892 164349
270677543 115170
509837886 110597
610450075 123689
989330892 115461
417674295 22545
581720803 20183
407669412 162180
599340238 104051
255575733 60163
432182760 136030
21453218 158780
676993744 24556
129440667 64430
386074166 169823
587191784 186864
292903771 46956
692738337 100954
344816734 89284
473992098 86339
925787498 196914
497002746 8170
748628846 10219
801917429 64936
992487761 1115
583080064 45495
811235953 52380
58475951 186310
514080860 95328
106687525 68955
78138928 173564
10438827 183326
440488279 139856
125418737 67716
135580410 106829
567007205 98076
916263081 47488
343492293 152234
574573131 96471
301128938 117900
452831455 55597
971874384 76623
631873917 165911
216643731 83475
205980201 135656
373818125 106665
855682854 95010
586807066 162926
186665580 67328
606733472 57533
971521945 183597
507723273 178235
87584123 57184
357410185 80161
944263035 114544
665225496 64117
478255026 7492
790557181 190616
440365126 189795
957286344 105603
268903725 4658
49450940 182900
614518264 61832
409168535 13559
216880274 9824
989072237 12382
185251862 72748
797639989 189550
751580556 141282
696956567 112116
228948182 131455
193318433 33482
798057540 161000
605344970 41001
231547915 35438
243240418 184864
536425966 142499
811888684 127987
77854499 149014
53887741 87558
537830194 9069
344897902 149840
466242773 20647
74101599 138144
376472658 127819
945506284 110556
516875335 52529
301747819 35143
753124939 199276
1468360 146256
607131970 83995
616616368 160919
260867716 95365
385265306 176794
166533239 35717
425884808 14885
487928559 139968
740998685 70988
284883655 172980
699971484 119022
148725062 176961
340997490 18713
941442879 197224
777334167 57730
407979112 130973
891001080 108969
62731890 69408
372330982 116854
648954344 181877
1118526 182902
445911483 167667
380768471 155167
590993503 187710
897205635 52059
446507295 1237
545143950 43333
435573766 11973
433861687 197285
955676038 13075
650359249 37171
101088450 30532
603233074 194653
690575143 4054
691587351 127360
544238361 185429
326768153 141646
674276848 186906
673839527 137766
648197647 157054
175900987 111373
574401089 87931
568368782 182960
642500901 18705
426668032 69967
630743443 193153
616350189 46903
576406868 97255
939388592 118897
22706183 95920
158259589 99657
540687305 22735
355553360 13942
951870801 39501
402627609 103119
701960468 84531
897520499 75706
927156719 133038
867973700 48633
175333526 72583
589674327 76835
28716130 155541
32518634 32919
288179594 153521
9064512 196801
592906435 52109
774218454 179608
579295386 89087
429011251 179046
309752394 5727
475957195 95862
277893913 133154
352297199 83900
746325859 157178
499962279 151325
67638514 109802
619524300 122460
510824269 89924
622270987 17842
708124594 115654
313322962 27101
146267053 137875
382877018 74887
208410 169200
660223170 122967
95464819 50760
146688120 138512
86818891 4681
839120847 137111
66049150 50261
200677600 13441
738500556 169369
764359667 158512
141525713 96712
280369221 45498
787773176 178484
922411997 119162
101472302 164125
525968978 50988
634353418 152420
924825393 111041
486575624 74569
894607510 197410
547537739 31729
528828855 111568
21577861 97016
662556111 118106
250393046 78591
969855992 67914
760169464 184379
91187423 58521
549724842 94340
717003595 92242
191560064 17117
626782067 142140
197710868 12525
930962377 58021
941698006 134915
82074676 15845
232208298 47804
697069443 62854
410496061 96222
965471898 31025
480739700 104145
120299994 182200
431796850 147992
917369514 29033
696432553 122854
593725489 52650
512761575 74807
594323429 180789
697006678 50281
69961755 138616
26692458 99046
986643775 159387
404762679 131967
164918002 159716
876427134 91165
870075730 155012
946416667 44284
177910841 45832
175084821 498
281690965 151825
674553429 108205
91509296 145998
73307987 94683
672919003 19105
999855053 41637
594795222 167251
967932354 140189
606226959 153087
730116748 100801
842113301 132843
922604148 174272
43285591 101702
461290725 33838
157529193 17789
611030263 178843
306966331 6764
712220330 106057
58651725 199940
186157850 188555
297878061 124248
18615800 52688
820938343 47488
368514367 81762
1649830 185982
669276026 62644
217451241 157339
452127610 93178
232357752 54424
65402814 11992
692284870 88452
202386031 147297
13733008 5771
711072684 194180
6397884 83165
738373035 49432
813469155 16928
244941313 49156
194803824 190739
812652800 192173
871677390 20852
57564440 96738
897609093 100349
463079306 116286
223052445 141083
956374785 106524
386623387 197249
855961259 165024
360820488 123467
993437120 194625
856414277 100259
735688550 102542
438273436 28175
370221722 58997
578991815 23433
817274643 73555
218687295 152848
464407813 7869
881763315 189708
783885076 13651
708152446 167858
688591673 134853
263983553 23044
151492681 158551
819016077 196356
18622803 109116
498097315 86139
151613681 103654
643570787 130720
776139987 61713
91322765 147841
106465883 149735
162276072 84
341036491 139578
101621463 143833
794631487 156755
557208337 198721
581266013 133836
51743086 193405
515362942 81531
372876108 178293
926499001 66170
984169750 129859
478834363 38882
678554377 3756
532880217 147443
148064540 85959
120062214 173740
898631619 101217
478350117 51528
859927925 115895
791314447 117326
959110602 46730
815699084 89382
566719772 180985
286422203 113540
367409399 188751
989076704 145896
190200676 58056
454243604 55641
941741425 144083
996579925 179500
913710045 194012
84197405 146512
961173161 163930
813318024 111719
361990961 126807
101422968 90238
516416242 12937
142444645 12400
308935228 126981
363478389 180459
532549386 29035
999985898 119415
232932871 132589
929207058 120019
841810257 50723
156951639 188725
857024688 96608
945763149 35615
33700992 141726
710304632 159449
895045897 128392
913434597 187540
890460991 22127
203383735 186183
842909610 108618
690841141 95147
302946238 142616
428173336 143194
754946210 183556
196192339 41894
866250338 24746
714461562 138575
82652628 26314
767453681 189360
385147898 77276
644274115 167464
208553012 92691
811220367 169752
109047291 133592
373087126 112038
93429421 22946
699643670 26652
568467994 651
645585771 17389
620068635 46724
981369065 149716
568855239 88545
418633741 143036
497179314 64457
186944167 178914
720085476 105950
528819661 60971
798113785 25993
849002494 102208
227319450 87659
338646985 94204
525103621 14566
802569546 56251
150031137 71264
880521812 132042
11968916 48990
300483320 39723
70342437 166634
805105367 21325
986372266 86782
995851074 146143
195591101 117757
750139660 130347
406086359 13185
37784562 46400
134365252 27098
639636614 109283
244359211 190978
457349863 35049
401731232 55120
583971824 46858
256714651 84536
951915692 43641
671538624 28822
601674072 54513
588784507 83760
252501210 110681
591031660 15508
161576048 86241
769845152 50670
583696841 190360
735751411 16120
897636730 53739
685778997 34791
894262454 22978
433065927 54883
338104225 187767
44085362 32897
439919143 78017
163504112 34664
708319788 198990
597220358 98662
46972251 97497
925878987 27946
658094288 162540
852668310 97495
712665975 71626
729264274 121433
956747393 124516
749329143 30557
540592040 77276
893334827 192793
659758034 56103
610483663 163557
380039370 11168
109113880 162544
787027023 26075
565294837 134700
626011975 38624
551364247 47644
466647624 83710
188554261 58353
659766169 195944
450382417 144310
139235648 98858
389726133 21188
218641889 66359
674292894 60205
2733166 70533
584179874 104682
420716163 13964
253848628 116883
197012572 190185
799102009 142359
73659024 2781
193648393 26985
283050499 142352
537988403 133641
443712442 150060
890862862 126199
88854338 188103
550954663 38471
731726090 125621
228036809 89428
993909753 61864
709788505 91369
157580278 198255
282687419 149398
550618335 64593
843477098 83083
627374037 144569
187294774 185343
270969150 9703
460696533 175467
471636765 19132
865306955 94269
65131606 190454
170980782 75904
224860362 146433
655896973 87122
807818632 93335
643623860 148240
659936814 3659
603858357 13160
285442385 86902
404279409 194719
396348672 136511
517265267 100853
355987452 38260
250844360 146174
81127501 158591
344478372 19426
789732687 163584
914578275 28513
385915190 17756
265092062 155282
685165334 93346
353278490 61651
24888845 58663
328543639 28583
537030168 163567
603198707 85639
959786157 145847
548998678 154154
548325341 43821
801820081 165741
104249349 116291
144886302 183610
768300859 5910
908274887 187659
953721137 26692
487639205 148349
581113502 96495
362925019 67597
978837955 47892
809433105 2630
808881523 128191
430347235 48394
538250913 8206
274577871 89339
20600300 97871
827159687 119089
451396422 88407
91468947 166821
524340910 158940
300414035 3974
919959939 35779
533976807 110235
340112157 163652
113650571 70930
259223856 138112
796772829 109298
27574114 2022
143412628 26780
745554540 162986
829492697 42918
619009572 131494
148524102 35526
130196039 62725
58611692 152052
859118011 58295
105613236 136846
633292539 14069
317716689 15951
330790573 89953
260583447 96577
181726067 64737
812196012 191580
230744298 68878
38029529 151728
168340821 111682
141150491 23897
440768154 97527
103498026 46397
952020585 137118
589511530 14183
380928135 17721
761223124 136468
700627964 52958
805644155 41265
891708171 179139
168395137 79231
542827217 67717
585654471 13424
192736263 42142
850073752 25615
791114487 33983
684662849 15593
348444709 178708
883127394 159400
140361187 96594
926167196 5606
340487693 54180
317322679 20191
854591405 103590
751610351 76320
940551401 2293
966048463 12406
102716286 146104
709924292 85983
978370678 157008
648249780 112072
918863829 173487
288134556 173613
332773808 86260
206317809 15154
511013855 101790
165420164 104108
20172913 156938
454829217 93425
591491865 4057
639489078 126659
78950221 81469
359882387 60430
315103494 81084
777293024 157749
559189871 7285
876766867 27880
668043421 137686
17597991 141915
620712945 8776
689039029 26446
612310135 195492
152102517 44079
853919352 142456
929456504 127522
850829546 101299
735136559 42299
675379411 198109
467982942 130385
33949689 10391
190416084 184039
353786319 67964
846248276 132263
571426319 54606
871754571 9561
975094682 128220
285301287 65319
337084240 131205
993427996 192651
469146976 116016
922350197 108613
52686924 197410
278773385 95896
425950800 39934
682245376 115080
60104637 43086
251144915 38580
710978215 119341
426773818 136707
937953920 45434
839259856 125379
54065120 128376
7297103 112206
626038760 145555
298758398 95109
381371349 30204
806571616 14666
32910941 156930
208757943 116398
78441151 37116
828436199 84922
567027694 122428
429303271 128688
770463175 196710
384976478 151128
661231992 112412
790509366 66357
900274062 123826
899219738 182554
780721788 112897
242280724 156796
709055803 71553
280125605 96376
52209224 176716
266156262 3688
315932293 174691
97268185 130021
826184252 93736
453024309 178804
800636117 181286
663297129 59145
995547349 54795
102196667 87577
232504804 28476
773020004 107764
63729343 14638
745613159 188080
169570659 5789
679594289 105828
509292643 183845
856737462 48
605841353 176279
14131882 23380
429076084 199105
412142821 3664
775397732 173327
981761880 176676
89348075 113923
175259628 58320
945596499 137971
551033540 30136
737020052 88340
297937004 58164
276508971 160060
956798563 178320
397260174 82090
697375214 84972
856462173 160139
935963362 72278
379735420 102294
383197559 46906
277644664 14462
335318066 5354
808676902 193756
583159702 123907
81367239 129126
567731324 24011
14649710 28590
410768272 89618
576486703 97065
842145024 108408
890361088 47758
614174178 111743
316386733 24664
32331706 83724
369262041 175734
655102991 180918
894251465 179710
834676971 197204
948980928 198229
394486549 110696
690809383 56009
846230636 175112
322110808 195412
194361004 103618
775844950 122109
335374991 118417
403500230 32511
237609598 70701
943857833 117202
28934261 167080
650320786 155092
523725066 144094
832817449 24365
376353206 118898
776487476 111438
32632514 59616
703934366 37661
201884359 191594
147727253 72778
309462341 187752
915420191 151662
888604626 96129
328227686 175903
937230852 116751
20732189 145468
978359054 129918
667530776 63593
598188001 10560
366944217 83048
405655317 10135
722879758 662
157167620 188134
922937236 98664
408141682 154615
41205992 162587
122382669 76124
422371866 107924
366390541 66673
555362669 100397
526819125 37407
656732274 197627
193002356 191037
479573169 97459
55046065 37541
785560498 44397
307414794 96373
748634094 195990
990887932 179304
396031970 175525
51891400 150705
733234627 49196
521214100 41806
221528357 56617
889661878 136814
526947417 102933
546328311 98751
577766714 116798
834537715 73767
697169864 161539
994634338 41755
186625833 4102
408778533 155916
688275651 36949
216540205 180393
342912599 91311
841449650 2190
799178535 29439
358265832 63678
555059208 32696
850941991 193973
631577440 87867
171129019 197293
391938526 41422
244829969 166604
497015190 30133
269006619 19485
248895551 25527
103911034 10813
132907351 76425
546386803 13246
346139657 31177
374876330 136599
264610718 45948
553216586 50276
736589562 154768
156379149 46701
94810579 77904
198933578 110339
408997811 140650
109875611 12943
708672806 175084
414808801 108947
821170564 141407
354379927 170687
125346124 81463
960923993 121502
80895281 41790
677191613 194165
160702928 69162
310881119 98885
732542685 169050
800203099 107319
906318019 186488
525158218 156734
239260024 184381
862869295 56434
711895042 33085
438191303 136250
593515280 17047
328593026 117118
521526121 170970
612815012 93940
77353156 166406
950496177 156302
37161985 18739
340906656 141175
249441587 98373
483521161 264
511105188 109626
940674125 85618
21672907 110374
834792968 83919
455592515 69072
305463538 59628
847923476 152654
680723598 106895
15203860 144134
930003394 114780
604339558 78018
616007958 57734
768576576 69383
666221118 76211
433284711 155363
608077566 78000
116322849 28561
682915440 4197
549051955 79222
545651040 174279
496931183 69627
653379259 34651
694325255 173761
392785422 163014
416614737 108190
448756954 49259
990976323 91454
304493818 146394
429768929 76880
486649844 23842
980227246 96588
206768629 181351
551353501 119768
5748102 57489
588935997 174818
662365261 87715
806484125 159567
15148265 116218
905589517 11058
335360259 108203
808814667 164619
852155209 141949
574419222 159082
594888105 75450
705974539 58592
147873274 34976
457634822 191177
212615951 68062
861394203 34110
573930643 119645
184467298 131886
525802398 5647
564409410 182898
696974443 165087
790995647 148502
231125428 190026
530448215 487
225314088 159160
563145252 22590
831178090 95537
279964795 89275
652113628 151268
979355802 114790
467956224 107795
835718129 151888
247251974 183953
445698588 73475
998031904 193813
215796505 43901
391140590 113488
963222321 99860
705872516 92234
87919205 66568
721819112 182796
77344705 98084
337338079 120940
474972277 159332
685724896 38331
745133782 159899
379554767 77749
37058031 112540
256618478 161138
466010211 190620
57809983 28612
20435649 63496
705927615 98461
110140450 42935
47481181 186685
428576349 121386
365263803 63765
994085247 17179
313387923 65192
570355570 160603
395913527 174275
916620212 80862
141054957 172548
574888842 89007
641030943 177221
292082582 123701
545344246 78911
480604948 161797
268805887 90851
121343175 37911
298967570 75385
906799233 129547
536600404 148548
270186184 197973
835965801 45370
631500547 187732
79548014 28535
298382970 1988
773981741 46981
697662296 160546
784137542 61891
518366443 18956
750288498 133307
340543536 29941
980508357 171762
31265350 103871
375702185 100553
88029418 83263
289527099 141678
750483235 113738
401931151 147132
554544682 124689
390062880 115217
252609992 35159
318498305 194691
602925411 46088
494346070 35582
471837849 64720
843894919 138781
458560176 30758
527238146 61694
421793507 115044
397578396 60331
598759028 146108
949036388 25360
638142708 114176
17139017 164461
699391802 151364
33247661 9598
928507735 56631
914631597 167232
364297168 184957
762243163 10228
958817136 190717
867322557 189640
909988314 68715
820623299 73093
231895726 182901
451834149 89883
52436066 153336
449183777 117287
986090175 152606
90372340 34453
307328510 153354
296899676 96720
490709273 49446
90778918 124991
126699461 92988
958925518 150482
652132063 54301
970370076 171050
717343899 1619
74110317 15739
380814830 41729
896661852 159039
440665725 159937
105488129 198281
917240811 194620
948286582 81404
521726492 56377
832823765 87496
303558552 18227
610271372 22774
506176835 131698
994485647 36569
676525115 101392
404203914 32920
788298774 20725
804155136 79049
859166793 150129
461229511 134545
370153529 1037
567976279 180772
953164326 140751
65612098 26268
403578824 547
127068194 31553
319467053 70144
458081362 188224
681524349 164351
300295505 22256
322999824 92950
625642990 135604
312211354 162965
143268517 60655
689611456 110378
380376759 73503
504967857 167415
541214294 178612
393323512 89241
944434384 2411
703144461 119167
103535553 87677
389224110 88956
845147541 176999
736085395 168390
499419974 173685
292005529 70746
48422742 55586
336170980 23955
433784309 189670
751217175 29234
970415699 151575
526162858 127721
731178603 61697
144615595 179785
664191461 186676
837537865 155449
574644426 172621
572958669 57899
513846332 123760
688966135 175204
382042362 101035
850799729 100907
567933824 84746
516330975 53733
813276875 186902
791435012 109306
998638943 89330
680232164 110340
50066878 194279
882306012 74628
136759353 178106
3194780 2931
934394918 35206
461795301 116848
353454095 167171
233209952 113929
591417339 23064
250503789 65857
211631996 134063
216104957 99571
640166568 78158
407463353 128247
788511378 172558
104571582 132389
200093390 193938
402837084 167914
358215996 133118
140170294 155332
438431378 187658
672791132 181582
221193238 106611
657065748 106639
347933579 9739
352366549 38403
873380466 93055
958919442 198731
603360464 67977
922183769 177069
452643643 186493
788403699 156431
733889419 159491
809482887 177722
806430367 1635
649711248 37429
548166202 123448
900073910 163440
261093698 169523
567929796 51254
894835652 16081
581297661 8627
69423089 75339
576394659 110418
853460081 97867
142931105 110908
296317712 61372
681876200 155657
159095019 165613
17522905 111207
133463875 5983
260878448 119765
121752031 29145
724969063 115938
928262897 106876
955973526 146122
935291105 169539
649679655 167487
663369911 91014
152375686 197130
876479490 35080
166743681 153950
315330461 177389
626398836 11339
892889079 170059
351597772 81729
730841378 132068
643982656 104607
991482246 32113
854549497 178712
653907893 117236
370983583 63897
12922860 70890
968533287 97035
730500637 60165
165973196 186505
311384856 81622
639811352 165621
193693257 95173
368162843 67261
886970163 185748
859846570 60502
445022309 168790
954162330 165552
860136978 82682
911966840 128951
950751635 183688
774772329 128804
354196315 13284
967047392 162231
757715405 148485
782966097 85772
988486348 105846
582043052 118982
852951071 198836
583066431 199759
996083211 170323
659083448 23669
350859383 25286
306159366 136727
75198373 193647
694479469 55148
478645141 83901
756816844 112156
5170453 69675
518405911 108071
62781297 84053
758386970 24607
256424206 21329
11675847 76388
312063096 108650
257396268 5688
669529801 155672
501812604 11363
243835742 54598
24559489 164426
827741781 4771
268492582 157030
151549297 141405
759161037 81021
138865004 49088
623974935 48614
943222566 194468
560632031 105821
234254322 139623
694126607 27781
697082894 69227
663929582 119280
678949960 5134
853358779 150433
262715017 97225
454035263 173069
732581734 84072
323679744 14978
193982311 20052
222682141 176766
115246038 95580
693624086 20512
134491129 146016
630798579 153404
10206938 192484
691262485 55825
954314905 199807
812594790 182601
664929909 91635
638708947 114760
157954251 168761
517880187 111428
970588194 46644
457663566 46975
353599433 188019
162862786 134288
895662714 101971
300513950 3766
887100318 145368
789544856 100469
560382339 104999
388004525 192287
170169878 128411
546717598 61534
893886666 132623
46922404 40031
866702190 161520
35588616 142836
769675575 150573
81618079 78056
350401954 39207
256668224 102028
977384990 119683
486246439 60773
991369193 96852
334175069 48379
454833830 147440
947761783 108180
529989031 46890
216035125 59478
569490390 60346
479714078 43098
93732350 91435
401644958 83619
137621835 86963
535151346 57105
338112139 124147
402896532 172614
708179465 20176
696712164 92036
896910832 170910
93379975 176127
923490778 28569
536236557 189753
463179908 163494
59802 17709
332061100 185448
920398555 2192
76267090 59627
64528280 196217
866496207 101015
628806603 138686
748146545 65561
215265848 179942
568786565 136591
961479368 185765
561696117 108450
96106709 60569
675627890 62274
686743603 64529
352404472 198996
965690954 125064
125130360 96344
567321656 177014
804790864 71660
543779819 145774
916392346 162422
415991338 43425
315623238 82839
878022331 31669
574602717 50675
335454147 155874
242907003 1648
995733989 122238
448772473 99717
155044977 106778
913889304 125811
558810364 44745
967157249 189348
430960477 190841
980453232 172589
853909368 152758
964772795 10650
453820866 175551
578748895 159494
370407428 150325
482249122 78210
883549680 96416
705583613 126336
118862119 192441
300586055 4961
75434629 132315
546997760 179378
87416795 178796
825349788 189736
153360492 178101
164617376 101747
644294792 59903
940418243 146545
382720267 33941
64777433 160684
165847615 56310
770413186 182899
636270104 168562
620263145 35849
85867056 179287
111614507 173459
640210237 96886
234935095 132805
225532042 749
459363289 126754
849661727 110450
276193163 156953
80615737 42768
993359942 181965
236546947 29333
733934231 44410
823304741 17635
331958333 78323
904026469 155153
416496299 47710
925547275 65569
704492936 46184
446634065 194916
35470601 144240
908786340 119254
848301012 43733
658197417 144815
421729663 169219
213499247 86112
221439185 47756
811064506 163476
135637368 71778
730530622 179697
979324611 53755
322523714 149742
627940348 78711
653996760 173067
844988544 30564
163471059 91750
816217554 140720
294603779 34855
505435133 77985
800959705 1967
714953862 96825
87149765 59080
901271013 59762
574997881 108949
288385387 89082
471971864 103306
245451556 196919
662351981 169096
80156218 79248
372561128 71253
376916016 166206
627579826 82932
994084576 192043
718545967 129537
754691521 171783
40993399 123491
23353127 38746
600881068 183049
756182477 96814
521949346 59915
835002122 80516
137598806 19813
341422368 165358
291641216 128489
21176943 140987
763889879 135887
367899767 104492
618739858 7569
915048764 142082
486484489 24514
752666168 131245
827595881 127623
277407210 133322
904517595 124470
69536058 146620
967036144 142856
460211059 144751
70681673 191541
732247576 29887
754708139 40162
652938996 4777
371918433 103792
485495851 7999
565381808 46682
874860772 66229
502163600 122968
230862936 173841
331393066 146633
723931800 174572
572952980 51907
499814857 124707
895126308 154433
505563766 109035
708859686 188682
281942318 165650
848660358 118657
49700134 188521
137509469 165421
870168331 14741
843127437 42654
968089674 69296
631295732 177187
334084855 191965
50321545 2315
168673355 159902
488027450 148290
501346368 110888
357130102 3498
355042791 77011
157431375 144140
381187780 142252
128338719 45985
630975643 52274
617956926 97879
252396008 63890
795205164 125968
425534779 150214
875017412 119458
266395654 196082
952634068 113237
505087796 143880
708682913 143679
270937993 92523
3724713 8723
136901225 191160
52494631 58472
402649810 114697
572910556 161470
862375389 123915
929501891 177123
892353171 35598
904775011 10346
204102332 163008
974170866 55234
673415106 21579
30205188 197348
374226436 40213
580371286 174938
184921459 37787
764524659 139231
457211679 22572
161961256 12914
136889216 34950
848441820 154383
120428380 93893
755973883 114579
414641878 157165
894665345 54293
84255036 56205
908451019 5199
937957031 43212
639967757 20001
491146288 49675
268442321 147363
858240600 137265
952130337 155666
504646003 174714
621998163 117472
694909102 101952
988433052 161897
781125401 160903
103685636 118448
501585353 135986
803113544 158220
395884276 12141
617010129 58759
621987804 58334
280291565 108574
734807188 188082
8468735 63248
143074186 168968
638842236 126955
332349362 102543
442220048 28957
222298520 151038
417866610 56788
610937423 163524
479315786 67179
348340034 150139
991642484 34718
538146198 169162
432789535 142979
942302191 186735
471070048 102530
492579600 35371
397549021 132010
250932190 8216
893768361 57557
299537967 21734
898884036 90750
519114716 20262
426258592 13667
751947146 174389
336390731 64674
537660838 44067
420030106 84551
556936467 137174
416369292 191844
533667157 174842
107015998 19212
137995965 142484
694866109 18987
928084536 108480
663096216 138614
957337855 77718
514431455 198461
305953430 60554
693025112 159973
40656004 173968
697827435 45073
728073041 62819
912355666 155764
282907733 35128
665515805 78327
108726451 143486
473377592 154576
87745569 39642
885314060 97539
505316543 196624
216413149 34929
874756115 78566
445148570 190932
808005691 195707
151949296 134268
719046503 61953
342803751 197466
67743315 46919
859156812 131250
210731803 39261
368526757 162930
929028240 65299
652160306 31956
257297867 57701
225918326 106410
159373689 79863
628755982 157424
300486315 25497
401282973 104593
407834163 86389
255494245 160024
870775358 59903
358214545 111821
525587410 190162
233342932 9942
47335049 127692
246715899 82691
185826442 149344
988286763 58921
190235435 183185
265347803 171886
264993068 125521
243892454 73988
308332902 80728
693954445 52412
766643892 79098
10168316 159186
619613112 59205
661581537 107848
214979307 102717
172404111 170848
799382364 32019
891687734 31067
737730397 66604
287176480 178758
360188335 8740
833426596 120326
671575619 152743
377970854 38548
513777202 27582
617572896 105593
306742036 144263
536014308 79282
716943678 81588
517676865 81199
658594352 104058
261263957 46957
772337057 129308
12666051 28385
751075954 154576
359163478 74871
495536618 106882
925404267 192154
774427823 27602
448394592 9822
824389410 100061
824860796 199096
122034234 51215
688333418 192114
268500719 158902
962999348 10662
283186653 19514
731529878 82314
208495543 83285
308149472 42039
689473641 22460
169804326 20244
829351513 12849
989688181 156099
187480882 192470
906752086 79041
859443827 83225
147820689 2784
448881114 3452
589661329 19507
871642402 132842
883642653 39901
828997549 56632
756527277 41675
436091504 165243
354640737 22024
347279300 41188
467783794 46120
500804182 142092
553124279 169819
327250023 15588
516169800 29096
53878390 113961
546687391 144500
819977037 30567
955625105 14625
682563146 11784
548085200 172063
495763336 123791
985761653 23888
864567326 183883
596927063 131218
442731998 4883
25686291 68821
957885659 109317
864954109 187730
522734223 170259
611913260 129785
752030054 44442
309319394 11531
168586202 12768
684627544 39237
346567017 140380
74994031 23606
851092520 76515
739212723 42650
944231191 7153
987193096 6798
531282683 3206
528975039 98573
420614501 155225
509240662 114942
3736664 174450
583492353 16567
38827265 145924
562727496 146634
467108993 189795
282318552 125389
730399132 93813
127286329 95773
561745221 108922
47955281 63237
825334905 150046
900865749 51023
280955554 121211
627972018 109024
340244912 186068
659856227 164746
173204786 115634
307055095 31614
524571593 15310
293188992 135894
530487452 73945
906116570 61744
247534868 169237
802646601 4687
499330331 125054
169944455 166421
408109327 59719
295070820 139558
124638910 144398
63644 8177
190183134 119149
964543273 146674
613926088 34297
81306100 4560
48032017 196975
744401677 152757
266998379 144717
804439620 110790
67053278 135124
116922492 127166
561876706 2150
368243732 191926
976183263 84450
727463019 185260
645276686 13222
962302970 42894
265146386 106840
171376712 143446
618938613 198109
986578372 105501
929889393 162039
787755555 179757
292900228 49203
75718631 114706
784357201 147930
99142068 6402
384462027 87194
553242255 46947
423771319 140984
626434094 123617
669963059 130760
525737883 188909
487699054 49141
959645112 29785
17150736 178373
892275976 170885
17761597 119866
650734390 132551
706251709 64413
363842372 121020
253793247 161732
119814264 175648
388201736 191981
12107241 190520
732103137 5743
746380077 27983
39198700 24556
137206475 91217
618151372 156277
135758143 52905
474367597 153714
925837682 9742
14788685 75217
584025835 27983
733679839 167322
432891725 104840
863786069 21896
2633165 197740
806350027 104368
210380540 112132
57889426 168036
827550504 165588
958615481 19272
907071467 100782
874185828 192511
908338626 148796
260644803 33152
246059906 79045
467723121 24335
522991183 60126
349688564 136665
394116198 147526
926406136 29421
640308287 160896
63977306 63591
989991618 97429
414094379 55143
92793430 2975
265071992 112885
452017135 157039
24500916 23127
414209660 83016
397995770 31145
207323021 148482
363346342 185059
203445133 133687
522227750 16130
294357859 175366
637683122 145953
80978180 124374
256972571 182772
459098271 128152
250505538 135465
405444354 70196
452575731 91952
369335795 65423
292033908 194547
132578308 143268
233054872 46503
259090835 180302
94281149 33882
282533292 12470
726689829 181144
148903944 90210
255516942 148507
217150856 166095
888317919 141262
841634809 123273
2891785 195994
369054069 52110
582753421 21766
501713558 73412
571723689 169887
239208625 109103
422655489 146621
756757562 81457
827964636 55108
210521629 39229
242623007 153469
126675927 14803
241058136 6256
231383228 185097
396765132 169783
969802576 186952
501869544 190029
268681120 126014
688853763 73159
528722516 178714
357363059 104651
139060427 135812
723659705 104731
909325694 75577
922796769 172447
6985127 173730
629539253 9085
480702887 76914
626740530 106211
205047481 131142
660790347 28602
68086511 162659
782184412 60128
534337227 165516
137460999 145324
315362790 155869
831136934 67
473682576 167662
500580220 139249
83399865 91189
50536536 84916
923073427 124116
418400482 31097
717156917 2117
845175500 20109
790424077 149538
668051647 48573
352017117 148341
649710988 170706
760756792 12472
779459221 113814
953970504 62648
115755977 10035
984756360 24350
165180843 160671
262614206 130574
893864687 4508
667153006 95748
245101938 190778
889351688 57094
120169789 80997
933678356 160751
763651470 89408
63333743 89880
169369380 92505
970422875 49141
788929483 194233
443768002 130716
979228883 112130
739339617 146541
462559047 155216
912906897 181245
17246980 36327
18845 104057
828670947 55710
269281224 98188
195246941 113563
488979405 27555
6393071 78513
713709130 158276
384458867 128004
509115090 96914
645086577 192283
940275684 129283
304092871 168471
572767803 57936
634898506 8766
524134714 136237
699574994 118607
762047562 38890
687855956 143914
980910788 9257
574225345 121022
713874930 68632
494333792 197619
514328868 19615
726181457 108407
44004428 142277
613198275 112546
779338040 100794
874790875 22274
217933302 139840
422861321 53003
226131844 198486
411825729 182126
539896086 33686
553907137 77824
689188470 38873
634206846 75368
704232966 132549
844974519 74168
125064801 11724
283655147 174024
878070921 102087
759190370 104021
64857615 133889
119765480 122825
567778696 152806
229750714 92490
991917072 53353
846958282 33771
150988467 6907
40231004 154219
206580606 119391
908467896 119605
238991025 105853
107900169 49473
643217087 171164
180115828 37357
134215591 112739
610027421 160286
868647661 74508
63629932 53769
278388001 38952
390421655 46081
153197149 108448
413350686 191186
704974904 34424
704914250 192909
667905542 11476
886683609 191016
323073214 29214
191294729 127681
408724067 196764
172620069 88837
483595340 177608
261406309 135782
354382205 195488
656435430 31381
572803477 78495
956265309 7070
117268924 82688
61708458 166241
362634673 112264
987449227 33845
481872974 137448
844375121 188857
363270743 140918
481430329 69112
394597722 90117
54511524 23452
300896039 22339
707525037 89598
380507989 86394
542739448 77942
480300784 16450
474668694 178826
636468181 109032
939790815 13074
40504906 74860
663271124 135568
108035581 100860
279686543 55623
459459843 23311
889885708 180099
958386496 28277
18713725 22140
466805577 55299
395259099 74816
944733279 82857
742049585 21299
5079318 198603
987374807 165604
533138611 87860
545150882 158003
960903783 42988
744988046 127410
106434698 71964
765381319 133675
144053813 191309
457215523 69299
458360909 108436
677825391 36604
534175914 5412
37132095 42600
688350866 104915
850121369 85834
977057588 177724
378793013 147451
244130363 20194
915677675 99749
841116101 63493
626392323 119242
295370007 98026
984951346 74011
204090874 143835
47796391 138600
397712612 180055
997881788 165456
808237874 142898
87833382 33349
753516687 146764
536188502 130120
10111723 109551
865588240 37469
96584952 176067
434712845 134488
434809881 84180
497936903 79799
445225891 43612
227390174 199043
705729119 40143
540654021 92885
589974195 187339
651727267 59501
391662484 90687
332419656 49523
118200194 68957
251961205 66248
676743139 164793
676695526 58153
349663141 47693
708982834 87934
838201135 13006
882677975 39879
228356735 165485
197835930 113346
906457539 43929
739522353 14442
719084298 137146
71891143 167354
264496489 128109
528435285 65581
416850280 53093
861149181 137048
172245362 13474
319891580 125003
293762213 119974
184627430 116169
321789239 121334
661446150 195657
815395694 153562
739285356 128615
587955997 60842
82729523 28300
88395988 154397
506912486 124663
369218498 147986
446423543 113695
92299272 123391
235022910 132508
269823625 16773
947588017 118516
225230241 117154
34255892 112774
465275314 112562
675648527 168392
317435147 120720
53593988 123211
872200166 119969
879717906 168872
581732346 196437
883029283 53192
590753992 166133
26829957 46713
26614422 127265
866401670 90231
747264003 153152
684748099 80102
51027144 56875
49608427 164806
445149345 171760
146489824 154437
649339768 144283
424739880 134566
355553019 80343
181937274 136967
387153150 133090
195175099 118297
756691800 31833
233104195 139461
649013514 23546
706242784 111608
120107414 34191
448973784 96407
802559787 186474
809844589 166618
720014355 88540
796456707 113113
362446999 56503
775651076 26487
616965713 90743
768185065 33807
409826077 25983
923762155 107536
405506764 60513
936225705 81119
536077705 106622
127252821 25111
125241248 108192
39997030 63746
175128238 6821
811818924 119042
507873199 33109
59890329 193260
603549467 113084
256868666 102317
91989275 26109
91745646 147811
969781274 73449
97200694 108794
904658488 108499
752080170 48612
556436383 71677
442189038 167778
167716541 103730
703897733 167281
838797904 14145
500928956 116243
972138127 121195
291300678 152299
914736030 115714
455014973 169352
370155656 63925
327780213 12292
912417340 46877
70602222 152462
707466387 19986
718209967 23806
711272165 51566
488926746 79874
864463678 172945
797240356 102216
390081959 129261
533704554 51247
756451780 59747
119556635 145674
467408353 26135
368221660 98462
617104616 133651
273868587 94764
915798656 124356
795150215 92028
775925107 198434
792997020 97222
630099602 79127
472871087 40464
960312536 186947
238078783 29060
45565894 170340
807479901 97560
985631836 165187
348555343 49132
456162336 196156
416252838 57791
689879582 192271
688151297 192761
683025785 91105
96319969 81137
765207577 155960
864410002 199851
843796148 125818
504286947 166865
521550217 110528
115581882 46859
647961919 100241
158605480 141018
832591792 83513
598808464 24055
371409290 90754
211926673 148148
872554723 2067
52768687 126206
717598624 79549
28582041 104289
859942878 130003
741444045 115497
426541325 32132
516741126 30885
969055211 94043
272924183 138596
552652269 139738
340847817 161300
571808545 196842
761144956 69409
207204593 187786
970273018 142094
969933966 57997
28668393 153510
47772857 27328
551599126 85338
257698147 105744
930456548 135878
781774109 106228
385734477 143390
148252242 118506
236343731 171729
643239361 96245
674332807 36156
247479450 63095
712340367 94709
420201703 35315
414894735 175384
460464074 61861
830633900 33733
781836421 138359
498637938 97728
217998598 115655
883304127 82916
461502759 141219
300800283 48457
865590653 3103
842852104 32997
18816183 132252
211100911 31236
619195370 22433
966000339 175464
455870870 71946
786541673 56653
612611640 150999
345059292 9900
470204900 177949
961641941 199814
36147422 111285
704692920 129114
528301223 168630
5843113 145337
748609065 59311
894829476 172882
901478152 110215
646827915 83878
542519285 398
365953179 174493
185082887 98573
557573371 44728
48242296 17849
56327944 23572
635167853 27610
262041385 1527
990533999 178513
315741510 158197
670562419 31591
660628539 79005
771992919 179412
675656974 109490
60361907 8027
934123292 107178
720342843 149570
790932174 56195
626136127 82948
557874732 105372
497778645 196265
867932424 23312
258564052 40798
145868381 94505
465993634 107731
558181760 150184
157743288 158669
882385 57725
166393117 14703
315634644 29322
313588447 90725
986016169 191009
734696426 42829
769921744 169684
764757966 112392
168559861 165393
18692166 55941
432546292 110419
89333363 180379
459925462 40042
920616764 81838
666017840 104330
553397243 16509
995130197 74329
937526037 156006
452659218 168687
63314056 106833
18031561 127482
814021212 15544
748708155 158266
858052149 129303
683174607 104172
43136635 50724
757584082 48456
861082784 124099
368671079 151688
891335593 86923
54101988 24369
699631482 16698
868990359 27073
578728670 179582
553297316 21244
964143466 117750
564247354 145826
503187692 27842
652988256 165249
900353160 118049
774363540 199798
189138232 69368
22756129 154033
889011272 36258
616082894 67657
184341089 82119
532732009 40133
565662177 80850
904019903 119167
382720946 12918
560876000 52761
777336720 147463
859080026 44038
639886227 89432
339411049 178352
819962229 191675
139308778 42778
743482257 107748
339922759 149308
699114642 193754
291553095 74214
396922208 164616
826927866 17668
736054932 182412
470870461 158808
58201939 67312
268780104 51334
458368613 191019
27734148 64987
681978567 73445
614740688 169222
23186773 59138
850495004 131399
837965226 172142
825203792 159827
253975914 27455
940218753 78443
494908955 99726
967684315 140508
50848818 183700
683680342 193400
417633428 9421
543557038 33169
773270735 169982
840253517 51741
714265879 56986
97681221 65452
978132754 174028
310663797 156592
198625775 133243
55914294 86114
962399208 40499
659339465 137751
832265048 183178
465440681 127453
267759975 109867
719139236 17657
180576578 55217
273378293 12183
829174474 196188
758897030 86477
394364509 113594
482550644 38585
277726661 34825
211867447 43131
221642926 152756
20512831 1109
705318450 110489
606373337 136538
333757926 126650
843619441 28681
849871090 41812
484631316 130212
400557730 163711
724640698 107100
139442734 159507
978491974 148640
86161574 55210
130552927 133359
144319323 64499
951613805 170569
300925162 158409
868526202 132046
666130186 163255
427130717 140033
972305119 12692
491415641 143745
701366003 100788
488250704 51736
225049739 17693
16381277 53622
185181795 93396
549261028 162228
464766044 83795
62364782 57305
9121816 83385
941971408 56376
465757263 63970
555577858 53626
2941684 102158
548431729 56888
69931402 97674
687269363 81619
167331062 121755
337076192 166345
768624897 20377
547681171 57974
779892406 102879
464501181 23450
830503185 107618
295061608 52645
766784499 2380
430731497 47081
750892195 95730
571819436 128829
616450337 165981
410784488 62548
950224911 124921
403266535 45186
889774052 118330
740943997 76313
677914580 178630
490648959 85209
510777551 89452
985515393 144253
619488342 62926
751345992 44649
33337442 3447
511320503 58442
816740010 142303
711915540 40729
920578614 41702
297659946 37938
206027037 193105
381195801 185702
55466765 135122
576368265 89915
464165779 139427
261574310 155614
277489812 71644
599936785 69708
342271717 144376
495862800 152977
331425185 88721
110578684 126753
876151456 1831
672356135 78104
957106734 195182
592529896 94122
389870658 174754
530427628 173769
367800892 70992
47448254 70288
274072890 129237
61150063 168483
573096067 184449
248089126 175928
272273242 7662
709843366 23441
131686128 131003
330476887 166133
682755101 17577
81350538 69157
450887750 159209
758880700 84604
900096658 82574
790572048 141115
959099770 6377
656313001 38703
337996583 143548
166662222 39711
47601673 62987
160903728 170495
291522699 37066
881733913 193019
862835007 23456
886255476 161481
969390364 175718
429376969 168054
609540930 142432
967342949 134143
454793251 24795
39960499 176196
169291223 139134
669609832 57978
428762052 74856
670661003 188973
878750173 31603
343413873 97976
83263945 112909
9676560 14580
272751846 98748
434568981 198158
146702363 125581
165398024 84102
919713914 177090
282928276 106526
745372238 37035
583571599 40600
754482170 142258
460728284 73321
80296459 31667
14399833 38457
521200672 26233
329371744 14293
940171970 62951
626794228 116623
205520933 73797
562291360 98747
277513280 43951
563188591 177739
743961555 77023
920126065 25926
330564058 177425
388070846 24596
967405184 169130
513079007 115547
187058033 9835
336449907 28604
379614215 116905
197026024 25699
658338510 16190
691055240 47391
71074858 194563
465952245 199772
350688517 40250
174239636 143979
212993971 81751
704793357 62083
959667925 92227
147561338 33899
494501636 97363
998555354 134257
932417158 17072
710631870 46763
321794292 96667
871145264 37575
261957212 128616
211898743 27365
119574804 76236
245732795 98831
466791929 136613
915250117 55225
178627498 120958
338241120 40853
894399572 122088
795932032 80596
533382975 78660
326056066 75628
563834578 172324
829124076 140215
211646025 191579
163716520 143979
992171426 15873
861753374 132539
37387398 114585
438722460 17997
608955941 94125
118849343 56937
830775783 2533
855458090 104695
678437687 82332
539985546 109847
401342736 106128
542612701 106356
239519239 131430
62899150 165441
96785226 182496
201598037 75695
977296559 145142
149085121 84060
679808060 12293
816287432 172052
354511063 7957
710407539 113532
912798186 109871
223451839 34561
158720820 198445
365089330 75548
597553166 152287
227829991 141364
878128815 89897
812728170 20954
290971616 138294
674092895 100021
237473349 172452
507205351 170035
679673264 65279
942529382 152991
892064842 15518
44098283 26520
722989050 14212
39360769 142910
468443730 28430
928316660 83955
396147155 92014
183652444 135494
443868869 1384
679310534 100600
676552981 100449
960095915 101824
583388932 139156
215014790 111463
551143539 105870
165510605 181790
644163104 133900
585537396 106068
553754021 86087
144917902 50466
919765185 107639
57776541 134806
884859895 28481
850660286 4364
829428373 148910
209260766 78398
511819197 44251
915976991 148347
756509004 195599
954985024 101161
524829670 193029
133848956 50058
114322471 76404
421972424 105436
325872636 62054
600204638 132094
753735031 163597
530795375 27775
833858997 197183
459274496 42782
702994313 17568
959428306 157519
237330723 197565
941615730 155675
115949652 12659
901406092 125875
746656203 80489
755058339 39143
624513485 187197
316404846 168085
562041775 89714
953551771 61389
289758016 112623
494394265 16886
994969739 132005
349917632 195521
692446115 199206
381065564 117862
243139406 174497
185294614 192043
811689851 58777
437244035 85397
942646706 48132
527598472 187519
84581073 9045
556391409 129626
693032186 139123
601509608 113724
632014486 20657
607698550 78427
524913282 8978
28866919 93996
453559439 197302
973059595 184536
972135282 19286
550449257 52861
359704338 164873
913910075 65759
328563969 156238
471256697 142786
980231874 35875
973312272 172493
109378081 142180
7221624 130836
667806290 125225
954780267 39519
953626083 26989
127594217 78111
94547584 165615
628280061 78648
94486669 3157
228119930 40873
767261270 61264
774207192 44327
308469792 5417
379964572 145324
503643557 126414
729734858 191551
561851348 177186
555659897 97359
208190028 157038
410807204 106057
441283049 158419
842476089 27868
481987262 25661
618357570 51679
94591252 198396
350175172 45179
916824602 40228
188879472 196630
178939823 177556
330425840 182147
169576773 92860
275090017 48657
478957666 144873
698220054 35658
342616170 127095
391702196 173232
758757009 192236
506398239 155767
927094319 120949
108890039 146492
557306811 2564
999650421 134513
113573970 53525
438296266 152631
482286990 148055
119851417 165122
909359754 189030
799927951 13128
377447050 76157
704571080 7805
943233632 88559
262916626 95244
378654139 182595
127140575 158101
905883585 161617
89737767 171532
753905294 54573
725111285 53146
881580582 45176
259449966 86229
203556756 157722
361628786 151859
658771303 100381
834898950 160084
174877787 131837
483117771 124462
4034501 100787
692928374 64794
954139763 3107
585303659 54616
684514912 90390
858019478 128334
396985038 18572
956047313 52457
952668298 71856
269453919 172371
414739691 74847
29544228 92804
720980296 143333
836196308 119563
330684981 32095
798755078 94711
188612257 38251
664140814 163442
472458691 165041
165771058 55420
503531688 115358
359835792 162276
135827243 1193
587902947 136351
427114261 29915
676358212 20655
277227045 188320
233114759 123462
471962740 148218
859896328 102055
200981865 154288
152734644 173939
14593851 79711
853523129 65206
205176301 20624
610664389 118618
667930693 157805
132975482 41810
847531750 155570
670641146 3549
852509702 73751
81961671 138396
133471444 12244
254716751 57459
541876779 30006
885735588 12912
177923751 19298
562933362 125276
832085838 61927
761986271 169906
211494357 26121
324714556 18632
413581327 96115
208769202 155649
930084806 56009
1770886 176376
970881731 36653
687193146 86243
874182897 33918
743885066 178723
426261011 167593
516132858 41965
851031046 194496
591173130 25347
412703883 145878
824731710 47906
838138554 181264
279546146 88966
750611493 113793
325079311 87537
986872808 194453
732303016 106151
868711694 185997
312210322 136890
454597036 7106
438396998 74636
147565944 142474
175959722 122385
142501480 111843
617955988 92756
867147429 114108
830385676 67447
304621686 129526
2186283 154953
484019594 75905
445370494 80388
560487810 196315
173930659 117950
913881005 123295
524322804 176733
780561250 185189
406181135 146492
766651695 24958
298169688 88205
186647018 143496
414117988 89835
293645515 71675
857625468 19652
386004658 90822
456700583 53698
503203670 33794
605442327 118591
531496774 160395
271399838 9695
88857487 32116
434964566 36758
855821345 74041
722355515 150614
924124968 188193
977765120 151642
752676843 130403
518953323 46060
709737201 80673
256960089 74464
547564248 188878
143499253 189494
96713940 8669
888470829 60787
565523682 139537
458275972 103653
180495183 64895
251598336 92095
370065013 34107
256472497 184526
18094363 101407
491602991 148569
790066118 101723
379360222 47576
718387403 67459
804308023 76146
836261790 53267
333534811 113388
236674769 47401
609000964 145396
4154371 67948
645654237 162529
180574686 146223
709276608 191703
203757195 144144
666395025 58505
441241925 109907
286031057 73285
913349589 84162
178093380 70710
934779304 28466
480080640 145443
611928584 93305
284607109 114289
475775779 112651
374570474 142190
174783693 146304
779566687 5084
133157158 131282
888303802 34319
779964273 12567
533204636 76415
816756198 50176
200768496 23907
309262618 193951
864317947 99205
556539089 70338
969894633 37422
900301456 20348
790348456 68994
622174405 107294
782828087 154632
157137107 23529
718100340 132888
621090446 177132
200613704 157005
656585083 192151
198224095 152366
855238822 11393
716264150 7608
771609604 91084
996375333 144182
359788102 95674
166237431 137096
375809856 110819
571181256 30974
474732823 112721
528487939 53729
562721637 49391
447225159 16626
374919576 199845
903351518 13675
76354916 98533
204286527 152731
382621360 174863
159402348 86824
650527141 41644
745261353 47241
491837754 90729
247448487 160353
647462271 84923
329503308 159345
892275993 40881
136932167 100691
7844084 83204
501853383 55408
551799244 32515
622225999 95804
4308181 126285
254423914 172505
701251685 104467
812480352 173565
281988799 85562
850989706 173793
407081720 149817
523913048 98956
658607535 150757
525105553 199988
698228636 6101
837003664 71993
215071467 183477
36707974 125109
717550292 84846
797396907 43981
20791189 51831
233606336 140499
99986159 68672
842411771 8489
800350466 146968
486064610 125397
384232578 186238
768976827 177751
812591558 86303
695953328 111860
348962672 79734
199109547 37512
335483871 161782
431580954 117893
742258426 137368
651319445 179965
450611529 8789
2056730 53678
195806562 51828
989366300 108218
333756930 44455
451624265 188285
186218372 139212
285890989 177088
703324232 54347
250019915 14084
419413573 151034
437486173 140597
513247789 82404
79285170 54217
289930511 170835
628016950 154898
457410128 158582
212238374 46824
504183192 183972
96298813 84821
107806799 54195
451838746 42365
178621369 40675
798697465 74203
405688620 115729
721067014 13348
59220446 190156
509476489 34229
548679526 25809
243282624 171090
142986531 106707
401831001 24064
214449292 706
1808349 37552
854111397 32460
14166902 31647
40469909 103063
952568433 83789
41627865 134513
619565242 8576
698048799 152076
656342174 106793
634776873 161869
316447248 191417
824441391 183474
479109114 39225
695072311 111376
970032066 142541
970242134 87377
441052619 14131
195681573 24675
737716849 94585
876097551 140810
72369945 98322
385807120 181228
833795384 10258
266134519 174840
460390957 176826
561789320 9535
683904372 188134
384498260 185252
327727494 125318
731000701 189997
341843291 20023
644224905 53895
522062870 180181
873606090 79295
301136283 46677
852777268 92598
810284980 187241
508026576 150523
767432828 43654
701219692 136407
921814953 159735
807764059 179072
554442300 147392
992923575 100303
545935001 146280
991098708 55711
625808404 81245
797713965 123800
251067506 51455
567089848 194936
713130769 79369
608978325 5539
99937237 57292
810603277 80446
509935646 26481
541200953 63471
748164172 82156
860361324 106475
174024785 114418
497242538 43830
646870339 165024
760987391 124837
522337530 39335
896290684 198396
695456580 124489
794144908 73645
902237498 176286
10602582 199015
41587395 66721
75255811 124174
570148680 16655
919965231 111119
36803457 124767
511721550 190094
103715632 177284
177535302 171548
355290483 27348
114429727 65660
448581780 116359
479985989 32552
834415339 146490
184637768 65018
189115077 102654
639879645 56330
968785135 114874
349426099 76041
541530228 96299
172315106 125327
931471251 36716
866366561 45167
224830055 45250
179042004 76445
416999344 63148
699081701 55946
78428714 63596
727805460 58745
556565767 181826
570612277 77526
108252011 86335
50193851 10430
84510844 1437
523433748 46461
727880156 12212
565311049 2053
75861241 130997
110824474 117049
905131807 29197
743099677 91326
177612113 192683
460332409 17238
681318284 68716
681045854 125879
781327341 194918
94167111 121777
312124598 110778
401786680 32409
973742261 28489
645902393 154147
578562665 118081
837378913 103139
549219705 130755
672431301 171850
530724518 77485
11385383 34736
822271570 1901
773647821 23050
228255221 143378
441608642 83043
168341663 154913
242489705 184207
639051117 5497
23223717 151262
12722509 96933
435231902 109091
372969276 129962
550899911 131410
618845317 124611
336322851 128834
676572344 25410
364116727 69562
546105728 34413
204528513 146312
437151141 103407
685718186 112006
285264932 55068
829412594 25953
860797132 50882
812837930 185451
402296038 65490
284715524 87135
471913844 88695
571110465 10394
10927969 71557
346419580 123625
621460781 2572
951454155 7330
819963690 5248
664324338 197956
507153001 23563
467010022 141266
181885296 124812
673421040 48420
688340419 53840
31396056 124346
658037053 190837
364905570 119691
690133272 197827
310575076 673
12499542 62723
81181101 68027
264256994 187412
553147768 15848
204837429 174857
492898307 184884
61948224 120145
145381365 148683
160591350 117414
435199467 85142
483108161 29083
729741443 197685
517488293 82021
644677095 35140
751754406 28129
22445372 143302
28628534 15315
867291205 132433
439719962 34028
877756622 104963
724565793 79975
936518837 35225
228911561 174238
540128319 42499
846019352 42659
924688062 46154
766675172 87365
953643011 141852
412235955 192079
952841180 108490
402725039 150613
27001714 63815
532293823 31427
344726071 76117
804834312 83765
33504041 96697
438947423 81913
205280596 196678
848956153 41038
656837023 77286
498330606 101039
966493310 71822
183101880 24406
45332118 60106
636294836 149405
687965591 58030
344777269 91985
658837891 48821
657466849 163919
365547785 14672
699890561 146498
664096957 54204
957009274 197549
345070767 113356
217529646 147761
251514365 29497
832273705 49783
507619002 38222
92109318 66582
542778822 74445
521897985 103253
410353031 25222
667239680 87941
621439691 177755
388388338 127269
521153920 114089
53192000 45588
42278335 85371
374701320 99562
289351162 50143
7738703 176999
745084223 56207
229113885 189007
199262928 9182
550743529 122586
562259053 85505
550727191 112835
784410011 101869
227209622 27729
856757182 137282
933798016 157157
951673808 90708
381882738 7711
595986518 77983
639445472 69710
959410444 161003
440290813 185920
814434167 22632
758995411 115933
440508247 171627
679380599 179064
359652155 28807
583641592 159814
335176146 63511
311688895 172059
584767326 183789
421172210 119799
594234040 150728
538355316 190693
673497186 179403
594635916 126828
356827264 47059
181739973 31254
700971530 3818
14248444 118040
751928749 39383
447555304 196697
851693205 165655
656922000 135532
428746561 75538
905008971 63492
569434473 133126
390233771 137274
12561249 74799
688948711 104751
509724654 144450
718170358 52804
486928148 157195
25926572 43107
147460727 47905
8664192 146462
726956439 14425
975787375 29956
380536391 29676
618572812 59954
200152492 97886
505244148 52735
664781264 29643
53037703 132789
263512845 183396
20878401 141744
882525579 189170
781045194 136291
647451910 11612
22731277 179386
853720190 136091
608427686 111271
450811245 52208
563625760 33829
271375432 113926
489003475 23982
874685978 55600
347518844 65988
530656912 156391
666148228 193501
926574019 159634
649018757 61969
787918722 137908
312380083 41633
359181031 112590
499687146 8953
110104524 166102
36550513 37025
65579019 40323
459782675 153789
417020130 31619
890605988 22125
769273244 189954
216303587 4017
189023896 185527
937200914 182117
853640325 31468
407716923 144842
824452917 13941
183061233 142389
86163925 190292
218205758 117794
782568611 3758
329683180 91015
965397751 140680
168336895 137071
663915379 113799
714369423 6570
51478147 41140
732581778 39112
910227692 139206
105688122 147091
11123693 26720
714762304 589
653858288 37945
484180985 151370
445501288 73706
739547224 28171
359630689 122956
336453270 22075
56788984 129405
178779425 166400
947015103 162034
168785020 62564
395329758 185388
260633800 79992
954617429 25634
426055656 192699
146694704 130789
909961028 37209
936612867 154202
658942773 160199
176866272 116329
912916669 156934
421124059 92215
939109506 135710
540792194 81459
180977238 187798
806324243 31690
443858062 88012
513304871 66081
529569135 175955
974438625 42551
676935622 18878
659088655 188740
293392579 146026
829443894 116150
594224018 151032
400155283 98045
550946141 126323
621569288 199844
659368823 43907
225445083 67791
137919497 151890
72355330 123255
83009597 11063
483574769 166542
803165054 86075
73639539 59892
650719034 179457
91903084 54479
190296916 120520
109858448 25044
663172106 15915
294632652 94253
874496637 185734
141483913 3404
355037345 187464
298419281 118509
648222843 19359
543790794 157714
699241317 164203
460168786 13690
476537722 804
839228942 98942
94558235 156075
559065758 142704
942648421 137631
334816364 95843
670334016 81826
998781710 40581
59849987 151859
302709099 39996
94473693 176784
967054264 60833
287004916 53305
758434739 90526
288845447 36285
8999643 115109
419944272 126996
848729558 95163
741725083 80664
129658826 112916
83280218 194448
929709664 34868
593823841 179070
956569399 50850
61723324 69028
900682787 70089
579756548 187853
838850566 157568
446652216 141528
477134964 148430
785466415 13817
42300803 105011
518220363 130368
325818738 24112
24637785 68371
19039364 131917
799629906 90746
486720081 130111
144230462 21392
385378552 147546
284055260 27237
544344886 84061
560160562 80126
658387953 96865
846581996 53922
768985671 56954
246371192 18974
466146698 137849
382146356 196132
779949793 127920
46583008 125986
634648797 46644
540439039 157240
454680066 81093
504870037 187055
61289913 22443
939459607 192603
104929578 8513
357757926 17551
90669415 130107
931231400 176072
451008781 77175
16044841 51781
621417238 96193
795169987 195841
931909925 62178
325249684 29484
178949832 43784
601341550 90683
6308022 3466
26599215 133171
539406478 179537
423109630 151820
73815878 103356
782136515 182817
12499948 87260
222976375 199945
639105078 30428
202036208 184657
838383650 34012
878509413 113851
164191757 198563
966351532 83540
849090109 3552
742843107 178706
983041395 142300
283429788 27852
888259556 129375
578113829 26344
753548642 21092
866501459 10640
374563971 176841
54752046 151246
314040743 139807
589257657 16909
695579751 180217
311403911 140619
878932864 147484
841203519 33206
450054199 19167
229511230 125214
757785459 152226
982176761 98870
557394364 40849
937646335 132315
936481340 113122
89233972 3735
929889872 166378
612327573 57195
140319272 20900
361957030 150710
621279563 47000
6516942 104624
640282761 151061
424730545 87567
315269061 84230
741602819 8699
564618635 187101
886033897 39080
720308382 109650
362250032 29777
80202741 127399
578910883 67739
399913993 199283
814425077 22828
260435823 66972
751095330 38254
651959083 35342
854415592 133289
957601747 382
719138368 1457
190374208 180273
617111932 189103
33934234 49231
311391365 35835
919177567 141387
104368040 76609
226975905 73767
329486591 22346
891268293 95950
683095818 173579
549199708 152317
125319931 84643
876959553 95220
683943615 114124
545148494 27751
261206133 96623
653438160 141594
812206386 15165
274323807 173104
224295484 148868
42188224 191613
5820573 131739
526498905 129131
899191899 144784
659837628 59510
872480397 145769
187205434 52554
800202805 186238
247953644 124447
578713455 2328
39063256 4991
179881150 196665
624182213 70579
618560398 139182
837810816 112523
462954917 38004
746351280 24646
842324802 169373
210532349 16721
640446072 84575
918993958 34293
99366784 36954
149144522 134550
744162991 92005
498821346 147867
843627824 4437
472561276 94281
799728496 161768
74339204 175897
858210850 65604
93712776 199281
843225056 105961
458302433 19703
598215321 123642
189355746 124390
294326058 171619
627732809 70658
882044631 115719
638849819 138094
337267048 129886
487970255 20723
261076820 146312
559217943 43870
140635650 85917
938960447 133207
508708584 62016
928816522 69683
293467516 16839
881128762 120558
507851681 159451
864886164 128265
452581782 141569
887404052 188271
182765549 65928
375515635 37640
5585459 105104
927131392 86083
537958350 182869
994656528 127372
360137061 40871
91134828 15912
930864488 70463
194752536 161820
654729246 16976
981639075 139788
997525226 111935
851252892 30853
243819373 183150
529768983 129805
508123363 82457
894240190 74652
244766740 156793
70254122 138760
514611028 64030
541139608 185698
687231084 168552
203848112 196010
158335861 134132
720839715 1987
956862993 7845
730019662 72715
214303151 37990
185812516 3767
693972521 190434
873287500 10523
119784582 12688
211693486 71723
786115005 167011
923389394 118791
122307739 86334
724214607 59243
725903575 127696
764444726 133275
707690842 195150
393600150 176063
882391035 55022
204292077 34210
858526343 190419
112080356 151729
514031611 10085
352322465 184425
277784436 18476
319978477 187795
820758397 967
241823635 189870
792143059 34356
159381818 148616
536347821 98899
313663259 19116
848034489 17277
642277097 39098
494898159 113854
316309425 95027
513888989 174720
337100770 166256
97600080 70457
766522629 145045
986356834 152633
724136542 123304
375029767 25178
241036008 175024
13381347 123538
159717504 196801
262980078 16812
706794021 3957
579578049 172158
866263696 8528
42966182 91739
261994006 8486
596751861 188351
586551349 10108
952412714 179440
850184831 47136
811217632 41562
247795346 127552
903701103 70926
788858732 52225
613885141 116046
878818038 93146
495471079 49872
325815397 184044
751716919 100740
9554680 26063
391884289 173766
894665310 22487
598687757 101177
225055339 160409
285298324 180854
130780112 88716
112186908 12101
409314931 125327
767815256 34061
448228714 199068
531888800 181407
418529143 178450
992312327 104454
67719629 112873
764396592 90700
681722939 54445
690259698 98671
260609249 8015
385729502 128152
151861602 8282
948388022 155498
80137915 142985
275006815 183117
907889777 75086
604367598 45236
746998104 133770
847145747 38322
344541408 166310
843523722 167604
734662148 12872
944251692 29938
906605304 37313
279858689 9393
979121327 69733
336206642 69572
244220143 182856
103566146 22482
202635367 178108
267449059 36839
124359330 110472
307901187 86367
625271922 54456
117815752 111862
126507756 65073
412947913 173601
244986475 25130
312349476 65580
955263714 184137
725022547 181488
798865358 86011
266350932 92406
505233819 191112
827541781 186281
256941331 115296
698859883 172688
675572329 99018
316638101 103826
389637243 97925
383722146 169005
523264706 178003
456457662 127740
304531011 142836
739451171 144425
531535766 52357
983496996 65465
658011659 41306
233712048 156147
361963205 194836
460763328 30909
182423334 173810
435558766 117479
271118002 153804
885106227 17936
159352343 132228
386866046 141434
75939732 22682
821187303 106313
968166313 80949
674480934 85706
430923115 30033
162644246 165351
572364003 40829
783470468 155947
939839494 66778
673912152 20106
920602950 137774
675999689 199539
324993127 7058
405333436 126955
244212089 48715
400798289 55529
601881399 133810
667200495 27334
731724056 115135
688057252 94391
730289211 128578
632352137 123313
662466676 57701
515257016 132720
704891185 73082
321284809 41284
25320132 167251
797464804 99793
37278285 64141
325704782 60149
408674375 146423
627346538 156450
91365139 13804
470188422 31010
792824577 142184
211009457 48462
128240960 30685
51890645 150078
915893329 97745
821108280 51358
150532620 140101
386827401 15204
825212690 41413
13820368 11641
824636275 12101
388224912 60200
597547 17323
211272729 145250
241607611 52261
308041180 181609
894049761 190041
239738872 38946
435816089 89410
2717696 84799
460314523 23359
138704977 18860
91443547 49646
908281260 81819
232767716 42524
887989168 125867
784748135 80617
823059671 35307
26799279 37389
920538985 38040
644634588 38963
119204546 126029
953108388 163487
38275263 101249
507620383 87504
416341660 81119
121703802 107125
793583171 174104
729653799 46602
834855443 137414
202326944 163786
861912489 86341
450849415 83790
944175219 197705
255935188 120127
221776732 134338
399440527 117394
497608909 87942
77366110 191267
875283293 77924
446149146 147077
917391291 109611
556657241 117763
511859207 123093
327838957 4020
931403818 143339
300176857 171519
136193744 111378
585217469 21223
475099399 51954
896872957 100511
566175619 126748
419448081 6288
892455214 156173
595248264 42688
260749967 82731
245922649 8568
758113253 181599
548052158 7829
11506363 67721
369075397 187751
298696176 122246
648774113 558
677119258 61848
371320537 199487
221627923 30589
731873486 177071
505308397 120937
883173237 189896
846913335 6848
321675414 60965
710066119 78969
165686126 70763
907005838 192185
106139254 172199
702572754 54714
252624217 55534
991207003 130963
771323670 87329
187589230 22235
212093989 142704
548776378 73898
933953548 133250
8589925 149791
321631700 1635
611790036 186302
947959939 143972
228605257 131312
995397142 62323
581904047 140888
562062978 33830
680746177 4678
269862358 106304
156317921 93484
854684584 33189
915022189 88966
25320019 46818
864004335 111749
616852875 76803
623946009 123068
60913445 85509
427124944 89134
182894691 75101
797871175 14962
671154115 49023
41142605 51998
188235766 29857
188813532 142885
715993940 166341
817826580 64588
461645828 124028
553671368 82366
938026625 122724
207822189 69608
693541703 53936
667832553 159646
713786430 170516
967374630 194533
868440622 188200
145109836 84211
632351326 76437
151788034 43032
636852586 20505
243553382 79304
170347912 44645
170083778 170543
864894618 97462
973298857 23466
670380976 190466
18231959 150573
641397855 23999
155821336 197058
876509157 83563
493283770 116723
370943017 180922
205860062 152040
643579837 103637
273738950 48056
981323434 95492
252129047 170046
368084867 32658
189974243 86595
463142418 74441
263846275 199053
107378770 174882
854591801 61324
679825195 46856
893337552 67524
132412501 147700
76881299 182331
303833240 152466
210966048 193629
494535637 963
97874869 144031
771172354 167787
93739261 26282
772182499 46015
326197397 57303
902546689 32689
546027439 171615
81296474 130452
555808494 143416
46205706 167141
410887552 64232
113427881 160655
134169216 47213
580003390 108784
353912585 31246
419218675 64697
107178130 115057
687009061 61043
71119933 35986
232597575 194877
616608230 84567
716168664 102181
534300717 41899
624481947 47473
441615670 152447
121167388 165098
640189980 195586
830600317 7137
438858682 39921
53599120 145257
824761558 190539
505937610 2458
505207208 30884
273225827 60981
464850093 171961
642169529 14741
555903197 3978
925482075 192318
258378883 185444
584811972 124464
693595428 73298
658408695 35783
490287933 26028
417781288 73749
577855587 92221
558108275 12975
714814627 86830
628186496 162330
597712400 81050
701395669 28427
90635314 79037
408329170 48659
288830059 78450
984494140 47054
705715187 21728
262379245 114350
476919817 151115
558385735 149704
290402803 79878
788607642 190814
76475993 54755
906784887 35670
97716497 182401
896192401 117221
851211776 44876
789017250 86430
684878415 176462
411644980 64261
986577965 85194
257634998 6415
354566083 13251
63611463 162555
786353553 77169
958488013 48935
617384453 57163
596544476 30910
661256168 78640
937787151 176393
696424397 148455
929896882 69504
294120715 139738
288252872 44168
750112144 88377
768155544 54354
353887482 28514
898576015 64531
508492930 148775
6156130 114920
419194291 67909
95292781 59837
755953163 171861
88169556 50578
41493282 77993
835053694 63428
946801385 36023
280266527 42496
402697284 62720
185852228 162889
9270092 135568
687754334 53186
209782988 27007
465766126 97392
847667111 189864
571609656 120659
382109865 197297
830894949 117663
8446673 191961
925385269 1559
152523503 53218
579229882 97751
495703292 111455
3676770 86280
85001166 156171
98460871 190816
178138298 78410
563003343 66104
258370781 112322
30089493 14400
757647188 8505
578075563 183216
624602117 46589
257542724 181760
728483950 192984
478179975 144328
378352501 84179
868137504 4701
918651068 157287
295187820 11707
709808298 26961
806275986 54158
853553740 26922
971712680 103774
854434015 156024
798219147 192114
693581645 19466
469421891 100175
63062233 102322
719794630 77347
674573082 146051
155824003 122891
202701765 190608
645492981 180848
848356826 112568
526641868 92614
144406520 193600
159007351 163193
635708301 85222
138834186 65055
240545022 160210
116684629 89367
736419662 421
844459920 133739
719820809 96944
163168956 55343
515054960 73653
773489162 154575
303991437 16259
819609857 26334
30201445 50414
979816625 178908
145580033 135823
34176826 133617
129437340 51437
226662438 133551
730738963 111399
811228296 33583
89547580 79630
689326214 104130
823263669 132541
203780720 160155
209743926 172843
210786592 102455
215460654 15139
519830709 40362
651314716 55711
794311625 143898
330441380 16653
252928076 43901
91643726 94728
483706614 174860
317346431 68560
883351981 184668
964550328 96227
597484062 177367
721530067 51082
66732730 151144
876719130 170771
714872249 185044
779756080 151412
781469456 9555
831040899 94963
237945453 122028
5663963 67645
19426427 12512
855236020 60451
125463229 41751
624409331 10876
724232046 89165
56697690 107676
181483759 191845
674326449 54816
773216601 8498
209416385 183831
956026341 10127
883881326 68898
756606439 167501
261533054 59027
80749686 76824
534144993 78616
483935932 22238
93291569 101966
175466502 51076
149195054 113449
596560861 147238
73228931 1227
684812355 121735
447033284 153308
776124440 36663
451808515 48106
265331778 4843
791204257 40756
374196489 184817
657618715 173257
589741079 185274
280734434 87937
128600558 2844
143564255 134791
89991755 112919
545871755 157341
258589261 34814
575878793 99165
842987268 42927
130889598 46647
687577848 91682
754516264 38953
472034986 30516
745220870 40086
839694454 146427
869162255 152296
846129282 149470
932567342 56743
894350978 197758
468846599 37649
973195541 14866
160332097 160226
300852282 79929
794108891 64798
66177868 73461
193125832 59160
357366160 198399
452411205 78473
865475922 175357
968204746 177237
104569899 101870
211221720 72717
714984585 123171
270759931 17490
338672188 74740
365476888 63284
234961494 29882
785865770 188353
978946418 170390
855338934 81516
492835190 180191
674227713 197381
183404909 99021
531811794 99923
768500802 70801
570460318 88114
240378067 183974
916188518 73604
107889774 18901
986189046 43663
166622517 124148
477180879 162048
743938746 24441
247447570 112649
440553034 8630
674380505 155210
295250830 7854
51195615 93521
64691799 196938
158356220 143179
887549566 8423
185853 175800
689764481 104231
105246073 50938
27605257 8143
188123877 42770
823932614 209
561298953 76824
508924149 39600
374738007 122008
498402152 87300
400124911 91572
410845755 92478
833681553 94021
425239706 22253
675830436 146418
695086738 103471
771674046 46594
973443562 42341
522832594 58852
139187231 17539
210450287 49490
571119470 99587
636128012 186355
288966298 9954
43435091 77058
172612132 73395
527727208 181174
588916764 125438
831573273 9989
583408507 182071
810355101 171496
474612026 31614
122024375 125358
471556151 32212
113471744 129163
139991997 141118
241698958 179932
215660159 129397
567653099 124254
985864950 173924
419330491 104308
756558800 54704
735490531 60100
100810940 197477
556229674 13274
509556612 123688
975171858 41706
645076045 80567
397438986 40288
651710106 1447
952424765 81636
302010067 188967
883377660 162295
886032357 197568
799285082 3684
354928317 191750
587173098 148597
985016970 34753
248431250 61212
197683680 166634
669249265 103460
693311900 110178
780794769 108896
979897087 178087
376665699 26614
424795017 95364
514925891 157752
899346679 128319
10713987 145322
784627049 44810
125575479 136403
209158106 104702
203375386 54005
196408300 47997
218590916 117284
723810944 130388
26633484 66792
693333264 71234
929819356 93374
313246753 110958
885075568 84296
962937726 80492
600535105 40635
476666392 64425
242733406 89878
276955239 175808
593065585 90026
14721807 83488
504675439 21372
89357849 147090
678182528 28187
857555471 166866
987189627 96493
858598969 23085
810769014 106291
218424285 115836
943092475 48520
658968872 116200
93846978 172155
47010783 31228
339710171 164412
566032624 123704
178434304 67932
730418585 37001
871584282 126054
129570662 112513
20265272 147848
815497069 125641
620080368 36059
302739648 75032
853719637 182323
651425748 134905
646766810 148558
369259683 7716
188392564 80309
111466862 174949
582237838 64347
128789978 96387
227238043 189054
925111223 58604
923656279 115004
180482414 97967
206418901 40361
544312806 93818
871595785 41075
917586816 153999
776395845 45263
73377548 10695
628666364 106955
386327396 113664
60496267 53927
621282223 160971
724074109 22902
973619534 102992
378096081 89638
601680476 85926
431156421 89500
926617965 55439
374174850 142865
597027781 84123
869676903 41767
371300158 112262
734787983 146171
124640275 21148
55603569 198686
960781031 182389
763093498 84490
620603020 21902
246199656 193262
527564965 91783
708148793 156445
743487793 151568
79182398 71060
973972112 31575
718292240 72295
277301779 129700
276531187 35591
935226670 22883
436688105 155086
606946707 137203
387849039 108771
619350460 66766
317142183 144103
39585291 1275
698170526 174625
344080950 59785
398746066 2671
160520005 100790
232019555 176802
122424206 192
19661453 37581
593544462 94946
365759999 152035
175455460 160207
30472588 23555
302722854 122527
67421780 16568
776805133 68507
340793994 20603
575140209 38318
648821570 141405
634487821 102643
159059535 93240
19088774 156896
721413788 29227
682759845 27104
999348495 25971
186596023 15085
248397354 3110
297490554 35485
33969464 194262
420420389 173636
734069041 197089
707233050 156948
904148865 64722
514380316 41525
543763552 35764
689624706 61959
169721351 125982
662317084 60414
254775002 150480
683013930 117425
251201505 38133
544503992 90799
857117885 20361
189371169 86277
413588831 36041
117081304 198393
412293307 71475
359123596 29121
26274716 150597
716686022 66469
9943878 53873
977130137 182673
488484010 45387
662760530 86353
544988198 188925
806211980 132251
615126119 149845
842247224 24247
101876070 127520
802828797 24662
689506109 160955
308528418 145377
664401940 150926
810906891 63212
303116527 87183
454990683 47047
913518988 20716
987037927 181107
593230905 8690
477944849 84745
994446613 61398
120472262 31207
533458616 154451
796067726 34448
211003369 160518
301205496 165468
645768117 107057
479873486 19337
279798719 56932
534553327 36661
537868650 162904
195450077 59164
387337591 171986
805044011 132769
224151699 124443
639441653 49829
770625391 170914
185158022 199946
303876716 123063
651317760 55783
573477064 109094
365905761 79867
936967367 164775
880335905 96873
990859639 177352
807327094 98748
125091415 129746
696347685 198946
704685721 59255
428150320 125063
373849199 74563
402238318 25702
446136695 136818
414802713 46924
758725619 115358
170739903 49208
948976400 130307
200294811 62005
699392652 110750
320755286 33519
868402362 178489
693660950 176174
30317136 19323
562093174 79528
733141412 136202
91516285 79373
427510172 83593
421799731 168879
909967425 65965
769388367 134246
830931804 639
279022205 140035
117922398 19303
898799210 24158
284699841 132735
732418286 178512
755108546 165860
160520372 61122
230091465 134200
394294340 175946
381221234 159664
768109620 130345
74959972 135254
174698123 58642
262183378 64850
714257851 8520
242756819 168134
771481783 56810
292989292 169087
247018310 3006
634770879 29890
805205963 175449
585531790 99235
625930949 47223
574216005 177338
736982667 86474
385320679 80720
272279793 123591
398309268 42168
166006041 104547
1801531 22802
682610717 90882
644950637 122423
159994262 93617
481954673 150195
43348057 25561
549267507 11360
811706704 145690
491360910 78335
557357245 187805
636201415 193163
730063359 180739
286695646 169138
959654574 184874
963368657 143136
313904067 120223
626863531 96450
970369008 164161
824533942 9657
516729895 53305
821044404 197222
130032486 96210
116478438 73572
519167161 155717
75574042 157338
431322931 25938
13676251 83145
462573900 116984
513677091 40462
957432778 198769
401402373 197450
616811038 1222
248140927 163637
215796302 95110
820759582 66939
157385369 29825
479785517 151652
593338758 19776
381442039 191801
693372907 88373
502237323 62811
340416288 184292
129464418 3835
949065826 103733
843969696 3487
972073582 130466
517244401 23071
667057546 85657
404105861 142608
126629373 67927
931888690 160999
646282469 148590
91126792 130731
537016358 85833
403797184 150767
623911578 23384
836492799 35393
816238762 133280
570512336 39222
307963274 89084
759577811 79269
93665500 4375
831785117 141692
621400101 49980
412854341 6446
860690105 116706
715338572 108037
328827199 89695
74066780 18304
371193147 178047
33545391 120800
11868659 52717
965464257 18263
561069947 98212
608422074 2777
51840016 71070
465686125 158173
607863604 153221
340055429 59889
243981080 6414
795842644 37914
466724227 39673
607448006 131439
119542764 7238
305027741 86926
718302184 39038
13983578 173094
925787497 154631
365393058 97578
790824616 111982
20691273 40280
527399987 2638
56772890 197187
461303343 27619
832503287 57353
724536176 114745
377758356 166240
439518807 30585
578950518 148674
437781140 167195
756307793 92657
710114991 137484
284369655 73908
794156180 89989
865855427 43293
138081677 59914
178166897 9894
658532400 69740
143963538 159959
261055689 61277
684660902 139243
852040943 77299
629010913 162861
608803298 69044
297293684 115336
897428869 87934
485104861 28481
649900395 20024
534817482 133745
243204076 103304
768116763 60713
252693201 154182
623767533 41489
80351732 186782
312025473 65093
89808305 71093
185499413 185565
49531133 85709
166592847 194642
678920656 181293
728342175 25572
928786019 56206
418500595 37500
674843336 166527
346492375 117270
58581267 35366
572564475 151793
113259152 42028
279216256 164891
772072487 128565
233770396 156216
611488504 132532
356890011 111981
708077570 129788
951065886 107936
686306258 95420
931831337 67020
691802572 24698
302038469 33744
30534496 34920
803865457 66042
213015679 8120
954146262 67983
43968192 74751
296634638 141
116352660 90293
237133866 197538
997579536 52178
551545308 139400
482504733 37262
878038136 41473
73218970 5507
675904654 169580
843942695 150860
388543360 55968
2038676 169139
564810462 151769
754285928 105793
729482573 187287
949459737 132870
187004781 30722
441694571 99488
322503002 19979
983561255 93412
55887239 72330
866068858 106707
928721390 127077
380045253 73417
348693425 65818
949686895 142361
462504005 19240
323277385 20921
209881028 52804
150902090 5395
116063221 40714
121744377 66159
322065290 26001
244280691 46725
236058837 88475
702390942 5378
106969279 81701
235207747 23014
614375499 177085
739821872 197833
793591366 57318
159693435 198271
711985037 158496
498710338 154239
811429925 148368
800162149 141660
982961018 80049
113445179 18275
489331187 124895
921293685 65528
34420316 152314
233555441 68353
395660104 46474
763291818 158669
169254220 198273
304868305 48160
806786621 183231
228512037 68387
951955198 117967
726410484 165651
22176497 30812
758186610 137853
673381878 171905
670612777 133644
775422024 166615
756990787 832
916889147 10067
284057332 171073
271186660 49720
782053146 67140
806454305 103101
890999510 46467
371800398 20958
22849069 98903
326092979 63501
961246473 26
673771482 144483
101020779 94012
989391536 178697
680599916 37147
196797920 178783
877146436 72372
740526433 13875
467280205 125418
886151252 44812
147931821 56123
648628663 141712
157568678 188349
478722280 107932
407094402 158219
229329931 147384
458556375 103224
933049411 179844
553223730 120296
850470558 178079
663150305 158649
318647795 174356
458987698 12860
743189906 11970
404706125 43202
335319397 128464
166407072 62985
436533696 58435
847910156 122570
542101271 87241
130468735 159831
242859085 130196
466304313 199345
665316785 59680
284432925 48025
416434273 119740
123805716 83071
33848490 115643
971230471 52782
613327653 7786
341470160 16115
978058288 107163
718620362 95345
459319004 63898
578288910 113678
885774196 103286
737858621 115649
89831992 177970
287144604 180540
384691427 80273
332437713 74342
941776696 198216
192061948 69750
292459081 46392
133632381 132172
143556543 77806
279622840 77093
284736543 20372
75992146 93432
208685200 63908
923707696 169045
628576843 65097
791698940 16960
558443320 26813
847046043 108688
164556534 60135
894856245 49048
363872202 172951
914325940 121096
872407296 9922
993106059 54087
411036464 35798
763442305 1071
534358656 11339
334345374 16764
399338057 111941
887147292 63678
601814197 37853
5378321 128382
228996493 178635
356141646 185090
702087836 85327
636014076 148833
256397909 100545
443802269 72683
67651101 454
182530134 142903
440704942 182291
420324834 95127
486499850 178689
401275563 20190
514428009 175236
84505010 48413
406279332 105358
355618506 173341
955286424 25955
536146890 99907
658647358 13967
754062506 94201
675896631 48716
152763721 118777
136139281 14362
265357612 152388
320956382 160218
371472785 60493
70351774 146332
538184320 193017
15169458 185525
457396020 110843
458331118 36803
32567208 153438
223507582 101607
998401705 50720
459094195 192104
362791445 173308
796061324 13413
897502045 114095
382002342 91861
962093305 82260
799445303 95535
952616536 187685
391509258 48303
366725057 61648
89013317 35945
534809808 50255
54802156 92551
268190640 148402
50498297 49024
405177280 183891
805382346 63901
407888519 34982
767184001 95850
390180614 132986
498343326 90687
275038584 60397
104101568 2631
90079525 16672
68564893 83006
701526086 80403
763780300 195924
185016882 85060
292012646 29260
888798650 171181
34999435 32801
448071854 173924
339536523 121901
300125886 727
811980675 67725
224416648 114704
442332808 37200
335193642 19183
203960383 12984
52943735 110400
901154604 146299
950276430 155647
864262030 136917
513596761 33665
389793209 41334
549871084 1445
503690061 120457
776608569 12579
789755784 53681
52559097 83895
753719571 57779
310993784 198473
81207017 117913
840282036 53087
320925103 75360
878929544 183892
425041390 57388
907625307 676
9433878 165228
271063982 2651
832256965 144028
695124251 107828
377811527 1678
494514216 13387
160984233 139093
33432927 194794
546342181 63426
495629840 179527
245997448 3568
906867485 118583
393240855 111008
596560111 73373
333785101 31998
191622788 34709
769469367 143874
640416004 107942
389403651 161329
317881006 148432
850208276 21002
452907098 73632
618173068 113478
661016065 102403
554452488 131598
37692873 136041
939760553 44913
86716000 55411
537666486 17223
296069075 96714
79216152 136033
601864630 93750
658165554 159645
630442353 61304
725096077 167423
337161856 193360
142510513 13187
92073005 181859
281066146 197925
496100013 181512
64125667 135574
486287708 61699
743308561 15001
786496581 157023
441205978 149513
303272096 59929
231069800 185767
594423111 179946
273502651 24674
422445709 80224
811669403 46836
897727975 74675
673999613 76397
653769774 53075
584013117 9832
773308435 24936
923242782 156046
609291913 150192
316898505 12047
911355675 99730
690894473 90660
871655161 148157
308121411 168743
622153538 155021
510790603 157117
783786794 88975
709823847 142742
316965973 172040
423683416 1083
389284724 90155
784869846 196725
131401999 142381
895061673 5985
683747351 116040
888774920 115549
51453949 2147
121954490 121224
770741185 22029
984080479 24841
219368243 26104
897107089 188425
747976265 28169
346226512 27520
752805809 129912
13262235 100287
44943471 29250
100767370 189900
636591718 142506
637190678 46553
698393135 194079
703111757 23003
493100597 99933
763861114 6730
412786691 8526
464511643 108070
235364545 85817
36459651 12150
354115134 88185
135875483 165737
525264352 166681
735708207 15519
12545114 44031
480763793 13153
897164175 44563
557340380 175554
869248146 106504
313031664 669
837751255 67896
699814160 28187
149656327 92750
748565835 123318
22417893 154149
36582700 50305
80557621 86064
297572256 149606
4149640 129670
199111607 126546
256565414 69409
874043463 31777
459073737 131122
302707177 191165
895212009 158724
752860941 179176
79504413 100403
696434781 5815
168581042 154615
809504037 125153
643581425 89394
671778840 77080
557072011 144354
65165488 126080
230357406 119184
751515763 81629
358610494 160160
495056125 26007
547270277 129529
605665983 141285
982580324 27631
806062749 194496
176684247 167281
966491012 120235
37141881 27292
438199523 38823
294340279 101670
923190382 39115
861988877 137746
826577528 88972
87737865 55609
654822732 4794
720322364 184256
897157109 95489
572088047 151422
578130947 12431
590493034 137065
230231716 101767
471871689 135815
801805181 132571
685424822 102927
59877901 96964
742394494 78714
749389664 1985
717599016 11604
993634150 155318
265862193 161939
704564030 141866
117374170 4974
700035226 34152
403716011 113284
155339395 24658
595155818 38677
462030172 166632
478086416 22367
903090346 93079
211228742 105413
715552991 186250
736486460 185237
883505611 161132
924429607 176696
382705549 146497
442769849 112411
162093080 118885
626309771 155895
275350111 96964
13683764 41976
45955927 156356
365374194 2572
270590865 167966
700908758 197473
510525390 9733
281180723 90774
385448908 94629
389936287 54238
687349591 114175
962832206 126402
800075638 128322
196369313 73545
555646714 51397
92580626 69151
35234465 156645
331036833 115753
983027733 43506
113524443 197085
401751000 91002
723098730 89420
693319025 60506
901726388 118460
447748341 115529
728463635 141121
283378857 104795
467070375 139421
644996343 58892
846245603 27983
747084591 86269
751999079 5982
115170421 35533
873257000 34602
390532002 173003
969856353 35549
69027507 103238
270401283 26261
834153513 193366
430496039 158667
596740525 89346
596962472 108020
832506165 93529
558798941 12222
634444723 139616
51481501 74311
902555300 90636
585910123 161594
582488571 47255
103814395 190806
11594693 138520
134584006 56044
304848491 107039
305397746 129400
677874595 150451
380247484 92388
263484011 118904
536441319 112925
213160579 194140
492062145 21625
568643717 85804
896061574 173142
889141276 21752
374678380 141579
747925381 5040
796419650 143854
100533135 90313
448314001 73333
851014350 91700
945953197 139463
892435298 184912
141968655 45297
31449950 187581
332289319 106023
632123282 102250
895431118 185968
915771967 169391
263455498 33430
876414186 167935
744151322 144777
765301056 50720
599165476 119432
172697966 151922
160552534 72481
2967321 50423
756949574 130609
232662461 143585
274297504 49205
542147356 71875
519121011 147460
446912321 54355
980156713 176627
346011630 129900
529962441 132577
650170411 153051
959926953 191927
262030370 1615
307872266 97867
265299716 26163
495388574 81489
357021332 18401
975682789 53523
881283228 76907
839741944 109898
273396743 108812
940204065 42949
380870752 6148
16931473 29258
582035252 106474
812339157 73854
929156697 195619
664683231 82070
233826659 74945
759709183 176187
434277386 159231
174876290 157034
189517944 177435
962925956 38012
73146304 50449
37979665 1982
612600130 161717
895637139 122067
347010606 85841
18615601 133518
163610461 180296
178641416 118573
770414932 150993
274337257 147048
398958286 198584
353915386 72675
797566947 143419
717395601 60181
726956612 183584
777616231 8868
488918268 92477
271080367 125717
322526134 136120
319283591 62239
431274269 190393
284336132 131089
662841331 101483
453409222 154606
437643045 24702
777473054 3212
834404785 43041
971524785 152331
275782428 144106
855169807 156632
739905471 32973
744069316 74620
366613185 83486
612254528 140455
145319177 136194
201416755 96938
74610563 5368
540209151 50838
942834248 134245
475012782 82110
543602093 157049
603677412 76681
915586754 102376
588183876 111860
256281616 110187
120178759 82019
23857169 84284
245583360 92246
762014807 125370
112867905 30872
69808099 20391
401099273 189527
563209645 105432
263471654 7285
961579531 173758
89494582 57489
328362227 128119
848342381 24525
810746181 158710
44345911 127986
799104225 132103
733120336 59855
53661560 150067
385079176 27048
585244447 40834
949320524 132636
38946123 156924
632198481 169516
781336977 97694
889786952 34315
543543831 118536
49278020 198524
366034545 169343
481115691 36744
443364529 54178
17402260 150050
642887286 158868
36920929 197785
325923500 88663
106405800 177569
76254925 77285
73803962 17632
25956818 178797
216037463 61406
567465115 36757
734829167 117897
413164821 48414
350008278 101155
794313539 96470
955414465 93872
135236373 173409
966783660 197633
953739217 37960
5638427 19269
35330794 149934
73634708 92919
464454026 155026
627473720 167136
347820500 102652
482365515 124363
475298288 31136
403787798 89609
159073707 184763
104441788 183930
540498011 128481
624796587 81882
411834544 150819
39863784 59703
184075185 94214
273014811 142870
209233760 147229
202896465 76177
305965517 55590
729447347 142834
1948898 108349
810918654 100103
135579951 42602
869388350 181942
626330140 4834
134105910 26813
311131506 112466
797757379 148449
169046897 91302
339858032 162771
313777623 28378
166034617 177686
430754638 12939
402661885 41199
497835822 145008
723869316 127257
846682522 101473
265427942 198720
876202633 136882
217284126 116333
511405975 195910
147852762 37724
691133718 144662
479236366 162154
287273958 114363
472298805 89239
228169596 96469
790899607 36122
316302789 17948
39783443 159966
146369579 96394
998730734 54127
986608917 176886
120017548 191488
542949410 163734
722368813 33563
120738239 138593
813437533 137897
605700190 68373
406716140 163328
831001564 145617
64995241 63544
565451407 196605
27279175 82586
410181477 161621
517487765 85751
747956459 23967
680065907 9596
915983272 110149
95793213 181325
121617947 42623
219079688 199381
94232229 10093
371650926 89547
158820785 92151
611667372 40724
110098788 30293
592515279 47047
640687816 145948
229952223 60574
82054651 197828
81770524 168124
373520341 103980
711857159 114826
38057461 153927
106760809 99111
900082982 51693
357718855 72668
54772951 140510
659007023 136192
489374342 131360
12632754 193490
894564218 45872
291042615 199652
832400246 104348
786779160 29364
704609235 95919
38895832 7058
931775059 41277
654627467 181816
619146519 87332
931603348 47561
532161662 144199
959890453 147202
937085138 31286
990865805 17282
194463368 84072
403811342 110171
13038511 111265
62155210 66287
863538781 56866
586995892 27961
882712155 29275
864350215 3460
943319528 121204
406567183 108144
807043081 157395
919644868 136541
805789676 41846
572120304 78852
39358489 140317
139188559 156077
770354728 27948
681079197 92904
749451160 20812
703291782 67027
412003629 133069
308490433 67583
614030237 146337
498741450 44638
314370026 154170
74466756 196207
996457160 193269
772227859 16052
978266826 7735
984396413 82296
303686936 39222
252088403 150176
302373934 130998
752982937 103116
665676249 157085
627775857 83794
131418788 60480
307411262 191500
270713236 43805
635919182 103668
245605767 147042
930002812 146570
822102568 113769
506576713 133246
743363033 189779
791706839 192775
794097195 44533
479905089 123679
264527747 112527
352445110 195703
710398394 95854
5804848 54962
194473266 33948
758543756 127909
867626703 105970
833292819 81846
274325065 183665
137894738 85714
800291991 175205
609247199 101927
386794297 188795
697043871 56972
859267436 173245
654921837 74742
746887566 178935
337529083 113346
121170702 80225
552967441 127719
291239530 124857
811363595 93138
389566158 150497
347919941 141706
89519987 167733
886309874 11821
121516673 134942
132783163 134724
643253546 9024
247963842 85573
152543165 72332
123560636 143471
903072590 11376
821305217 11222
336901308 189102
143883639 123616
262457626 42883
458337716 107752
451482051 14809
661648881 112411
566182888 128131
105458606 191807
393628977 8626
737324564 90060
599179750 23013
789140585 67955
377119919 128323
655599845 148650
799582224 120496
246147853 128161
258575236 170764
632349619 53723
701928604 33552
701247486 198962
443194726 1602
594537455 165548
766999466 88468
738171667 36833
782827516 55486
837933000 54807
362736193 104149
19010489 46697
777057256 94640
200296507 110061
25802485 10504
126797432 110458
454621708 20699
195710389 29243
94509400 47457
571717984 67165
713941043 28463
976153114 75393
180849703 151773
378030967 57123
375457050 35071
947483230 188004
913513630 72717
353911901 159542
331929242 186611
22441444 3935
33544497 39974
559008676 90409
743422264 39352
531705484 51998
200310732 57956
966222663 102778
912561769 13583
482446597 66291
525368339 60485
237957131 145988
650142527 65222
12635746 129727
993086235 188238
275618278 69887
784931655 157645
945707566 152389
571082050 11445
817494222 196846
714716549 43064
53019502 103999
330222149 197919
979909948 82037
424531779 22178
109307844 93117
895381500 129414
418034159 115267
575271276 183741
673987120 102998
290373813 110278
478605391 146316
718137095 31985
617626993 36263
518481395 198621
163473045 29020
276958769 34714
725867625 164761
806253423 190308
442821713 44837
795271999 89246
504161807 129714
225240700 3565
984400507 107119
635251633 174352
814991395 77906
487599599 41806
696574117 33074
244240958 11431
352557104 80892
444899091 76174
89005756 34667
50875265 143034
618403968 97142
186858256 101995
6338773 122163
816088633 101718
627928383 88933
251606849 184003
138279460 91550
306862957 53079
995143936 85378
710007148 185671
595084195 139520
249980062 169601
123495980 112477
93363907 163378
86865011 31442
369049784 195892
46278490 54553
458545674 120146
528589542 84287
671126875 170157
899709522 57772
660871793 97327
992003847 48750
564596958 111990
133270333 3705
473191277 66092
730419929 125047
714901408 55168
431472904 120766
973137096 33844
254827677 145708
206475757 177015
978318110 153049
813610435 20296
572574234 186822
479789008 35443
516907538 174794
790146359 139009
89031684 74154
52449262 15317
418429580 27582
891050524 195426
196164683 165837
564330984 43978
482546537 184217
839586154 62947
809093933 37312
167123739 82132
792200908 4465
355932832 116747
698000528 62919
582276224 122406
155427199 76270
563700299 24231
832023769 7033
458311299 169605
446885051 198677
497006060 128556
946840021 109522
9264432 188126
370042505 179153
12809757 116245
705386803 38518
165331641 50689
280162989 158213
64722078 64885
996724952 67941
649306434 152287
42895727 109023
507320258 13915
250403247 60304
206538022 173977
287888275 24852
690917394 95537
718480963 4831
387452709 137228
102451299 162047
854833899 62809
803041395 84965
399312700 38029
625275927 31625
226535445 10164
123089608 180615
159669766 190867
148322374 28140
408936415 198538
34018635 167089
767186468 194810
801610811 140896
414178557 186551
549713373 102417
502947217 21386
17978151 196840
685518002 79113
501409934 49618
172083512 105896
221206088 113360
317430952 122609
724959931 135626
536714205 596
707959115 73595
882531398 154153
474658661 126334
168926641 97947
174800693 111197
682681021 67647
944032084 133950
565906654 136731
756037175 178781
793326000 18180
320818360 189215
82495146 100241
64477880 55161
643749124 72127
921923126 103124
351124306 150942
51685030 19276
562526557 128950
427960408 128762
237099385 61689
363393259 17887
489361951 73821
689707948 198602
960061289 189598
246770641 55624
345135751 6125
238222043 185698
55668730 166531
308549419 41512
380872666 110521
499579862 176111
249482722 141134
603688436 107966
620013452 33678
597991981 72399
738685146 185760
137444516 149552
116716671 18807
681887913 170028
274506339 62715
623962829 47487
744602977 128311
720618454 4740
392718040 65111
128130001 48111
302044375 132147
951249582 106405
806501648 753
362620739 186556
163793015 198631
312741430 179348
734237854 159524
717685145 133117
536881696 37735
215550696 91614
315927982 147839
742576167 83133
813984098 22170
742964335 86886
647774506 95069
775586803 186896
40836794 112916
17432782 42111
214100455 98142
749767174 22864
929647871 65147
160721567 161808
797135511 140702
561807833 87755
867734759 6038
13358810 135146
165098244 32197
159390483 187
670533374 78759
844113030 57068
832694653 48507
600634168 166857
168447359 100457
508133050 173346
558639017 74195
212833656 92504
363680633 20952
430980842 19217
465485417 42148
290472475 36883
161487480 60768
548844724 57953
290925047 114848
721789559 65263
311940855 54450
63699385 73189
768413253 104053
388289169 6748
420456406 77081
20599372 82883
610996902 157774
700996075 55620
477124130 59776
593621100 66750
191557304 30435
570931633 157618
945412992 154088
953253243 27652
279781652 19441
402510156 104546
132165056 58540
638001383 169155
703391045 159909
81136670 85880
901479463 35146
844551735 39763
394253284 42237
848258457 95932
782789550 117709
383718749 135841
749717973 147496
628042878 37047
804643312 107620
533664546 185112
567581094 148102
191463114 198
791148338 61638
976792196 55330
434565519 103524
449406901 123266
911837330 142224
174232694 125864
342242135 13438
710174770 15882
550852476 130221
686569766 61471
771358475 52330
180462831 59382
609940109 199801
74898530 65559
358157282 171371
265091237 98192
84352491 50648
857186049 179516
396841381 164389
845158312 86409
242755366 65269
246506327 72061
230889999 64864
973363296 162347
373482968 21261
363005388 39520
811938780 187858
69799544 134457
247762467 135716
927673398 57398
307434448 16363
725327744 4359
403165262 90999
853827060 125199
439334452 119514
323565611 133006
733392194 87903
819019192 127072
33049706 112774
938198983 169511
229517180 96907
454353311 67977
835663008 46312
802684949 100103
559446452 31521
775258718 43407
277684219 111054
854049049 149712
180390850 36516
683484546 56632
224577884 113992
503514454 80863
975353225 49887
624578577 128045
202566266 32872
399580782 99036
460760363 189016
190984497 84394
124417650 54779
486466975 25778
336990253 192554
67298977 42253
954023719 185303
594255339 94410
695979315 67778
240752023 187060
797203638 89046
951706883 157023
529207280 35379
682925616 151843
400420666 103196
126566361 68569
554740741 87307
335407363 194831
943430867 135324
680673709 179471
140092423 148716
850843046 194963
762956491 49730
78843730 35370
792459661 141154
136693576 80233
715223244 12683
788474629 113835
421889983 37130
623658500 117058
231739815 181517
255744905 41134
989134411 90604
539062783 105082
490772990 88611
175982993 127698
192049727 6598
791075629 132123
763272420 196810
647825658 198835
118624087 177097
822691224 164451
59123908 126728
169811259 133257
418975063 173925
77255775 59361
950852441 199711
404263499 143936
203086955 169434
48260670 101357
122435108 55081
225195836 66826
601497907 14874
587689311 45771
310333722 100144
252377151 61604
26288910 70019
57265754 194844
898846019 118232
646425000 119768
350695261 82628
995110895 36848
112664157 97385
934196883 12256
946777214 45367
779838332 87750
72795420 116038
192028634 109238
850519686 160555
444449734 13417
253085382 12548
280689141 73420
160945671 40299
530233742 135466
142152007 83431
735528926 77402
949720541 27893
134113458 1163
58867989 8043
289005456 61691
741052113 134134
633174284 133175
228411467 199703
162791288 119399
688322940 96962
466490733 179152
247486827 154600
218319809 164791
91325608 69352
42437079 167759
228543721 195988
187487536 94834
515475626 189473
314290353 124142
839308806 138065
836088102 21235
682734047 135644
374820937 151000
117367377 73692
811067854 84717
229686707 163755
578834801 180921
944529253 84783
275904950 175233
676818992 149517
766512284 43212
516735157 54968
832145999 74650
564842161 139172
330514083 66321
735733644 106572
506550846 75896
277321562 72255
994563267 56190
312307959 145047
213950644 157855
224930902 141100
188565340 89492
267401075 141903
127572954 98605
598681537 34083
620878715 99409
674700405 57252
637365501 88462
138499211 4647
616297676 155363
586936088 85062
494805559 157185
638215396 103414
752006074 168601
957057473 38081
623046520 6753
543175213 152771
432672652 4321
316775770 77661
560046835 98094
879340639 93660
117099162 115278
581304440 117300
489215777 191463
106247804 33780
191898399 93757
268169632 127740
248844392 191348
892580580 156334
868522858 93401
968436162 43734
151897192 53147
35120360 6160
401212718 103047
772874609 156164
828043158 80836
582212877 86192
594530560 198936
928534617 28627
150550729 120009
326149995 174133
627078358 48468
962710245 164493
336253543 195486
708848818 44055
613816229 107781
620753209 75218
342879999 147678
151569224 7395
215874579 47929
550438902 45085
730988513 195152
40966920 42829
194322582 60400
741106120 155189
448235139 27556
401035605 79471
634624171 102452
338509149 24800
335103357 180432
666521333 44383
861782690 100777
514852823 56852
710903773 174743
41765572 159538
224207042 140919
357429985 111656
997198155 104988
377874779 149368
285869034 95898
421562733 180039
569976925 125041
957644256 79794
987115140 129642
560811347 85802
101018624 86275
782271414 190744
518234007 38847
481526428 20379
163692454 3032
478959668 107459
547349340 109141
892604804 13977
138031561 120633
302925966 195128
847145969 154687
150061048 143423
243636488 27030
790984180 141898
743945256 4499
719852462 13185
331324787 102724
411484688 29854
696162511 193563
210389932 103205
727515770 44152
557339222 194368
850646457 11229
123678264 108090
627179908 195039
720428821 135289
278074803 55902
888335768 129364
540108689 22376
406142235 6513
105760787 117658
398735751 113469
95595842 61204
972746698 46819
510516717 40499
151649760 37475
503989733 86817
45633354 187262
167480071 165914
276664190 39370
962042617 38014
490853072 22708
616136005 139474
638362009 59117
527973576 165613
48287105 114694
190003621 173689
659964949 6157
636031475 123732
184297211 35437
75230750 146209
913347524 174928
804704480 63307
217412 122151
796573724 141891
268745340 117906
674841958 176061
541707241 184777
424660483 58448
623601327 108769
607024829 175505
764855980 174961
816800710 52430
842388333 163064
310535563 126327
454142564 19445
430522805 153830
158696716 175942
328610409 118022
923170684 21969
457637660 172084
343255276 14953
994321266 122091
385146211 73325
642082421 192777
322296597 199859
644262000 199061
513139704 157326
906288759 69692
594671547 182256
309002626 83791
906917360 170019
916089915 20555
823321566 160417
882986494 55819
470517816 11033
936372522 180695
435838846 83753
990977344 47469
108691166 6464
570710947 123169
697386568 152990
327284541 57640
388385117 19840
677073159 177735
321822877 193431
607219966 86310
343677759 101063
917630755 7971
598140273 55684
985606349 186270
289682992 142372
761320246 71177
498417648 81519
478689627 40713
368802997 11030
981458492 45187
750479745 118039
946246521 30660
380103551 126540
326461174 15854
12103417 89741
5507462 28575
903872741 67940
823191777 61749
173322278 174397
592339325 71796
380614203 166889
684392026 27215
334560129 193545
66308325 152856
869253334 166033
839765299 39076
202896287 120558
896237843 194917
441264599 99852
590507170 75761
907960209 77810
196398974 27731
210070059 139930
933895658 4825
762336991 196407
567703310 102187
126585612 33243
313573710 37061
226505039 131079
790513837 77361
135742814 42154
284390868 115494
801598358 57151
875032992 113978
925222150 15990
963779453 65197
766877413 142476
49239219 27127
776782270 170164
711700105 188071
320954326 143575
762874017 19206
559908910 162806
403035131 86245
798747542 56742
210433988 23172
816594125 190018
744790424 110592
651618475 3900
22139631 53605
884115604 138934
704624067 65142
973962597 129273
82959813 120480
189670126 147032
788361102 114571
828162889 137489
71017662 147059
78903418 186891
124352460 17622
133667722 10449
306797947 144708
518658299 174581
478604207 131038
225234918 34211
809082684 118319
226564807 152695
114908105 27489
617432959 137797
298410110 26860
948819137 122501
219353663 180712
787510990 21119
399031288 63588
837873364 175192
690094863 192861
813808436 80178
671371893 158595
857594842 61906
268723035 199201
478349118 87760
80065019 62467
799754232 147827
139396061 126624
937789236 22560
316124931 195419
25743608 36299
435740075 81287
251258119 134876
158792468 6273
400408112 172830
705492204 94912
962967432 100761
993425954 184519
710454796 142830
426169507 138249
422665318 135067
2378396 188581
946210796 78916
464217304 31901
691165552 36530
212413071 104454
985551961 122824
816759509 69529
705262753 35970
541022946 20874
71814943 83154
761636457 52712
374119551 13728
322164379 166291
590890395 37139
281147805 192630
519363140 189591
999329458 122090
980439295 104827
733006749 44303
704368652 2609
102385838 168349
512891400 29741
319831881 61463
115762628 63013
610605607 174335
572984922 188099
44009890 18897
955607829 84845
30178238 110394
94833639 84212
886804830 107806
518976479 113923
733818028 1542
494984428 138464
970851991 51275
67912315 105219
706756186 95929
619890141 185606
247810951 2329
26515020 102838
994266339 171869
485248046 111526
186559780 154719
548746992 151947
339115378 38514
616811280 9131
694112022 181836
335889014 165826
627066733 184808
100052201 51696
338847687 173650
934090153 52587
699616874 127003
866936404 81011
184457885 72958
676950203 114912
903306520 35780
592222482 92092
347536691 15083
73353749 2363
448843871 193914
523807760 62850
837960423 13771
827700585 124269
991151944 2267
236713834 13007
430239535 41731
560216258 122948
845976124 180453
721578038 56544
709437727 146858
255400071 93185
157457734 194991
342300317 20306
233796235 111779
740545057 55364
468772054 131629
218017900 186739
87875359 125230
127836261 35126
183427750 170222
901479753 17554
396458005 100554
745890460 162777
849357479 187578
873174331 113475
703837901 140057
937148888 157718
896347166 184928
709187391 147913
847506726 63569
821569946 134833
425383248 199158
57301245 179633
501337281 155048
43802274 167459
278958310 179214
767761977 184525
481393152 78174
528649402 150713
275921078 170554
290626331 141883
752259753 160190
794282272 155878
582516180 113620
578641796 136317
857183479 119585
524829811 104816
52594152 35959
987928308 3668
580411664 186586
238060674 19227
918374940 195887
643680509 15947
625920039 163515
398103334 43923
395543208 89307
903233492 32877
619920820 20263
848220646 122675
534540771 81226
722658586 168472
986884584 84510
283588655 72703
86610150 151113
172149165 68930
170865118 61082
43916266 167214
48125995 84779
590130149 85646
402217042 117547
151532313 121498
463975643 19022
557689242 166197
984703922 110862
260257220 188079
378108888 162338
569726531 41956
188435819 82184
153783394 142324
413729627 37279
728851804 171978
120673416 154257
954964345 64606
349907534 111677
533193264 141296
827580773 40629
993819443 35653
407144973 127010
988583440 12136
290046596 123931
951041496 109086
502775557 32598
10513342 192198
535717087 36923
879147963 70850
907756775 91798
226715847 110919
895800979 19852
752857563 83375
217590175 39146
857140954 15228
57341058 125034
814241589 26630
293016690 121779
293585359 73255
329451075 57128
164710927 55903
653506910 38838
539820235 194086
597150049 65515
11327319 36679
831579910 14569
259010346 152647
710781430 194171
706599619 151968
315993318 94022
786289082 51203
618610015 189940
633922946 24201
375247094 100550
802136386 4928
62288275 66020
523186580 91213
970765279 108862
864650267 132114
649379136 12546
867526713 173482
385289733 21891
731332045 5193
154167572 11636
770048962 177369
588153745 48313
743075486 94053
938871830 31379
849464068 69752
783947850 130124
855403185 57819
602570866 57256
943985440 184599
526508865 135537
992513597 27995
863583964 59169
557318969 16512
653089809 50975
485572080 71528
664467200 92754
203965944 57280
889923034 17043
318606578 194076
247357336 132325
700172253 124826
483743366 173697
204938101 188672
80427901 23754
84181581 163790
533637154 139970
703502267 34669
224046098 32136
75322027 119918
752701411 58503
141520539 90380
110777311 127013
997053347 143181
671725918 4195
705035402 103259
220731695 42939
376847485 187143
946187359 123338
598437815 114871
144375873 168337
732866064 67633
636454578 158859
722889205 35216
897305985 54111
769734537 69937
8370413 8825
603588928 6939
332738236 38742
80437900 109377
194415287 19588
435259255 164159
786813491 91884
759969445 173115
888420230 95920
215105930 191732
261668161 67064
950746072 168112
289679152 134204
189248109 199189
554110503 178974
655011893 36528
82867956 189583
200349621 26253
168854048 167444
828831956 29331
533995210 191437
386872195 194375
827441862 37126
905058912 159467
296303869 111455
903930147 182426
220920282 6691
641537782 137917
784087054 99462
729169492 149071
398025240 117447
793693208 170449
647217451 60989
872621467 113138
972934486 77187
990141570 99483
308438156 69232
340042501 44955
580981510 27715
706993109 95890
694269570 86583
123111503 104962
804497071 57651
294946978 132073
619909733 140531
751108715 199490
774509378 166961
907508226 67915
546084723 140654
443029669 83306
710527409 110283
213933649 187665
827254044 61538
597619923 29021
803412157 45563
113863645 25487
532239973 43401
547862652 88249
19731679 179171
183730692 119159
182958490 161309
309515136 83937
963935002 28882
203431215 108506
291273194 107244
455401895 79696
635900124 198375
219128749 151126
480146660 167700
336499177 109249
651256193 130554
643118148 80371
460386557 76552
996973244 54997
354273485 109406
258312026 105047
272765486 134039
669124826 12561
848178779 3586
134403872 105017
769045719 150135
421590599 56568
867599268 21829
28752883 121323
153558452 33155
937185533 105892
812801288 75402
272997843 108372
443830173 106297
891641190 82453
458013355 49864
155594231 62084
894806716 128546
434575610 30264
942088941 54082
214653706 65551
93231268 121135
141153434 151995
308590396 6806
965185394 97942
313610011 151596
388483678 52549
317733579 164024
672146082 65896
143202792 146333
319594962 38706
325306631 13273
472102821 140252
484986890 169105
406318638 161181
793705353 140938
991500649 69285
624875092 53491
634838341 27152
719337895 116737
740357961 115939
479573012 135795
87082452 85527
63112972 54368
965478350 39542
778088457 87730
703663276 157888
677131552 173981
469852946 121452
376102062 87946
519888496 94497
583513434 37657
175389928 27160
966465067 120439
900286409 2763
973495377 125368
874403996 115775
790624058 112633
634423501 55750
258473087 127692
518041049 99928
216596247 61427
498008742 148071
43804257 81992
128861182 155172
625638185 182786
448017517 102378
174046091 137915
890793043 1860
929706373 101490
371953268 133311
110072254 9795
177285396 150798
239829682 41836
246521820 58222
803896772 44743
762384303 130725
898679885 12434
807795827 4851
564469112 129906
580353383 9534
742884435 160451
106587449 78575
918473324 167441
461546659 126500
483230682 31050
680069648 48321
406996771 60402
429653908 65038
857338861 105686
178150464 15390
692355389 59649
754880426 10931
492953771 192620
659832217 156091
936106593 158233
651456151 62231
86578937 132177
979206383 167055
422708947 86393
805683046 198160
2712939 25427
92826045 140052
244374055 139074
43087975 197910
435041879 68567
45793790 17400
764180322 3118
483553665 112119
681035958 45441
363143054 188680
316286513 74200
332606410 113881
525955693 89329
674144605 29992
475905369 71378
232742317 72599
553882844 65554
596036812 189496
139688720 106195
97163741 62511
574577501 118523
460874153 94649
823834371 143649
319445644 52793
672987625 146174
887019399 81602
954555221 2022
635521571 194152
485370159 190657
300068375 135655
919920934 54830
187005787 22520
926475413 186193
616317489 147131
58393571 109171
314199713 68565
615028413 22861
173973837 115714
780938120 119810
243468805 17447
416447155 175230
338805855 69970
731929153 25471
130861616 82806
669755147 72626
753611994 147710
241031372 39796
4054635 106043
389021396 170092
435319507 125945
448377865 127587
526928484 77736
467860553 166031
364963290 88412
206147156 131424
591346212 60470
427473600 9477
20263457 21293
37743826 51357
320897869 38529
179930197 60324
105495349 13085
202744448 156458
387529033 60859
867636853 170564
754373298 71526
451344174 153033
147232970 162491
583749196 76743
3591905 67862
67628756 3103
727522117 182537
684066764 127742
196509382 35181
169370306 100755
971925468 16062
791923253 184271
584703278 60381
32852500 85904
803864734 64516
932750639 14603
443740016 186899
62730301 73977
692752416 107709
155233699 139886
973996880 16003
187247556 99995
153689835 76635
789601183 45209
338884032 139779
292141252 49370
379446338 145790
211441294 166739
82352086 41591
959306002 11788
531250476 192621
634763531 55646
890952174 158535
584299512 171416
956276767 140972
531834328 59474
346209178 145179
640546626 1707
992797367 37111
15267385 148795
568304935 6384
10566399 196775
168883974 106948
238826206 196232
370422999 80602
825442406 129398
8829188 124225
766524080 83915
900200376 44243
431197372 127160
290430764 90550
936229442 4680
754932117 28633
371404341 130483
74503934 49178
104765945 134092
42265073 60241
831141535 37779
911961617 194409
242063091 110525
104461028 170069
24900156 146741
542969501 46717
946678209 45762
494339356 117746
188426278 158293
802555847 94501
493451375 39321
631611374 150925
775987714 157619
785762433 173342
156981231 198024
120287209 154559
489384879 34026
998485579 13482
473245521 168265
580764560 137309
3985553 73111
434134907 147509
159148661 175446
34323138 20951
393461971 178886
881721697 40059
872759065 91699
119982770 66098
149243814 122390
4315892 18472
773313567 176291
929366904 136010
593978060 121467
199905092 87755
931170842 18123
134504035 76812
905749826 187390
560770336 8153
115148796 118961
263389932 108782
500166394 69532
552310376 64426
442231781 29156
304419744 170667
132639665 40190
853726709 35439
732929249 66064
859272801 52690
973893739 47394
933515572 35108
497629378 115304
731096850 129590
933859613 189359
635342801 15183
749065186 199696
204792555 56157
16142509 158456
946140635 144561
762657267 42156
999603968 56420
860460996 95479
765925850 34398
163500678 108661
511794371 25955
406528796 5914
417015090 84846
302022112 75624
330758796 156875
192530258 764
661581217 90522
997025261 35203
299487524 179898
339330475 143853
854930576 5564
5961428 135674
121738570 41619
511085343 121977
936796819 38064
793716660 140938
778475042 31931
339162201 132126
893232272 165310
448956215 59496
398729116 125060
56215637 86139
602728956 144883
607548644 169862
880049617 349
828505783 45481
481425670 113198
532952789 46658
171192600 173396
287870922 120187
292874957 170003
249028559 12842
887867916 183378
742626726 60917
405281566 171602
11249710 45296
187419336 143915
955961321 94796
97577402 31896
528568093 14267
379993719 196540
298322241 177924
118466795 139980
86770307 2123
231781543 127877
820264992 12935
818758708 118408
697083753 195514
285623148 79309
294046815 14357
550473091 154114
336394265 35814
291117749 97193
268417970 144807
137794628 129770
740876469 80401
558283145 96610
585861760 91727
425149029 122542
398539642 84245
304743939 47860
794499025 107146
627511090 96837
530840495 77665
586735899 56496
159708727 190135
397051840 118800
679821076 28517
976091309 6815
101074856 180332
678143839 85878
904592615 16535
832556428 172643
997468855 81734
47460588 69683
743948807 182280
779535359 10478
439741912 145907
714485833 65369
863580968 109001
591271722 145060
968640423 58621
285560372 20477
793806191 109952
550485434 10007
703471640 129708
39015064 193
329881443 43776
29893191 1353
37805011 34082
192358708 127331
928710811 45094
156314161 61780
422332199 47654
610184448 119357
863968858 116217
971870374 193079
621210080 99565
836208006 161150
519513583 47228
867435725 446
11557530 81814
763920022 90344
102948860 113638
129424803 65441
254955084 148887
677969132 159998
128279309 111452
358369849 192520
385765953 109460
678750424 155938
886739099 84382
505085178 124215
684295781 177551
748390087 92650
944715025 59818
728788849 155696
642089575 138715
605510199 119283
759615114 155985
324251060 71029
303223320 134660
926814344 151043
817754521 139797
489816775 161309
315188570 43645
277122365 107761
595799938 115933
716299764 17977
762011735 75314
780854102 33413
148607589 56141
56842216 60643
595061121 58396
458176692 157218
601111922 184879
283433171 63535
778887070 161488
96606886 73805
745349173 28447
949424640 57530
634395588 165037
334449913 16931
539858770 2464
929963119 38986
108971766 14071
40158156 6257
291420128 187219
202873065 73934
119719357 103961
569698217 95224
403173959 31283
478208213 2080
687633822 51876
412498117 84035
550370644 18038
216017301 140100
231041184 199770
377081085 72000
890887818 60186
562115918 107667
417733804 158514
181183582 173981
615449408 190085
864641913 48784
458981979 111272
326623049 19358
978679247 14885
250828313 61951
522030785 131688
812645351 171273
820173813 182611
462116883 8493
263941250 103736
947289656 162318
327801160 105166
399060780 134946
136009757 198483
891661026 112965
497074040 164083
485351400 190975
700348952 23554
240434334 152228
684216768 25955
573346403 71559
462820435 80000
818509289 192837
323497469 165357
707796331 122156
350517192 3803
875762880 166893
579727060 76841
87897732 183961
204902038 146960
274430265 122234
718899053 87543
759812714 60208
923587343 72401
221212784 27822
39450602 44356
474869506 121015
615417225 5313
332402659 183058
300768405 107865
520351000 115206
861573583 142498
60491530 25605
609566973 41456
270882911 180927
975118660 137735
396844354 195802
627738281 111965
110832829 129618
282103110 23928
726945372 49587
657557676 171506
848449079 166890
102311568 137876
663657437 184556
877213610 161691
559474985 96659
423641729 108330
544065495 102054
325930245 171564
443399490 131381
750354363 162015
18381706 127960
181785456 47110
123501940 90107
121413462 155442
638225782 136892
485913185 110445
744028462 91209
959333499 69067
386788270 139689
532132191 24753
865440331 58795
295853309 167475
882246598 49817
865371268 9354
666723755 132544
872898045 5839
37555888 198742
584851015 53526
134648129 63370
611355907 22625
139151290 45450
507650168 144678
756781290 142927
935886938 101678
690034799 42828
783899991 44050
721847664 122434
605456884 53468
465165801 175658
811471938 30466
741195974 121729
465973888 121685
952574462 118048
376495164 106034
39231088 186138
849710170 73656
132044869 2907
992234906 149411
192488591 140538
296174058 108586
15990636 105733
638818549 49474
240233155 144608
632688919 199385
135303075 22592
835616551 157726
699477768 175924
91455496 28234
237308063 103053
823774794 38704
270047330 131368
289824745 75905
915723164 119975
871499133 160195
140473057 52346
536398260 56642
342151405 27326
316158982 66240
510635629 22599
189571928 27222
116821161 125827
177439854 70309
201935325 96795
225754615 56477
434435794 77629
542592061 94620
945446119 69099
420437480 81512
618860348 159950
807579060 40577
677503703 158342
10077528 139404
523502270 33820
219977425 196625
115524524 39762
638135748 13100
588696053 56012
539096075 2371
645599103 195699
642294659 84535
108131206 176113
720806777 156202
416988405 27474
626667180 124214
291778501 182676
415873328 109980
52529086 126361
540285401 28425
339273265 8159
567000349 143339
836865530 140503
508329975 125927
349688327 49772
911996252 179485
433376624 34948
602274883 13156
651621412 163831
116617473 83899
112625656 63375
176085240 162193
382572181 107769
452271852 110755
190880548 156434
279835833 190478
145999437 34293
124358249 142850
100258754 144413
575174389 171365
634888823 199824
281392355 134636
173366724 143562
273421566 168129
548894827 66944
453312953 195292
854481628 56152
246812649 107272
649159397 97796
763479332 76449
270337556 108737
864849046 63365
490514243 11913
716519795 53065
806672176 173419
640217244 2888
174253859 59840
587353146 159642
22897088 167497
386481004 103399
533235770 144934
462661330 84575
337873961 40767
675183524 119000
485063945 152109
563655151 155759
309518552 22781
456155636 93138
732533637 142583
347052399 185333
180846546 168470
352392048 118565
603637432 63625
968889313 155339
518082264 56808
6662152 182347
351203844 60743
809181889 169277
42316341 51348
486925428 94003
967361258 128601
46399947 140883
681635523 176737
925204868 35663
395245132 157365
495373461 127399
617898929 198058
537423631 90169
574661394 117636
252529526 33035
102727237 170021
662387691 108100
380579898 29953
569903508 4652
34999001 115796
735709715 162414
790253538 121471
302409428 161945
577258115 41640
236617413 185396
768527644 49234
375020880 39576
547884042 89788
697170317 63281
923259280 123837
975329708 122265
929815552 189507
933304754 25055
475554254 118844
82411797 157347
436545693 14062
246079137 24036
367440647 134101
760517114 60015
962379451 62637
596165190 162304
298424985 77563
94880354 180777
152024141 79486
116014752 2155
751103549 25836
361116672 31889
580662887 74685
381021719 191150
104339378 94890
37847997 167468
496440255 170570
385026231 95278
956351738 93274
772659243 43680
210965708 104800
319243104 76643
626385170 10865
398252375 167622
985211242 83147
280668149 190575
644279299 96372
553166501 192529
926639930 176767
12548461 77040
579015342 39947
678411146 148893
72708838 81512
374681434 147949
314345843 91700
163963853 118734
500791593 141444
984246974 107123
156418313 188401
838110019 32772
173697872 54645
683441667 64415
311260911 124645
875440684 129237
572823111 44984
7815026 75975
689269179 141002
930455057 112997
975761949 162071
855795847 43740
967346049 198769
355997582 120948
874040017 88627
261283756 156019
415250123 75634
818475598 18628
301096471 172255
154773389 91928
196858217 188531
823719068 489
132887405 15732
618557878 3087
98657008 199735
938964341 157000
28736133 52055
898913895 188019
479536479 170935
211748373 59023
560373140 170016
586330118 119809
734333730 33280
354781911 146327
69759241 57164
511780190 100688
917541635 25376
83406601 178853
598005430 32946
521982980 90144
540000512 193025
649241280 189948
529622846 27576
867286587 7948
456078147 150569
731623778 68617
989446169 95814
494244596 98396
817805253 163146
492051607 23104
930773923 37060
312324387 106279
290608759 47793
591891916 40911
792358494 69063
769430071 196097
729828688 51271
564136838 151042
187733507 177452
92752059 6215
97166650 194977
850355998 64372
948821667 93943
537259405 36224
433140781 75042
879507567 78494
673146000 92711
854354916 104
221148308 136415
758507640 164680
766414669 128946
677293234 168504
759164228 38969
945975871 70841
300037821 105068
919089666 164371
361470986 82356
938582535 164283
900376545 65029
76585280 23800
202958961 41248
761420609 13883
833505811 169082
240943002 172500
470600038 26520
397729066 121144
950623216 198631
869972526 155573
896524543 97585
818828879 161745
650602366 145490
33019882 108428
628715234 56321
375948789 150861
293392900 48117
891662338 194677
392825065 122228
253313066 153982
647345849 157206
296754241 21190
375043764 56368
339341888 117658
792686618 127354
319458028 43889
940725080 80162
783585490 63924
100200513 139960
806801115 47991
62712244 187230
317456582 1705
778844389 78446
119709905 136348
686622166 32662
761565287 38990
582621379 179765
297053069 117836
693937705 173108
254817433 126771
185587906 193322
269111867 97014
747841267 167008
595733639 158299
813052011 147991
9200552 26508
868150496 69202
110617903 108779
830139628 103594
146740484 11706
386169300 196678
789505035 149041
559803339 41506
3398468 188066
432205284 111887
443548747 174442
712301640 106001
424502630 4531
538959534 12235
144910959 117546
805638638 120146
280011975 180979
668430717 42886
660880293 24099
970328820 132008
147587238 41446
697468432 79205
156403356 139261
769268588 57855
777499685 91711
68182293 172730
592428173 95395
728041085 181084
438970683 36876
399366654 164497
803792095 142973
250574073 136313
2807311 88814
711491771 101580
800916329 100705
471651798 97962
125970673 137348
585215546 195090
360667005 159983
720864459 185141
979030790 174253
726543758 89218
714866340 132934
829670735 123334
886833061 115016
969746614 6281
590400601 81692
19177008 27357
118547004 143177
198556774 12899
732862579 68889
118108845 136820
30673730 20927
432872167 90174
248729797 95310
791127518 134673
196148423 198031
887876872 54803
724659938 30355
778595617 188764
57291833 16942
992475447 112246
309725618 59908
954001674 143771
70535759 67701
880859236 47594
604317215 97074
639597636 158069
787312624 102700
867584695 109994
169346103 39747
443282509 126300
347208345 49552
459959430 15776
148416317 152300
277054663 84784
202814332 125097
56762641 99779
280238850 39092
337823672 59808
2501795 38044
382430271 39717
388217817 141177
357030126 93165
266493442 90653
453263601 154514
652788358 93256
582271207 177191
851206656 106556
35291239 35842
785693097 90716
131880613 40795
915529747 34121
547612738 167449
318299018 30716
716582856 116688
724105950 101158
828666092 27376
106380809 35585
865937822 191945
569128125 24872
778812179 198289
786797366 193557
268369611 198034
597727318 32264
844328927 38845
134742438 110089
683244496 199401
713186749 31029
44866437 111772
341014712 124385
765868057 128565
732861215 181730
767545970 129863
434713300 183222
801240505 162085
215120040 8303
144212946 122446
500476795 112950
423343288 84012
925844697 79457
153884700 26671
173808585 63541
480011734 46698
977904021 85120
704144289 109452
612534080 3978
862478326 9081
87407861 85211
938671163 183166
708737309 82517
443658035 92007
950648760 173407
851708060 24589
865483045 194608
265800207 24747
738463836 19023
688780258 16600
834527403 197660
494980167 12751
276978450 89034
357128826 71020
624026682 16260
322082535 175175
859688504 50061
891979715 98149
416482220 145126
269417922 158379
815990796 84228
967825118 17687
220546121 61547
634184596 109307
912600751 146438
389313724 117825
229882347 154794
470953624 104781
338373895 105474
942008245 137157
470022853 43529
352684267 1737
534454963 99525
528705879 54786
704188274 114068
148930210 140158
595513133 38574
881237443 34612
593744122 29963
707023241 119184
251557945 181777
821798750 107109
39519721 100947
857761737 24521
547438962 60563
995873415 20593
657682293 156040
446630283 73613
275964398 97587
290393312 76884
907340374 77162
717570218 151573
771459255 63174
60831484 196311
991074970 70900
600531238 46349
188113770 43230
663858592 115933
421879569 142433
887158890 86249
965818340 149413
712250312 82564
232180799 171011
777490634 65922
71016097 188334
903950932 19304
164805589 40426
603105205 38473
962231644 96702
768794831 34776
700649606 30573
503818656 168001
696212256 54806
661685062 58332
692613224 123243
655121347 87967
116889218 9188
959765243 63680
869161884 121551
414210629 97006
993270465 149741
559623797 55836
145716506 196170
104060345 173621
963905452 48736
694766262 66173
291222644 195796
150047584 68917
387546971 108643
487932605 109080
440257797 122797
636500753 178321
841988544 95772
627504015 112619
686547275 75656
798249290 123171
448881008 6383
615797776 55734
110324679 191700
569491499 13668
970796695 142335
60342774 176594
596064162 21179
636014531 122058
905757908 55630
982521756 132341
562890840 142753
471150212 51766
338488264 90803
602342514 66754
371831906 171773
624328232 83264
673525085 62816
722685275 53229
956603886 180024
377205288 36945
135627623 99903
924429881 152665
175774885 52956
351015820 191539
127812670 52996
310520 156947
541379127 85613
648089911 49460
688671104 110813
163672478 178356
805938897 107321
957157946 168476
290021512 96791
605118578 10698
944985782 7864
468633765 177789
491976455 54678
138899339 101014
752709039 162572
717130423 177577
650752052 100862
881773849 126265
748003639 145601
594595624 156771
282994778 2373
289781098 70297
896048664 64048
520346377 192811
921962084 80733
406495225 112573
41171076 32414
933253444 32230
17022227 32756
470827675 136449
993111231 146766
856966091 157566
963423545 197396
473086225 147243
353997533 161308
218362595 191959
618959642 181199
909900225 97369
493617584 41791
684206027 48483
124149099 182127
591699227 11922
730831695 21108
569621930 148681
149446088 117659
80679363 196610
931664496 15976
377478257 63226
179023141 10063
936767430 96056
921279528 111940
501803895 186449
456396335 105779
43390594 63828
191918723 24262
383877645 80793
567461441 74312
510395184 75459
702102404 158506
307304198 129296
822448988 158928
36201343 34252
276760422 128178
203169308 175067
998432390 175194
998222737 116446
747334988 97693
476287769 185801
715499300 89837
227078446 176514
507488076 76680
625398150 3383
725187606 83706
896039586 171624
478820689 10372
107613026 132631
820203938 93327
785915751 14669
290479315 37672
586547710 168981
27257678 130416
130280742 44223
16522402 110815
733116177 60903
596824474 118029
405444771 27782
253525741 44827
724344828 102822
248863753 139959
262500636 42649
487755792 20585
791899178 86112
739707863 99933
351590317 22726
271142327 150699
901442104 154614
565330001 99094
95391964 19644
320794844 110085
596714152 29582
643988398 143981
663820776 111720
77560688 89302
644254631 188716
678315505 15504
711282540 197755
553102118 152684
931732720 11758
115208536 50273
590624790 164450
38669044 125322
773717011 65502
439670468 119992
179785613 8445
38157129 184342
315383924 197606
378486699 86379
549785893 7218
554442169 101707
228032160 59871
611350981 5814
386810080 188334
231478222 172994
27350796 136064
16610306 24416
260090065 84973
361990205 117560
513397047 19581
996627315 149724
690653178 114639
529818768 58529
861193422 41608
635570639 105236
372085905 155540
428977323 187817
972528502 88962
548275731 29577
24726094 69912
817320140 137184
381103688 141775
400132875 165689
654700387 195548
819304699 5470
355877844 89158
166477277 179407
779615578 101987
833410926 32341
781291425 136926
783634822 177575
332773370 20856
855478090 137891
578745868 121369
512183729 38418
47790946 123450
602294843 119289
118578266 70624
228104378 45110
734525502 121007
641462556 154181
351136525 184852
915342395 136630
585350311 189572
515082938 158059
566875615 165384
194559327 75145
686486700 148591
83228476 137005
70023435 67417
128895435 140860
200955367 66345
390098761 194765
495002587 112056
621481464 177197
489172971 185553
188365064 13660
264419989 99027
380358040 155287
433345960 72823
86411675 47688
544835400 194766
722951265 166694
485807826 50396
772591326 127104
558835872 136048
200971836 115048
985748570 106755
828922807 43218
784845507 110183
734504821 78084
263235632 76470
923837114 164682
688759318 145822
925965284 47771
34738139 69146
666660505 84423
760442322 5074
715840462 177155
335228887 78855
339079317 84029
104245478 155137
484549086 54525
605985031 15983
405401403 166233
890230109 164722
105441261 58682
248122413 165701
57493605 175404
68809706 168085
550316542 148314
335647817 156941
782192950 61411
351357759 106349
495214653 178893
574494408 179500
595993953 16247
974383914 169719
851374747 49834
480158052 196523
104926599 70157
711245180 2268
684146750 37406
498721792 148905
509682640 114303
777551573 76119
209871929 44996
225221434 197852
491639465 70730
607477380 142404
644675576 151930
74109445 48155
194765513 33663
359861009 80435
7277130 119028
985993298 11217
253213867 135765
488978529 156417
129099950 27558
594123482 48728
575095760 108081
827853857 99630
390109741 131237
999246423 173497
281500363 22346
845345681 52864
351680948 159978
212126911 97357
764005311 139805
464430608 35119
980487572 38193
156459589 169997
341329794 176244
609087918 186242
963058276 70774
881857301 177952
390717147 33756
915071694 144192
866495420 34620
797552205 101344
247853960 57631
174902205 70634
593467071 6013
101431840 154944
889154035 162432
864985021 124315
479838774 199065
997934047 42752
302820749 135965
115609971 195724
618090002 62132
287638746 54326
561307580 176696
64667967 57465
390998490 144717
966504246 72330
697504309 157965
518406178 164948
413601875 16645
160351296 197608
164758077 96035
894236123 72255
978581111 194278
985299092 92883
958455177 65812
528679450 93205
207902318 107276
791785938 18736
792271845 119228
190614563 81062
560482120 56589
651492568 124699
628666679 54121
932514895 105030
118317027 184648
444093428 53083
522826884 163349
967386080 117069
761689902 168863
760932683 122883
969674286 168029
778233578 97030
593586704 133118
877686389 19340
276439543 125567
618724441 91895
79241746 181695
960581963 43309
855955762 86950
647742178 193095
840558544 115567
596931805 199916
862725863 107248
3688386 90372
902629246 91855
81976713 58337
356977180 49445
825404702 42434
522606795 186589
62576338 189689
695989539 27121
287408756 66076
133076275 192986
409263624 80526
749154405 166418
900697738 101177
944939030 14203
140253275 4356
257995667 174663
317789677 162850
786809127 148062
908933260 66607
400407082 78304
410920347 84407
677962493 119136
912544067 99649
651498984 68818
444466261 61021
572094492 107223
307121243 100702
150920577 87189
483194339 175071
292824478 43884
868574124 159382
464619267 107876
457263583 154959
409783428 196886
918178817 192285
304242318 192100
624364024 198677
918654727 177418
881428582 61136
842090908 33298
447862221 79445
447169640 87265
571121090 140862
459629826 32941
982756562 136076
446682508 181927
969740244 103959
279054113 42687
299477009 198044
379176715 183053
202173860 161003
697956688 186703
397834650 86010
204682342 76414
238622722 60985
652396242 185641
285383117 199274
610829377 97268
854601724 165314
182045845 90937
444768123 151733
7236154 98679
454333239 156468
471478957 124501
341740592 26775
173785175 145280
981089197 3502
668952763 107368
196244105 107773
640770121 111718
74746918 171835
266667849 138460
956310672 24538
146114036 123835
18219510 121822
812871293 19906
975140695 18201
123592172 51805
910820272 198095
680651368 124438
548698281 17031
353949190 12165
872957555 102523
793541760 132345
531946029 133505
721270749 170226
137900818 25186
788536347 176542
16639159 127212
124283973 128075
484521544 188704
735877716 5138
544488821 103769
163420412 182188
310712035 80950
750828125 75309
612445286 110616
135295015 20767
421726023 156318
761220897 47414
604127445 186071
452272643 56522
987503060 144881
747605764 141306
509884141 110627
773060164 19628
489543482 135321
48200151 81177
409181135 40490
804926857 178248
13577653 97930
978462798 28260
836873136 26198
699960032 25516
778579010 19455
470886687 77731
198773257 31374
660547511 158423
462924450 20209
765847923 70865
795702488 102620
784088067 193403
497432707 185256
648806731 85857
448942574 97537
558602256 163588
308979752 172961
493267451 94385
887290247 95095
380699601 140795
897081804 120865
437586980 182743
764173106 180982
450348916 24464
707964249 123094
855166678 181315
538908475 196597
707305091 78556
498237669 3387
99753028 30406
109349119 91763
996022976 21053
361209182 48741
506067906 88381
670793151 126473
81705410 190711
279627123 164590
937512464 193216
708939250 168995
989316391 43740
220432670 22523
850414304 196645
791684895 101679
432730872 117576
859170297 61227
151865318 30259
211068774 31348
272976199 31836
689115764 8458
48390554 6747
457270941 55478
74027045 50318
26378394 44346
498985593 48954
820593098 97871
641813041 118755
971807362 76004
792380902 65874
834990430 194374
577540649 19372
695633121 46502
788615912 109762
15453289 25279
431191419 29545
335926401 165696
433906716 152701
630580184 95511
632915794 90600
735511321 13089
808304419 72493
325266068 75420
422469505 186316
205549987 61847
853163877 180981
204568934 111869
226658567 148170
344609678 155146
297887330 132842
661046315 22327
329334577 22781
211126510 98936
190096091 63490
69909131 71931
952811330 67910
223248764 93087
707952537 141929
241594539 139538
342206384 195411
980081523 89247
153225708 14213
944476601 3137
815819815 99384
631378989 186427
205998488 30479
81006933 165539
761097384 59232
907897961 119676
256107161 161164
73175763 119673
790509253 108630
306859395 74070
31629139 106035
500409735 114938
842828807 123366
887378974 148337
605052790 48254
405719637 134353
861277218 77392
965627395 108960
789311761 191585
418564732 190334
913300430 55481
135267664 71853
509719859 192994
420948774 91160
582056082 32636
254630503 107440
701109020 192074
884619547 94994
162126661 55375
675875199 87974
192243491 187231
47850863 32526
346237670 185438
63861848 168136
692460449 116406
571346140 22745
807429091 118401
202755245 197161
678163395 6940
968449974 16016
155930505 82413
219735818 14773
38591254 52157
936544102 140985
955611191 29718
671695132 79634
106910341 4192
613986649 82136
363221424 163639
104782313 42235
710429295 37148
657745235 91277
722713027 35057
483556568 127197
709816720 156460
789999191 76248
614190611 143253
945270511 104766
8111709 72933
281161420 191286
598006482 49075
131789838 48623
735003880 124539
312260416 198525
456414609 82118
918406101 65055
195502771 18679
695164791 190778
909626255 4604
44045913 137444
102311154 135039
834786799 174001
135031119 187602
956541956 111230
641713637 37717
56781681 160997
724739523 104051
781021149 179486
601057223 110893
507934720 58228
605547690 93405
573745108 160469
302750841 34609
535385459 154398
34544246 58352
90341633 179714
13528437 96997
363272348 46358
64336867 107837
215219588 131478
325186432 123550
792810002 28740
844971573 3669
359908967 187952
680978985 189676
345653782 91925
960539697 16196
708581599 75872
724937359 131078
884581671 106232
610552625 170836
360252891 180283
364760339 52080
715374697 87696
597697901 99999
169104081 535
167777610 85428
75415415 130187
916469681 90627
819250522 66792
575573533 187342
841367888 84393
308603288 150210
655494767 94
666096478 69787
462271242 93877
503731967 6483
840971597 22432
728142058 80286
182442795 54585
866455865 190603
999391266 54034
118427092 65325
492230968 62530
835585001 67739
947165613 65933
215536484 17822
59336869 14044
233877795 115827
282202717 19071
115255236 17820
670964354 101469
688642396 175503
936643853 42429
185658018 143093
725765770 26705
424380193 14057
154090435 5859
662755944 62336
376649569 140520
768289360 91963
944555226 133170
449883412 199712
948526842 168971
342088326 84291
835623257 15578
758012078 142011
496605135 101988
286501639 62773
824062585 7892
604773888 64928
896786633 20575
649382326 57430
443569808 169454
483138079 114571
390297529 121299
676671304 114884
785056983 7784
10208269 90892
437172367 90455
860026675 120927
172966925 52181
201973441 14250
855124803 42964
945261918 152387
149130842 122808
60075244 177846
864195123 14455
65472376 165503
407675692 147944
83681281 28670
178853095 122565
97649910 47912
548114980 60661
618182693 17664
192113330 86548
828425437 56728
584643688 16822
877582639 103858
960672081 143340
847812090 1396
414936297 73239
154642373 198349
966114504 161392
239569538 11866
226219867 83089
835023187 148776
950315600 158218
805158994 49900
522568832 86739
876278083 134757
950572570 197660
341790623 38096
920328101 150447
701949065 146214
824595304 53664
803440845 128442
559776203 69228
572060475 184899
263458560 194638
557703732 121889
855092998 153111
819500983 102792
332794555 67764
700655632 124684
545632569 61099
638841474 159212
744966875 102950
567725554 153524
567936299 27704
898140992 159755
909313878 34558
597688009 115429
158576216 6387
498848238 89287
327621893 93359
759220759 15681
687923537 77601
497531228 97371
600994131 191099
271690048 139018
132447809 90192
284154215 61452
359010827 1439
82734359 191211
376633302 13782
419954311 74747
141243256 111061
237593176 35932
213148873 130446
881738883 11744
823227461 181096
135916975 141302
511121397 128885
323821891 135103
404546325 54309
162723616 113556
383244733 123626
928963167 81989
749640553 18950
853835205 25593
338275994 151877
752465984 128271
825005988 152758
468011460 124695
406473766 108645
579509274 148027
864841055 53578
896235896 59495
637553828 45040
47272115 166055
10087481 75534
286774598 83966
482673153 101801
192964318 152131
553939496 108668
318303503 19339
211588932 164792
300891410 74740
489419691 80320
33543677 113187
435842052 68698
905503626 14809
430264994 66685
565740151 115026
930414566 155155
394692036 153467
712219396 10466
441935427 157464
843008961 35136
241340557 32105
274273209 26456
623262423 28613
589908144 62082
370079407 194712
225424708 139483
180489668 193604
900156922 130424
330374719 190547
246964545 21084
627300711 144499
110585042 179578
181019283 91791
856954956 43396
761689109 97040
910775145 91191
18568663 29416
730176395 23014
689468760 91199
786958454 173798
812838593 179169
149137785 145783
62403208 74704
256097100 84781
848864666 142641
652617652 28226
738997224 78357
746373767 153155
565122960 172376
322706994 3653
80189972 110330
307414374 81729
462548052 104379
314063609 126477
141297705 115878
430055654 128756
85279748 40687
892525944 149236
500908053 84030
726654977 143951
811241358 120908
935300471 125652
524048624 198146
982264435 198828
582757799 18439
384087225 172706
624989578 91200
894603688 57972
957973074 7817
190132470 185466
811524402 117997
849644150 8490
394886568 82310
558293444 126664
701930344 27441
474572397 170511
105803716 187287
191150972 93723
851918936 121043
284998004 64469
273400320 151470
917087998 48630
122041413 55562
8972522 64133
829484720 145143
718586837 107570
875010715 191837
880004833 172589
769200404 63346
108791363 156912
319633661 14387
536032594 82358
543226722 19964
723860644 166053
638340247 136087
62901987 63939
285086793 92601
796741929 164246
984756941 78450
50397384 157833
210625969 117001
461417536 64887
497524806 170665
824011601 67115
531294725 115546
8303410 192130
517616289 178543
110049469 34001
5400102 65533
630358718 119622
790678656 8781
435976021 26435
384445483 96536
574278719 45900
716786851 18748
804001807 129886
72501461 41214
882746299 118009
967362315 7910
402839933 121987
955479735 68294
468666711 14449
937949353 24671
459126199 95823
573252119 154513
662609975 159380
458341671 169607
546134669 70932
172822130 90781
980789984 117691
183559030 166534
598867815 4251
352276129 35360
587579270 126870
366947451 40607
720757503 72654
518374227 104917
277297650 138637
752396332 141680
221942875 155001
335203075 28774
903131797 134121
424020009 34267
843536586 14385
459100075 120094
51848399 99610
670940299 72269
507638101 57586
639424068 106879
802108531 39362
599593678 5495
73566469 137070
354444599 143470
93546398 67948
607914589 111588
958155572 18963
794048578 6
786387033 57941
310682582 40140
865128315 155343
626332589 145743
92911118 134665
149359896 85153
696051122 44236
320494355 122648
68634537 84573
104794041 137795
984883166 196869
209477128 31231
406882686 18064
705570066 65639
390918530 92302
204669877 14997
82453509 41501
416107927 165420
989137614 21272
531597625 69779
609727112 66582
946179611 148190
500359874 161459
14482778 161415
538058910 36147
413552787 64578
865014672 111268
451940529 36049
24952691 104462
404712270 52696
358606292 180816
230575460 76907
981327205 109503
937149858 178518
814754046 55821
861880376 149332
141273405 72894
506752109 61381
907179092 188785
575891721 179074
132166020 146480
324599620 140737
489191946 39646
970728788 164989
698220199 33942
78234634 167436
175529458 160320
649945301 103098
298369507 87596
422971576 110430
724292207 33245
386539467 169721
724848717 186187
212628036 173145
861819086 146431
499574338 191391
700329182 160834
817538084 95545
906117240 89350
853327773 142950
324335741 2525
824000600 1200
913645082 70988
996405525 196201
136990802 133349
929709 19381
122584390 15339
600368458 27423
627123825 140922
109983869 113652
121642923 192669
779765492 70253
914347027 181774
219265130 97932
598526896 86860
172474966 13163
400003073 13018
809077162 90417
349322824 177244
989150416 2444
432484072 3349
450991694 138374
130212223 59906
110978471 125553
265851464 47903
230327918 116547
964442046 154379
789833525 136898
881661348 53483
195301920 175618
668523506 55841
818342070 28177
406307308 171934
417718309 159976
471111047 90805
608373767 13783
147519013 71582
600697900 104842
390394165 198033
602128609 111944
180832139 83265
742349465 163242
329197811 87636
249997678 2482
794096009 197135
815021586 103219
872140771 67682
222966325 198336
199290824 39499
798355142 103351
283632248 78799
57479939 30637
395394577 71924
189874892 183021
600902230 104806
458869622 194343
19889357 91019
304242822 56023
986217690 42943
172603171 48752
145037144 5222
848912604 90139
935137486 30890
835413409 152264
280797399 166569
613177570 33652
343158634 42085
836116363 194317
392164324 71010
230132482 127839
215450477 128408
501920285 85279
447782424 139277
961001332 162239
633690984 184039
334744941 11172
536363387 139306
902287157 15255
279533044 74286
603755534 9554
945104017 10652
458391525 113645
632402643 60699
519915503 78913
460939887 183935
762978142 135601
548422002 33051
475612995 196328
356456609 103232
68912787 33314
194513879 116229
581107067 32296
597912992 117598
916154753 138270
517467477 110176
574942779 83456
459921890 45422
382281988 2469
440397623 17833
112837988 100439
31919487 124861
423633352 133390
833304250 167462
668013185 114550
459671543 38666
103470739 65491
262227060 7197
749030011 179038
201230633 128220
195627809 91261
968932237 127908
201361126 196364
119300662 164559
107400033 79977
545292290 71226
390632455 116762
337849194 134720
691460189 77716
512054300 195346
938859538 144336
503572314 126255
58049509 73225
148720288 58728
550609786 148547
748107319 28123
830379699 108492
901822504 30360
837121017 183164
680108542 112621
507329122 11797
865754226 124083
528664314 29968
995251653 159983
164198626 163159
721801620 28107
333123616 180439
122060087 170765
247186959 66536
678565144 71222
659656499 49893
92300656 76996
692459171 86475
441357928 182742
933725814 17382
213233163 39598
382909266 130430
39015999 12847
33523460 110767
31125097 126972
652990939 62474
361343248 181210
96747293 144396
108119566 173767
947373982 8304
466408012 92699
86537163 128243
466646118 121043
958921456 167753
57195602 6585
494660683 76378
416528778 31475
579572390 41297
475084525 70477
756948595 53769
608932030 53155
678741051 32151
682152112 154803
922540616 175340
850279511 103196
139887698 113519
235533412 177368
79443529 69545
491741040 105411
940943567 22825
281807933 78075
655807660 82574
253450768 171184
838772530 70091
387502447 93519
145615537 137635
289794641 125889
754771785 26082
660828254 9988
131181514 187713
545818829 37121
185923286 185044
555828158 103057
268770394 140360
438834191 50307
875964028 8139
638167836 5520
845883261 71878
133862188 106972
662745055 3946
976616256 63518
270836501 52337
391391697 56937
874791763 121912
166627000 11282
33033122 101139
49694817 92956
673827971 141230
329740873 17836
111363912 154194
267736244 55847
419172999 188588
900441073 99204
408329643 141766
295146795 76789
72560247 16750
1532959 102850
545749300 196017
304009495 17691
668893611 153226
803415733 158694
898970939 151701
422898857 144394
332856216 105261
757369976 47989
567855826 46231
735027624 29614
586195612 87320
495054867 89605
584434594 126620
958129715 160996
144595871 34448
397322227 136194
695674566 30298
8649499 22147
110659714 91368
649180059 86377
684232463 109549
377405099 31373
493479400 33144
344565166 54064
365315583 111027
362934082 107768
660745179 6642
451822469 51446
991631348 117351
600241417 112641
207945035 87807
360561860 131831
145222767 88331
193789247 140280
863966824 51420
474485659 123981
49691952 102839
828753582 172965
71934769 35003
598880931 87417
533822271 156066
18977250 135076
490218929 177211
206396578 98347
825491005 117509
82816601 146097
899326045 116144
538038721 195240
675997382 180880
422647079 84581
738310322 42727
831369283 118973
462027919 82636
698122457 146271
337763296 116674
406278441 151439
886627639 6261
205115552 144900
515804932 147398
140686092 203
979454346 178901
594100364 100201
64543425 35870
333205800 190495
393522487 34586
95884440 691
382531158 140493
142489000 99374
252058692 77645
442161545 93655
987591129 135750
942120426 17384
993530760 35669
851428942 90889
359568183 102524
136568740 577
666942303 64801
185576571 20215
802524403 56929
204651256 17661
896558761 66057
892068668 183163
451797759 25212
770546085 94808
642088682 93362
515957591 169161
705703782 5572
480473703 16773
975137770 134898
310012057 74278
644897984 116004
682492964 55922
532380894 153472
882844984 114524
36940772 120165
94342235 113607
566638199 123888
946889102 97978
530714629 51214
837434573 177312
737369200 196687
327657440 69661
262650172 90861
254505634 18789
335884723 163199
888559749 151051
992290969 92686
495214061 33185
749667162 33675
812744468 172466
835271984 118816
690730717 29275
15341965 117187
315735143 174932
118373978 69643
304841235 116562
228126226 91162
415670466 129825
95861042 151024
885773794 133018
577381954 46156
334029838 179977
95232443 189015
386940069 189994
231034667 91337
299347550 60489
9032378 105445
2775871 138462
313942137 35456
767582268 158152
389429787 155171
375866554 73932
25481107 54333
717049986 178462
48667818 186050
673417099 86869
874945640 108013
426049097 38009
250588340 15973
313926757 65171
6477345 196958
848154734 173006
85437417 33420
406057294 167833
383258922 148700
562307920 60674
63493171 35492
933177703 88569
454824139 69991
586876925 174191
442885931 35397
147121116 125010
328923978 31202
932463603 66894
260469253 15726
489679634 48795
588838152 187051
172316024 59603
605920047 186588
85851597 139573
393629451 79428
687675134 24825
964572540 170487
3810521 43323
360669666 186818
342768516 148123
586267702 176517
941267234 34645
148284250 135470
444064153 60831
514323862 4736
224415778 71922
483470771 122895
800121163 90182
549223815 50089
849660672 163250
706204179 124487
779679009 66752
391259744 23104
15434837 132981
825210404 91363
182648384 45271
80243041 123004
43923377 62807
790602415 184608
891838012 139572
484442278 198688
290924428 155817
630684319 89415
421736521 65575
474044432 6369
516770812 32115
168299089 132880
245826720 48192
257926304 81941
440308485 49818
527899439 137888
814792832 76691
686548963 166213
960613663 168110
575614651 199989
619609331 16249
611072421 164379
17346291 126606
456314357 48186
471340495 80743
962880472 6121
852618958 72012
479550920 87856
232004405 111500
692576763 24338
505805788 65766
575798042 2908
286279517 60027
957852229 104129
776863715 93664
695370130 130779
15323932 167099
318117230 159180
143243102 150675
702268312 45247
650787856 172159
204783584 151128
326165072 107982
858623372 48132
544073872 151801
897243367 79143
633958930 170342
622177273 198699
496254504 77219
112566369 178382
728550999 185215
170090520 148106
705247285 58335
431106885 198640
802784139 103967
691299820 95466
247135957 9938
605612424 160351
261345096 174934
558627304 114865
739993671 50687
250761550 54723
441772478 156134
483478424 145582
209808278 60449
890088427 134366
860750854 54186
783378226 170417
853218617 76363
525524194 101684
140577168 101693
703486001 136456
164858226 7088
717588511 40989
417989097 19430
707195193 191872
67114723 122526
158266037 117170
964018330 18476
370018770 63664
70261754 176972
230618879 64512
630654705 47753
875249314 106147
294268470 19440
720560018 44615
145104419 122670
770208590 17383
113233218 40015
126330091 48834
175298908 193627
465724925 189733
149212582 155944
247576846 127890
813700596 65205
994098836 48258
124377461 101207
683963564 113281
325422732 90127
210893048 30786
547139156 199879
742323139 175085
358881982 197622
450336912 21099
203157754 157808
405145896 15326
562238567 167753
846686602 130970
404908353 158358
223163524 198693
811921038 12540
737663278 139874
847156950 75952
95802251 100098
428634286 166728
691682118 159466
328868516 107858
131352918 35593
945910885 72699
840797084 147033
329276569 30849
987105841 62936
677194345 150079
462821177 190175
123254603 180081
766686806 65526
299364956 55536
256970713 88476
922126711 110777
93550988 122648
581125381 106429
554958831 23601
340563533 32457
423187333 61724
629156296 198521
952920005 13431
811113724 50069
542399682 65285
822460621 61427
321188542 193320
503200916 59245
305858610 178965
482259698 169020
4416535 194196
42182062 185512
820233932 155929
629973802 109301
641654566 153925
385854874 79574
220322083 199724
686147949 64922
656372849 164613
678651727 35568
713598882 6980
624770989 52757
77873651 125081
558635632 193116
276117603 147823
39363739 15537
586766091 181526
767431324 50101
905570285 106534
224688974 138858
737237350 169695
90088280 74154
246446597 38800
191435772 74919
53003212 182964
899921301 28619
175468129 43851
664234354 17123
335463640 150845
827307154 21292
698939508 176637
678328925 157562
83473184 49309
21005316 124819
452888081 193432
957729678 102187
317045260 182714
437086458 43712
544107657 110787
48859799 86688
766453070 131199
684858987 14298
284367606 166499
541176648 170217
79529804 166266
811407906 88456
644046733 172513
753647442 111220
171704810 35682
905335112 191846
77222463 192883
582196103 172832
551425085 169229
604895187 84654
974852145 95878
952445276 43197
226353158 161854
66345233 96753
464257892 147311
68693797 9845
497169859 102892
480567639 89191
808726507 76904
884819643 183965
927492168 188562
852624165 61200
96147700 175105
469455285 151593
791003658 170955
522369213 152681
694212058 154450
251015653 97738
714505131 165920
500613046 91514
882620309 174121
966686447 23167
988628865 23331
84742344 53872
879565923 2497
710831888 59196
687770430 198665
106717002 97114
771091485 19348
922625242 139158
537396045 7287
719353668 60106
406252678 132294
774241115 34466
258966674 136872
208774942 12116
625280930 108105
905559641 70232
17850510 162599
484762079 143084
398911541 102761
717584903 11872
73967037 118726
258309711 3061
225117329 74753
484792659 20655
304745733 61857
680323151 142071
207853722 158053
934072187 72891
25032075 114067
964511054 64413
648141881 78923
241938309 22355
348371179 98781
274395178 131823
293513236 198105
745774603 127491
163678776 124773
541697837 8723
387487645 54026
133366750 197074
698419212 129361
684267316 75804
358808306 20447
346149842 60084
83988031 157902
636570179 73588
235718674 89696
562655731 108111
725540822 7106
58883953 65816
477859464 83756
958543141 131384
354096784 41508
975216952 120688
950377057 196676
297854028 40955
133781653 38820
959805636 59714
144069779 121858
903429751 31527
368769176 39189
616685494 116778
804164871 53315
116946134 60461
651806859 62889
143736855 23952
339889357 115582
404343594 162630
795502154 145095
149850333 152753
410306203 64299
352531805 74640
6585249 30834
215577300 124209
410015446 189761
929344579 148023
868223216 95253
57973959 106254
344393846 143518
58044499 197349
894981519 71883
268314839 69112
52343999 6403
641411261 173569
390447590 72532
568372351 38103
938179420 22370
747263827 91811
183506137 91072
707781470 108985
259713016 56516
51832239 79322
870400732 64198
479941248 178034
123182338 40212
486316699 193033
929447177 6398
427095538 98003
234283991 189582
310617379 86474
627644687 37859
552279372 140921
637804747 178292
403166113 107060
63497260 154491
979283955 26805
76970386 134201
552227576 170786
478247543 104696
11977709 42645
508099125 124487
291606478 77370
493763621 6201
83033622 66579
133178289 32603
383337739 71927
632620261 27484
230010797 140386
375892115 37227
675273864 25237
154839187 84121
251270680 184375
846512276 158800
60789418 113360
269495537 186018
567143790 169354
313947189 59568
413327537 170673
223024639 22696
613587400 39671
581204371 89772
404546160 113328
715525749 162489
371067029 13749
395064492 139743
658981131 140494
853797661 168765
152341729 65190
278962053 177591
829650261 180804
922478548 175179
924431981 58927
95871230 20103
963261762 53786
908177042 27690
672118253 192745
448789581 94773
161214757 41839
698563963 155459
508766790 186568
167351567 195626
905065004 83894
498508629 132340
518355824 34735
312953589 169507
323207881 127739
188127102 189785
460036221 152862
581724650 40185
862370141 69879
983805801 123395
223404474 29944
633657287 108579
849263588 23181
83110999 147032
354534847 116021
335074193 138357
945400456 134873
390870898 119033
389621456 46802
306375205 167262
691225530 189334
501351346 109195
877250121 44128
576916741 45558
938395439 44581
954695444 34758
839701279 163275
131713926 182115
188943802 174067
30506921 168403
577977417 20435
990995457 60911
120950605 117995
54816979 13882
275209595 124040
828943575 114101
465441544 97469
465368144 87749
942533698 31503
673537458 135153
764803178 84031
140700882 143626
297302770 59738
837664721 42180
727601893 111329
41870975 195060
868124243 181317
104958563 165367
676675159 38554
355312361 6213
408376680 90241
779059104 149475
49433898 74393
505994975 147888
308954280 42029
402203690 152505
143879846 110359
288176624 132065
819759979 13405
888743808 193765
388086499 95866
181269639 17671
128780961 119621
984419073 34824
117283695 112917
915273788 34847
864240038 172541
630714485 28319
616349876 75783
977614347 151886
55481660 106158
831123551 192116
478455203 55890
238893664 25689
947079603 67929
846473121 143440
697359672 115495
335845285 52046
809419749 66155
789333261 164412
767965310 101579
388236888 133448
984210396 43301
616282753 54005
340293601 115675
628127850 125471
419247265 102050
958403406 100688
456824870 68800
556788853 78561
454955507 90350
865141867 171757
841880580 2336
801561074 65044
683998856 144616
118210780 80562
713707098 104916
15465404 63855
365098291 173086
865190298 54815
25368068 170146
970660336 15545
298606903 185063
157430439 63999
852244788 154052
339573969 80450
9581604 145638
154982677 39482
565221872 108120
98192612 160789
935086889 90117
701034930 63945
109143544 37014
955166841 172960
186812806 166371
837553334 93432
621745664 178517
669306055 175941
914502120 11378
880064945 47718
986807668 73766
729835576 42972
676629520 41449
675011303 58611
265036271 170857
158485275 149986
220254553 154483
847486228 152934
383772611 62176
8949881 1092
329997096 33866
832584995 21663
487829381 6244
690740061 132327
76938754 82810
321227495 163339
798314027 151413
764484581 19433
474450609 188450
569540154 6522
727117760 46661
992264651 194646
911915471 68796
297259643 38903
634364810 31829
76549110 180670
761324009 16869
610067559 16276
239455711 51365
179353724 162540
463592108 157611
364716323 21168
730753552 36186
325627207 48899
825133161 93688
175977157 156656
220521053 59267
225650396 22169
650353440 47353
628152675 29272
244175504 48939
861964208 170015
9026311 13721
637614969 70262
165208957 92761
790857081 123190
781964659 140856
158016539 145406
325499 79725
307421199 92794
136349029 104053
898753426 175243
727017237 61521
848080955 178481
898656859 121886
779229642 183973
610105730 76135
476552739 120838
348829158 104464
254803259 1086
230902647 32092
908710427 109439
397935867 34638
788452540 90147
638717698 144383
496841866 151963
141581362 169931
708616841 114212
152005952 103687
977206211 184816
388169396 197076
143478359 67511
257976628 18915
705598969 34457
846274963 167472
324017023 102759
321847995 130889
681298220 191273
79019239 94857
300533693 126150
254587010 69659
595402663 49338
877906643 10132
559167468 175563
286639088 97869
924503129 103966
262822753 184809
208445067 165286
210205404 81608
785690166 95546
703783581 145223
440781589 195055
138147194 105710
97276678 143205
998851208 146249
651682954 165228
329496023 137493
105684728 65069
308367763 16084
343437633 117772
272448440 41983
940611913 126761
360220972 25160
392503163 183854
2827183 73974
356221877 63028
173725858 36960
956890537 180829
232068680 113647
925337907 115716
550107134 69253
343477489 174950
989415694 116876
628656868 55860
632891948 38172
358603587 120103
413446749 122698
730344618 172983
389665150 184776
921413394 48827
730115363 22689
318790959 109158
388632267 102078
311230477 38261
851572992 157118
941005471 28955
598270799 46483
105509112 126010
827567679 175751
101191512 189754
584430623 198276
990728113 17828
118642455 89509
814751699 7952
777247868 160465
305187647 56055
250334951 105327
378463414 69716
2034589 177267
938111281 178549
148537323 118671
929373987 147201
488751367 140146
927207691 91880
984429140 155899
852906577 187364
510954134 139222
873079084 91225
6273311 135723
228870815 185468
378763021 103688
587758927 84829
447421296 130248
690445736 89924
232276535 105792
31308022 137620
499358915 171403
311636781 137567
718072812 65572
1496707 34268
951830777 61536
131092662 148933
803331656 76370
880299094 157544
510173719 130241
541890738 134252
153164614 94999
173525036 27544
963778346 41897
640394287 44405
760496722 195438
440643316 197756
65651791 67722
179146979 23567
396483052 136169
725495817 192602
771763489 101781
534280129 41900
762278973 121065
7750714 197799
877760333 18023
910784738 45609
783746766 45568
878519058 128294
944482037 51148
6918693 151472
178813201 66110
851986867 30747
263392675 75581
713962619 166908
567784733 70325
325005515 145492
252157749 166597
656189920 911
601869629 153949
336710746 140085
759437567 50949
529366009 74466
559833689 141402
936872490 1025
327199451 26624
974290329 102239
443196157 177322
742829738 57423
213405372 153663
636775794 31952
862398204 62770
865787448 172131
73468226 102245
987147630 183575
769214336 9952
137759478 9144
857381206 28143
731641048 115028
424544650 174980
362552812 49578
849534543 74264
295231820 33589
439748464 188123
637292179 103590
701875011 106254
909088214 178403
196237373 63138
102309926 31015
375073945 9744
340533458 99730
152137828 157803
463631957 29451
82835195 124145
746323416 41098
15763457 190468
390187346 148978
570420127 6870
178667633 45190
737554700 189248
259726533 32780
554574562 193131
22176316 171906
247711123 98190
871916285 39299
932181987 121182
884876781 32908
165920237 6749
542421179 21977
247376182 97852
779521360 116401
111825558 712
850941572 60263
894892343 95616
847059754 154758
745224523 19129
941523220 191043
175578363 37805
878768912 99005
618422872 56540
657829482 21123
508379522 140342
530729511 50804
6448631 21987
243559270 67888
81201594 74165
347150050 197908
141602848 114159
149829466 146512
982147683 12927
475751069 172803
563085877 148933
553124755 57147
404324359 69571
761923393 113111
933793497 37324
851375178 75230
449783432 45463
832551379 13270
19690622 52973
660155483 168701
662427511 134893
585744348 69180
200099974 43852
827768663 36059
430182392 72714
762048827 95222
258589905 146
276861909 40306
508452830 130761
183266113 145865
305689601 104941
194212781 81070
794195022 27443
373573940 14418
792584486 11986
485885518 184189
978471455 100672
424254839 151953
315600826 141329
513234853 102921
28354388 132275
360472266 90258
696466700 117723
300482233 157509
738294920 37705
169869430 118812
213125720 7593
205769556 173587
143420020 114200
87879915 76519
896239108 94885
334473484 169792
115971285 29124
717641784 163321
978846551 50453
723842604 58525
189577721 49444
225291203 70806
764412381 112880
647775392 97147
611886069 176483
11248903 136894
993798431 138496
906589766 164738
407779898 31441
276939459 66278
84838177 83251
407576103 110147
588290703 101545
431563788 46848
621483009 112316
86488837 190334
955399489 20232
322572750 128495
658726715 67
930763803 67827
351575274 23683
780833770 47232
512047016 176761
203848628 196929
154484956 74167
370999943 65246
894534385 121786
918898151 64068
632248934 131889
270832442 188586
817763020 120768
613160695 149969
398572193 862
72009241 172162
453838019 144169
683624747 174965
657641173 175707
893463455 192178
997366525 54780
421759836 53961
75291254 112207
335608897 151958
852443306 146605
155336199 47309
319767312 192218
578910713 35900
989786263 72144
244545163 99411
43970082 63184
655786586 143663
607568188 135342
517980403 50917
785348503 15411
791909402 169769
782344752 73516
262703749 161780
495285266 4268
118439694 134351
930238994 83419
695799652 4710
421113614 130382
33647140 25964
97273793 147471
450223210 154773
816764353 144637
90104739 111506
18722100 91171
850227841 142932
980027759 184650
454430523 25303
404530340 21951
930733030 17954
839249846 96234
695610475 27608
700993221 2567
946201540 55532
710886176 190757
575465189 53353
492756229 183768
598367499 68530
613577776 145074
431454507 77550
126540650 10562
564526544 31996
631081417 31779
420327829 156612
228348206 192497
185608160 116181
42983262 107527
834047466 136186
826512437 126531
889182073 135743
389129974 190985
483529549 165981
788297268 32736
130629267 83871
152176467 74774
463226259 112915
91081653 38786
898760125 76247
829365192 83214
589408032 187349
961984719 49512
745640628 52132
981285134 150447
119022587 134948
72015604 26177
97314596 25455
77856721 46137
484300529 97173
750405936 165991
835858708 51745
81678521 77543
698355728 52084
144280912 131536
401736017 111367
189824118 89039
433146698 138315
477277750 38911
36012048 50275
477325680 93624
878266008 77454
718443902 133140
445022800 27054
202300174 39594
991536393 136006
827112613 46230
971037208 37922
433514954 63836
284755396 122467
59394127 43027
889065746 104402
620381734 10308
298957210 55424
882035440 11534
939253744 187001
131188825 129223
537334851 159880
400443297 13231
870877997 18553
864403565 106339
746512972 127897
271447709 116647
787341409 166425
886765213 21618
764872419 88980
948314981 71487
185986007 168367
59902548 60473
698045837 131517
862042744 44625
183708693 161792
61388579 139936
887546238 110
216354286 156711
67215001 90227
533026503 134321
858335180 111027
490601554 154025
88453687 141864
272311978 36881
185504854 33996
651135193 26192
285475195 178544
253003539 96807
896599021 175395
270867025 186604
900041647 197893
382707970 139270
843085935 100941
602228067 108919
747021095 107142
140011986 73108
58607865 80497
532982980 26795
299343922 176660
501308203 81559
345942690 174674
867529258 40243
174508051 62491
958431091 29989
260917400 106949
74056350 159955
380097213 39514
725252678 98802
517638362 110086
696469191 120528
22305524 91611
413992508 91471
316455718 46409
603911907 124629
758444838 172567
734051966 193604
715960897 54601
370565356 105208
485413164 108969
216000827 186185
556219842 20658
390443714 36715
297660514 96374
711616808 54614
927603040 3970
583475980 181427
557800035 34524
314105735 111744
363818481 170287
810249080 121576
847311281 29630
149987649 21828
656391475 81300
535845927 138026
88486579 54311
628316001 16673
413658300 93110
77296024 135266
132751947 18945
636498211 90333
234865362 176965
35358805 34732
413881496 64327
737092793 103874
836061834 23220
729605475 79347
572455662 11364
413998770 187630
846539206 34291
386741656 85956
541883784 94994
192407817 50739
438075071 47347
629849649 129993
861644864 23281
438804290 59906
66008711 97024
386006558 8329
950059512 108360
926431270 37483
376226937 14059
309572161 79943
521624615 151307
343009524 168677
823414792 85929
29474387 40259
523097746 142676
533478241 8456
41311363 146384
688289140 91584
553712729 79767
555488043 82086
57131636 556
396614856 113656
222102699 49112
596779851 134496
954561058 66671
595783988 174659
735612387 73502
298331747 126574
565224913 127411
993480487 143034
821247510 1365
212370052 184184
824689887 25276
872199867 37931
737623605 92353
55027156 145771
761153623 28820
685096637 89033
364514860 88515
817357122 29108
196003324 142607
11393023 3154
657357411 57651
197343161 93782
125043346 61063
475786515 34422
552118699 178710
762809947 195115
431802900 78013
789221864 116119
729142801 189955
887527543 65817
585788916 67920
820787803 132676
890013895 48175
875507126 76395
90982590 187059
219061890 195798
801896741 13071
502959324 16881
638936214 177266
811317326 28110
923329587 152238
43183466 199201
828295168 32827
802150099 70326
52507456 198719
455639872 25514
516699288 166577
323091219 199345
120985596 125680
409594467 78907
707673548 122366
801913323 20364
291351832 146140
457836180 94892
763040299 63041
485201702 138470
236875277 35064
338592358 16446
973616478 125972
306851364 190108
358096615 188982
404222324 2149
222078499 94046
877013474 97371
588280115 125881
906633290 32209
680496367 46912
95173437 65220
968123783 134744
489675443 139481
910134338 134862
769358684 108439
728583702 20350
373596161 107165
768435834 74044
261816108 152502
140885600 174313
80606045 75569
687720608 27702
620676781 199261
721228056 81519
589635143 78253
63623547 198129
806229709 82613
151334566 115489
335627492 157164
147518149 97264
448640023 65842
299422498 172418
791959526 104187
745678569 3814
834202419 60704
904200675 157488
830366128 179946
137910346 146597
872583077 129075
23043151 103157
665167397 112881
39510550 144540
442530461 66409
135514416 48859
938381188 20651
99341635 10018
187093367 136728
846771746 10534
241452131 24027
513770670 125581
666235226 196052
931478247 115324
347793123 97039
855264366 8227
823315473 103649
313327565 87484
263568489 142532
25157071 174163
407765589 188984
807542332 49537
588620396 56540
354713605 149890
731827154 136404
197701709 167188
601426932 114821
542509528 146516
580101688 9905
324694641 97806
775946735 155270
837367669 182947
324429665 192262
595257653 92255
834522466 134317
490374600 132036
824081877 114209
104677736 199836
41460662 132930
132761357 146792
660143557 8192
693476967 20248
930010792 32777
804094152 63827
737171681 53406
696794335 111923
692193442 119113
704432168 8853
482113545 33724
254842565 29072
52076747 161197
753745662 3953
649919133 90964
147644340 29174
432212610 23959
851817924 192306
16142069 186370
820784042 93993
39723985 130920
889284005 10636
695090259 76177
920834675 161726
539822089 93100
55714793 12962
634546962 97383
344455883 4015
953909872 191067
853263466 94169
674505948 182040
53937535 170057
387852416 190126
951402151 34948
618879138 9101
957158895 1894
10022354 61122
820861325 135566
399328801 159825
286732879 34936
140035112 99189
704406210 77555
744668778 179466
512739356 98227
232702043 193796
227042409 151212
420569899 150925
732751589 41126
662276491 25041
287716871 177320
928123794 47492
237874750 24068
58753768 104738
917634543 162309
489369400 39916
842667071 155260
920006198 2164
538199665 52361
588248458 74332
276321628 21906
709904798 141669
16924074 84506
945718616 66070
668842840 174228
278625105 119708
50151595 177138
770737928 32258
113602276 19959
113212136 80061
564467112 118993
706634114 176628
51104756 83664
706987953 91990
205958223 196845
827299151 73032
226440173 18618
226361557 168097
947138735 121741
410868718 193562
344622133 150504
543203227 64126
848443529 25572
184177030 178473
476198774 115582
792730750 38741
918550820 149351
9888636 89792
479068821 52948
665501302 55472
826115961 86726
979651832 70183
335020903 49372
50848371 197414
504813035 53677
624748388 103504
436662562 156044
132974998 15005
213453897 46099
185762435 16213
813008602 68014
313214736 120830
60560951 63110
143514753 23974
432408958 19269
530856638 197858
854248307 183711
419661923 175945
128608225 172513
916026408 49753
15553386 84257
504034619 95110
742142626 19180
15386605 29559
647450907 159812
880821855 140156
374421338 82038
49650145 198932
726570238 189910
642464033 155237
15047089 163098
698729234 165274
923171100 179773
603604361 35250
244454221 8892
232906233 51456
420873474 136448
683776608 84519
217466579 134719
257329647 35266
926181405 102539
921316545 150293
114250969 93305
783309896 140411
833808082 115281
183105073 162825
589303716 103533
799866129 99572
327537925 85013
611209977 146302
406732016 8363
50822986 176200
57251746 116406
605828555 55641
655173763 16827
167707711 64216
213430441 29319
780349973 167419
218425008 160924
714849610 113573
164735611 55687
419921655 161592
272267157 58276
807981364 6015
43263836 69286
946651163 10520
717449920 27609
980033578 22027
765245585 163626
790718281 100482
79748015 184011
776962717 29828
248357782 144041
945621997 175554
369866088 94506
186190333 143026
115168704 152153
161665155 20367
887499321 17239
122807161 32323
160937481 75343
517227979 97770
570927142 104866
331195351 89794
130520285 4791
565963824 128635
804545242 131108
236407653 169773
42335424 127302
96661419 70688
464859178 183358
386915842 124637
103491240 23432
506697885 142345
798092900 12291
161316311 149626
792028519 156316
831199019 86660
776477961 143906
110280223 22620
434149964 126938
653577326 177094
752596404 117037
885324724 193684
253682522 183213
55832652 35808
205454822 135200
812911925 166346
726778995 110461
380103111 129287
672283477 189361
470218343 105830
726219253 64631
452367831 125413
680491624 141957
741848909 20971
24884464 47766
811604492 89547
159177796 153492
733084671 26719
869704828 131982
680316536 11196
150825550 94908
627604895 124478
195338790 11395
786826362 80483
907210662 119752
726276289 32514
764882077 791
100973713 106828
98941257 142049
47764930 57831
930227430 195045
231283671 72893
448933883 122465
539106027 168445
284434099 139809
72387226 61574
686095035 75
65615018 57201
898683535 151193
792712963 73569
837985839 135845
853991705 69381
938250342 61960
215274610 83756
17271991 31019
606321055 163650
836586281 100975
427490987 137549
723173652 85999
345097714 177602
101601020 165328
891168458 193927
370553007 118466
470164369 12242
162885521 61029
922502020 196141
951004378 130209
855913339 184916
591174285 19624
149057195 149406
457645567 102728
962084625 9251
597476353 97936
643524988 165483
339476650 54522
627364471 19579
579277572 141301
592417295 7792
207153274 176792
818600758 193684
468495618 141855
921347516 117580
827618953 24367
489384700 54990
460899993 65155
248890532 41970
69827236 149634
227763206 154643
331480636 42603
602666456 85517
959506971 76044
256750229 193063
421599298 175029
201136770 172466
440447672 40525
229766287 106945
834302715 27252
629004959 8897
950760575 80569
379871193 37742
808054568 15548
461998290 165751
339536159 100319
437953398 108276
576055047 147327
374161141 76693
425676893 177590
593081425 190192
881601478 127256
73585859 67039
411164739 116505
957193570 21364
97025335 175518
346047135 122715
826320236 40915
287843374 68871
266269794 20380
582284451 106438
448565508 124346
712202683 124635
804158716 20209
870577222 118303
78196893 35823
926331997 68787
564973925 97411
356534019 74076
38727992 174718
169265756 133927
91163754 41604
154841990 82414
342940458 152340
263228355 136600
293627685 56648
410935228 66715
605210490 13377
230740557 53289
258665266 15920
786919967 18716
742530035 31666
792945239 126828
509220327 199535
700323595 61897
884818274 18870
910833535 33967
911344891 100672
35987057 198704
896204548 13074
614505869 160991
322177360 152710
435453197 123070
419291648 137228
290175541 124000
928276245 73130
573118246 75945
917658958 51831
735153689 52409
630286481 197768
286254574 1049
698475944 149893
378137739 192574
806438692 17870
723364972 113293
247030893 175226
629550382 192061
98155745 138897
977047204 126327
244761715 88755
960489198 109306
200359940 99943
694004441 184766
380516459 58376
9842168 111025
167995793 192380
762571905 184392
35902326 175266
357326677 150373
448929571 15774
17154361 121960
464167402 6505
878668515 147907
343814967 94221
178126783 129178
710504739 124041
450553783 29314
240569424 94129
683260331 171419
341332172 139620
698696657 74809
285920012 101018
377098487 60602
772615230 177272
891056726 34499
109858015 107270
185434483 145807
247478569 3014
17311762 109701
150120655 11570
36595583 131861
301988413 187271
844206069 10296
136157209 117541
445699970 147107
412326508 139483
518613994 172110
293416096 96283
227745404 137302
626897513 199765
157512589 44667
371483021 22486
164833289 167813
545635781 10828
218536170 77605
906288505 186678
598401384 194500
43185961 114911
813780899 165984
154684921 74662
212950159 34910
528232978 46069
209421370 85125
15139297 175341
130603685 99772
151613550 195524
785959575 40781
381467419 56926
542003127 32486
412199123 127547
968316093 145653
660349131 24286
376437413 188578
402654398 174507
725984623 162099
621482377 189659
210167195 178241
885915709 49266
268258557 51347
244649276 94412
814453722 127786
12969701 194515
20440445 169629
275437072 185151
214799927 102815
73837729 199511
570820653 158644
358697601 137244
78700957 53430
80402542 15646
313043691 38190
125844133 140812
803479820 21819
194234890 8298
178642704 138970
529781879 82706
432396022 102754
209781891 89201
826822587 23726
137806275 146555
92120695 170419
943942380 28808
294869634 96926
709322571 77627
205543512 151891
942718429 197802
155040358 137393
881225896 26286
622251269 158468
58427141 33310
382411651 136615
841337923 100810
27511352 156046
643049138 187101
424713431 122808
277985865 116650
226803736 38779
768092729 55508
71204862 140764
685742483 105131
805691021 173191
888316113 57759
453541817 105557
140901549 95367
46927118 68183
816113478 33436
604636853 126875
325427736 60817
495351738 33173
659930513 91207
914480695 116216
865025127 52745
308527346 188323
260056793 80150
708342445 142064
848843954 9863
295958428 67401
874232422 188703
25874475 135602
270243625 11657
634987559 194662
722616307 176616
988351143 116707
200721671 123045
836725918 15423
227604547 174982
545163780 9868
375406629 116775
277464688 68116
989739892 88951
691093472 157919
175138370 173848
862924438 133789
992385197 163666
447998938 129799
207305 122832
429958917 90875
600384103 177069
957615899 74313
592071143 68819
394126772 40202
583127397 7207
718210224 198519
129810904 103202
829208703 194663
11362664 26803
347872464 136629
135492572 162469
658830162 10056
376482073 148391
819920005 148828
943510697 61743
779302743 127210
137936328 113769
846209614 108298
233975390 100296
753178741 158600
578980981 74436
872573683 45290
424091303 152778
935777121 184941
385121264 130305
518783365 55905
482666019 26966
567176309 38110
223707048 155480
166439990 163855
513336394 133016
477274883 116870
466551329 169744
217286601 43832
661793695 127083
22529131 41541
676617876 88257
954994383 199915
223574665 174863
927885339 60744
283150474 130939
506672727 133929
910824853 186768
578528088 13870
828061225 25514
817255292 46970
542785457 197811
187515567 89358
392268653 68883
309439251 40323
726824988 139355
804314457 188196
925979283 113720
933038556 96118
853968562 24270
35860071 37100
453372949 158230
929889000 171366
201439225 95137
554863159 167403
574693507 132543
564194117 20169
686501007 95007
549317080 161141
252011839 126504
439281992 97101
461800815 6462
949722700 112785
123195889 99853
596355045 199588
644812582 197140
591874589 143555
822409708 30013
342429938 76471
240554656 103048
52813100 160013
284430804 127084
587708312 149280
470737960 117877
390271993 153659
681059063 68825
683525256 104293
506154181 95254
835418905 145102
454359315 140472
867910578 141913
800868919 167649
731096885 175487
651392029 100829
62428011 189683
109318853 179929
192788520 111276
383398441 109057
832084937 92702
626909578 54102
910021883 94541
771956395 77531
830186184 144797
795541933 25865
221623430 166489
703402777 138161
716110322 128745
702365444 37231
566034240 58244
826255589 150565
257592967 176738
943922513 29695
378798899 62610
387848243 100282
649511169 195705
254472366 112532
730972093 27481
558574901 112983
961440244 182298
827559161 59934
379710454 39321
245375390 89392
720138634 14259
705562994 58677
969417237 79143
649826768 97160
747038509 90305
301832235 124640
811534674 164178
429990572 125714
498391843 145666
519219228 67461
510872238 145719
347397131 51431
282511468 136475
172468242 20691
334140977 81929
568143255 65870
70027532 192059
671523618 31820
718801251 154322
675621920 104908
287825033 61354
233146102 190251
601795973 139407
102232858 76123
241594281 162405
778442035 127366
786943914 124243
269149078 196750
415740652 138642
142455337 196793
389066509 161783
644714936 73787
641386254 39995
145087601 160823
846465357 51153
817946766 11015
684757907 25180
81167993 35580
559493987 195606
794972283 8609
763325585 148430
887696626 1718
834055241 146550
274408869 103669
203801538 15092
256680740 133439
872993609 102847
382341367 183763
536266789 174340
408081742 140781
531761013 8631
185887102 151141
489628455 10850
768381988 197082
17317520 73066
195717256 54293
920427368 32380
914443979 117356
191393549 176439
90075806 147785
918645049 183143
153549546 149567
260863300 140900
432232161 76672
114119786 173072
315481082 150997
894702732 89731
622761387 190292
552242762 164849
824080935 23057
385275049 101814
230632225 423
614817447 57617
515223009 120331
636230844 172086
705630737 195658
792831050 63913
574389656 138836
750750594 144221
901675509 157806
992815565 49059
457691539 93280
445071025 68877
534507249 21840
832307868 57014
813591376 59430
537087495 194348
343377083 33365
19565378 110424
466934564 27972
650477871 8425
847150590 11762
954495692 185017
58304295 171295
679835812 158461
215403425 30732
740062983 167571
953986421 61880
349401415 158277
465885791 192481
732048122 63409
862809942 157732
515435808 44299
630758334 37230
459633406 105471
44421503 174237
369744744 133814
260742721 137206
179254419 171017
28297356 121985
687182162 49625
369195442 66831
803628949 22346
384490372 5132
45987142 68568
642404098 76749
514168108 121924
292677120 57878
96851652 192098
36486323 127026
980282907 108942
469493514 45532
910139349 39757
81824405 178052
279969940 143234
72805308 58237
551988706 183940
515201288 156116
115978426 27730
178821698 125925
120903259 117936
464376416 125712
17682540 199441
71424617 107797
409622416 23126
812239782 61193
80955598 157421
134986440 91155
175318516 129728
592696167 49548
80509572 42267
3333487 48108
321964385 73922
742908368 75365
764715817 168781
317666610 167341
516011253 98746
995460160 31995
500057444 169676
208260235 74132
275330850 71388
59708738 39964
355893767 46186
897158740 48870
32513184 133645
494595808 154911
233437520 17584
735126170 4976
103580813 40639
869657618 4297
521024136 168282
792039934 193851
724174666 50428
156479389 89481
18303448 140907
471569750 59659
879849810 145459
683922583 109173
333093219 72764
468032308 85665
3535584 141340
119873388 121617
522636542 133594
934259423 123006
402755438 174247
976568288 6763
433673139 95202
16105409 179112
364468914 103269
57747231 73614
822873729 6880
775291093 63844
570861522 80002
756789920 160843
175566200 117129
469283477 107516
192258680 87186
140955231 139677
327313096 183114
972026028 182145
280984271 83320
258142977 79804
174005239 173815
87048595 32638
433314366 49136
974937237 37433
187075131 55948
21182818 93184
258075479 52480
459812523 145180
927569211 106506
256584101 168901
776373286 161388
203171645 42463
447380847 94358
342898201 2566
178293932 82233
861772584 52677
727415639 83643
405199936 3541
484064634 54168
923730918 93095
800982746 148272
953190983 124539
40654176 9664
300999372 122901
432476450 51309
579367310 118058
960351690 134888
615154022 85390
241439972 137565
83751481 183954
197485066 93721
886334824 180234
577017813 135193
734660864 56450
177970112 195881
858868580 84287
837461309 32251
826881310 133067
763471948 83415
567570015 185509
270980953 194824
134335505 61139
183288892 121739
185182952 122353
712271994 188249
94828770 43552
604652816 180609
834869247 17808
121640514 38919
617117296 59008
407652374 127556
790319819 92141
762846466 198427
465693955 173700
408276073 175117
640843097 125983
373233540 21056
621660225 187653
846411280 23226
468910617 199827
386840938 104018
452472078 174782
88701101 64764
544097797 22864
222905544 28511
913472016 147260
766294681 90694
606965755 62474
88488090 26436
595833053 172091
585070301 89061
325375656 132263
231008098 52258
583806802 24314
476434025 36222
805867903 24896
790532847 108296
467447058 152476
350842470 152170
923485079 15659
528268039 59433
496244896 174121
81880214 164315
92296901 33471
478014921 130748
954872337 34648
278268343 135865
878818042 95488
560659931 28397
96699199 147147
693785387 64486
21478292 130639
963156204 28004
325946057 139386
127522917 150048
142651289 100269
68147482 189640
438534467 145719
773087971 16174
683026624 130427
993404358 110619
229088033 167508
827072779 103790
657919780 2187
347639134 175641
221591760 92286
295105900 71435
541188907 93381
528523447 6011
53732610 23452
473785238 42458
816385745 53325
161787716 98383
299762161 39786
376848859 121748
195626343 179882
939189449 143315
436206198 158415
855437620 148600
713029548 89256
293349642 30096
601892682 66743
830051650 148707
883645324 13660
534980989 4917
998511184 9210
814317193 198483
48346376 59857
820293443 17779
720321192 145520
29782016 166907
399790456 118446
348339509 185206
428064574 190378
253716556 155910
383320936 139322
501460507 12565
866071865 189145
783896426 167848
684450391 134361
71813615 84905
713063705 24585
106924687 106044
995002299 109525
161555976 89777
784906471 107489
410677347 37439
358084600 57171
59034480 51053
781339395 80100
591120041 129694
590987348 15206
912347518 189045
796093810 61481
986674236 29140
951858609 82300
699911296 90700
431822848 66119
191588525 174419
731809636 80258
219009222 185168
15356894 42238
454813235 140596
248354848 23717
286148965 124189
830401937 105390
238388598 77566
171886873 37160
797871108 14589
696816272 37214
18208339 2194
973571693 121097
932376600 79157
228260882 1182
183607574 22367
422055719 199004
141981163 144016
805240513 18883
964774988 21993
975069361 29329
298308945 190652
104779287 76698
962587121 67840
12556872 30613
241302490 34668
636405072 186933
258950534 3786
191066849 166304
772536251 79545
199541335 102437
966921164 133375
92308920 99446
363981627 150007
806619882 70093
466046937 136191
426195953 146078
721865039 7280
24631421 189626
836155703 182231
836306457 96508
522081343 20774
389157925 137025
109210792 99188
179003601 86670
692802730 48868
927324824 106650
671746592 70653
227736241 25470
550662479 77647
300139647 197574
198976358 41017
338210203 123494
60716442 123616
606736425 24788
903665520 132734
684748266 6097
557545900 193004
705783277 183206
525285158 58639
99663255 134056
80884975 22863
49932039 43905
887318670 89814
510047730 190107
585844079 145756
935472362 31554
742651309 182442
194558443 72755
48240652 96959
836361445 28748
926706024 131436
51465075 111094
267251848 199061
944053122 93014
442220478 70674
368288440 95586
432193716 99598
505581197 122452
518918142 73002
765541278 44796
389661957 121057
389883442 138336
31023455 197964
847714051 16241
188197119 73049
472152691 42277
64521161 147491
305471870 8541
682233635 7716
112506591 116899
651861023 9967
587215371 109246
534897666 126033
346941082 128992
994020550 71218
82145019 82784
53835274 3941
364631501 32885
917110305 46520
424746423 13403
507770104 184764
236335586 193062
673243342 137624
608996971 41730
828387344 95219
67982373 171853
908777333 68584
928760506 175911
214015686 134041
59195726 45843
850746338 123143
343592552 63905
935381762 128110
973303086 87028
776941390 67917
41854988 70963
408493617 55368
461990345 69350
132853821 15796
270538394 104175
966642921 43299
946232834 58012
536506135 101946
38764670 183296
223371799 153941
153818345 153464
952847630 79991
526619398 8126
532590400 95138
76908276 180039
547195895 157387
481618921 3046
423416494 130949
746370291 47345
425469337 58603
237732936 93529
405120759 52044
54025709 132231
465509072 87475
814658393 156796
994246615 98427
643910929 56765
165311602 84781
879870129 182466
876603144 130607
21419777 34661
101894110 80878
626106879 89160
693175091 162845
119076951 102147
603251275 153611
457911579 21937
745938466 121403
356222358 160907
620357901 4347
591432972 27517
53862510 189600
132313627 18517
689756042 29761
854845933 137440
193117833 76430
921020211 9634
980919832 78806
684150937 143923
527791596 198903
217560776 190766
559975831 152119
239929205 178336
656784349 68505
616736097 154147
810523123 182522
255075486 20387
546770223 52045
947533323 101544
122539393 135716
536843506 167717
73456652 194157
246663643 145817
434073987 25648
714324714 184568
102220128 34183
732617619 99517
999469099 195267
563042720 167106
312505162 141093
147198409 187646
682309628 98291
588173291 141713
124559199 111213
132124152 18304
262146109 102417
496076160 134053
503578689 6759
675349388 70460
637649587 130572
694162605 177697
531095939 57922
749801380 23891
382079780 178955
905231605 54891
577498896 158380
887864826 41935
16168745 186208
672361996 47156
332719869 124709
619325683 5252
372251060 80124
555032015 143557
357490954 104851
357889874 95785
201239942 79820
19492947 39326
500638216 86460
236242927 71094
607109601 50031
516584499 190528
968247676 80879
209673235 95363
798417366 177898
179864332 128638
343341099 78143
788680579 90853
184003249 98279
905123020 40853
395972978 88457
55805360 49541
690352747 7211
202330458 183483
839413309 89670
78608727 91415
817694458 15628
325095491 103673
663529511 35090
684472071 189400
778121518 186052
659290120 157739
482338149 33752
836499929 139968
488442949 181884
758386350 4549
937831025 163300
882497010 186926
495646806 153833
464995148 143831
272325263 165496
577242233 167398
324019782 105451
113934674 77776
760667820 145866
568157931 77011
914545748 192721
73631264 69424
284965616 188912
258595817 113836
55761899 45598
772032489 100180
935123635 75482
264056848 5961
842249486 41259
183956059 14790
879962587 180924
887241370 150354
424053137 156952
148370963 24763
750660374 26756
30651081 127848
504564661 74130
86899273 136220
88542971 102284
448443093 105536
908187783 196668
268780800 68921
668090646 152371
182820838 132433
256656833 150451
927468855 42536
324124546 109640
550495908 64037
775939883 30389
636297490 60637
148592182 58383
559205717 61993
977364992 163413
392309890 17781
770569118 58961
824193533 124820
625502258 80225
762778316 117260
757626038 24077
726424389 166160
953974868 4131
447970991 56025
300585426 47679
429880081 164552
698842141 135117
655358710 114055
123309892 32444
122533402 11721
153214610 1788
734715911 129757
423974140 138373
504656767 72367
296986710 104136
116677717 10644
242976615 126184
918089368 56855
565028812 119610
467354657 197635
662422433 93173
806038680 6062
513834572 2201
173970243 196576
492349521 159357
202088303 51266
3405002 3438
858904584 110779
157609373 137509
409327681 11259
827545053 72160
65981797 110312
943790759 106149
554448177 106150
81840602 150646
885440059 106749
482516149 126342
745937539 165250
769649046 72171
775612867 26927
544056900 172410
697765969 132316
486615956 55427
645487501 60759
838902841 7046
599804249 102620
676688446 114407
917017838 198989
34515415 19373
379021227 61060
490994173 82382
798809265 28764
197755883 133383
576518303 100236
899660105 1914
770966747 124568
500477136 154845
280158425 121947
172432663 112769
438183669 40308
386099607 106903
143444175 170745
665138922 10051
402592228 37470
881735966 174742
806579444 53349
642911562 165195
67400702 163368
808457690 176251
227083694 97237
620214707 53747
200242500 18973
641689805 185520
511138448 171310
990272838 130540
593585791 131071
59899013 154172
479739224 59550
544871547 31388
802127449 56701
916753970 84737
307853511 30847
833172917 124223
911561660 173560
947618414 66358
867653554 8159
711823129 4412
616764885 69275
114210965 50064
789143422 98685
263934597 142857
307003161 183919
911951511 85266
209216725 191424
252415400 167705
970078605 66894
789940341 76148
876531948 148410
923606373 174487
882700799 143791
145658224 182623
733363165 198316
912778649 79026
457906452 99926
557922368 132468
783802284 160859
690887848 184646
991921645 109991
232398946 133747
526926908 188354
791985177 10303
500524857 134536
212499792 78169
128037897 193827
562642337 19282
290266595 53647
964397819 124579
564687873 44119
13457324 116243
901035001 145930
148371136 51487
817949321 179649
196590672 33122
596733662 107753
523743700 15828
426999268 116364
918325362 125350
651882709 26816
355704429 5139
655847452 137759
341768090 123329
491105160 57072
7769095 24531
98105430 98284
280288876 124501
262098867 73735
925173818 127255
364523185 193452
700530827 79327
699987907 141561
580964192 49519
648452291 197883
737104677 179979
918888522 196720
515878449 141443
656707152 2938
223647276 33728
563949946 26603
155002337 100515
849066658 50958
471242511 76233
75822842 105482
363545178 21220
655453421 196791
686668703 62147
260148165 142155
121812979 187450
996297626 149007
211594141 137525
394247023 10496
944080390 32691
6083791 45023
977513826 20649
183518735 77560
762033753 106452
165615279 92946
751434691 170726
594092785 60430
167985006 58369
725480069 27285
959529918 135033
843373137 60211
536979972 61101
576297263 99140
46013213 121622
824746616 184577
165459122 103611
980989166 140522
406088035 104839
509769357 163256
914086717 83905
355439217 183399
46117436 20199
561710588 61645
136509979 107509
95368962 56516
330676961 186126
238495999 44387
699134160 45563
364358972 114140
67285496 77524
879406935 121277
812002227 104557
741159537 145454
38886180 172104
587819097 157667
251435852 93915
422963828 68865
979935397 161926
457181807 19928
432004837 155303
449619309 151728
975346338 109075
404811275 64976
193377879 139119
182945360 30894
504694315 26346
631494731 106261
712953335 131926
690170244 74130
649744120 56541
831038545 164152
763445824 32726
487845796 57639
110084556 4474
905811313 80986
984904824 79685
392247108 12875
849164986 65118
398657644 181635
164497401 101528
621168216 99138
466292911 91591
68530099 23031
492729046 104472
355659436 198021
677067617 42151
480759991 180766
994638515 195257
800205219 120439
674299379 98752
709793673 52860
109380236 150594
74806647 22793
959976330 137632
412972901 199654
129243260 172302
881624710 26878
836074869 145388
696337442 146426
921833785 141656
739092900 143823
514838672 162672
649015975 70114
224481541 197708
124166699 19377
311859202 51155
301363181 65559
486385115 100314
553040517 145169
756356173 93780
197862543 88521
102552538 175078
822390742 105767
551278360 190644
116249096 26218
493626221 102801
125423307 147186
615892079 188536
280536716 73745
954975804 133760
828328777 153076
846179684 63521
274031330 120139
166970301 150604
819834863 112172
741269697 101675
561439339 61002
907280402 110033
833914714 20706
592039943 153669
497970272 185098
681524589 25908
287441306 44511
611130568 106116
992340332 93793
161204649 44189
54447368 25213
505921863 109984
411463914 176112
491141820 61119
342332927 155701
399978205 175399
265230148 69384
734302448 158773
367301996 118694
768889274 64108
825491312 176982
175945680 135093
201249995 115703
940345428 122147
951216819 107150
386854967 119758
734099959 108482
524598838 168890
859338767 177428
501113319 136297
784541734 19085
436572809 189802
802318991 194116
621800432 80054
324662690 174288
906261908 6779
251284373 154866
545430289 4422
527062865 17234
703402541 33190
729699540 133025
243036005 100976
949816317 82263
719697493 102960
829558121 65364
96669445 150347
957640058 54085
34287043 138430
669282672 114207
405135230 91948
240705494 118670
715784856 38890
8397267 75034
365505912 189256
949437773 112601
959640245 61027
720822684 45534
75234190 62100
277658145 135979
473815438 193026
693716548 177430
295865382 133369
928295249 15054
967211286 88093
866796222 12342
731797381 72162
884130985 34578
569732181 65580
920570780 169131
340072578 29695
764136451 33985
455944178 97802
25407817 155428
413817333 33872
838293321 189883
126181051 56265
312766240 135124
114569319 29116
416481100 152544
764321737 65172
370309047 180932
459146112 78227
245084761 160689
234043575 113449
535054493 119315
815784236 23395
352999362 57587
789955334 37708
478442005 42745
517435820 180874
58735593 32942
380423688 82790
673009890 350
799595133 181593
887416053 164535
59702648 72629
327178851 114200
810345966 4142
936472255 105337
60312861 121753
74533165 63041
136833831 191885
626376786 177460
604847543 101187
750061890 56539
903096962 100269
289418357 136487
544314675 31922
622423609 65422
938510833 54467
906118641 29805
681821779 116730
539182626 46845
780512334 51160
451640855 147925
414834319 188145
963352737 171189
83683437 109884
676936163 155076
665721824 63353
762389527 180969
815338946 145183
474010450 156577
731404994 157982
80749351 164593
378891967 170451
756134302 138349
615401988 178182
1948666 164644
514564388 189122
848062011 191358
435350486 16707
208796322 189447
511281202 109549
607727252 101346
990552580 2793
924339231 101228
281591552 190909
736696976 62895
522835669 25880
279870636 84261
898646623 39386
163239038 43925
118095756 134565
269116078 144289
534597740 53239
225529392 122349
875732503 115471
570730890 1725
91471208 95542
332321668 127648
993126046 88901
413919478 103806
854718618 38214
680237051 172071
404536655 11396
7964870 65569
290811997 78735
514341054 193464
370677652 51426
777902305 43439
198222212 34324
919822940 127595
965669603 169308
993616501 123648
913869196 65659
362569526 98863
50998127 67050
791931196 169761
958845643 164453
598446284 157117
110991004 87197
155416633 2826
636940514 74910
309987559 145599
97945924 81622
305880051 89038
12644324 29435
732046761 44620
357736286 153179
579406008 156920
560829018 144853
770759526 29744
928302357 145962
448323180 3235
235311156 132517
749718740 57340
350911759 89085
486533350 162248
168847103 171649
684779369 1436
699494094 160905
722449664 182846
111305319 153403
971245525 183702
776567822 80187
307354236 7212
972123693 168363
696850221 184495
916987464 45983
654100065 183269
854912009 91994
276774829 41830
633823529 170620
630603012 40102
784645955 102201
381189450 179064
696191549 79311
22149911 130942
320695472 52415
38994372 79811
393334692 150604
250991801 155230
929865655 33491
34928060 76841
804849994 58646
828191334 193024
868286485 35706
431233929 150749
987908870 100160
624868193 179691
752554053 20565
979754660 107652
408902914 51951
594068792 199436
757152055 10518
357669119 66883
304526463 13242
314847209 115239
181617963 151590
892441635 12854
889853742 36924
609138748 155455
649578346 99380
650085139 136666
762628396 60090
5495922 163450
728774235 123106
67404684 134197
579443096 142180
240347283 133941
276601421 148893
708337565 81251
710334945 109048
188616732 34722
632523636 152798
214129337 117421
917881682 141272
839337726 135241
604469246 45282
812879652 8896
305117766 179492
855113013 175062
856823466 62703
277788628 76177
500926225 109122
736569579 185088
74120814 20594
218222033 29825
534521709 147561
481357888 147229
895248292 145068
408535413 178263
390958182 68720
950076909 106839
329236056 36049
328716312 188487
483514469 192191
582472039 104294
301924910 36117
148527789 116743
205325989 14489
984278490 178101
468654888 139054
615674150 26898
170587982 106506
828644387 82464
910019807 160467
12750434 126475
333620352 182528
781034786 59238
772932180 167247
521044319 199295
7974326 97467
697800873 132566
864489577 50586
875918773 189212
279032553 140669
388741183 42856
249444054 81300
986174538 175004
881384916 29469
681437017 64887
310485693 23256
67410899 37245
143714651 195887
657796509 149385
257326973 157447
506872654 119721
43846991 40077
549351658 78771
10864740 68844
320425829 105655
462754406 132966
917064898 35108
934638645 132530
134559514 180996
527995633 78517
49961574 12706
314338658 36906
656606217 95523
180813503 33545
500651714 132648
764347909 2958
485206869 85046
807549245 36515
475779850 166779
488829306 77371
773270827 130516
146850848 24873
856398140 179274
921357989 34880
883249636 194006
780882001 168817
375426017 199759
670945568 41290
193150602 116567
428319004 196648
939426546 77159
585121148 143347
66356487 169672
94470841 156700
460054674 37962
215745973 111233
158627998 95116
1204762 194977
536183192 115707
524598665 170531
666791827 19753
95531480 66211
809969198 156049
369464107 160719
63367573 195507
956125458 114891
436911810 181022
831910065 186565
272712098 34717
247820396 78571
922414834 54303
644046755 72847
757967434 139075
400317737 28645
210018232 108113
559135607 119998
605629538 135073
653184544 73963
571674116 102756
812963920 49049
309223559 190856
480110453 57184
599690314 31698
517849850 90639
167536948 96646
861223882 40749
71578030 5545
752980207 76348
9745832 58021
369065188 38265
859433407 38908
569538526 61371
443444431 30998
938252381 114609
486842526 158810
451107366 72410
743852408 152249
324932776 85619
366560233 128054
135074151 194374
325529886 160439
463214935 173756
377676504 118545
299333102 121009
789768566 94326
307766667 144924
29025029 115851
666119953 86789
843543973 134029
510077529 180354
748342321 1626
402752754 82676
640780343 52906
80361305 176913
470767672 159156
406155248 49357
723290221 106152
971234131 121040
910153835 53304
891656995 188287
224402038 113712
760668335 96333
944835715 114961
41943642 135214
104892260 159943
497303905 146278
769448803 195876
258323356 44322
252090855 128677
851942906 117176
618126005 15990
48578843 163613
40361323 168064
616405044 87475
313966218 13200
925578871 85267
311740537 165490
949244755 183776
435751436 59787
750817271 139003
216999149 100127
923034627 51893
214092787 62713
595619436 95610
861977642 38250
79863501 154708
912083415 90523
764879683 115894
570076224 10322
832915391 126919
8700870 161841
826224131 49627
973046331 25236
215422316 154559
925046346 79046
845324715 14877
987285313 89522
342854854 176341
852753029 92534
752222584 76481
187857657 174614
42622619 70244
521273974 171786
809156297 33352
939451806 133281
672368957 179101
467804973 90420
582278856 136941
742518799 136000
699986933 179377
675709171 186416
915872056 95184
572212734 81271
465965577 63059
634255597 68672
40025076 116069
840807086 356
97918081 130838
382013083 73784
566105270 47660
696303552 195099
10554459 144840
896327067 78716
154004785 149619
735718691 147476
762721230 60262
203378679 164005
525817006 15499
816907436 92508
302402697 31741
746645359 91603
767842380 25526
650882112 142080
208789463 180388
484129085 100380
399514124 56795
121243694 6616
19884175 73384
551893202 189867
565260040 67228
654631557 26834
130714336 113694
938981046 166070
388761789 44756
840179793 92318
895588520 159404
107218515 48818
800003917 141643
461694747 119774
898619024 82283
346372178 104448
28317091 175219
220813504 129003
645982460 159321
545665686 64655
409487858 180302
577915733 95287
625387856 146594
913401995 24967
821601082 106655
415698199 199738
713681185 4107
769998377 114782
797560844 185083
841675623 170868
837095433 159492
284578534 179622
680440998 171103
217905982 196535
822001421 19471
873967986 81204
168307091 132117
40541736 61561
863747871 171617
501301704 112254
120196590 49573
753377105 20744
710951962 96412
941554271 195207
422628123 194967
979618933 9427
43607067 165415
65264574 97804
839387729 137333
331111660 172623
178026041 157796
533046029 129584
881082353 84246
677357927 135278
775310382 57415
216666115 137531
920164740 22606
861163089 156974
450166068 43664
463904122 166999
709048175 119355
16724328 27444
185013444 115192
70119177 192507
960965399 124054
676485871 130276
322308256 92130
89574663 120970
80628815 123271
156462863 12212
187718926 33267
973304819 19004
53810822 125614
656028643 104008
549254604 158978
656508412 7878
346195748 190947
530751400 71105
917894542 124567
439537473 128064
671587802 161188
508628017 48918
818147374 77723
256538967 171057
2909205 17079
322218404 6577
1715631 167659
733876421 180193
393206617 36311
713366241 186647
871282472 1390
393491526 23019
496383076 139705
289217855 9530
997943797 87898
266018118 69
409040147 91010
511649535 153979
869502286 84618
588982421 50898
145459769 23715
102424658 152567
462504370 161855
768746349 54478
231252570 83728
884341731 35635
226506756 40930
115857058 138430
251214720 53530
677068095 34400
794830507 158904
863301007 110535
823118182 49158
771364069 115392
631201944 106866
24378336 141228
417219567 83617
93577969 11802
689307639 88726
991428906 37728
654634962 116488
271044610 102499
894090171 25033
889211591 39838
997393079 82374
398515434 171323
167429606 150223
626110229 96925
437523442 130967
577618389 113900
649455534 80107
420051458 35910
490312119 153599
120254325 152239
88139176 54877
54032846 90859
888941430 186695
318401991 10663
101517251 54684
250632014 197126
9085016 76501
479248585 178882
928030393 198239
743294701 97725
370110878 147839
69316116 45417
728104427 178823
528571333 102880
853853474 15651
205161241 71647
371585273 184542
323451896 39917
58793566 126875
926211263 172624
840579899 17130
32052484 167408
354930636 180616
815608383 6608
292205648 130500
110681957 57991
344934115 24453
927647840 43207
331455615 179666
759675068 90915
43301339 140227
794989292 60045
888663143 72233
317567325 72234
344682806 77012
253834203 198329
950849800 194965
704167271 159340
434930839 172310
208739643 54800
251533697 35557
853239409 108116
795326755 80861
560028713 45163
219681929 146511
516569742 147360
88043435 88928
795061151 173167
468889988 26446
183742602 52437
676123673 163859
650042019 64853
869237792 117187
479866145 190988
206850696 197045
159025610 4879
81426543 168016
593228732 153215
58834111 130967
674178883 161992
887447547 32081
518323773 96493
264198869 87563
238279649 128868
20234070 158382
424163287 74135
18104982 116911
519344770 76119
405354078 29149
293430346 47391
642391406 110160
245528242 52187
955793107 46266
219694833 155057
211095852 8862
698253510 18917
839092395 60598
116423764 154124
441846128 188645
212349887 139579
613588719 50644
415452165 176536
186730824 39238
165214365 176774
675567142 69618
252184876 40702
236469760 154161
837820448 144124
411483529 117310
402053414 79662
182456366 29971
580143742 15399
619123218 52194
9124930 77690
637647762 183034
519952751 64283
230892538 159827
403753553 152560
467280431 197752
452686267 31983
320246445 140438
740716862 109599
962081707 30625
900141407 155897
668426775 76131
987655497 2650
861788108 15663
717834901 29224
206563406 38643
470848876 67034
982493728 24868
416126681 180876
932498799 94771
778469201 12394
128653380 102218
500372767 49578
198940023 45322
522587510 180379
116721227 109509
863031307 152904
69245488 108778
171511020 64077
391402175 120668
542849215 23898
591913452 141236
915043712 4261
279736498 117469
823407280 117804
418164452 72821
78012288 161787
601925863 171388
151898816 26500
112625305 15390
717953502 6159
321800085 176444
745483311 198301
597890471 5129
771434361 12611
274371385 193299
166680573 71497
658027626 1254
963955757 186663
702749529 178804
229874532 85307
313650212 40416
396788491 167682
151007361 6748
509045064 122600
61493293 123678
811932708 35144
930642394 166971
531748737 92861
669486590 98109
212886970 19326
62892249 179386
446208967 74392
796106700 171887
957728433 73857
157040018 192559
679635831 33782
384911317 60435
16542948 193926
843682283 77552
670603794 60449
511295026 196034
376834366 99567
335620622 186695
95513453 5994
904425010 155026
979775949 192774
803995015 131075
65923359 91987
90707523 197888
174001682 79196
855245250 198601
531446763 37456
744935959 62116
8441506 191041
316744123 55456
377385769 12987
321910063 94489
626611376 109940
304465 104303
140437253 141504
198091914 44035
132028922 164622
229143769 80928
929194764 29197
843224500 127362
751481499 141056
767632263 9548
854414146 122342
380117777 53007
316835344 176130
171087148 105724
39356917 141242
84029783 10477
326907141 184014
263675220 82439
270870216 120565
151718583 699
969958161 125021
455294867 44528
733837093 103946
780198702 27738
981431516 134614
107961304 185086
871233838 95679
49163618 127597
256104105 195851
677408183 43254
670391560 194365
95381069 77025
528065183 145757
534374429 48001
152666754 121438
667331346 54540
87371350 756
103198899 150085
5624327 146308
103625164 42156
781194495 116910
842895542 131031
26612203 24229
294626139 114086
129803352 135292
389884865 129486
88295006 21178
590283806 85048
572235481 175572
848697568 8040
721918975 10288
307043580 5586
183888770 54163
160154212 156075
890102046 63079
990972615 171338
49222877 136738
378581050 89989
795718179 92702
302881497 82361
174494915 37796
824609255 39092
835347564 25020
496338221 24879
361942720 17681
418336026 194297
75009389 128670
618522775 163626
41251526 140609
355738580 173701
754954655 133814
302474021 55363
193346647 169575
260123415 199714
393390228 192905
390583875 50869
670500078 128929
248457942 64188
320387182 150011
535312198 159307
466270687 71925
12463185 80050
255264557 167363
386543274 109082
877077996 4226
154511795 17529
502202356 60169
216172248 74748
825670613 176557
965056407 31334
685601643 198364
321768343 40267
922643771 199618
670500930 42150
944616432 99990
19504642 25765
823610159 10448
795085141 174078
797392546 87914
524140496 826
729937077 17615
250944480 75738
654403154 46708
409927289 156514
867544676 108337
453967155 37940
427349586 106428
527585034 170553
214608742 36114
937128036 21623
426656100 57890
532267839 88352
461514079 74299
169798562 186871
181072873 111360
792443306 41238
901490617 194418
490193165 131678
910403531 126054
68774414 81507
72784977 123362
644995593 93955
326861685 127688
30544389 140940
953372270 191915
650732840 86785
782124079 63908
371494689 193698
507095145 180675
111989261 24674
683938913 133234
396849610 35117
812119299 155230
934000508 33164
51753363 182018
79186571 154718
614757192 169907
650068818 110239
698943801 168790
296656425 56557
591886379 74639
681562016 189031
716296246 147534
101055799 72303
223897757 43905
5619489 71261
767061872 148317
375208968 87954
555912226 17088
3778991 162724
420926752 54101
125880953 88871
50546814 160922
312979750 142426
914493701 118674
910695188 198300
661019551 86319
564039422 161183
531660975 144778
734799338 187805
179611128 136987
432721372 76148
2766357 77541
337276019 142711
179944307 191393
921865596 185233
739771387 91902
905362886 93629
384654340 144913
42584173 30676
199194682 107813
416199358 22680
457246787 66218
682917232 83956
664641087 31464
543916001 148731
835088848 136144
397181613 59277
729610519 145759
113365892 65372
501983544 28625
973249491 47380
494786680 98369
329739950 97787
355735740 125479
773412838 109611
351113951 25049
923617242 61789
194990930 87751
913276615 99143
92751251 103420
445306105 190676
260826093 105512
451398877 162638
146302071 55592
857472121 199857
892742831 166489
578359769 24089
913129933 12459
107083701 21400
926923347 68788
360472824 116854
459800029 156443
590254230 169004
823282410 63606
261511308 72324
232034 160063
300387949 19257
833449679 113083
833341269 63162
906763935 31372
926417678 158658
143056882 49879
760938340 54197
566154893 145208
196724704 167023
848679840 49898
624752928 53005
358413428 89112
121136067 12940
587724466 107072
170695149 186206
828969139 121115
332775 33777
207116976 40758
10510790 178436
276309106 190922
206658849 3617
320077877 44645
479561326 58329
168926438 94511
824862103 93206
876519415 188198
797901462 8595
57469244 38707
446894109 176717
71192962 129805
274574429 196333
406708272 3032
551731851 88315
773485898 38547
621413032 195533
813582020 42447
979147229 151007
760981611 111072
267271929 189099
5132690 104182
331960316 96944
247781329 80889
593772694 78272
595900267 53370
92339892 197908
599276180 128727
931645742 9576
19200043 187484
987695935 157778
197991858 199251
761564313 78330
867673877 48821
322998500 115647
739767481 84701
233395404 143974
213021961 20420
397729250 147984
894697723 69406
198565923 120202
753116150 47833
398491625 105154
180441612 122763
852167781 41321
982740960 69109
340716684 57273
986953507 84432
952765821 116863
261156523 68510
558575268 80142
141075569 148522
47884884 186136
230690354 116822
954890366 9649
642821473 4247
11644194 134309
904126910 34767
263972135 66248
338674791 161499
675836834 185414
899318114 126471
184582573 114101
398827463 172386
350832781 199062
492603631 111798
200663450 9898
861633870 68285
860081880 4314
96178676 75106
542500362 186999
754035983 87016
994506558 137867
354969953 166410
161122259 94921
130390056 130829
705908179 51241
793996790 45505
826706736 59830
381588518 180463
498683752 51969
527460590 166668
816083466 107705
53531134 185875
683899293 21035
334800564 27415
543666958 135898
324631988 19030
923606824 42057
372207248 114375
301033068 37075
443739064 57991
639074086 181979
59087145 127239
180159286 177145
88489002 103567
557724192 94495
43755210 61642
95997390 146484
656363086 181520
357638474 77397
195639262 116801
324813273 6075
812006300 8586
796854624 7720
195362845 79619
585689096 197951
584785424 192091
864979145 100362
74194410 90160
722227315 170757
485970116 82957
840977681 45254
628392397 88775
614031500 17375
362783184 2614
981264440 177615
770723653 140742
7806441 103148
466750559 25250
135333084 28669
106219451 169011
272651240 141083
209130794 111839
594157930 344
918275887 27013
537911562 169502
246133233 100934
986468035 4815
849803840 177336
199996048 43844
876797367 62146
941819941 19384
612464324 9041
589351786 11803
37392066 144068
243523425 171022
365239145 77269
597961779 153596
891804516 131946
114816535 188916
79385372 119030
692804386 40522
452603011 184938
475370078 166441
218996685 37381
151177633 164043
943757028 11698
264427887 15819
461680412 173256
269249930 60322
947744989 11526
312998149 189618
459110766 91974
932219350 77700
962875043 45309
657266349 157505
799819114 771
946328571 144324
614202543 122220
499906293 70064
351896508 8968
564828396 130496
387617618 143341
246306677 193841
688306235 44331
283656471 54337
456122252 41403
548384487 182324
245455203 199696
399930213 3690
601954897 99919
678246875 139026
780203205 179522
825270379 107220
537608945 42471
650113300 132427
211494300 176009
257393928 92457
5783890 94615
601531431 34983
921506421 173738
380499785 99505
102333021 107175
58256748 38324
431381900 181430
774001356 195884
497727381 25843
258289087 192652
468972135 75732
458883516 29695
839008009 150422
319789934 74676
384725099 60877
272941913 187195
888146007 18850
269077133 144891
886730557 157273
474004985 5521
228711462 111391
509628091 111332
914717435 64561
760100983 51185
288196484 14135
544871456 93419
143551454 61654
579764622 172471
535938345 160865
800683102 88542
215185225 84902
604727475 128215
292106123 78233
129562863 25067
200635601 77770
895237591 39553
333054860 86364
895933935 175459
129511880 162479
396478945 198358
126762337 8704
985827833 113107
339491679 97643
688964505 111763
579390668 124172
70326484 26418
8971453 193167
657246104 63586
320970027 154991
956454245 148579
20575621 136345
995174724 1922
725155653 14759
31384584 17887
747566713 173845
910391049 1983
715288885 110372
318567753 24984
713548226 123819
223153272 108000
363632208 119768
466649997 51937
747520029 60980
474800621 175179
763222205 47059
711887317 110852
31375476 82122
344810144 29231
665198472 173336
905169068 130022
847234900 193620
251979320 62113
228268863 110049
177057126 157566
515817002 135516
189020930 82015
254808943 110987
977043680 125690
548509960 195073
880740026 128599
768724548 60983
578048123 110296
300338215 97061
86677021 190471
257959789 146074
86722010 197207
264322729 109848
71068769 68961
962819869 168594
360092601 189725
737886724 67601
410456073 180073
468618923 62956
212499383 118515
659343381 56380
505473714 68917
656016289 188696
875029959 148659
412467935 87425
897144065 95480
140052279 35073
302724038 47751
72343314 119060
434721440 92446
780694236 100282
547039826 194142
173567504 452
526375086 169731
869991878 107759
929310742 82829
157606090 113205
615605203 194503
871923020 51691
552501182 85053
338508405 114049
697542830 6165
715156477 153068
992609421 175870
487518776 191794
379800303 14530
300923810 108593
887893195 177287
53901466 41232
979773196 28138
252475650 172927
285603941 149443
1292612 126062
186565870 15206
938570682 175059
228596064 123096
405564813 76674
527783514 65302
267285766 104088
724406298 116557
315720851 177284
64258925 64894
313599112 1420
697104446 88658
312665532 45590
913743807 151192
944771066 13211
675251547 193072
43077176 187155
186231427 50548
557500013 13108
175802949 41678
81197317 146953
326564574 83025
826984607 191969
387860277 129567
980841272 104039
342079013 42353
686102892 126739
540828743 122164
345037524 41517
465543796 141518
434531743 44628
937586119 186069
209762815 69518
348312716 1025
670323488 150202
840645220 78650
65414925 20919
456537839 23199
175453427 53957
842682453 121355
814365120 27730
802335852 178334
179447864 1287
578354191 165804
224504106 73159
800896587 65199
208718366 14810
988490685 64319
82191884 20167
850262222 9938
444187745 191409
952025313 48191
924028245 90070
401916482 122031
471250724 95187
952332051 173727
405174421 74412
616919873 151114
110301819 77005
994444465 65624
961658395 122054
541384610 25865
46245263 162278
187908799 69004
508224552 30012
966981285 46938
734033127 100183
801373068 67145
828168222 60689
32868864 28940
662930980 109757
236102368 171675
290322900 170459
290334896 100995
39530952 161653
822868649 18722
271582252 35820
5537163 89056
943876398 16603
678237431 122934
763397519 195950
162449735 119053
482166225 135565
535075152 67501
156772913 83383
611675374 71760
219022041 78006
583398100 71477
66780276 43398
390642336 92840
623893772 36552
398536344 23040
333999181 99175
213645525 87404
820626496 78496
680192460 18570
418966194 13117
78792571 166415
366910499 150998
300351240 102789
595867110 199729
34476377 165255
613598497 24315
545000153 186675
214387385 104709
909673168 4158
190773363 194543
217761337 117790
667955465 195686
164028172 92538
552126235 74414
800678440 106730
715402505 156787
58731859 34816
586023262 20805
155441816 74514
81317658 174967
205518906 124953
941236703 3754
503295518 168849
512575567 176221
626785660 102159
710162263 146963
854362551 146432
304500312 15164
207436436 173358
781007419 150770
26567883 57496
171116308 23967
949000463 23677
988363282 173814
466029247 167478
185832128 25001
810415558 148806
23692680 89661
533164154 26444
187166875 120283
764674737 98467
430960681 167397
405546181 56698
486753253 30687
930355644 196857
470827159 112172
294291077 124987
199649444 86947
617854480 147033
575761996 89056
597027133 95806
668588057 1139
145736907 183110
835170866 168988
648204706 174036
514054957 114930
506266075 54396
191382359 145287
439959225 195514
953720591 6602
356277272 73967
472472976 145065
145805208 154422
917904284 180887
786196596 181129
721093480 104217
176484838 71395
921577128 28785
262726704 16505
596533876 140111
325033208 183692
3854902 148432
58061278 114805
600293494 94753
735669273 126638
525748261 186749
254285589 173908
65319049 41457
715426236 145801
685348632 135726
365094289 33301
352601681 193143
180092284 138989
17046631 70662
818454967 115375
673860009 8427
230053824 75430
836875191 81003
627245543 159352
247033383 170315
28657112 136469
794539805 68390
898764928 32770
51695116 37315
138218925 167017
262024456 98864
154386449 48268
206055960 197500
331042401 150308
227229416 184264
803031782 133175
755061288 8371
377783634 178658
425088200 5262
136792514 51116
366380120 154115
973683258 73392
617676626 141502
159380411 134538
354672679 190785
589815227 184648
413673416 130452
326734860 189300
672483384 73515
153384106 57133
267980837 112057
514839141 169389
607320107 4023
504504979 79079
843458255 96415
304827088 151134
113428117 94634
628775918 184033
976999705 65296
136365379 93763
649438500 10923
95658663 131563
496240419 179794
267564748 30434
832940363 166920
232562867 105675
334299423 8320
767477216 105107
147276527 4803
851643271 192722
329536145 169467
916877128 140604
591432415 153185
128015299 173794
501247686 67426
963038954 54803
99877308 167563
350249902 129062
854416880 81905
742742839 99947
374856988 106237
149893052 133245
682749517 44506
642434080 75324
486210159 52106
233194823 35917
810290804 93737
1529217 179662
47799928 92281
967484895 97653
324041750 13886
865768312 126485
240382467 184398
389430114 148703
209708643 143949
198306315 145876
930833363 50852
237053174 77569
242292902 192478
101284748 159541
500216423 136327
646963488 175065
664606202 104473
996018929 158349
777521142 79041
905457307 111668
227763258 164470
182645008 34603
229727912 76231
732721118 128797
851514029 184782
484874674 3037
538031123 180749
432972798 188343
292753034 111965
35022566 751
757042467 162437
797877822 8053
152263699 144511
73739460 152774
677534098 98395
14147782 48060
413312168 191100
630129398 66192
426370768 81733
793863350 71182
259329093 141036
390035020 7
140965941 174392
728753212 31689
317979569 54122
512709600 175038
450933458 87221
914086765 154398
325543101 172117
440456956 43044
818649330 115644
490896746 90245
289739651 133987
888618114 135386
644478109 14500
301502679 70781
184559289 67543
887316870 135087
834784402 123036
720346992 108321
965699156 93881
654937018 162564
258255852 175020
551569192 152591
470960696 16600
272297714 102918
376316095 156294
428795853 121131
21542591 664
665155595 138469
418174005 92848
766179873 70097
685557795 157632
847651358 37910
9590922 76982
180867887 62551
64820550 177832
600238786 95679
763998094 3031
937029232 187420
592634194 138204
702243558 9764
60302969 147329
879059816 29045
557343394 8458
851359760 47453
87465582 148740
256007804 14890
524839775 174751
13999996 97436
404159980 37679
858140004 159137
736046179 50519
326913757 157949
262904707 79055
332691114 194956
21266554 50955
705529983 112880
342151339 97764
869836465 7574
406225347 119428
637887387 137568
370296126 21181
86026583 123937
285969664 53857
846735297 128244
353126889 79018
425264904 98914
940751588 140334
5424442 182508
923545764 146025
558625703 114948
8708856 103340
94156516 119240
164085145 9464
777871462 60548
980672888 153651
921032550 156743
203913000 177896
139188057 147845
960859582 149213
15039220 130630
766480004 55899
72712749 35941
972843752 17309
834803074 91287
563383201 21865
197506884 175351
583218438 77819
8838156 196299
570942461 161688
573210804 109116
380999460 125461
299121271 85200
34666421 15768
463412595 57540
563217235 49777
512397724 193992
797480368 159045
391881427 47839
13993569 162959
24082105 14353
836423323 31145
197295768 159830
849468436 68386
742915668 135002
451181443 96424
223907036 42471
604696413 39342
658428506 100956
514901966 151029
708798417 194426
664350997 175727
768453190 55184
596739380 76471
238799613 50397
986431148 25648
669221395 19707
258856713 16513
334637365 62602
386397237 172637
814398351 4892
813099164 155312
415816922 15467
246351177 36326
62018015 179245
218235073 24692
187159199 148780
776634689 168730
732516051 23138
806039602 178961
577993870 62046
201553272 165931
765484305 192996
594660707 145578
446159718 135609
125490757 147495
410737120 183260
65323886 86354
620646554 133131
314062878 48652
366683724 172330
473638047 5339
711397586 73524
866491513 189358
15478910 132476
187867876 86256
438969225 63966
276821382 86606
700817241 104657
812545862 29851
341955267 74700
883642145 127764
654440606 109781
447034441 93563
866614293 26056
824831308 180789
723568761 101742
868019299 3574
261109399 19298
880895337 58530
794804223 176759
475277978 140311
223731209 114636
605202993 184054
851116870 173702
801550119 191967
912919967 997
927027211 45061
118918661 193584
749962414 178178
341239936 113053
113602003 163556
447797118 139100
727461526 72319
477861413 182551
637165585 137819
740898307 173442
50214926 159338
528972668 13875
949019792 197235
536031876 67573
36521487 119640
77528392 44032
198066902 65057
874459781 31651
611025936 48825
627967456 39351
643835175 76944
447542531 4823
477356188 98338
810427852 155440
101236977 136773
485789962 103943
268436246 54186
330502277 37420
492859947 189191
805012768 148508
943392763 131413
832333253 116475
161363890 41325
872592439 81319
858282893 105619
569224596 192773
59349322 142266
681976807 57514
31052347 83847
826995197 97227
56100973 42199
87684801 61205
833676891 180714
498085914 154560
769537981 168974
374566536 55698
446325258 87267
317684209 102765
87719769 111451
227316701 49543
53839060 14272
696492406 7956
506712853 24786
804408926 37069
258608521 127735
421793860 135823
976314946 159527
430456335 131296
834764374 105101
450577385 196473
979055533 184315
134347347 87099
491198290 154200
286336208 73090
391281268 51297
450206529 17995
403038174 62890
644588210 192716
492616060 173671
934729895 172916
426490807 13143
299721736 160486
426299755 199651
654463791 126517
62548835 58384
184982196 103760
463365074 157047
615169808 49316
273780924 83036
253016521 88675
266855165 184416
577344249 65427
996116576 158062
265090211 137998
461125339 2003
440339632 136956
411633186 45824
260955511 118292
824349506 68949
626445392 41961
290122072 68882
337941323 196387
427430612 143168
612366349 9207
436284482 181843
654250880 101134
846760675 90502
802510700 182934
691922835 160123
508615586 195592
233391378 22792
358284896 141551
862031617 37779
866374246 86299
651983848 3841
351530434 68399
133410421 107545
439669998 185696
453296646 171265
189215183 28546
249594512 157972
741389887 107714
859521738 4791
543861104 47852
932424446 130315
356784605 111095
406043362 47106
555580163 26687
386627712 186215
457934132 152229
710537145 85486
834168611 104740
917005243 62615
128252397 54960
960776695 55100
28844209 83168
889811335 118227
245124071 173353
680554279 18098
107092270 4013
317461249 137264
748226944 154470
340362268 823
935408583 168947
506208192 89455
506291328 121424
178865828 34789
430674385 127967
711752802 26910
966849896 189574
455201472 142208
616552242 115029
113132951 29698
436241616 82685
238827160 131123
965823469 130986
507266856 87586
862160133 22484
48844103 180470
49168915 95488
657895567 69737
804498287 73955
360487043 6329
418018352 114512
184488123 5580
695113124 152223
28862368 22690
316912519 122378
398020883 149645
644850964 51493
191537108 107048
451590601 107828
149194270 95980
149071394 68198
14990866 121743
182267657 70620
212029381 169491
157250948 28072
693750296 87797
185475864 105138
212698587 159791
784557552 162172
147688926 120824
794013068 168265
595298084 109036
868755057 152786
693530637 35221
842783305 15019
114576073 158978
550483580 136298
70512715 64184
597079237 48897
184732492 175888
825992104 152673
117499196 151624
629979984 32485
697656036 1711
852511928 46566
206310588 174569
911636930 61112
328062739 52997
886934127 173557
822137265 83584
854283468 161667
618345 3170
53964425 73589
867395107 30073
878615832 195927
806466780 105628
162821165 160872
634213388 101348
636602570 198270
417731648 165736
582388619 180091
314678321 53719
105352051 84949
664394586 88529
456147137 56347
295313492 102416
656517777 42624
808957437 51715
546493303 29732
586067330 199745
847720642 83611
449540627 15905
895935524 15325
272665733 49920
40505257 95895
986173584 171887
925901740 89977
833209149 56816
223722217 170854
350156999 194356
527643568 186544
572342606 118789
109907173 154683
680061710 35074
785720901 136821
924523393 105369
17749084 68810
167847924 36628
530047119 29471
816499870 157920
877262263 3868
64878178 150192
526094854 14002
724134451 32938
277320291 21523
264937786 75047
133564112 197862
291453475 79935
78567224 56064
34427249 191543
640833480 90836
244640905 187668
381269003 198735
724362316 113095
267138607 2703
28514758 65460
489799089 43077
158128413 55964
609026663 94492
426120960 21004
800949962 64155
505220555 183138
584303146 13415
356748728 6587
644309346 184730
181054515 177947
199562784 126933
878488537 2335
410215278 135001
544841828 2833
594524556 47333
489331100 111338
857664044 151901
137873645 139728
69081619 139913
982976697 112736
527950474 122551
280872922 58041
15144830 23594
872557160 39772
643434934 106585
853797891 168179
296206143 119680
523092779 53447
731162504 154207
791700302 139987
797649392 166583
619743554 124065
555476791 61313
535774833 61391
109791728 94472
880498117 47050
898390521 195844
345324750 5159
700409699 60016
405193252 23529
137485215 49700
377042485 122830
47836542 158621
455982419 63411
358071850 66945
714181625 85831
718376655 175323
999037273 76873
474639254 186516
416613768 147021
253661341 123494
55364486 149814
675001969 1249
526858600 197711
240719031 159953
207496954 99394
767691458 30433
505870463 16289
276731058 109492
553919350 22771
807123750 196476
212713471 57553
985124336 55331
722568831 186677
213138709 100919
783283113 134378
864687504 68073
625570948 17464
878534212 159817
123096854 57194
81867339 167485
964221250 191157
477047627 160457
98917517 104165
851316820 156490
483722522 116112
60992889 121112
80204166 164761
325741112 106082
295931170 163247
350340782 137921
355401420 66415
295117212 148200
293623902 155323
320269944 162744
955110747 10771
402243965 62067
941073778 170448
442095262 118057
530144337 35561
639857549 158957
760024231 96396
709099000 130133
620598059 16448
696395274 146353
552851867 104224
724810050 47630
951908647 165483
47967712 165740
447122722 120270
208606181 81499
609628973 133176
604562626 52265
243271225 107021
520346217 76818
215389913 12345
840558928 74662
958112187 110844
305315570 150735
61278154 89199
769306996 199392
150800712 6374
287109416 31280
801193279 163113
432637204 181295
200212796 105333
575223570 88359
441857890 99101
400998872 452
744485476 116739
671032315 94330
61448576 37606
740832162 689
661732703 191642
892157604 179449
775024714 8886
856996463 103464
680251680 188540
400093429 134119
643335637 174445
463411596 20068
963967954 198032
535346241 64108
368034886 46425
641894239 80724
978643303 59184
155420029 177246
685743190 156036
446775530 104780
918985254 78372
133724882 169890
888409962 90001
606505806 84614
813132413 68178
542672508 152342
385027821 22739
170738404 125562
310617454 3609
723544865 184964
438045416 77378
263517163 73097
380573807 186292
147834277 180300
907820498 133304
244764580 134748
771826813 17514
52019992 134790
612279779 126461
873935694 190972
626538907 146780
381559244 129762
233037559 69286
742855991 115851
773787762 58183
778048413 183370
858525322 20344
476579932 183272
611239026 62284
149522556 82326
33001955 36818
63201803 31198
249845688 22055
730821159 92908
838792318 111023
523715224 105175
175808508 15420
522506829 115011
539715365 6681
200444183 151282
493649306 36490
161917542 130658
936948306 88236
343077083 62496
605278101 177541
876727660 96765
840286101 119900
978662073 67029
242039064 41906
68170137 165121
328092119 57440
553921121 130411
758462716 123872
941904796 140282
168015478 125056
96528313 184988
50731115 153325
631930257 139923
250357451 27606
898818889 183623
655083240 60054
762423373 115325
862874223 152807
695077712 194679
199409570 34217
91070402 21389
784893073 197032
884744014 110694
528441084 164872
145235536 185545
961272664 63369
698596807 195496
247708173 97380
537020285 167892
607392034 51490
839890275 138246
421885451 187860
225000878 131876
622198117 148874
60047117 117413
363019208 87572
199978025 47169
145622421 187114
932998594 189880
275477813 131961
751823204 1246
663617916 119805
744907759 56500
845971458 145378
123554574 32349
373673479 152241
526999185 185995
371448535 191600
211986060 125561
732272863 96514
374380879 149553
680802947 12336
123073832 12135
912632625 37345
646593519 97536
156564338 99487
692154520 68115
32741920 183917
426239666 12482
833878975 179689
938504024 18021
71661724 91353
397398438 52553
162437500 101370
934242162 29395
692835918 81515
360646375 98421
836376875 132026
869379143 184729
130890371 151864
573784071 21868
152327190 67032
203942063 58739
172384333 46406
841633402 158611
466676746 19119
11046119 96124
855526348 83497
181696699 74405
969770392 78691
898079775 122367
941555973 107679
657770863 68249
12744249 172446
813433135 196686
411408851 171503
862448108 59493
688059856 37921
843280088 83952
973020090 113005
728691610 69624
470087127 49138
624320349 111960
520956508 26751
325939737 180458
21146333 192599
293229935 124160
829786973 13622
633961695 163790
509097169 114509
164641503 33793
213974701 96779
654438341 38166
764450175 189253
540779121 74423
513318106 161792
3569271 132065
7945999 123328
874531323 89527
106015514 179235
249462353 113672
286056320 147014
234710696 24755
603867110 90828
983505518 170335
334643054 42998
371789410 153329
274061760 64302
559142049 134038
879774752 113138
373084885 121982
539939030 51866
36123901 128127
946052236 5990
699247416 43275
384635251 108143
185802432 133249
922929417 126678
897588287 111550
158836114 9932
924113637 116253
116367942 101080
322832865 88186
632704805 180699
755041832 22670
292688604 164241
580500875 75990
796762869 145415
215120098 105101
441146002 183474
938437515 164518
695058804 64477
738668009 18492
856516852 81594
509544867 110810
397372530 64238
754636288 173040
137470482 110808
106923945 66960
328551686 169999
760556846 199299
365339231 96074
703668028 136149
773026296 165941
286443158 6064
251738038 187699
825623035 189793
721776239 112077
279707978 133632
65381772 28573
433677204 183053
725994052 134625
178244876 64358
991163759 43655
730655268 154893
215991159 193008
573656531 36991
891864726 64133
469453787 52133
278836514 117153
776511652 193614
465622103 134382
78548769 150814
277846551 81175
161307701 163138
803492190 174387
445202407 45778
252530469 4593
882377137 155962
223694810 181261
521648043 103078
471079926 68293
87439071 115606
678728285 75388
909141608 77597
128876641 44306
962802165 176441
500370965 75896
353854262 48685
530040389 114495
639448114 116234
190838412 137475
717204136 24971
870901151 142725
590944700 108888
171132254 169893
898996067 32189
513132231 173146
965320061 58631
100166513 97624
845232848 103010
339988337 182815
597529244 94353
990807202 111564
29519770 101330
119313196 54551
729218555 126110
295002616 16036
988835435 4706
24583718 112281
669654071 39417
710458707 154430
473136983 20041
860100460 196545
847997782 1756
389412622 16530
690834829 50554
89574780 117505
379665644 161374
646818870 68307
26311511 114865
618542926 44721
476520207 190996
644581168 94136
987550295 161132
150233689 147074
887474620 115936
727933044 79704
612032230 161762
295171651 119950
547128682 170263
643281881 80347
867096049 97746
441941593 28886
319068782 147204
45249959 26863
148853056 111372
890599972 188853
2045842 160265
709429787 148673
423795435 198650
415753337 101001
456379317 190762
299896723 120295
400376766 162996
217728754 181352
831168406 64589
128110305 121208
399098918 37872
438314926 105304
400678589 16731
770939159 70659
853644418 84100
24485192 172111
89654376 161628
293952259 160292
671337385 155589
550849386 88669
593363571 21525
821538059 181634
113620726 50465
884757466 98360
431967862 117871
706060543 140500
417438668 195826
312107051 125029
615281010 184407
900740468 136106
81635563 76995
594342868 7859
337594101 101501
486677930 52969
255466039 135236
251464806 26351
520921259 155116
777847651 29809
612441326 84805
506748829 51601
212791705 28411
504809861 5232
775535157 53865
168874020 188026
815317706 180529
843174068 183983
534629777 26204
962029468 192781
297093642 98216
727181697 106702
759545700 143744
317534996 176336
983552519 196620
74735417 135417
675159073 81292
49576846 92864
667222491 1181
553798744 32752
903183465 76019
70905424 7774
647581070 54907
326990418 146956
974870511 83715
280106665 183969
482841980 61459
157809375 59876
139645472 142739
75727431 14707
846314510 2046
460371361 108911
36248617 1940
119963088 24348
659925112 2892
349063833 170752
875787317 133204
17962806 11175
586277960 99453
758773950 35199
450165797 162101
503985345 120322
750351762 141315
910097834 86768
164476371 132164
75072496 159082
501251727 18395
517758222 25677
843759215 32819
729092572 194884
403766463 50861
202889369 138213
598938841 57935
755958875 54752
683966965 25473
164902175 85093
373936373 176299
891572527 38602
567508053 104739
665119191 195488
533046944 104254
865541462 897
702691500 143051
670517556 165930
762067334 84034
754233671 114219
711948529 66943
600884724 95334
51031147 155194
44734494 18171
267765670 137272
953855399 10628
905818827 134960
463953466 76462
630207763 119491
510621909 158916
728496955 2514
416840144 122542
990254424 88122
924098151 131077
344354193 18446
353679974 189428
615269307 30498
68518042 33990
58902216 158850
881400345 171492
304664691 50388
718175881 152800
996126585 71273
199109164 65913
556298192 166781
548642364 190095
49349464 118651
681321056 77777
427963314 28683
872783827 33345
701771629 177980
11824728 187193
182702568 149869
994946561 8957
748530028 130247
664533153 147732
856388148 189588
375875732 171201
490773528 34498
803798658 34655
987720825 82024
658302600 149799
143073990 165335
264375193 10760
425892532 127769
783429580 84380
769076681 62077
554999828 101393
773402208 75891
860360074 166801
613312974 5101
489601672 130373
692456974 134353
274308809 100558
374947890 658
741996299 33775
990836556 197361
151911868 51472
425192222 143449
460477767 198316
98166196 161140
316339109 162341
271207131 30486
663849447 156742
62804371 155103
403152290 199431
839496875 9458
235461024 95782
320510564 108150
359530307 90433
742465430 22795
121020924 137982
417610793 139561
917876238 171363
133621186 186204
743588968 193711
818618202 68526
20511230 192334
259547857 174109
709598641 61352
483213638 133415
332495475 78790
412571749 158578
335122954 86129
708568226 83332
388168879 92133
512322713 186464
352784768 106039
324457495 85829
185969039 68202
254143852 61133
17396550 9409
796436929 122415
66852405 62255
323628439 819
903415176 38595
732463938 161545
353831587 168045
765994813 106538
56403708 139294
452012841 157486
662471028 75522
903610741 61255
951742047 18186
405910213 62914
808741509 12188
220558545 162047
817313307 103220
332762290 181965
844400189 191030
435190277 8551
496246921 183992
116203901 145446
897219587 96395
950362055 144563
858831283 71711
527936718 45302
391595161 159200
393888300 22115
73813083 128847
543539030 92816
239556876 96602
843942140 160892
694302146 41029
680619166 64281
928414251 175585
583325950 121752
881410020 117887
150102842 1851
559605886 73483
715913849 28447
597239077 53923
845663257 19006
651524914 129203
666812516 145268
892809353 199893
876738550 77548
192239059 124050
930133927 25022
448250502 96760
864528049 94506
797451474 142960
313868557 702
616679966 177399
814916360 134804
431120153 190042
736104255 195254
339944694 171360
677695205 33852
943288156 44979
507919532 189997
910657735 56220
794402784 85381
88303166 34493
953438950 114139
301141887 171616
323055472 124318
766044681 150800
816762327 191267
388317187 79221
27363268 56767
775287831 59003
829243671 35772
176427440 190380
217738339 72541
560987998 181204
223019789 116515
505697251 148949
449431062 99246
502886867 62728
352049553 143372
479736454 178549
640489031 23098
678534131 63730
727082783 46410
781036429 64928
234860406 185754
410157459 68365
451995481 41754
710907386 43144
273385024 15785
109696340 148040
384833390 187590
531942168 162630
66636255 108725
907070224 96528
524848727 172009
908864333 180029
363781025 68498
296472576 166790
546675093 157249
981330127 91154
405756227 163514
362355157 62170
340977878 97822
534669134 7523
297664512 61481
974196807 176914
404521539 33388
106120015 143401
464742889 10574
653575252 198146
290171320 173427
801758793 48330
510102188 95664
698689022 170090
698187803 39352
368866700 133691
592500790 42402
192010079 176263
684903354 10453
659875508 35475
353614592 13367
168108646 59999
630099897 59198
827389657 118071
460053361 34852
780243107 75477
34643484 97247
415029481 43958
123197878 122915
507580130 29368
750052457 8701
617576696 54623
758071090 20830
723958630 7714
46799563 46312
694173028 76646
108719488 55625
721200848 171082
812582425 155856
328603440 83227
375121241 73132
346887149 34595
725106930 101507
765099057 47092
935560916 25232
497025920 136071
366026640 75672
934466694 104772
433416167 168281
615408947 91671
212295086 78063
257476162 161848
982302286 63154
204849865 79023
60452118 29793
828792932 112831
360571123 162510
954787321 21855
116528994 40879
858631444 149075
261971717 151809
337936382 79847
569312371 49710
357055080 83029
699424760 19843
803993682 123013
66734921 3018
647324259 118818
544736715 29402
127742819 86346
367104520 18358
390625952 191350
312479163 120404
595704669 197423
191280165 127988
298539773 156817
143394712 162579
631196982 160194
391918590 175467
209350430 194385
570760351 78908
941508628 26501
549409482 57953
945588875 68880
955172338 50675
320685104 12401
163350643 122559
1334123 71239
914509094 11177
287232679 69628
504126979 44531
797295431 59487
152803110 180919
757546692 134247
37710110 61986
124263392 64777
851856291 46395
889975248 84145
979540897 149639
803241228 116878
975185838 16048
135491057 17261
322741447 41337
253087010 34764
581022797 24630
669736170 165912
315951159 149921
487243443 83024
853425497 44518
491391969 110223
14351996 57529
256674404 182558
426919693 193653
867073165 148840
92051527 44761
415136690 36557
311334011 153398
910646263 129607
367982036 146034
267005228 187395
27908758 7573
452720075 138446
27689740 151329
246970260 37407
958996722 119578
474343726 77575
365905079 64668
245081360 130109
816950002 105272
652477741 107153
310380941 5964
440902542 157752
880987534 115532
985911467 9643
416824181 132458
582104158 45334
218817772 14754
639771246 150132
212913621 126212
347270463 80094
450087224 179616
727819502 135874
373865823 43411
357549373 10782
74357604 98262
453326239 161616
654907319 90573
802588613 72529
893416879 94413
50565124 92302
570095370 114648
863981374 74441
780822376 31255
423202979 41259
651519524 46873
365326751 137260
87536444 66700
406989415 75357
184870297 42405
750587461 159965
382364313 159528
405369495 181777
912019638 59586
987794759 90344
444071588 196210
434349114 61998
300259986 69825
472467008 91646
68516683 1574
145008190 111908
113459841 168833
228884077 149501
339666147 64901
659867961 175324
660497771 106406
297467391 14803
108488631 64181
72611446 117294
541473144 173867
227514111 96173
351237924 180642
101288914 28163
45160809 86392
695674531 22737
153582682 118934
750130701 173438
225044617 98842
349195198 110622
744061398 90109
681706089 83298
949641267 159983
500106893 26508
788303928 95886
132960713 15248
76309180 87031
605119626 29993
334513110 124208
718887349 151664
3424231 132177
548896699 174031
601616080 184524
488328803 97720
788598860 65031
266280524 77234
352460897 75079
755661290 128432
539639937 7490
210038327 142693
612298755 157464
454494725 53924
354597694 90034
362591215 112104
532081410 22008
823852867 143211
145686334 148905
855789932 94659
24138865 44551
396825891 141804
675483310 102326
627055898 50305
516870980 84961
118654216 107092
405868365 178299
373785486 168975
819523544 163097
539372654 34898
350946593 27974
739727533 32118
956703383 123077
747771313 42961
705093233 124979
475881581 120318
557195755 26876
178781851 36980
108552170 34295
41846524 114879
104239179 72925
955816813 47626
833003789 10278
516321272 104966
319294157 173879
316827691 99028
98623800 195585
741388114 48951
32316533 51006
196939414 36144
553329448 72572
455878583 42763
287257311 30624
538092292 107830
246743442 116515
161445217 113001
84009897 130584
650637505 124978
784613544 41513
745819670 44959
203748357 39168
305649885 130921
11073224 76381
441847569 10758
788816046 114976
889883849 65771
844106285 68315
437661359 121763
380041394 72552
345354061 17705
444220325 186574
589256166 60792
138961805 137168
6396261 946
415618610 125508
173326441 99388
513968203 104233
503070499 173745
694888451 123064
892292646 29639
292155200 18868
445436487 78728
732368318 159257
232730264 172899
466120461 12695
858773567 12624
137757318 71009
682487677 62500
718943486 156895
219779657 8046
532561996 153357
448412094 26208
813406145 16430
289551003 105967
340879390 22963
144152608 61706
445279818 29176
22612210 134157
738864400 71291
442585301 189737
352520861 10809
593281041 139974
818325981 128498
213687562 168841
273380559 192076
306882681 106198
351413454 57613
709570612 54032
158963178 67412
243824667 20484
264421268 161693
350026388 142174
817919843 144307
236574531 181035
48986140 122132
816757819 165535
581756528 15956
509317583 101966
983902525 45015
683207203 2901
10319822 175919
798750252 192410
584987636 2632
605838992 91712
186005682 110013
855290070 71778
120324249 68113
979135602 12680
328984837 27892
721426371 91442
961819324 123299
778417621 81813
218864465 170252
530589601 58863
883263936 95497
366192215 173989
424039062 189069
571154430 109615
277305470 68533
16210365 49304
604524822 57591
723197724 131973
898669962 194785
568983234 156988
653332322 63176
689997838 67839
236297904 147961
711257927 127696
76521095 2436
369844798 100603
602043500 116616
587534076 23750
945436680 177306
2411476 155917
374274314 36885
869389318 176442
811109757 84343
249834711 182699
835341043 13054
512947838 112523
962039678 75043
264120743 42039
927388178 51994
586726329 5312
235404647 183049
986860398 137386
982087939 145336
314547031 182720
963120080 197541
119347428 140376
555185453 166148
265397553 90537
270196704 192098
356595736 161859
950414863 19816
405797755 167992
167998259 185053
859362497 143318
672206476 98545
124738120 189766
512897864 91583
91285140 159312
610624645 110452
336619462 126606
943608577 49110
497929653 21705
572887425 28824
798079338 143323
166775716 91893
809507998 153057
177402703 127413
249907602 74213
972969353 89336
40667805 135762
536091085 28157
585598175 13549
809585476 70375
806488519 95344
726761347 106389
515661710 67135
615443156 135329
455123274 65416
406071129 30151
51048634 53231
756608058 55967
140994264 151416
248750024 49029
633187672 22770
832515615 152173
482433900 21098
698679806 119550
885231598 175519
452881688 152935
991869939 116452
722703178 161230
989007786 84918
981993347 151255
731971106 92503
407114533 13262
916548992 111166
82248905 182800
261314084 96363
712274432 171728
527646488 180882
594738602 123582
535595627 97582
704497177 184167
23598211 187517
891138866 124388
757818108 169550
556600321 153093
735083131 33588
862530756 58439
398400350 18417
354481892 97964
893594884 3929
105129323 71165
116209111 658
543772718 32797
759170862 179762
807734787 126240
262536460 4938
224364761 63360
388195452 43301
176900896 152333
347217123 15057
556763246 179257
460438232 43559
869398567 79314
239367064 53579
593058779 41083
156446489 36725
437073342 58357
766641983 38513
519338821 740
182051453 150621
630702605 137872
538557514 30960
500799082 40114
866710987 4267
692740942 164240
555702133 53665
632916354 116938
758718856 18293
185088019 34260
882439181 108470
852166353 64192
269340799 162646
263736909 2844
453286167 121885
31239490 33402
411739987 94314
428888826 22822
107267906 124174
750315650 72147
2882157 17658
197722141 121451
182979371 77102
336562310 161903
839986123 183235
396748922 8882
419818037 59259
565325532 14246
590005574 49316
62073358 106014
996178806 160317
435513260 101316
362475314 150260
147118319 10778
50293853 60037
974542374 65180
236933587 44409
321089929 43417
336608211 96694
133919212 20046
488875761 179574
339817523 39997
314121469 53375
271839965 99614
313388191 75898
49737853 51698
144156738 131044
536617438 72716
6007902 84995
779499733 125882
314018337 22533
970166053 97908
487578573 199638
106330816 84912
289396277 89671
848173262 110585
640669863 34466
7431600 148019
958806149 26443
949498476 80921
987566360 49244
950871410 158156
166808094 194749
134878288 85804
872440716 10781
644800772 93349
349068059 115415
534077436 50052
593887698 100427
173180171 108921
960490195 102200
22510962 135076
577701516 16022
54108065 110663
204679859 58598
93963297 63801
211280838 169946
42945959 34182
582488372 101720
283911965 151080
403787200 72859
614519817 114142
300354915 143245
965119504 14243
252497195 118562
842134390 3327
585848851 2223
620163446 196805
743897316 69771
338426448 122114
14678053 53467
648001874 28815
127786173 150230
642112804 123145
463736808 6985
341357495 130565
360256888 114244
999595550 85111
543081021 12402
555685272 86332
745028494 70524
420674329 175369
646964587 34812
470578937 162121
318885413 173488
495161359 142650
168828366 146625
190216390 75475
938236359 67639
850853868 52292
720631418 61233
164630603 54793
780123677 22874
768013898 124084
2903103 38083
726102218 79437
896600432 57862
495472170 117815
664839500 95549
768431329 166654
858606458 40849
456171078 147874
905581719 51589
546665787 90713
509974385 26015
714729301 59386
241570668 114641
291852866 77570
351091611 76262
417289349 91496
843911631 1025
977275862 144111
707932221 4799
207461630 72580
222597314 5425
686269366 147675
771275541 14474
594084873 10584
384333837 170015
67793052 114683
563007172 172408
220814667 29306
414540398 27508
818965288 133019
223170988 147198
383212061 148868
221502922 43686
120086942 120346
535840606 197087
336652817 143653
204008082 17486
175839086 5980
297042409 60428
171569630 199040
482082981 105622
3799923 135694
212800995 101120
353186858 149077
823273207 98780
43530127 70382
820396753 145103
736169084 11518
705251043 107936
766515430 67843
421551358 155892
993784729 171599
830482180 102704
606972061 37133
183004258 54538
838645968 94125
593726918 199491
192580875 119844
112236534 180762
458904600 171065
431255601 109068
365080969 108138
348400319 23240
118821133 198488
37213774 25513
370448381 199888
960372660 60218
401045926 168086
698074865 70331
865849137 95358
234625826 174661
693955319 53047
556840322 157846
463081849 146337
807752357 80477
387685047 162932
913407415 128523
360327251 136198
438264231 159385
216361999 128083
744674386 70858
765124830 168996
183050266 170400
544809659 60264
10480182 7054
156138018 158976
294940806 56892
50702482 95929
408021579 199194
470953107 111116
214613037 92288
372345195 5294
461417889 53697
947698573 25899
215320721 103581
365435581 164825
55341631 62576
960344646 3311
99831191 198713
977047078 114392
673452414 18743
697199379 101313
428576611 2788
30927341 66543
494305404 18933
427642061 92325
126626192 89922
186429129 196387
375357259 170137
954417513 29088
87844787 176970
30431385 138403
674427023 141997
777419762 20902
694633396 87482
302066787 122722
305550864 75398
563392803 164953
227121725 130729
65876008 17721
682485237 190144
477293613 148934
881151517 75071
392459730 43254
376642681 5022
181449752 41513
60172496 176028
570128459 112226
536595029 13
318581076 100368
334851764 180586
20946392 171352
381284232 112769
478830971 155961
106230193 39485
158668697 171538
278246785 173470
861528479 108477
254718631 36902
928826306 11124
673032770 127443
285885627 117229
546704967 52845
474822877 87851
213674639 126267
577627063 148068
75375253 163505
468750891 189817
172612581 5531
452122372 18722
850114023 172930
355303413 102537
304153570 182818
47207303 102555
578595577 101920
145021812 150676
331567085 53260
787408148 12243
795388455 15876
977813014 118178
131380509 58101
154292080 157236
978670088 165952
610975037 48668
677111156 180813
800517574 198842
19838526 122564
906833775 92353
459669488 3838
372326680 191743
193196928 67654
846506337 37176
863862934 126548
971239898 169332
3422764 159108
82504783 164668
998008730 13194
676999688 64458
550266103 36682
257796656 35624
886695542 190253
295845086 154233
121639813 73150
221800011 44658
984142517 17657
689391904 116632
11694348 185920
241126267 9134
380879451 87345
870874774 89925
269371918 108060
431668748 163685
143277218 197060
933264304 42822
290955615 79766
221691121 106915
167579633 12600
399753155 108983
265883563 132209
704095588 108017
19135313 102513
82525838 11789
714281884 14654
873563532 177511
266744617 72447
1121808 193626
255885394 53145
938042639 140827
771256985 169268
654064375 188334
682829039 144240
23578529 4106
841600993 170627
449735180 101219
351019105 66873
367467274 28391
459321694 160957
578835542 45664
390106933 124218
917602624 50536
374879154 92280
241585127 165236
720237488 119663
562406203 153737
424461704 124069
417757619 173846
977582892 59170
911277687 86096
919758390 23869
587962687 7021
796431573 48026
873838164 112929
515205934 100959
639574177 130303
742626560 31374
329086378 38995
794430749 167045
832347577 159083
541609794 138989
65514988 178236
630380356 197072
875697312 190528
945545067 33902
966721728 7894
363596786 1388
68355051 6396
942656513 150280
77229127 77044
902448123 47600
235512721 163488
515819968 174659
844347087 191822
85808263 163907
312853524 42425
762682588 129275
762042629 119980
927683953 100166
388738248 153521
81927824 60730
156455965 151891
397860267 119730
362657139 185751
985436107 162387
97244985 114086
68283586 7807
65154822 199396
31407927 159781
224233930 15964
986401187 188536
574512758 35559
205146638 48910
209132078 74790
948930858 151872
340264914 2268
467463698 23012
420041782 191967
304820824 165960
726157280 286
341741056 150144
79895444 155494
817852365 112257
35641 179831
323994589 193964
953416412 2558
199403108 121245
392216692 74791
49530659 71731
580603355 151385
446304696 36101
72163705 43130
354515121 51418
771079375 123250
241702419 131382
701672889 89843
666796298 174498
432301507 19871
530410544 65910
378609753 98566
473442639 7960
630431834 83115
441924684 64493
27615457 109671
184309718 89950
129817221 162157
40720938 89304
478556557 150880
360212678 26096
36321769 87654
234446442 37758
934716743 1131
558105626 27241
830512551 63760
354217619 85157
926811536 120082
346122206 89913
784731171 145168
489516730 69333
327603416 135464
566832623 61752
674293172 55431
607534862 160751
302841908 124924
74168585 4180
862011678 178741
757968656 27204
166915484 72144
983418743 170745
371638164 175409
66329381 42054
187037930 158762
764187052 152220
576553332 188389
797388476 115691
378108879 118026
192190417 72068
938762832 87984
901069197 102332
244657072 77410
464244601 67473
396914752 186376
354038279 66006
729795486 47303
573900560 66378
420003690 155293
694023086 119518
402301368 15117
649582601 178444
406217293 116000
898346155 165785
688499030 173253
575236817 84128
541513258 9871
578958723 133200
894087408 183967
26657445 166827
334995177 85226
41467889 139434
240743318 95025
120153010 116216
858869103 156599
267680784 119436
842660868 16744
531189532 12306
828073447 196448
613670800 194483
626920088 167397
254261396 163500
208243064 94167
56628878 145943
509869683 141655
410972711 39649
402249982 15044
645984577 138589
651629423 64662
197599291 173737
108542431 107000
698991090 169222
703420590 118576
493159828 146841
887075396 77168
580209353 72230
729135490 124073
964979988 197342
161453233 69399
663327445 160598
37679349 19528
379147152 83923
286604622 95575
878408030 73595
445400123 144168
605776268 115535
245567187 1216
96799734 98781
756439035 75044
704475765 58481
803972701 96541
976111511 172419
501222207 118572
137376007 21549
85278400 192585
390686427 90547
818532436 161583
507960826 167858
980301708 81480
73506642 149588
351623555 81389
302233134 58057
572435542 139339
841924990 109335
628457646 120730
4068340 69569
886225150 26660
771081075 176590
819542307 70346
959602472 120199
273843976 118153
543602415 92831
241481783 148378
783563515 58642
608357844 42519
360337953 157088
244253221 50946
669067926 128468
309371589 36913
706313451 198307
493337881 40034
876889112 123435
692856216 29650
668341132 117536
702572275 30597
185041509 183294
864800554 120967
503257882 74105
576785821 140241
379538508 162926
681282864 47404
516205313 138847
203537531 180855
338100536 155725
917552286 165481
465585312 126580
131217909 144825
152763314 33829
295026783 24485
292028057 189159
466244739 59516
780947009 146166
874124184 161771
143636996 190642
294183803 75531
222493698 42611
753543854 39075
590269832 74343
544211035 74780
883594417 93808
161747329 2990
287619736 185794
916042405 124904
899079023 134394
576627524 12938
297822555 94679
277239202 98013
202868448 167957
596113376 150087
108003467 610
558466184 35179
883861360 132311
345386273 13910
369862918 25944
574454997 57951
399539073 165182
968231693 68635
146188059 182126
18989463 55374
863050326 139607
662434265 165527
255992916 96022
322870441 49673
931612696 107087
931059585 65508
138420962 37767
951498062 20620
507056681 188560
862001352 171809
697271607 130157
322237206 163195
13607743 134383
970719895 131577
482971645 33933
348033348 118885
326812562 17136
761637204 190706
818207102 152923
556131749 189355
912653652 57710
348056374 166326
437872662 105469
983186737 33653
329237516 86570
84716493 163144
81022950 110033
237244117 14354
143153632 144657
512579936 121357
735376347 5238
169969938 80856
522311028 46356
864282418 95463
764639042 126847
925141489 45676
447200051 101190
205836218 92402
655222651 11228
620471617 177529
125645407 183927
8804978 189104
284094216 43042
239737129 76264
356219299 80326
852185930 83662
967248197 125774
765784475 63203
26825052 17034
100697198 194159
903003742 119076
121886653 146593
809198430 8362
293194807 18712
191692041 131145
705470773 155426
866813255 18873
520119001 71044
768850213 145738
111254215 140012
752595331 38592
807968900 138256
386029271 132101
441063936 83992
90133434 115574
849848270 172323
106610391 10638
623883144 195628
822774438 135245
410295912 103211
644478869 183738
903670998 113875
995858544 167831
549188118 143413
247894938 169614
711580651 1984
132712085 117162
743080619 120418
752394238 87768
351924774 80423
75234223 84482
704916217 152934
289784941 118511
837488671 91730
261071620 38975
94076671 139781
774801990 133907
460655142 140570
272480614 59533
779993084 61347
420010775 162340
794599110 157342
718688020 112346
107653957 117352
337838443 81175
972320744 55635
991199403 176542
856579636 28756
971757561 147810
515594208 58686
941992154 139445
535798559 171865
377954624 16831
448321223 192366
65719452 1706
607272610 163990
176177711 60873
705966582 192833
327554766 87514
539270317 36690
89670828 93016
442234160 159400
344646705 6841
909269505 115674
874820020 48444
293328862 37122
424253128 50107
613827711 81823
512435292 113797
79873258 72687
172058387 190132
882282104 8258
565052530 68508
423890812 80856
636637685 24895
763234025 186469
402180729 96515
889847245 139865
596046426 58853
987725342 168488
111662341 125921
350130187 131302
137780265 49237
259971787 28379
820647074 57644
563826520 81070
83746252 158685
71786915 138882
257488594 153057
797661819 136112
279352663 16992
739668383 119581
469366545 9081
94684858 191864
301375067 91092
147530039 38208
521085981 51836
264363834 141899
951910534 47191
55152643 69318
169331238 46840
114303131 14230
394048071 77342
338979023 121244
909541154 33616
724624582 1401
200430364 157116
140682739 176494
684823381 35776
462249128 116040
566514993 137605
706630455 168032
139163209 52499
280111151 166664
727157503 133475
208619814 108651
726141296 49712
576836418 153770
580404976 175993
546605117 118327
21083605 185228
645048788 31896
247875869 14317
918058720 37249
779310713 48419
875633844 4554
488414099 173688
325325118 41818
486368034 199988
386253271 101251
102336920 114834
782388037 189040
796308505 50579
650952995 166243
847113266 69270
496928570 21121
650711625 38113
963565126 120752
254673681 193365
17398384 95630
700952509 125176
688543834 150392
215413025 51588
378815044 63235
337073215 187332
192418211 180444
590448251 32424
410033466 164557
497252053 91940
831855963 123532
687789546 120245
399738707 175525
784220049 161379
612201143 102181
983444452 98768
33431319 146660
730784460 149743
886693847 59282
43890155 41264
519181284 47805
566708038 58025
324547871 80472
611917609 163372
102439774 77066
446963483 189941
276499468 46530
911001704 51525
776637312 137538
738773203 22295
310949236 28705
125866521 24848
710059557 38469
164898905 180340
287747152 146885
784108607 180141
423098686 10923
277040357 26050
960706729 186569
48571315 116554
328573662 27286
373287792 81773
284319043 7229
247791976 167121
237415008 123939
678683763 87100
178228652 98774
486359558 121431
236192079 168364
645804889 1183
481590132 91873
514430040 196057
364793002 93808
904246145 130142
696657979 23210
566259862 152549
140110754 178536
187585367 164935
723286790 34533
6424231 108484
483526160 190174
173457831 17550
56957192 35430
117355130 40195
89906787 119158
974305974 120313
264468565 106464
653022868 128951
44233745 91382
99836862 147767
821907011 94998
510603157 40090
313377024 2511
89301263 173829
719381353 41707
563554037 43333
915567493 66344
252926526 10841
218838935 166964
224863129 13334
527886475 107436
836124772 65669
588475395 153100
729566846 50603
11091846 21414
168653508 178177
982150381 25330
727608050 154277
335982774 14829
542111501 9922
760859787 117464
634486494 8089
31353673 195746
426908763 67769
785253065 35396
403454743 124769
272727006 187189
389879166 69729
416293272 173935
656510035 96842
497647926 182303
842205207 109015
890159691 86618
909724277 76989
240632150 66994
437574973 43690
778114324 91288
989828902 183796
594865074 63182
216906967 11402
682582794 73422
504210005 104540
755804735 189992
260170835 99038
362367326 133660
195770446 23418
750277236 192118
8431115 36121
758639147 38622
235089109 45960
822769357 3690
330264320 103812
122691781 26313
644987799 172626
806545546 103544
657183064 139782
365100274 59614
24680720 149918
657777275 93211
963533032 180135
473137031 61625
346166377 25502
132148772 192933
346576668 72497
987409949 94482
684636019 43978
810299497 107106
176502312 52763
57619416 163118
253931279 55937
829161613 116051
387909491 148998
680135958 112328
124286876 77578
438785022 86781
844134959 192931
984043843 65344
470605832 11889
250293518 158186
204499570 99076
19153563 26550
485929241 183670
540491527 53235
382432812 95508
344327033 199251
261966287 55169
704358088 118150
771799668 170952
894658618 149688
13270134 37961
833731321 62109
549251403 45103
109319640 40300
835586862 43352
387242227 124194
896702556 405
854241952 182882
804378426 97460
42554760 186808
887643354 158985
268916731 66725
898276626 163367
198683539 64553
965490324 127036
948162743 191977
210510077 161973
815559287 17685
716542681 95258
270601963 73746
752890910 110645
269195013 89960
989023571 113847
771219214 94004
797307523 103775
38969762 10583
946822752 194124
987089524 183299
191067078 126370
301616782 182212
633139223 98309
743611097 119952
172177039 180546
646438422 163922
948119704 157978
5366224 165342
136997468 199122
604102542 109092
109400157 30758
847438487 29207
577010407 17647
490593506 27821
171832625 197607
436198760 108354
348584538 83057
974231834 130083
299702496 141094
130714342 122709
234922219 105447
413652732 165003
111107749 108741
786475909 6682
105545205 135434
715684829 52038
258704895 102961
758837135 73332
894128520 22337
66211699 147096
951083670 172497
748125023 12913
411687765 187399
710709562 48181
319002488 130984
193717225 110507
981085954 103882
330059126 24779
400903400 148623
246910966 56628
670986268 139567
127240660 52955
813813959 45493
156698179 51679
114043544 184952
961977946 18077
799046369 103661
320147755 178720
668961529 150096
342045521 154935
637390341 136990
621248475 132796
941510941 168096
769582599 159842
902120862 25206
302698626 11387
468321559 106789
594012817 115709
373258307 121838
361492007 150430
785681671 188051
729597148 190859
851665302 106060
365817011 164266
453016929 6606
379768304 89572
621143092 162349
436866521 47451
364754973 175036
89903424 57868
789430973 19392
442404777 111037
717892742 164473
534615371 45197
532136714 126818
642582953 28326
516847805 150422
415327498 181848
759569463 42612
827023911 145353
776211123 42772
423554538 164026
103319789 150309
531654915 127447
258726252 197458
412542610 174614
506131770 80403
514513201 61228
546950268 56632
935455357 46832
164129531 64918
11243602 100942
360012935 27994
973169743 135011
456895921 160926
23933459 16501
356485701 116617
355324402 105461
798099405 168111
745132785 174023
757864790 68686
389584851 144612
698425237 41106
794399528 141150
75202987 126942
226799365 130754
833557537 164979
702601652 194831
650076961 139971
379945291 80358
330762005 150817
128398423 25465
341879423 142822
708242560 112384
696018896 45079
376303191 144204
81525343 119490
888195021 33171
577796110 131500
912943432 11136
992086045 166177
43732558 5362
534944889 10880
854790585 39909
508963232 39063
391856434 37450
327659794 25105
508324327 141727
70534860 63328
843990016 79113
788448146 57752
232725484 85469
21225955 105164
801369015 65576
776755780 154068
460798762 153359
236173063 1730
356701436 90830
508888375 61069
941498714 39726
70961518 68615
517217349 51437
516806329 86477
520233855 56864
569354742 135484
193860468 63213
939581854 65468
717581440 26199
221458185 40091
505815471 15828
124877809 105084
453870228 108950
75504289 20389
719504533 78798
18326618 186715
889585556 5739
303438580 90204
801105782 26182
60536198 85216
78015382 186250
377781326 42897
685744817 89844
614140745 11354
535346642 47475
704146466 171238
611594132 193833
588143179 17566
669127308 9056
863200387 116696
328532101 73294
286537314 110567
485584818 64551
440586159 25802
72663456 184138
528277232 42124
440600119 74885
121537733 67882
229818958 50311
448518746 98117
9875598 114901
519266903 114003
610797977 29712
896068928 72481
370403746 117518
231160631 106225
341995489 127792
661807885 156336
986031778 141316
685546312 81598
982929326 21744
85749056 57652
317247237 88880
367288080 38460
57692857 26148
432260262 123076
652029109 171439
832164200 16791
892382183 23706
892787663 63563
936654734 48197
965670317 82281
276140933 135979
557814226 14597
922126610 136517
866037076 157751
327226022 116767
225981086 68713
953051229 63405
687199229 145662
566827687 32952
468441000 188929
194065199 70767
284266086 48866
402309155 126409
645227597 46324
357964735 2768
829222427 40402
324569090 60319
387564074 195823
599757184 167384
101712686 178859
77729515 118162
961440664 23372
310755207 38191
12127068 152675
410446465 96145
604442361 193877
652040647 78740
918433880 148818
14720665 53445
512285290 22100
663780742 154346
301112030 83292
673906485 199041
77746479 188482
254072720 13905
285299846 40081
293092113 183647
71477759 38006
465883684 64311
389116247 185303
315965625 156652
514421000 72362
3217576 38940
7123910 176881
914452006 148270
788308203 63028
985049870 132436
252448330 13343
617329384 169989
600899713 14559
848783014 42663
147199184 153684
921415479 65664
892261632 135238
856098778 176104
684425287 19940
502849478 141486
26849358 60694
386314345 55220
124551869 119360
728320749 140957
876413342 190319
543067735 76018
398608335 173959
705936032 105672
250572171 54040
377976166 101574
393993855 33131
771351968 10525
420899362 193142
833037508 5241
828005797 147546
782485617 1437
570994052 118264
881294721 2081
512956756 20338
249520173 12257
739461115 134355
310042142 101367
479095623 102902
631398804 77750
132655298 46777
347941072 116248
110469755 163530
292055663 39064
93662611 149044
461523545 195368
676621185 21766
633272311 71192
294586704 134447
700807852 123456
432774083 198078
500209311 122400
378595841 145717
240655104 133141
929428950 63072
253076973 92430
796852406 50055
999782988 97473
851437977 67244
208512639 188854
972663103 161220
528495838 68254
198669150 76758
810504178 108971
95070377 154488
377029107 95924
23396496 175130
613489461 65998
673013335 86340
510980344 119169
178919090 182837
488087326 110221
404555345 139494
564250722 125816
525460679 169922
194287420 178823
812373800 134354
564601156 15577
787530762 38130
879386864 149196
60322259 13186
342904666 4753
261731740 22006
474141511 64311
301246798 168668
734033184 179036
337700341 31419
593887435 69642
626364948 138836
639496717 13240
442242417 181933
255708593 80720
407113718 11957
673807139 88829
525948964 121113
569217253 26291
522158408 116192
292881638 114474
773596219 104301
297207579 60696
15903228 156673
306813245 134606
649955 132050
369174927 2255
191812913 195389
687513950 191119
815717652 20766
942847603 155633
550593801 160711
500739049 79480
695728818 164454
350033691 161001
163472615 43562
871208185 61420
112210363 87844
679228652 198368
858433279 156037
463555134 120541
951761401 80141
761291600 184124
262155206 131361
306181715 69753
353149540 168777
835170276 91944
92828827 80035
324226503 164836
321869181 155762
824368323 124199
374965980 191172
71468619 47460
606627017 51454
405636943 84163
263037470 71943
676319759 114763
271828247 23638
681103862 95577
991399311 99796
529152208 108194
285141530 70
509250402 129753
425294697 120758
384872484 59715
746847191 92208
585453126 174605
720207806 36051
924259243 194199
10827225 44710
158593058 73510
624788399 108222
318891164 73495
110104329 183896
116314776 155581
208043675 23146
867743284 157080
545351688 17828
960473763 116887
411012056 56539
636706886 155300
377318682 68181
45405428 126746
366835779 16357
458393049 184548
635417686 152751
466483827 194422
476654333 154616
181653505 83909
156210694 69004
288337325 194561
507598959 63721
832766417 54045
195748878 144603
934915462 95178
632548748 114235
385446038 115731
74795036 96685
750402509 125362
831047713 33402
959140969 46931
662191633 169404
357702467 93039
905808724 114316
549602529 169435
551813481 61833
330287314 36732
46982695 84664
853323335 153333
818041188 185694
778154809 161532
465213319 15422
220907825 128796
779320969 29311
913540079 98102
167851639 191941
502319295 89146
991419234 125371
756871482 48549
758781933 9778
1092735 70353
560415766 2175
336314469 7822
442027374 100816
443521807 144598
642400658 185907
541645100 7189
779357568 47951
582885933 53732
314137286 99060
64931102 141444
186926408 103033
880208732 54926
782175773 68040
882044363 170783
336268068 38482
977548087 27841
366835768 105412
54217806 21046
140975525 144777
348529698 9674
563922226 150935
437795146 94695
694237843 71051
309749741 126250
672005228 29444
232389327 106440
488259754 84610
601174663 142273
903202730 198902
803160129 84423
644257531 198527
371030939 190344
1310864 32556
361681774 33398
417338496 81015
426115930 36996
754084212 103790
690226299 141670
741746251 122218
170730991 86730
545017617 150118
44549114 167894
91890590 128012
902684593 114687
859405768 144457
511730 199013
203876535 66032
268197807 139566
711330425 71073
297120456 76303
410611871 126123
779483355 107461
642058188 65464
64632472 73576
373614824 48470
648895453 30993
269133201 73723
428563109 131293
148275948 80982
624569462 163664
891447868 108054
930380650 135374
781061034 17947
340189219 44727
812603559 54220
405365776 78500
884376736 94306
931528537 9096
867817699 160452
731961515 63064
59177630 169742
276961737 187498
444173226 108249
786621167 74744
363753975 40332
642143260 152437
327042275 165887
464498307 54945
912633820 176369
555819263 117313
917683329 176936
375187235 192873
596752985 199069
722882938 45593
962160944 144318
691355369 62442
730590056 40942
819393081 8665
216764741 102944
553922333 144097
578398519 161960
871264220 8705
533241028 31834
261006644 178251
820559 43729
922271118 137140
522596150 181061
475908657 112325
499295981 49137
327591421 150940
814170329 99207
580948555 67022
172140780 161917
47997013 197699
677082298 57287
552239662 124723
1257506 156685
480841558 39134
806316124 124421
954553010 95173
350023242 29107
230921919 15154
240490528 19139
82961506 80054
145743205 160594
917786431 191981
651139336 26929
521426548 55519
671094990 5800
856657813 178143
894394826 66870
26638418 166664
278203208 111772
64002962 196428
794989996 76748
510684485 170292
231260281 69412
15842619 42952
581616351 104323
134362924 183679
237957206 15150
618228635 63103
763275838 60650
523708633 142658
689336095 132382
67924346 55044
528408643 183902
2342298 61341
834960171 97095
327934957 141031
82881954 137641
163544374 53712
180874674 192827
127762311 125549
313450556 167188
382838147 19827
809845377 63011
496435879 161669
829493201 77976
610575253 90873
470610409 46912
532682522 171844
150698316 96263
500494193 137461
34910020 140775
335740631 100706
841784995 63988
216071637 195631
525685725 198860
42804480 25191
18885859 32447
844380420 72237
888951705 87822
995255953 192295
174262581 40016
383472870 143546
351369577 346
397986099 31625
479145358 64152
722939715 64722
784771253 105614
637265929 26293
728485228 109580
334797747 64137
869825862 86999
140592240 125354
916596465 123972
856454464 67451
101662701 15414
535890365 171814
438774195 111025
551858847 158302
664138684 61256
402662215 165740
36091115 162248
396328871 98153
479722301 166369
94668775 30647
829958143 96175
375183150 69812
912199907 144017
765192621 95049
524303257 8197
524223926 187230
671834461 39086
548374242 4147
864450419 40878
718829886 73210
879125952 8150
232182744 161904
822552269 168800
3989978 15308
616095990 116414
24170321 85800
557479015 131034
54126920 145218
806962205 128173
540621081 111558
67461890 101306
527850588 160256
744463562 66180
998593029 20553
716926922 118278
726023817 56350
579829286 117373
58761183 75497
514052571 38315
378143180 88847
816030418 128569
244145849 169735
464706023 170121
670635022 56859
199861015 100460
213648259 118168
392195292 149463
8955718 165648
914116185 185590
63088017 6288
279329612 101484
405828089 27198
214965415 130883
501369131 163608
640154672 145342
767955811 14122
506368805 158602
711426882 62729
800095901 52886
39379952 149897
955806076 52872
203827486 197807
161953116 30133
873294492 49375
968499306 55331
55583110 115978
640723165 99039
871338764 35779
423121843 122415
987636888 78793
136717221 185346
65492683 79448
135642357 165268
574806344 46177
259357366 189694
210582975 148696
642284058 191044
256542005 70230
119286959 181573
196364650 136666
174098933 55962
627110125 102169
511576133 156057
880944973 115946
499760176 132193
582211826 127086
713833434 122539
507382726 7263
723425637 63440
575555773 63030
538573734 101169
606907183 195710
473534433 32214
756924288 21005
890868990 74027
384965968 16912
226652178 155742
513480855 105045
139055236 55227
360967552 176951
829252008 194707
499173669 109545
665131023 177139
438222454 79222
805354034 87698
625452374 196720
461340527 78671
592599241 40552
858630158 124393
506360043 185258
882478905 160691
858041794 96683
616610286 76189
197508666 149237
598276509 164961
840616365 119244
988092237 146932
177024159 75890
246131761 102996
93583116 21477
117958109 57104
997138205 166346
190978834 27886
938258418 77431
738790340 13162
275552843 30464
212822390 42759
915300670 141723
259375841 108591
593682907 64522
379286562 106445
702533884 117532
978326785 38680
213790739 138282
631866045 192654
881706084 105313
90542590 179174
549645120 113271
693277023 169275
46397422 96066
429665002 143781
84894724 51479
285993718 87972
64105251 119100
262197419 103503
548353693 185640
39288200 89995
361814903 29082
877064414 116034
687976430 20140
411334370 61648
794716005 145737
562499530 93991
750917197 183484
534442854 56815
900299273 12684
564438246 198873
880363380 197780
4695336 170852
832626339 49818
305314181 2385
315974414 126043
866142497 38492
997733579 81306
363848241 107163
891710492 45829
346681215 1532
581739807 128848
491357829 180281
221701486 107920
148511518 14230
980465091 144880
541408612 110970
355240079 139070
458199073 379
823780441 38729
514721741 188783
746185077 102063
109566091 111635
228309919 140017
527987796 107382
828095204 22598
359683297 124063
786634705 158967
306065464 8495
673350083 83869
989402880 41960
240434049 151733
337971861 71726
830659731 33485
301158185 10060
863945499 33461
247224387 3762
221972341 90649
597663510 65450
333877563 126168
470329633 188137
717059851 52896
327350138 97513
851801356 198809
482183966 72516
148728242 10130
678523444 199377
384419038 185402
36654509 15718
256465215 148587
577067067 89971
551201769 151524
69692251 143213
826988489 126448
351191570 183584
528771424 13890
302827766 73801
944691549 145258
200465088 4968
235140000 72472
398418150 106710
411157987 154310
101352750 48251
954719114 60311
521270108 97830
676283145 191787
242900079 169767
260413221 28267
112594900 161422
855935742 24700
294631264 131704
642804387 177999
971071047 7192
150429105 76846
257389925 85603
999659979 16546
341763921 40163
17063899 140823
984644186 159522
344142577 39556
603788273 143182
145298944 37782
961613867 184949
378760422 113349
373076474 103109
662448211 153182
724441595 26501
554459613 29760
592097186 30517
672938311 168855
760798957 36291
573111269 10708
130809055 42960
960852538 81900
616299314 371
35994052 146926
118738993 50922
836611478 181437
80188108 62237
29146105 190229
287210685 149424
67289362 63548
770356435 140566
486380861 18419
754336922 163873
423602916 55930
809492780 22595
867052426 132964
233221097 100075
935093251 118466
528471985 134693
947200271 72326
678182700 60572
116484245 89552
800980009 24573
257235867 182765
75244172 123668
953793834 99227
732667200 172056
663113769 77225
413284042 3072
56957443 196009
863367847 75570
790695191 19976
651466606 170933
327638062 188037
249118890 31787
104628145 83341
243732018 193056
394269215 140005
74738828 146934
487853050 68841
860532619 88259
28209041 165488
21316467 196728
201093639 6361
232751720 144632
727285914 242
92441095 171670
323237616 78429
417753594 97165
737405691 96635
824197541 11139
274905264 29053
902614675 20834
758269191 170066
127723836 63262
447364331 44644
932731576 119466
280034285 2799
333007027 70064
682981875 167832
800838173 73148
403953297 88219
672391350 73758
768723796 101183
826407577 191892
954812878 4818
844050183 47441
874255603 66408
355734340 14418
988385562 35061
817041866 129052
836691744 47064
712635893 82543
541644666 89544
491008746 24895
4036861 112087
281002278 50161
104602921 137589
74295157 24074
593103714 36834
918057225 152229
795382535 37833
467668867 50352
939539251 50684
496994117 66966
577641530 145425
52843751 63966
17087952 165811
879374554 58613
60318160 17865
12180060 30797
267102369 24082
615493380 103231
386808877 179266
754208378 73958
170993900 131512
34306725 127477
961403709 73886
822833716 174780
81323428 162250
824512165 61420
168721579 98341
807993993 14384
784488202 50907
176755849 1040
865520899 99070
933944128 145077
902591326 178106
923256161 162403
150574477 159900
982644830 82755
806948965 177351
873926452 24189
647327854 164048
206478453 116327
9720165 58396
247046179 126480
157291155 40151
634632100 179570
139843168 133602
303513104 187690
939841596 3678
656186299 120746
130011657 83425
94013974 109256
667979307 45842
808497664 185905
152489685 91475
656881527 68003
203556739 176498
568617143 41873
168482116 107011
787566853 103811
182585809 154175
316448079 169438
642000571 166277
583287099 122187
998103276 123146
702969843 72576
108909611 83616
217860717 59993
218416471 185072
165353292 169254
440901931 135486
688935533 54971
30569843 13446
547257172 113080
417927269 68628
40182546 156675
959178939 128055
388761031 121638
392339672 169735
21646936 1329
53119045 7616
271669986 55226
609974315 184694
834122303 112403
316562229 38426
935398440 159606
927999033 19430
232966347 188524
876492269 189457
286114175 101279
954704112 78180
122251461 76258
442900602 188627
395359633 94304
453778462 34783
637234848 180630
521549631 164065
369214413 7949
938474882 61926
455411666 44255
395628610 56025
433611155 176200
105681773 15350
14902354 29641
39348299 62499
954497495 176234
847004263 142469
505338907 80952
487476417 109517
434890449 112630
452609949 90419
219898839 11168
584640387 129132
530758637 199854
398917772 105905
284504137 69139
629091692 106238
974284772 77629
693318503 84032
863435079 98347
803180648 135698
877265219 158970
525189764 188599
818268719 112013
296736427 29082
831412194 93111
666382831 189867
686687265 33883
466859570 81859
823642624 144064
616844005 31802
902177985 69787
316133632 20280
269467322 19620
468656012 119797
511481924 197227
865616406 67670
716657831 59858
574417797 109365
980190623 179776
886075436 108131
637432732 140327
512018647 112331
816538767 137184
245026980 846
778308718 82455
462142467 51360
385263981 57553
428093963 50548
430175477 30539
875095624 195304
403044446 66074
88789997 9
672461080 52015
300694572 81594
972974568 195459
199264504 109832
278426526 106012
852439314 146593
599218143 40354
460572276 65882
176079134 132187
628457088 138405
592220155 148565
698736333 66530
198888988 11786
218434496 104998
585742282 182812
610961562 67230
561902346 120336
949219319 192795
975545541 63606
188225647 58139
161494666 167050
307031631 193185
25745711 37680
239168905 137243
449399929 93827
165978546 31831
575982172 199266
598957211 112285
829311394 35485
51830679 91305
424327857 113794
132776961 58782
40580720 197042
853408114 64039
488465287 180202
628712271 81072
1196091 4711
148160447 83624
498225935 135343
168567817 72719
166894442 142286
953552728 88998
457794834 171789
507326468 197566
196691580 186525
176446747 185471
324495816 80504
498835432 186237
772124353 7102
721533040 183301
75662584 103573
973075385 80016
163742178 143028
653264688 75608
414080268 136023
823668689 102625
49811657 55719
531939477 198463
291863606 121268
697167697 169123
725960436 11915
303643312 172547
69367931 3999
439648735 183537
256933661 135724
874916609 138008
772872799 113682
948464583 197373
759977818 131119
799970746 29764
801561068 144432
529629716 31035
648841962 39136
984413991 199076
219439878 79683
317775254 115979
735959539 145441
417365325 196599
438298009 28154
822900302 183728
418096658 57836
368917229 162039
42719747 88165
3081501 72413
538638155 48393
487046522 87858
70457199 91549
922919634 78499
553044598 77357
35441270 20033
868967424 126104
62850647 137710
726598906 95732
536286254 172313
616340083 193028
68499715 137506
448459596 137376
757046905 124613
729172598 52726
173206248 78364
990506858 125193
633324127 127814
382760543 14206
984363166 86742
238232723 61343
933350245 50936
628881855 160842
715972400 30456
207648560 44372
513617551 105509
476024113 164927
17123297 125425
856923542 74981
212692837 92793
753352796 99902
166042926 129664
475491630 81185
611690336 121835
623628849 67627
550602697 54468
306450020 149778
146044926 162936
133519692 9647
415424184 144690
929075416 79858
970228561 91527
917867134 165532
567458406 3620
709693883 149096
423569222 16876
198697688 67929
442526424 35643
547509748 49552
463889618 165552
301331972 2828
680473931 180999
9970472 141555
340122029 14128
157035729 52594
447554953 137463
320376576 175495
4746677 162483
893981267 107300
670128166 59924
3354074 29800
724823751 54204
37648594 165057
441490721 156052
801579208 42774
226729005 4117
25456805 188571
941883385 21463
503164368 6075
127351889 29891
284830300 183562
791813956 135575
312134534 87787
255182276 64671
134744228 149201
751879869 81902
694792700 150471
348225568 79607
554867469 44458
585215351 87220
116202090 196639
481103844 50114
872886799 195423
962180392 52889
774461421 94657
611916552 175943
262345222 61428
529905204 178665
797501307 196536
383966851 83541
546400885 104386
277250700 37095
555540008 133604
99666376 169451
789037639 62950
264837804 251
387830333 194740
505239054 199224
485018301 152278
807357292 4981
335557774 108655
618132306 88068
71267591 199250
37728284 35687
682060157 74168
628315109 106079
593739917 89413
265149268 159547
468664094 138151
251559665 13618
589934784 164549
415865124 72011
497335412 57606
269486248 148780
899684069 98009
226033083 199303
173132568 13227
569329985 181210
787755595 136699
4872775 112571
604486914 64701
824269300 168484
997940751 167452
638208732 71607
401314536 26005
121353757 77288
624167327 83183
678649383 86170
209467879 197270
358286624 20096
938221526 81672
591588261 24511
822876170 187094
631920331 167420
928007051 23118
787090188 37713
586277502 127261
895290908 160024
414043517 187442
102703395 5542
464179418 22596
423004316 58823
870765291 5542
316700476 71244
719337739 28822
648648731 30192
649540341 27780
143185067 171692
743591183 171394
193788428 102378
726604305 70393
493885479 69210
351192468 3270
144855745 179205
826929730 74681
379111129 111429
171259239 160198
284952075 67033
914265093 167315
583377981 20139
68508516 120915
434024235 82541
585926264 153755
153835965 106529
319939592 40226
516611068 103386
685968629 105416
182059859 148605
871419523 59358
931719342 158951
705494926 47974
740960610 83479
313842280 143191
915950415 104234
50312121 199765
832487511 120848
302637644 21141
489051395 154846
308001340 163717
556612709 148552
512997741 49089
88137280 82415
835180950 26975
278934829 29988
568822546 179029
224188874 88876
296734377 67549
264806536 194680
853614683 50361
634470022 56834
319479928 158900
409961927 54105
399642190 96910
20469570 140600
255994339 63054
660319696 19982
374495547 33697
92860960 147514
502529876 42704
637485776 44676
259844185 21483
507365249 867
994800769 175198
469150845 162692
636500308 120929
961163589 47211
57952171 80766
531694559 110584
44884111 55173
606273767 32609
814035278 31448
697515278 164384
911309100 124806
593317095 108406
726246032 61611
769650385 11973
478320524 9059
147044001 98349
176280120 2026
697944444 169501
506681313 20709
820706584 34775
806700690 177348
625303358 48514
57110260 70131
218261408 147779
861477783 175844
901667503 88765
9710556 187528
88979968 34864
825017534 35477
792753892 109400
328391012 99989
979004228 63843
892330587 94913
240078413 48654
726350642 38324
157895807 67814
824437664 27098
908123850 156520
882900559 152613
149898190 55294
481625002 196342
203479226 51558
349799160 48938
826153040 69202
464719173 136645
48779355 176674
552499969 20114
472331378 19651
96753103 12903
356716402 177941
405033999 124713
394118115 82595
311446792 10578
306908488 24328
680223823 138722
746119388 77169
568795269 26502
877234793 46733
389447565 31846
709278287 65987
451298968 142421
319499064 169168
928941254 106777
528632310 146408
149916993 130628
204627466 77185
596052803 119984
413086372 35821
141652052 75129
826069198 93837
981269198 87099
511767722 42233
950282489 35837
798979313 26646
3554776 39631
710318650 103612
353007004 51298
302630815 29859
743351282 153447
736392251 161658
199063917 160795
928581933 106654
282332598 119927
820844211 94643
993871188 138012
837299861 31453
60166525 183764
747830490 14568
142486616 54084
808971058 1061
144646445 167300
76376742 13337
345050786 23043
794272490 154420
378379052 118828
802960713 93931
5821373 74049
295829240 176089
6928739 41991
180506152 157936
238149502 121533
759887521 144058
514071449 85010
569409781 123197
353782566 160295
919847135 192279
390647357 153981
199649044 2500
420771477 37086
509079352 129194
2429385 58343
127232944 23174
705072893 180959
110038659 26438
979660460 168448
686588468 88774
58306426 199071
129966634 178933
346225528 69266
598601015 176423
143521125 2086
999663388 70437
612904510 82558
630389054 161252
512374021 109473
377598641 198766
652559640 114000
822098753 77058
598569955 25979
940099651 159958
300032929 9154
91701903 14765
146845098 129198
941791997 4900
990461039 20237
690375247 98731
197651235 124977
580925806 37540
348444397 12042
938089719 55252
710419412 7998
149554776 12168
649304983 162524
984228116 9680
88654182 116447
150231700 156915
684077165 78753
92422653 45917
750840941 97509
115828730 51806
66476641 155784
836833741 57430
891868696 93779
30500350 169568
415446540 29692
210323788 83775
512656661 82211
732047656 144093
775742576 55934
206466953 108111
783814021 194184
480753235 134553
334525915 115354
228904829 24506
326650895 88258
607770663 195117
594679954 198454
339007995 52808
929518853 140966
27029689 40780
575092705 18102
263751277 150209
735515314 55504
815291325 177202
51535935 47791
642636971 12757
211496850 63782
609553135 36271
684960024 42798
164525751 177963
487231087 28709
710482215 51964
753732685 51286
738805584 50673
924352264 60784
129101675 37081
398034396 46311
683005563 25206
976172863 167881
958449880 163788
941051389 167548
217585955 147961
391637315 199588
440497263 10790
399782187 67209
48387094 154593
439988856 178264
155597682 39880
136359402 3741
613280059 76690
288250314 154682
833783729 163500
551894755 123601
94093367 148890
386949110 95821
948709005 144706
773406719 169457
821668255 19835
731948411 151262
696475619 84275
969514839 128128
169182041 72017
283352776 95427
343713414 26825
958319848 161174
745392812 138435
55417897 102737
82361622 175721
801638167 164438
964103686 134809
530527239 176629
895317100 128800
300984954 72238
239151509 7645
332943596 112001
145296620 143082
16686856 195355
950318318 182656
13944995 125906
815206745 124281
929399142 175403
224214013 76868
828978225 68783
300621332 151001
346742876 140737
225270465 122536
497218604 129326
892077323 60228
192135999 147045
887403065 137966
721420050 138978
478303692 161227
482540800 44973
715784255 112108
695517476 165771
24927170 153339
751415606 163280
325266209 116485
192187643 195970
239874635 113448
791735946 166576
23023597 42374
23638812 128073
900335168 5013
858721919 59078
269086733 160661
15324509 163944
666960581 46536
960392265 82210
286267918 147047
433493090 77562
138425429 7468
812451881 139123
345141237 85297
150635413 186161
921443520 143241
163334523 128278
565531973 52096
325162413 116822
231866422 55716
262098831 159053
535000619 76618
916166523 12456
151650285 156831
489061554 46230
660278199 171395
673659758 10411
336219902 67123
706138693 28076
257162906 50245
539759614 107133
259696048 72817
731480896 36269
795263913 199107
292189124 183594
247153603 102671
81317312 101163
663142934 46756
713508698 107013
139181513 189515
804591658 44895
865184940 48443
449574601 22828
50020113 24098
929586095 24789
980379252 79804
471687497 199451
244123060 122770
611380431 48383
976679652 122639
815349906 145040
168323966 94035
452488073 4701
145203376 24823
83181562 159904
512981800 130129
367961699 41146
276666564 90159
878920217 62309
660641428 59655
231207029 76239
856149324 90305
431534776 56021
788971097 120305
24394820 145596
190813461 124204
653679157 169659
884477301 116342
404653624 62158
818929328 151763
105884177 185555
689618403 172907
668597798 69120
823299795 44293
464873491 171043
240281621 15600
230851770 76363
407659658 86652
374426013 39358
926133744 36462
877938018 98928
64817131 44553
58754906 79257
346483937 64487
841851495 181490
722232171 128882
377313105 101095
122707171 55388
509777998 120142
992307232 3063
656421562 31868
476425194 91653
174179101 145779
760251692 195665
6541158 5571
750809589 71744
297856684 93011
398688449 157983
836870719 68317
635534657 102997
472296322 76236
333945186 66972
26982675 104644
307357359 89502
71449150 97922
139364525 10924
173909972 129961
509477340 53407
136790841 80428
987519650 192951
873680331 178307
886128260 67594
180640516 64362
722282286 105820
240169688 44457
811892419 162361
605547399 18382
542804107 59308
548427063 50533
691133643 36345
448041640 57038
610906108 172525
34503182 168152
690706772 94607
473689632 16274
872426732 59648
915370007 84041
676421436 25348
246587578 30406
973275777 155057
346416603 111176
255355156 99529
657608643 10223
973749285 128409
174403691 10913
70349382 73951
150596147 109933
486413248 87737
874267231 56487
524895376 82226
754882035 131753
601675088 169843
778598050 13932
435964215 132418
491213246 163353
672183188 8863
290201555 115628
252754789 79918
541091878 5917
67826673 95696
269764232 184637
651589995 4318
187364381 20364
841376490 62705
473131518 59526
84329051 49996
286244012 51445
540121811 149496
103022830 163645
692373518 95612
40316798 97044
857565008 109478
34179174 19106
342044856 519
434327011 62478
494203282 52634
877625539 164643
757297293 77883
948075231 69661
949475406 194595
854797107 1874
879751586 166608
366396730 51874
157858709 36679
134974592 174358
717618984 159
302040949 164594
16171196 123943
469430838 88352
854301813 26803
236276635 161109
230677839 1054
432174294 88968
941697715 127956
465903869 165335
910163450 81149
983379266 185439
259175843 77965
784108440 155780
72758026 28167
413308542 34800
434174612 102319
923663750 24951
62169264 176300
179622871 199341
369739651 151712
552115278 85290
727130313 10769
237958735 56200
704066751 24171
920289563 108915
421769972 137233
952698583 108391
670721747 28903
605623055 163531
195975631 49584
324281196 103676
264910419 54298
87404538 19706
752219147 91399
233746239 31910
324761314 42744
304539554 29023
156237108 170807
404647855 50574
690535925 90523
455371255 156533
79748555 31979
947132734 35599
156227754 172767
959841773 77173
741038386 92848
566555522 155900
459609094 66068
211657916 175846
603299056 78777
205239921 146998
992188404 125406
340220361 88613
591664535 48341
62717647 189614
443018658 160948
423555166 128563
273567960 175220
133173506 131836
474497127 177123
854453125 131635
511390323 118022
750175089 33861
506296114 51830
511728230 166151
11646767 156183
298952431 79438
220779262 170945
255931313 39404
888167427 49216
223818375 65279
330929192 152769
802398083 158067
2358971 104784
721547976 149177
386408970 3964
53966099 141744
470646207 166773
290850838 18830
617375486 17764
991260276 47179
731301175 69694
489793993 21316
42169461 51257
271399386 185918
693815062 131614
575405437 128129
123736174 153127
207580923 39074
128484856 100532
567954894 41298
335493066 182440
831140886 176237
569309976 21562
473880471 77828
963328710 116591
348238518 29704
761790957 139094
125587452 64949
851474069 13965
415569514 181560
152512342 63815
210198284 111249
832657531 174045
396084625 60463
991006154 131191
366445687 140169
461139453 117685
22197633 125022
980508013 83317
332641285 70611
848824263 154014
201116156 80318
307456754 78909
369265601 159498
156220948 150273
510616228 101615
597347504 123165
874825058 186173
92837683 95957
745938891 133667
90375679 55309
65442874 17072
403357185 153277
615400534 57103
28949376 53588
928546759 107923
857718916 188985
519477764 166311
675645972 134025
685039173 86033
908677967 45146
793185053 64096
462737701 114455
536023819 180494
192514232 41338
705278363 193106
513461606 88660
482521232 65229
547413315 149686
992403494 107310
304297368 20806
524565479 49565
903973977 38910
956933712 133965
199876965 190299
341709443 46526
261909105 119768
369480102 14718
18760482 102004
213397226 158068
19669671 65611
541301182 17681
123781180 21713
369925067 56796
49746268 76936
66847132 183741
146028831 181453
603555529 154211
929608416 188407
640408993 162864
228527437 165342
582046926 108246
391553570 6728
276131705 33057
63043376 146017
7123418 154720
137704591 80995
125256471 72169
635121540 67532
216427367 94767
816344813 84369
308391305 44219
572448916 94575
615176639 73721
657542840 108150
736743851 110476
28008854 78129
290857398 36387
339839517 130695
970734433 35799
862445834 45678
916621689 157864
62735672 91832
401583234 150703
303734218 59402
393748420 146506
495010527 161938
292875634 167010
104452876 175377
171169702 17618
556938382 15409
436705953 114331
660875454 156082
76227973 90133
705958980 86405
255961729 103257
508269357 194929
593694712 196314
296235005 53492
453561166 25186
713537504 75203
9386291 72931
762126448 56776
472192516 168684
696940173 110671
583046469 145578
500779581 173244
183584354 626
565762392 40438
635811802 12061
98965981 58682
95742919 101165
754635004 92055
966207452 178818
124523450 156697
629464096 156343
759394166 62676
815424961 183117
528578956 78166
931549023 140246
682270772 180598
82644291 49052
194780391 8130
646885882 32442
774238435 153837
881811219 136525
796260574 189047
738172587 155156
88597239 90553
627173609 195295
565629232 137082
868602882 36906
432339674 199965
719328299 97134
431039587 139992
537058412 39615
315424273 92740
591552910 158328
885849926 199260
126813213 82048
950325313 13317
248278801 86260
311744456 190871
977262210 63826
906893577 21473
482911412 148217
36801872 160920
140971584 187051
309274332 97378
171941902 134551
122571931 136500
379668493 102161
672406687 56427
25002660 3010
89090920 66113
333469347 140393
122474702 37500
722177601 18816
664364312 36628
815471872 84490
793303216 57607
903881855 160933
960010454 108360
248994131 104468
568965067 32227
936515533 178412
891061228 111414
177898039 167876
274855975 92204
847560602 183443
699787181 54002
125981706 43471
440351796 28439
757608883 173372
899589853 153833
706564907 63441
950983875 190855
13686706 28897
932501603 169434
172974520 3055
727740320 87732
674978498 85234
226612111 75871
364815317 139802
340765704 56494
432566402 49869
514858410 60250
602622852 60582
402203731 84576
919084695 14169
31148366 188535
457952079 21448
226145539 51080
296678993 21480
985991693 135123
454746646 68059
26950015 50757
732923697 170633
722385003 15641
459946688 188168
557253360 195594
692039367 16090
987927624 55776
395579343 143287
166960866 53130
752534978 26740
588608419 94873
696909972 45485
509807660 82660
10207438 114948
387084201 113545
272237792 173636
83179722 126647
622225993 27619
889228733 158950
382932361 116101
830777198 124587
744518362 135624
526006251 170397
55707341 57252
760510254 61161
297076884 193173
401418802 15426
191192360 6580
321501788 88092
602917795 75663
389282034 63651
803470813 184394
185018450 157107
206653715 62617
948530040 61158
313110054 179058
202536762 461
694538562 110225
904420739 76104
680583625 45920
944480850 44698
80866153 32902
163211864 158609
338207151 2479
475866102 14413
740001740 139941
971105502 119707
28385516 189915
490874639 114049
632302998 111127
512247569 102222
271838082 116552
795496957 72905
957168118 398
76653618 79997
740882005 30882
379231706 96837
320456121 150082
449760220 145799
851149108 54958
473300725 55703
146313629 199666
335122001 80429
421130683 37649
484969623 119165
716374267 128606
100701266 130061
494034823 78490
779727846 112457
654188788 43579
233059384 86714
565040553 133183
375609235 78796
727977416 119728
372362896 108635
560169645 191645
668147703 163342
321509509 57070
179317538 121991
730251768 164530
80322231 61942
17389917 180535
549767044 132912
2256782 36435
327154944 6622
719397833 137346
320268182 2948
823312174 113482
653701170 196891
747647479 40357
272841630 63753
62679581 92896
355201952 47491
293090718 186117
280107678 17014
419869410 107855
20579732 131374
865006874 175133
477788681 74653
834727576 178897
935352805 197579
382153185 183094
201656253 83733
725699290 96635
91111002 199491
73687322 191476
325736818 14689
695593529 130310
621333593 32073
755723666 46212
529092201 10159
440431811 159200
103123154 62553
872768316 122045
434916056 122909
972859623 187873
760714265 103602
213454216 97742
168141935 155103
282882642 121193
901385980 87699
228215378 152526
366967814 41109
688452735 36288
74547451 97539
505315750 4208
285935796 151259
161855472 99813
500013440 36533
849831470 116609
108583479 12320
912023756 20514
103101966 116657
687715715 43342
908125349 67889
148122040 20336
997648088 188333
419725098 195710
893036561 137222
94460498 151743
882414030 167299
939286637 159991
912467863 79489
53350727 31684
400972344 101153
836204485 10389
839250219 11092
897972970 1977
175558924 176133
790091653 80172
345451548 142161
903442623 154832
80372870 79898
567797348 133643
283228468 2528
418638464 116376
739333107 190401
155506388 171437
432302619 84031
592348892 81862
173510601 15192
926342137 28310
320464092 75653
240742803 94435
964516852 45078
29275152 47371
251597494 158774
63799755 70311
248815927 67083
176509142 5242
763611764 194847
84234476 145547
629772790 109380
934023735 91853
144356847 31227
138551312 30257
394839379 138256
940622143 73355
497747601 40032
609488228 86498
104358453 10607
7969521 15738
132932334 171667
940799344 35570
447233782 126408
396892279 4190
743452852 113991
850265600 126541
561474336 61239
806738188 75050
159483692 87386
805006754 161792
535765770 60700
464087244 107077
357143901 53669
18290614 114560
591329574 48022
671218101 192624
703496879 11460
164861161 48241
58965632 29155
382846602 149547
391701074 67706
435364716 38654
261074093 18372
659272358 57310
500664856 103733
307293079 192872
772418390 157771
708990667 65948
667418967 75331
43535367 3595
143686888 131046
558575958 1783
421103135 70957
59556843 91581
752247318 157919
484540150 61095
639377819 124151
467677269 75731
692377519 156641
575505553 84790
737802237 82004
904610944 79157
664090674 165140
379641179 74195
655293127 77877
694853176 82630
721254940 5548
268577740 20569
102883969 137333
329925123 128274
965129702 159985
259417720 27403
957565725 139170
451685676 117360
132309921 166710
202772035 88404
177865603 181787
55451206 54688
941848558 141414
727570775 157359
68645055 95993
844717012 91671
149290530 191712
101532921 84990
991231961 59115
514478603 180513
79298499 141597
251034621 83223
711601926 173201
516625004 45448
769984535 149313
992831347 178976